solid honey_front_rail_panel_183_7mm
  facet normal 0 0 -1
    outer loop
      vertex 0 0 0
      vertex 183.7 10 0
      vertex 183.7 0 0
    endloop
  endfacet
  facet normal 0 0 -1
    outer loop
      vertex 0 0 0
      vertex 0 10 0
      vertex 183.7 10 0
    endloop
  endfacet
  facet normal 0 0 1
    outer loop
      vertex 0 0 4.8
      vertex 183.7 0 4.8
      vertex 183.7 10 4.8
    endloop
  endfacet
  facet normal 0 0 1
    outer loop
      vertex 0 0 4.8
      vertex 183.7 10 4.8
      vertex 0 10 4.8
    endloop
  endfacet
  facet normal 0 -1 0
    outer loop
      vertex 0 0 0
      vertex 183.7 0 0
      vertex 183.7 0 4.8
    endloop
  endfacet
  facet normal 0 -1 0
    outer loop
      vertex 0 0 0
      vertex 183.7 0 4.8
      vertex 0 0 4.8
    endloop
  endfacet
  facet normal 1 0 0
    outer loop
      vertex 183.7 0 0
      vertex 183.7 10 0
      vertex 183.7 10 4.8
    endloop
  endfacet
  facet normal 1 0 0
    outer loop
      vertex 183.7 0 0
      vertex 183.7 10 4.8
      vertex 183.7 0 4.8
    endloop
  endfacet
  facet normal 0 1 0
    outer loop
      vertex 183.7 10 0
      vertex 0 10 0
      vertex 0 10 4.8
    endloop
  endfacet
  facet normal 0 1 -0
    outer loop
      vertex 183.7 10 0
      vertex 0 10 4.8
      vertex 183.7 10 4.8
    endloop
  endfacet
  facet normal -1 0 0
    outer loop
      vertex 0 10 0
      vertex 0 0 0
      vertex 0 0 4.8
    endloop
  endfacet
  facet normal -1 0 0
    outer loop
      vertex 0 10 0
      vertex 0 0 4.8
      vertex 0 10 4.8
    endloop
  endfacet
  facet normal 0 0 -1
    outer loop
      vertex 0 95 0
      vertex 183.7 105 0
      vertex 183.7 95 0
    endloop
  endfacet
  facet normal 0 0 -1
    outer loop
      vertex 0 95 0
      vertex 0 105 0
      vertex 183.7 105 0
    endloop
  endfacet
  facet normal 0 0 1
    outer loop
      vertex 0 95 4.8
      vertex 183.7 95 4.8
      vertex 183.7 105 4.8
    endloop
  endfacet
  facet normal 0 0 1
    outer loop
      vertex 0 95 4.8
      vertex 183.7 105 4.8
      vertex 0 105 4.8
    endloop
  endfacet
  facet normal 0 -1 0
    outer loop
      vertex 0 95 0
      vertex 183.7 95 0
      vertex 183.7 95 4.8
    endloop
  endfacet
  facet normal 0 -1 0
    outer loop
      vertex 0 95 0
      vertex 183.7 95 4.8
      vertex 0 95 4.8
    endloop
  endfacet
  facet normal 1 0 0
    outer loop
      vertex 183.7 95 0
      vertex 183.7 105 0
      vertex 183.7 105 4.8
    endloop
  endfacet
  facet normal 1 0 0
    outer loop
      vertex 183.7 95 0
      vertex 183.7 105 4.8
      vertex 183.7 95 4.8
    endloop
  endfacet
  facet normal 0 1 0
    outer loop
      vertex 183.7 105 0
      vertex 0 105 0
      vertex 0 105 4.8
    endloop
  endfacet
  facet normal 0 1 -0
    outer loop
      vertex 183.7 105 0
      vertex 0 105 4.8
      vertex 183.7 105 4.8
    endloop
  endfacet
  facet normal -1 0 0
    outer loop
      vertex 0 105 0
      vertex 0 95 0
      vertex 0 95 4.8
    endloop
  endfacet
  facet normal -1 0 0
    outer loop
      vertex 0 105 0
      vertex 0 95 4.8
      vertex 0 105 4.8
    endloop
  endfacet
  facet normal 0 0 -1
    outer loop
      vertex 0 10 0
      vertex 8 95 0
      vertex 8 10 0
    endloop
  endfacet
  facet normal 0 0 -1
    outer loop
      vertex 0 10 0
      vertex 0 95 0
      vertex 8 95 0
    endloop
  endfacet
  facet normal 0 0 1
    outer loop
      vertex 0 10 4.8
      vertex 8 10 4.8
      vertex 8 95 4.8
    endloop
  endfacet
  facet normal 0 0 1
    outer loop
      vertex 0 10 4.8
      vertex 8 95 4.8
      vertex 0 95 4.8
    endloop
  endfacet
  facet normal 0 -1 0
    outer loop
      vertex 0 10 0
      vertex 8 10 0
      vertex 8 10 4.8
    endloop
  endfacet
  facet normal 0 -1 0
    outer loop
      vertex 0 10 0
      vertex 8 10 4.8
      vertex 0 10 4.8
    endloop
  endfacet
  facet normal 1 0 0
    outer loop
      vertex 8 10 0
      vertex 8 95 0
      vertex 8 95 4.8
    endloop
  endfacet
  facet normal 1 0 0
    outer loop
      vertex 8 10 0
      vertex 8 95 4.8
      vertex 8 10 4.8
    endloop
  endfacet
  facet normal 0 1 0
    outer loop
      vertex 8 95 0
      vertex 0 95 0
      vertex 0 95 4.8
    endloop
  endfacet
  facet normal 0 1 -0
    outer loop
      vertex 8 95 0
      vertex 0 95 4.8
      vertex 8 95 4.8
    endloop
  endfacet
  facet normal -1 0 0
    outer loop
      vertex 0 95 0
      vertex 0 10 0
      vertex 0 10 4.8
    endloop
  endfacet
  facet normal -1 0 0
    outer loop
      vertex 0 95 0
      vertex 0 10 4.8
      vertex 0 95 4.8
    endloop
  endfacet
  facet normal 0 0 -1
    outer loop
      vertex 175.7 10 0
      vertex 183.7 95 0
      vertex 183.7 10 0
    endloop
  endfacet
  facet normal 0 0 -1
    outer loop
      vertex 175.7 10 0
      vertex 175.7 95 0
      vertex 183.7 95 0
    endloop
  endfacet
  facet normal 0 0 1
    outer loop
      vertex 175.7 10 4.8
      vertex 183.7 10 4.8
      vertex 183.7 95 4.8
    endloop
  endfacet
  facet normal 0 0 1
    outer loop
      vertex 175.7 10 4.8
      vertex 183.7 95 4.8
      vertex 175.7 95 4.8
    endloop
  endfacet
  facet normal 0 -1 0
    outer loop
      vertex 175.7 10 0
      vertex 183.7 10 0
      vertex 183.7 10 4.8
    endloop
  endfacet
  facet normal 0 -1 0
    outer loop
      vertex 175.7 10 0
      vertex 183.7 10 4.8
      vertex 175.7 10 4.8
    endloop
  endfacet
  facet normal 1 0 0
    outer loop
      vertex 183.7 10 0
      vertex 183.7 95 0
      vertex 183.7 95 4.8
    endloop
  endfacet
  facet normal 1 0 0
    outer loop
      vertex 183.7 10 0
      vertex 183.7 95 4.8
      vertex 183.7 10 4.8
    endloop
  endfacet
  facet normal 0 1 0
    outer loop
      vertex 183.7 95 0
      vertex 175.7 95 0
      vertex 175.7 95 4.8
    endloop
  endfacet
  facet normal 0 1 -0
    outer loop
      vertex 183.7 95 0
      vertex 175.7 95 4.8
      vertex 183.7 95 4.8
    endloop
  endfacet
  facet normal -1 0 0
    outer loop
      vertex 175.7 95 0
      vertex 175.7 10 0
      vertex 175.7 10 4.8
    endloop
  endfacet
  facet normal -1 0 0
    outer loop
      vertex 175.7 95 0
      vertex 175.7 10 4.8
      vertex 175.7 95 4.8
    endloop
  endfacet
  facet normal 0 0 1
    outer loop
      vertex 73.5474 52.9852 0
      vertex 78.9526 57.9474 0
      vertex 77.0474 59.0474 0
    endloop
  endfacet
  facet normal -0 0 1
    outer loop
      vertex 73.5474 52.9852 0
      vertex 75.4526 51.8852 0
      vertex 78.9526 57.9474 0
    endloop
  endfacet
  facet normal 0 0 -1
    outer loop
      vertex 73.5474 52.9852 4.8
      vertex 77.0474 59.0474 4.8
      vertex 78.9526 57.9474 4.8
    endloop
  endfacet
  facet normal 0 0 -1
    outer loop
      vertex 73.5474 52.9852 4.8
      vertex 78.9526 57.9474 4.8
      vertex 75.4526 51.8852 4.8
    endloop
  endfacet
  facet normal 0.866026 -0.499999 0
    outer loop
      vertex 73.5474 52.9852 0
      vertex 77.0474 59.0474 0
      vertex 77.0474 59.0474 4.8
    endloop
  endfacet
  facet normal 0.866026 -0.499999 0
    outer loop
      vertex 73.5474 52.9852 0
      vertex 77.0474 59.0474 4.8
      vertex 73.5474 52.9852 4.8
    endloop
  endfacet
  facet normal -0.499999 -0.866026 0
    outer loop
      vertex 77.0474 59.0474 0
      vertex 78.9526 57.9474 0
      vertex 78.9526 57.9474 4.8
    endloop
  endfacet
  facet normal -0.499999 -0.866026 0
    outer loop
      vertex 77.0474 59.0474 0
      vertex 78.9526 57.9474 4.8
      vertex 77.0474 59.0474 4.8
    endloop
  endfacet
  facet normal -0.866026 0.499999 0
    outer loop
      vertex 78.9526 57.9474 0
      vertex 75.4526 51.8852 0
      vertex 75.4526 51.8852 4.8
    endloop
  endfacet
  facet normal -0.866026 0.499999 0
    outer loop
      vertex 78.9526 57.9474 0
      vertex 75.4526 51.8852 4.8
      vertex 78.9526 57.9474 4.8
    endloop
  endfacet
  facet normal 0.499999 0.866026 0
    outer loop
      vertex 75.4526 51.8852 0
      vertex 73.5474 52.9852 0
      vertex 73.5474 52.9852 4.8
    endloop
  endfacet
  facet normal 0.499999 0.866026 -0
    outer loop
      vertex 75.4526 51.8852 0
      vertex 73.5474 52.9852 4.8
      vertex 75.4526 51.8852 4.8
    endloop
  endfacet
  facet normal 0 0 1
    outer loop
      vertex 10.5474 40.8609 0
      vertex 15.9526 45.8231 0
      vertex 14.0474 46.9231 0
    endloop
  endfacet
  facet normal -0 0 1
    outer loop
      vertex 10.5474 40.8609 0
      vertex 12.4526 39.7609 0
      vertex 15.9526 45.8231 0
    endloop
  endfacet
  facet normal 0 0 -1
    outer loop
      vertex 10.5474 40.8609 4.8
      vertex 14.0474 46.9231 4.8
      vertex 15.9526 45.8231 4.8
    endloop
  endfacet
  facet normal 0 0 -1
    outer loop
      vertex 10.5474 40.8609 4.8
      vertex 15.9526 45.8231 4.8
      vertex 12.4526 39.7609 4.8
    endloop
  endfacet
  facet normal 0.866026 -0.499999 0
    outer loop
      vertex 10.5474 40.8609 0
      vertex 14.0474 46.9231 0
      vertex 14.0474 46.9231 4.8
    endloop
  endfacet
  facet normal 0.866026 -0.499999 0
    outer loop
      vertex 10.5474 40.8609 0
      vertex 14.0474 46.9231 4.8
      vertex 10.5474 40.8609 4.8
    endloop
  endfacet
  facet normal -0.499999 -0.866026 0
    outer loop
      vertex 14.0474 46.9231 0
      vertex 15.9526 45.8231 0
      vertex 15.9526 45.8231 4.8
    endloop
  endfacet
  facet normal -0.499999 -0.866026 0
    outer loop
      vertex 14.0474 46.9231 0
      vertex 15.9526 45.8231 4.8
      vertex 14.0474 46.9231 4.8
    endloop
  endfacet
  facet normal -0.866026 0.499999 0
    outer loop
      vertex 15.9526 45.8231 0
      vertex 12.4526 39.7609 0
      vertex 12.4526 39.7609 4.8
    endloop
  endfacet
  facet normal -0.866026 0.499999 0
    outer loop
      vertex 15.9526 45.8231 0
      vertex 12.4526 39.7609 4.8
      vertex 15.9526 45.8231 4.8
    endloop
  endfacet
  facet normal 0.499999 0.866026 0
    outer loop
      vertex 12.4526 39.7609 0
      vertex 10.5474 40.8609 0
      vertex 10.5474 40.8609 4.8
    endloop
  endfacet
  facet normal 0.499999 0.866026 -0
    outer loop
      vertex 12.4526 39.7609 0
      vertex 10.5474 40.8609 4.8
      vertex 12.4526 39.7609 4.8
    endloop
  endfacet
  facet normal -0 0 1
    outer loop
      vertex 25.5 53.5352 0
      vertex 32.5 51.3352 0
      vertex 32.5 53.5352 0
    endloop
  endfacet
  facet normal 0 0 1
    outer loop
      vertex 25.5 53.5352 0
      vertex 25.5 51.3352 0
      vertex 32.5 51.3352 0
    endloop
  endfacet
  facet normal 0 0 -1
    outer loop
      vertex 25.5 53.5352 4.8
      vertex 32.5 53.5352 4.8
      vertex 32.5 51.3352 4.8
    endloop
  endfacet
  facet normal 0 0 -1
    outer loop
      vertex 25.5 53.5352 4.8
      vertex 32.5 51.3352 4.8
      vertex 25.5 51.3352 4.8
    endloop
  endfacet
  facet normal 0 -1 0
    outer loop
      vertex 25.5 53.5352 0
      vertex 32.5 53.5352 0
      vertex 32.5 53.5352 4.8
    endloop
  endfacet
  facet normal 0 -1 0
    outer loop
      vertex 25.5 53.5352 0
      vertex 32.5 53.5352 4.8
      vertex 25.5 53.5352 4.8
    endloop
  endfacet
  facet normal -1 0 0
    outer loop
      vertex 32.5 53.5352 0
      vertex 32.5 51.3352 0
      vertex 32.5 51.3352 4.8
    endloop
  endfacet
  facet normal -1 0 0
    outer loop
      vertex 32.5 53.5352 0
      vertex 32.5 51.3352 4.8
      vertex 32.5 53.5352 4.8
    endloop
  endfacet
  facet normal 0 1 0
    outer loop
      vertex 32.5 51.3352 0
      vertex 25.5 51.3352 0
      vertex 25.5 51.3352 4.8
    endloop
  endfacet
  facet normal 0 1 -0
    outer loop
      vertex 32.5 51.3352 0
      vertex 25.5 51.3352 4.8
      vertex 32.5 51.3352 4.8
    endloop
  endfacet
  facet normal 1 0 0
    outer loop
      vertex 25.5 51.3352 0
      vertex 25.5 53.5352 0
      vertex 25.5 53.5352 4.8
    endloop
  endfacet
  facet normal 1 0 0
    outer loop
      vertex 25.5 51.3352 0
      vertex 25.5 53.5352 4.8
      vertex 25.5 51.3352 4.8
    endloop
  endfacet
  facet normal 0 0 1
    outer loop
      vertex 138.453 65.1096 0
      vertex 140.047 57.9474 0
      vertex 141.953 59.0474 0
    endloop
  endfacet
  facet normal 0 0 1
    outer loop
      vertex 138.453 65.1096 0
      vertex 136.547 64.0096 0
      vertex 140.047 57.9474 0
    endloop
  endfacet
  facet normal 0 0 -1
    outer loop
      vertex 138.453 65.1096 4.8
      vertex 141.953 59.0474 4.8
      vertex 140.047 57.9474 4.8
    endloop
  endfacet
  facet normal 0 -0 -1
    outer loop
      vertex 138.453 65.1096 4.8
      vertex 140.047 57.9474 4.8
      vertex 136.547 64.0096 4.8
    endloop
  endfacet
  facet normal -0.866026 -0.499999 0
    outer loop
      vertex 138.453 65.1096 0
      vertex 141.953 59.0474 0
      vertex 141.953 59.0474 4.8
    endloop
  endfacet
  facet normal -0.866026 -0.499999 0
    outer loop
      vertex 138.453 65.1096 0
      vertex 141.953 59.0474 4.8
      vertex 138.453 65.1096 4.8
    endloop
  endfacet
  facet normal -0.499999 0.866026 0
    outer loop
      vertex 141.953 59.0474 0
      vertex 140.047 57.9474 0
      vertex 140.047 57.9474 4.8
    endloop
  endfacet
  facet normal -0.499999 0.866026 0
    outer loop
      vertex 141.953 59.0474 0
      vertex 140.047 57.9474 4.8
      vertex 141.953 59.0474 4.8
    endloop
  endfacet
  facet normal 0.866026 0.499999 0
    outer loop
      vertex 140.047 57.9474 0
      vertex 136.547 64.0096 0
      vertex 136.547 64.0096 4.8
    endloop
  endfacet
  facet normal 0.866026 0.499999 -0
    outer loop
      vertex 140.047 57.9474 0
      vertex 136.547 64.0096 4.8
      vertex 140.047 57.9474 4.8
    endloop
  endfacet
  facet normal 0.499999 -0.866026 0
    outer loop
      vertex 136.547 64.0096 0
      vertex 138.453 65.1096 0
      vertex 138.453 65.1096 4.8
    endloop
  endfacet
  facet normal 0.499999 -0.866026 0
    outer loop
      vertex 136.547 64.0096 0
      vertex 138.453 65.1096 4.8
      vertex 136.547 64.0096 4.8
    endloop
  endfacet
  facet normal 0 0 1
    outer loop
      vertex 12.4526 89.3583 0
      vertex 14.0474 82.1961 0
      vertex 15.9526 83.2961 0
    endloop
  endfacet
  facet normal 0 0 1
    outer loop
      vertex 12.4526 89.3583 0
      vertex 10.5474 88.2583 0
      vertex 14.0474 82.1961 0
    endloop
  endfacet
  facet normal 0 0 -1
    outer loop
      vertex 12.4526 89.3583 4.8
      vertex 15.9526 83.2961 4.8
      vertex 14.0474 82.1961 4.8
    endloop
  endfacet
  facet normal 0 -0 -1
    outer loop
      vertex 12.4526 89.3583 4.8
      vertex 14.0474 82.1961 4.8
      vertex 10.5474 88.2583 4.8
    endloop
  endfacet
  facet normal -0.866026 -0.499999 0
    outer loop
      vertex 12.4526 89.3583 0
      vertex 15.9526 83.2961 0
      vertex 15.9526 83.2961 4.8
    endloop
  endfacet
  facet normal -0.866026 -0.499999 0
    outer loop
      vertex 12.4526 89.3583 0
      vertex 15.9526 83.2961 4.8
      vertex 12.4526 89.3583 4.8
    endloop
  endfacet
  facet normal -0.499999 0.866026 0
    outer loop
      vertex 15.9526 83.2961 0
      vertex 14.0474 82.1961 0
      vertex 14.0474 82.1961 4.8
    endloop
  endfacet
  facet normal -0.499999 0.866026 0
    outer loop
      vertex 15.9526 83.2961 0
      vertex 14.0474 82.1961 4.8
      vertex 15.9526 83.2961 4.8
    endloop
  endfacet
  facet normal 0.866026 0.499999 0
    outer loop
      vertex 14.0474 82.1961 0
      vertex 10.5474 88.2583 0
      vertex 10.5474 88.2583 4.8
    endloop
  endfacet
  facet normal 0.866026 0.499999 -0
    outer loop
      vertex 14.0474 82.1961 0
      vertex 10.5474 88.2583 4.8
      vertex 14.0474 82.1961 4.8
    endloop
  endfacet
  facet normal 0.499999 -0.866026 0
    outer loop
      vertex 10.5474 88.2583 0
      vertex 12.4526 89.3583 0
      vertex 12.4526 89.3583 4.8
    endloop
  endfacet
  facet normal 0.499999 -0.866026 0
    outer loop
      vertex 10.5474 88.2583 0
      vertex 12.4526 89.3583 4.8
      vertex 10.5474 88.2583 4.8
    endloop
  endfacet
  facet normal -0 0 1
    outer loop
      vertex 88.5 65.6596 0
      vertex 95.5 63.4596 0
      vertex 95.5 65.6596 0
    endloop
  endfacet
  facet normal 0 0 1
    outer loop
      vertex 88.5 65.6596 0
      vertex 88.5 63.4596 0
      vertex 95.5 63.4596 0
    endloop
  endfacet
  facet normal 0 0 -1
    outer loop
      vertex 88.5 65.6596 4.8
      vertex 95.5 65.6596 4.8
      vertex 95.5 63.4596 4.8
    endloop
  endfacet
  facet normal 0 0 -1
    outer loop
      vertex 88.5 65.6596 4.8
      vertex 95.5 63.4596 4.8
      vertex 88.5 63.4596 4.8
    endloop
  endfacet
  facet normal 0 -1 0
    outer loop
      vertex 88.5 65.6596 0
      vertex 95.5 65.6596 0
      vertex 95.5 65.6596 4.8
    endloop
  endfacet
  facet normal 0 -1 0
    outer loop
      vertex 88.5 65.6596 0
      vertex 95.5 65.6596 4.8
      vertex 88.5 65.6596 4.8
    endloop
  endfacet
  facet normal -1 0 0
    outer loop
      vertex 95.5 65.6596 0
      vertex 95.5 63.4596 0
      vertex 95.5 63.4596 4.8
    endloop
  endfacet
  facet normal -1 0 0
    outer loop
      vertex 95.5 65.6596 0
      vertex 95.5 63.4596 4.8
      vertex 95.5 65.6596 4.8
    endloop
  endfacet
  facet normal 0 1 0
    outer loop
      vertex 95.5 63.4596 0
      vertex 88.5 63.4596 0
      vertex 88.5 63.4596 4.8
    endloop
  endfacet
  facet normal 0 1 -0
    outer loop
      vertex 95.5 63.4596 0
      vertex 88.5 63.4596 4.8
      vertex 95.5 63.4596 4.8
    endloop
  endfacet
  facet normal 1 0 0
    outer loop
      vertex 88.5 63.4596 0
      vertex 88.5 65.6596 0
      vertex 88.5 65.6596 4.8
    endloop
  endfacet
  facet normal 1 0 0
    outer loop
      vertex 88.5 63.4596 0
      vertex 88.5 65.6596 4.8
      vertex 88.5 63.4596 4.8
    endloop
  endfacet
  facet normal 0 0 1
    outer loop
      vertex 54.4526 52.9852 0
      vertex 56.0474 45.8231 0
      vertex 57.9526 46.9231 0
    endloop
  endfacet
  facet normal 0 0 1
    outer loop
      vertex 54.4526 52.9852 0
      vertex 52.5474 51.8852 0
      vertex 56.0474 45.8231 0
    endloop
  endfacet
  facet normal 0 0 -1
    outer loop
      vertex 54.4526 52.9852 4.8
      vertex 57.9526 46.9231 4.8
      vertex 56.0474 45.8231 4.8
    endloop
  endfacet
  facet normal 0 -0 -1
    outer loop
      vertex 54.4526 52.9852 4.8
      vertex 56.0474 45.8231 4.8
      vertex 52.5474 51.8852 4.8
    endloop
  endfacet
  facet normal -0.866023 -0.500005 0
    outer loop
      vertex 54.4526 52.9852 0
      vertex 57.9526 46.9231 0
      vertex 57.9526 46.9231 4.8
    endloop
  endfacet
  facet normal -0.866023 -0.500005 0
    outer loop
      vertex 54.4526 52.9852 0
      vertex 57.9526 46.9231 4.8
      vertex 54.4526 52.9852 4.8
    endloop
  endfacet
  facet normal -0.500005 0.866023 0
    outer loop
      vertex 57.9526 46.9231 0
      vertex 56.0474 45.8231 0
      vertex 56.0474 45.8231 4.8
    endloop
  endfacet
  facet normal -0.500005 0.866023 0
    outer loop
      vertex 57.9526 46.9231 0
      vertex 56.0474 45.8231 4.8
      vertex 57.9526 46.9231 4.8
    endloop
  endfacet
  facet normal 0.866023 0.500005 0
    outer loop
      vertex 56.0474 45.8231 0
      vertex 52.5474 51.8852 0
      vertex 52.5474 51.8852 4.8
    endloop
  endfacet
  facet normal 0.866023 0.500005 -0
    outer loop
      vertex 56.0474 45.8231 0
      vertex 52.5474 51.8852 4.8
      vertex 56.0474 45.8231 4.8
    endloop
  endfacet
  facet normal 0.500005 -0.866023 0
    outer loop
      vertex 52.5474 51.8852 0
      vertex 54.4526 52.9852 0
      vertex 54.4526 52.9852 4.8
    endloop
  endfacet
  facet normal 0.500005 -0.866023 0
    outer loop
      vertex 52.5474 51.8852 0
      vertex 54.4526 52.9852 4.8
      vertex 52.5474 51.8852 4.8
    endloop
  endfacet
  facet normal 0 0 1
    outer loop
      vertex 136.547 16.6122 0
      vertex 141.953 21.5744 0
      vertex 140.047 22.6744 0
    endloop
  endfacet
  facet normal -0 0 1
    outer loop
      vertex 136.547 16.6122 0
      vertex 138.453 15.5122 0
      vertex 141.953 21.5744 0
    endloop
  endfacet
  facet normal 0 0 -1
    outer loop
      vertex 136.547 16.6122 4.8
      vertex 140.047 22.6744 4.8
      vertex 141.953 21.5744 4.8
    endloop
  endfacet
  facet normal 0 0 -1
    outer loop
      vertex 136.547 16.6122 4.8
      vertex 141.953 21.5744 4.8
      vertex 138.453 15.5122 4.8
    endloop
  endfacet
  facet normal 0.866026 -0.499999 0
    outer loop
      vertex 136.547 16.6122 0
      vertex 140.047 22.6744 0
      vertex 140.047 22.6744 4.8
    endloop
  endfacet
  facet normal 0.866026 -0.499999 0
    outer loop
      vertex 136.547 16.6122 0
      vertex 140.047 22.6744 4.8
      vertex 136.547 16.6122 4.8
    endloop
  endfacet
  facet normal -0.499999 -0.866026 0
    outer loop
      vertex 140.047 22.6744 0
      vertex 141.953 21.5744 0
      vertex 141.953 21.5744 4.8
    endloop
  endfacet
  facet normal -0.499999 -0.866026 0
    outer loop
      vertex 140.047 22.6744 0
      vertex 141.953 21.5744 4.8
      vertex 140.047 22.6744 4.8
    endloop
  endfacet
  facet normal -0.866026 0.499999 0
    outer loop
      vertex 141.953 21.5744 0
      vertex 138.453 15.5122 0
      vertex 138.453 15.5122 4.8
    endloop
  endfacet
  facet normal -0.866026 0.499999 0
    outer loop
      vertex 141.953 21.5744 0
      vertex 138.453 15.5122 4.8
      vertex 141.953 21.5744 4.8
    endloop
  endfacet
  facet normal 0.499999 0.866026 0
    outer loop
      vertex 138.453 15.5122 0
      vertex 136.547 16.6122 0
      vertex 136.547 16.6122 4.8
    endloop
  endfacet
  facet normal 0.499999 0.866026 -0
    outer loop
      vertex 138.453 15.5122 0
      vertex 136.547 16.6122 4.8
      vertex 138.453 15.5122 4.8
    endloop
  endfacet
  facet normal 0 0 1
    outer loop
      vertex 105.047 46.9231 0
      vertex 110.453 51.8852 0
      vertex 108.547 52.9852 0
    endloop
  endfacet
  facet normal -0 0 1
    outer loop
      vertex 105.047 46.9231 0
      vertex 106.953 45.8231 0
      vertex 110.453 51.8852 0
    endloop
  endfacet
  facet normal 0 0 -1
    outer loop
      vertex 105.047 46.9231 4.8
      vertex 108.547 52.9852 4.8
      vertex 110.453 51.8852 4.8
    endloop
  endfacet
  facet normal 0 0 -1
    outer loop
      vertex 105.047 46.9231 4.8
      vertex 110.453 51.8852 4.8
      vertex 106.953 45.8231 4.8
    endloop
  endfacet
  facet normal 0.866023 -0.500005 0
    outer loop
      vertex 105.047 46.9231 0
      vertex 108.547 52.9852 0
      vertex 108.547 52.9852 4.8
    endloop
  endfacet
  facet normal 0.866023 -0.500005 0
    outer loop
      vertex 105.047 46.9231 0
      vertex 108.547 52.9852 4.8
      vertex 105.047 46.9231 4.8
    endloop
  endfacet
  facet normal -0.500005 -0.866023 0
    outer loop
      vertex 108.547 52.9852 0
      vertex 110.453 51.8852 0
      vertex 110.453 51.8852 4.8
    endloop
  endfacet
  facet normal -0.500005 -0.866023 0
    outer loop
      vertex 108.547 52.9852 0
      vertex 110.453 51.8852 4.8
      vertex 108.547 52.9852 4.8
    endloop
  endfacet
  facet normal -0.866023 0.500005 0
    outer loop
      vertex 110.453 51.8852 0
      vertex 106.953 45.8231 0
      vertex 106.953 45.8231 4.8
    endloop
  endfacet
  facet normal -0.866023 0.500005 0
    outer loop
      vertex 110.453 51.8852 0
      vertex 106.953 45.8231 4.8
      vertex 110.453 51.8852 4.8
    endloop
  endfacet
  facet normal 0.500005 0.866023 0
    outer loop
      vertex 106.953 45.8231 0
      vertex 105.047 46.9231 0
      vertex 105.047 46.9231 4.8
    endloop
  endfacet
  facet normal 0.500005 0.866023 -0
    outer loop
      vertex 106.953 45.8231 0
      vertex 105.047 46.9231 4.8
      vertex 106.953 45.8231 4.8
    endloop
  endfacet
  facet normal -0 0 1
    outer loop
      vertex 25.5 41.4109 0
      vertex 32.5 39.2109 0
      vertex 32.5 41.4109 0
    endloop
  endfacet
  facet normal 0 0 1
    outer loop
      vertex 25.5 41.4109 0
      vertex 25.5 39.2109 0
      vertex 32.5 39.2109 0
    endloop
  endfacet
  facet normal 0 0 -1
    outer loop
      vertex 25.5 41.4109 4.8
      vertex 32.5 41.4109 4.8
      vertex 32.5 39.2109 4.8
    endloop
  endfacet
  facet normal 0 0 -1
    outer loop
      vertex 25.5 41.4109 4.8
      vertex 32.5 39.2109 4.8
      vertex 25.5 39.2109 4.8
    endloop
  endfacet
  facet normal 0 -1 0
    outer loop
      vertex 25.5 41.4109 0
      vertex 32.5 41.4109 0
      vertex 32.5 41.4109 4.8
    endloop
  endfacet
  facet normal 0 -1 0
    outer loop
      vertex 25.5 41.4109 0
      vertex 32.5 41.4109 4.8
      vertex 25.5 41.4109 4.8
    endloop
  endfacet
  facet normal -1 0 0
    outer loop
      vertex 32.5 41.4109 0
      vertex 32.5 39.2109 0
      vertex 32.5 39.2109 4.8
    endloop
  endfacet
  facet normal -1 0 0
    outer loop
      vertex 32.5 41.4109 0
      vertex 32.5 39.2109 4.8
      vertex 32.5 41.4109 4.8
    endloop
  endfacet
  facet normal 0 1 0
    outer loop
      vertex 32.5 39.2109 0
      vertex 25.5 39.2109 0
      vertex 25.5 39.2109 4.8
    endloop
  endfacet
  facet normal 0 1 -0
    outer loop
      vertex 32.5 39.2109 0
      vertex 25.5 39.2109 4.8
      vertex 32.5 39.2109 4.8
    endloop
  endfacet
  facet normal 1 0 0
    outer loop
      vertex 25.5 39.2109 0
      vertex 25.5 41.4109 0
      vertex 25.5 41.4109 4.8
    endloop
  endfacet
  facet normal 1 0 0
    outer loop
      vertex 25.5 39.2109 0
      vertex 25.5 41.4109 4.8
      vertex 25.5 39.2109 4.8
    endloop
  endfacet
  facet normal -0 0 1
    outer loop
      vertex 88.5 53.5352 0
      vertex 95.5 51.3352 0
      vertex 95.5 53.5352 0
    endloop
  endfacet
  facet normal 0 0 1
    outer loop
      vertex 88.5 53.5352 0
      vertex 88.5 51.3352 0
      vertex 95.5 51.3352 0
    endloop
  endfacet
  facet normal 0 0 -1
    outer loop
      vertex 88.5 53.5352 4.8
      vertex 95.5 53.5352 4.8
      vertex 95.5 51.3352 4.8
    endloop
  endfacet
  facet normal 0 0 -1
    outer loop
      vertex 88.5 53.5352 4.8
      vertex 95.5 51.3352 4.8
      vertex 88.5 51.3352 4.8
    endloop
  endfacet
  facet normal 0 -1 0
    outer loop
      vertex 88.5 53.5352 0
      vertex 95.5 53.5352 0
      vertex 95.5 53.5352 4.8
    endloop
  endfacet
  facet normal 0 -1 0
    outer loop
      vertex 88.5 53.5352 0
      vertex 95.5 53.5352 4.8
      vertex 88.5 53.5352 4.8
    endloop
  endfacet
  facet normal -1 0 0
    outer loop
      vertex 95.5 53.5352 0
      vertex 95.5 51.3352 0
      vertex 95.5 51.3352 4.8
    endloop
  endfacet
  facet normal -1 0 0
    outer loop
      vertex 95.5 53.5352 0
      vertex 95.5 51.3352 4.8
      vertex 95.5 53.5352 4.8
    endloop
  endfacet
  facet normal 0 1 0
    outer loop
      vertex 95.5 51.3352 0
      vertex 88.5 51.3352 0
      vertex 88.5 51.3352 4.8
    endloop
  endfacet
  facet normal 0 1 -0
    outer loop
      vertex 95.5 51.3352 0
      vertex 88.5 51.3352 4.8
      vertex 95.5 51.3352 4.8
    endloop
  endfacet
  facet normal 1 0 0
    outer loop
      vertex 88.5 51.3352 0
      vertex 88.5 53.5352 0
      vertex 88.5 53.5352 4.8
    endloop
  endfacet
  facet normal 1 0 0
    outer loop
      vertex 88.5 51.3352 0
      vertex 88.5 53.5352 4.8
      vertex 88.5 51.3352 4.8
    endloop
  endfacet
  facet normal 0 0 1
    outer loop
      vertex 115.547 16.6122 0
      vertex 120.953 21.5744 0
      vertex 119.047 22.6744 0
    endloop
  endfacet
  facet normal -0 0 1
    outer loop
      vertex 115.547 16.6122 0
      vertex 117.453 15.5122 0
      vertex 120.953 21.5744 0
    endloop
  endfacet
  facet normal 0 0 -1
    outer loop
      vertex 115.547 16.6122 4.8
      vertex 119.047 22.6744 4.8
      vertex 120.953 21.5744 4.8
    endloop
  endfacet
  facet normal 0 0 -1
    outer loop
      vertex 115.547 16.6122 4.8
      vertex 120.953 21.5744 4.8
      vertex 117.453 15.5122 4.8
    endloop
  endfacet
  facet normal 0.866026 -0.499999 0
    outer loop
      vertex 115.547 16.6122 0
      vertex 119.047 22.6744 0
      vertex 119.047 22.6744 4.8
    endloop
  endfacet
  facet normal 0.866026 -0.499999 0
    outer loop
      vertex 115.547 16.6122 0
      vertex 119.047 22.6744 4.8
      vertex 115.547 16.6122 4.8
    endloop
  endfacet
  facet normal -0.499999 -0.866026 0
    outer loop
      vertex 119.047 22.6744 0
      vertex 120.953 21.5744 0
      vertex 120.953 21.5744 4.8
    endloop
  endfacet
  facet normal -0.499999 -0.866026 0
    outer loop
      vertex 119.047 22.6744 0
      vertex 120.953 21.5744 4.8
      vertex 119.047 22.6744 4.8
    endloop
  endfacet
  facet normal -0.866026 0.499999 0
    outer loop
      vertex 120.953 21.5744 0
      vertex 117.453 15.5122 0
      vertex 117.453 15.5122 4.8
    endloop
  endfacet
  facet normal -0.866026 0.499999 0
    outer loop
      vertex 120.953 21.5744 0
      vertex 117.453 15.5122 4.8
      vertex 120.953 21.5744 4.8
    endloop
  endfacet
  facet normal 0.499999 0.866026 0
    outer loop
      vertex 117.453 15.5122 0
      vertex 115.547 16.6122 0
      vertex 115.547 16.6122 4.8
    endloop
  endfacet
  facet normal 0.499999 0.866026 -0
    outer loop
      vertex 117.453 15.5122 0
      vertex 115.547 16.6122 4.8
      vertex 117.453 15.5122 4.8
    endloop
  endfacet
  facet normal 0 0 1
    outer loop
      vertex 22.9526 83.2961 0
      vertex 24.5474 76.134 0
      vertex 26.4526 77.234 0
    endloop
  endfacet
  facet normal 0 0 1
    outer loop
      vertex 22.9526 83.2961 0
      vertex 21.0474 82.1961 0
      vertex 24.5474 76.134 0
    endloop
  endfacet
  facet normal 0 0 -1
    outer loop
      vertex 22.9526 83.2961 4.8
      vertex 26.4526 77.234 4.8
      vertex 24.5474 76.134 4.8
    endloop
  endfacet
  facet normal 0 -0 -1
    outer loop
      vertex 22.9526 83.2961 4.8
      vertex 24.5474 76.134 4.8
      vertex 21.0474 82.1961 4.8
    endloop
  endfacet
  facet normal -0.866023 -0.500005 0
    outer loop
      vertex 22.9526 83.2961 0
      vertex 26.4526 77.234 0
      vertex 26.4526 77.234 4.8
    endloop
  endfacet
  facet normal -0.866023 -0.500005 0
    outer loop
      vertex 22.9526 83.2961 0
      vertex 26.4526 77.234 4.8
      vertex 22.9526 83.2961 4.8
    endloop
  endfacet
  facet normal -0.500005 0.866023 0
    outer loop
      vertex 26.4526 77.234 0
      vertex 24.5474 76.134 0
      vertex 24.5474 76.134 4.8
    endloop
  endfacet
  facet normal -0.500005 0.866023 0
    outer loop
      vertex 26.4526 77.234 0
      vertex 24.5474 76.134 4.8
      vertex 26.4526 77.234 4.8
    endloop
  endfacet
  facet normal 0.866023 0.500005 0
    outer loop
      vertex 24.5474 76.134 0
      vertex 21.0474 82.1961 0
      vertex 21.0474 82.1961 4.8
    endloop
  endfacet
  facet normal 0.866023 0.500005 -0
    outer loop
      vertex 24.5474 76.134 0
      vertex 21.0474 82.1961 4.8
      vertex 24.5474 76.134 4.8
    endloop
  endfacet
  facet normal 0.500005 -0.866023 0
    outer loop
      vertex 21.0474 82.1961 0
      vertex 22.9526 83.2961 0
      vertex 22.9526 83.2961 4.8
    endloop
  endfacet
  facet normal 0.500005 -0.866023 0
    outer loop
      vertex 21.0474 82.1961 0
      vertex 22.9526 83.2961 4.8
      vertex 21.0474 82.1961 4.8
    endloop
  endfacet
  facet normal 0 0 1
    outer loop
      vertex 159.453 28.7365 0
      vertex 161.047 21.5744 0
      vertex 162.953 22.6744 0
    endloop
  endfacet
  facet normal 0 0 1
    outer loop
      vertex 159.453 28.7365 0
      vertex 157.547 27.6365 0
      vertex 161.047 21.5744 0
    endloop
  endfacet
  facet normal 0 0 -1
    outer loop
      vertex 159.453 28.7365 4.8
      vertex 162.953 22.6744 4.8
      vertex 161.047 21.5744 4.8
    endloop
  endfacet
  facet normal 0 -0 -1
    outer loop
      vertex 159.453 28.7365 4.8
      vertex 161.047 21.5744 4.8
      vertex 157.547 27.6365 4.8
    endloop
  endfacet
  facet normal -0.866023 -0.500005 0
    outer loop
      vertex 159.453 28.7365 0
      vertex 162.953 22.6744 0
      vertex 162.953 22.6744 4.8
    endloop
  endfacet
  facet normal -0.866023 -0.500005 0
    outer loop
      vertex 159.453 28.7365 0
      vertex 162.953 22.6744 4.8
      vertex 159.453 28.7365 4.8
    endloop
  endfacet
  facet normal -0.500005 0.866023 0
    outer loop
      vertex 162.953 22.6744 0
      vertex 161.047 21.5744 0
      vertex 161.047 21.5744 4.8
    endloop
  endfacet
  facet normal -0.500005 0.866023 0
    outer loop
      vertex 162.953 22.6744 0
      vertex 161.047 21.5744 4.8
      vertex 162.953 22.6744 4.8
    endloop
  endfacet
  facet normal 0.866023 0.500005 0
    outer loop
      vertex 161.047 21.5744 0
      vertex 157.547 27.6365 0
      vertex 157.547 27.6365 4.8
    endloop
  endfacet
  facet normal 0.866023 0.500005 -0
    outer loop
      vertex 161.047 21.5744 0
      vertex 157.547 27.6365 4.8
      vertex 161.047 21.5744 4.8
    endloop
  endfacet
  facet normal 0.500005 -0.866023 0
    outer loop
      vertex 157.547 27.6365 0
      vertex 159.453 28.7365 0
      vertex 159.453 28.7365 4.8
    endloop
  endfacet
  facet normal 0.500005 -0.866023 0
    outer loop
      vertex 157.547 27.6365 0
      vertex 159.453 28.7365 4.8
      vertex 157.547 27.6365 4.8
    endloop
  endfacet
  facet normal 0 0 1
    outer loop
      vertex 96.4526 16.6122 0
      vertex 98.0474 9.45 0
      vertex 99.9526 10.55 0
    endloop
  endfacet
  facet normal 0 0 1
    outer loop
      vertex 96.4526 16.6122 0
      vertex 94.5474 15.5122 0
      vertex 98.0474 9.45 0
    endloop
  endfacet
  facet normal 0 0 -1
    outer loop
      vertex 96.4526 16.6122 4.8
      vertex 99.9526 10.55 4.8
      vertex 98.0474 9.45 4.8
    endloop
  endfacet
  facet normal 0 -0 -1
    outer loop
      vertex 96.4526 16.6122 4.8
      vertex 98.0474 9.45 4.8
      vertex 94.5474 15.5122 4.8
    endloop
  endfacet
  facet normal -0.866026 -0.499999 0
    outer loop
      vertex 96.4526 16.6122 0
      vertex 99.9526 10.55 0
      vertex 99.9526 10.55 4.8
    endloop
  endfacet
  facet normal -0.866026 -0.499999 0
    outer loop
      vertex 96.4526 16.6122 0
      vertex 99.9526 10.55 4.8
      vertex 96.4526 16.6122 4.8
    endloop
  endfacet
  facet normal -0.499999 0.866026 0
    outer loop
      vertex 99.9526 10.55 0
      vertex 98.0474 9.45 0
      vertex 98.0474 9.45 4.8
    endloop
  endfacet
  facet normal -0.499999 0.866026 0
    outer loop
      vertex 99.9526 10.55 0
      vertex 98.0474 9.45 4.8
      vertex 99.9526 10.55 4.8
    endloop
  endfacet
  facet normal 0.866026 0.499999 0
    outer loop
      vertex 98.0474 9.45 0
      vertex 94.5474 15.5122 0
      vertex 94.5474 15.5122 4.8
    endloop
  endfacet
  facet normal 0.866026 0.499999 -0
    outer loop
      vertex 98.0474 9.45 0
      vertex 94.5474 15.5122 4.8
      vertex 98.0474 9.45 4.8
    endloop
  endfacet
  facet normal 0.499999 -0.866026 0
    outer loop
      vertex 94.5474 15.5122 0
      vertex 96.4526 16.6122 0
      vertex 96.4526 16.6122 4.8
    endloop
  endfacet
  facet normal 0.499999 -0.866026 0
    outer loop
      vertex 94.5474 15.5122 0
      vertex 96.4526 16.6122 4.8
      vertex 94.5474 15.5122 4.8
    endloop
  endfacet
  facet normal 0 0 1
    outer loop
      vertex 84.0474 22.6744 0
      vertex 89.4526 27.6365 0
      vertex 87.5474 28.7365 0
    endloop
  endfacet
  facet normal -0 0 1
    outer loop
      vertex 84.0474 22.6744 0
      vertex 85.9526 21.5744 0
      vertex 89.4526 27.6365 0
    endloop
  endfacet
  facet normal 0 0 -1
    outer loop
      vertex 84.0474 22.6744 4.8
      vertex 87.5474 28.7365 4.8
      vertex 89.4526 27.6365 4.8
    endloop
  endfacet
  facet normal 0 0 -1
    outer loop
      vertex 84.0474 22.6744 4.8
      vertex 89.4526 27.6365 4.8
      vertex 85.9526 21.5744 4.8
    endloop
  endfacet
  facet normal 0.866023 -0.500005 0
    outer loop
      vertex 84.0474 22.6744 0
      vertex 87.5474 28.7365 0
      vertex 87.5474 28.7365 4.8
    endloop
  endfacet
  facet normal 0.866023 -0.500005 0
    outer loop
      vertex 84.0474 22.6744 0
      vertex 87.5474 28.7365 4.8
      vertex 84.0474 22.6744 4.8
    endloop
  endfacet
  facet normal -0.500005 -0.866023 0
    outer loop
      vertex 87.5474 28.7365 0
      vertex 89.4526 27.6365 0
      vertex 89.4526 27.6365 4.8
    endloop
  endfacet
  facet normal -0.500005 -0.866023 0
    outer loop
      vertex 87.5474 28.7365 0
      vertex 89.4526 27.6365 4.8
      vertex 87.5474 28.7365 4.8
    endloop
  endfacet
  facet normal -0.866023 0.500005 0
    outer loop
      vertex 89.4526 27.6365 0
      vertex 85.9526 21.5744 0
      vertex 85.9526 21.5744 4.8
    endloop
  endfacet
  facet normal -0.866023 0.500005 0
    outer loop
      vertex 89.4526 27.6365 0
      vertex 85.9526 21.5744 4.8
      vertex 89.4526 27.6365 4.8
    endloop
  endfacet
  facet normal 0.500005 0.866023 0
    outer loop
      vertex 85.9526 21.5744 0
      vertex 84.0474 22.6744 0
      vertex 84.0474 22.6744 4.8
    endloop
  endfacet
  facet normal 0.500005 0.866023 -0
    outer loop
      vertex 85.9526 21.5744 0
      vertex 84.0474 22.6744 4.8
      vertex 85.9526 21.5744 4.8
    endloop
  endfacet
  facet normal 0 0 1
    outer loop
      vertex 64.9526 34.7987 0
      vertex 66.5474 27.6365 0
      vertex 68.4526 28.7365 0
    endloop
  endfacet
  facet normal 0 0 1
    outer loop
      vertex 64.9526 34.7987 0
      vertex 63.0474 33.6987 0
      vertex 66.5474 27.6365 0
    endloop
  endfacet
  facet normal 0 0 -1
    outer loop
      vertex 64.9526 34.7987 4.8
      vertex 68.4526 28.7365 4.8
      vertex 66.5474 27.6365 4.8
    endloop
  endfacet
  facet normal 0 -0 -1
    outer loop
      vertex 64.9526 34.7987 4.8
      vertex 66.5474 27.6365 4.8
      vertex 63.0474 33.6987 4.8
    endloop
  endfacet
  facet normal -0.866026 -0.499999 0
    outer loop
      vertex 64.9526 34.7987 0
      vertex 68.4526 28.7365 0
      vertex 68.4526 28.7365 4.8
    endloop
  endfacet
  facet normal -0.866026 -0.499999 0
    outer loop
      vertex 64.9526 34.7987 0
      vertex 68.4526 28.7365 4.8
      vertex 64.9526 34.7987 4.8
    endloop
  endfacet
  facet normal -0.499999 0.866026 0
    outer loop
      vertex 68.4526 28.7365 0
      vertex 66.5474 27.6365 0
      vertex 66.5474 27.6365 4.8
    endloop
  endfacet
  facet normal -0.499999 0.866026 0
    outer loop
      vertex 68.4526 28.7365 0
      vertex 66.5474 27.6365 4.8
      vertex 68.4526 28.7365 4.8
    endloop
  endfacet
  facet normal 0.866026 0.499999 0
    outer loop
      vertex 66.5474 27.6365 0
      vertex 63.0474 33.6987 0
      vertex 63.0474 33.6987 4.8
    endloop
  endfacet
  facet normal 0.866026 0.499999 -0
    outer loop
      vertex 66.5474 27.6365 0
      vertex 63.0474 33.6987 4.8
      vertex 66.5474 27.6365 4.8
    endloop
  endfacet
  facet normal 0.499999 -0.866026 0
    outer loop
      vertex 63.0474 33.6987 0
      vertex 64.9526 34.7987 0
      vertex 64.9526 34.7987 4.8
    endloop
  endfacet
  facet normal 0.499999 -0.866026 0
    outer loop
      vertex 63.0474 33.6987 0
      vertex 64.9526 34.7987 4.8
      vertex 63.0474 33.6987 4.8
    endloop
  endfacet
  facet normal 0 0 1
    outer loop
      vertex 138.453 77.234 0
      vertex 140.047 70.0718 0
      vertex 141.953 71.1718 0
    endloop
  endfacet
  facet normal 0 0 1
    outer loop
      vertex 138.453 77.234 0
      vertex 136.547 76.134 0
      vertex 140.047 70.0718 0
    endloop
  endfacet
  facet normal 0 0 -1
    outer loop
      vertex 138.453 77.234 4.8
      vertex 141.953 71.1718 4.8
      vertex 140.047 70.0718 4.8
    endloop
  endfacet
  facet normal 0 -0 -1
    outer loop
      vertex 138.453 77.234 4.8
      vertex 140.047 70.0718 4.8
      vertex 136.547 76.134 4.8
    endloop
  endfacet
  facet normal -0.866026 -0.499999 0
    outer loop
      vertex 138.453 77.234 0
      vertex 141.953 71.1718 0
      vertex 141.953 71.1718 4.8
    endloop
  endfacet
  facet normal -0.866026 -0.499999 0
    outer loop
      vertex 138.453 77.234 0
      vertex 141.953 71.1718 4.8
      vertex 138.453 77.234 4.8
    endloop
  endfacet
  facet normal -0.499999 0.866026 0
    outer loop
      vertex 141.953 71.1718 0
      vertex 140.047 70.0718 0
      vertex 140.047 70.0718 4.8
    endloop
  endfacet
  facet normal -0.499999 0.866026 0
    outer loop
      vertex 141.953 71.1718 0
      vertex 140.047 70.0718 4.8
      vertex 141.953 71.1718 4.8
    endloop
  endfacet
  facet normal 0.866026 0.499999 0
    outer loop
      vertex 140.047 70.0718 0
      vertex 136.547 76.134 0
      vertex 136.547 76.134 4.8
    endloop
  endfacet
  facet normal 0.866026 0.499999 -0
    outer loop
      vertex 140.047 70.0718 0
      vertex 136.547 76.134 4.8
      vertex 140.047 70.0718 4.8
    endloop
  endfacet
  facet normal 0.499999 -0.866026 0
    outer loop
      vertex 136.547 76.134 0
      vertex 138.453 77.234 0
      vertex 138.453 77.234 4.8
    endloop
  endfacet
  facet normal 0.499999 -0.866026 0
    outer loop
      vertex 136.547 76.134 0
      vertex 138.453 77.234 4.8
      vertex 136.547 76.134 4.8
    endloop
  endfacet
  facet normal 0 0 1
    outer loop
      vertex 117.453 40.8609 0
      vertex 119.047 33.6987 0
      vertex 120.953 34.7987 0
    endloop
  endfacet
  facet normal 0 0 1
    outer loop
      vertex 117.453 40.8609 0
      vertex 115.547 39.7609 0
      vertex 119.047 33.6987 0
    endloop
  endfacet
  facet normal 0 0 -1
    outer loop
      vertex 117.453 40.8609 4.8
      vertex 120.953 34.7987 4.8
      vertex 119.047 33.6987 4.8
    endloop
  endfacet
  facet normal 0 -0 -1
    outer loop
      vertex 117.453 40.8609 4.8
      vertex 119.047 33.6987 4.8
      vertex 115.547 39.7609 4.8
    endloop
  endfacet
  facet normal -0.866026 -0.499999 0
    outer loop
      vertex 117.453 40.8609 0
      vertex 120.953 34.7987 0
      vertex 120.953 34.7987 4.8
    endloop
  endfacet
  facet normal -0.866026 -0.499999 0
    outer loop
      vertex 117.453 40.8609 0
      vertex 120.953 34.7987 4.8
      vertex 117.453 40.8609 4.8
    endloop
  endfacet
  facet normal -0.499999 0.866026 0
    outer loop
      vertex 120.953 34.7987 0
      vertex 119.047 33.6987 0
      vertex 119.047 33.6987 4.8
    endloop
  endfacet
  facet normal -0.499999 0.866026 0
    outer loop
      vertex 120.953 34.7987 0
      vertex 119.047 33.6987 4.8
      vertex 120.953 34.7987 4.8
    endloop
  endfacet
  facet normal 0.866026 0.499999 0
    outer loop
      vertex 119.047 33.6987 0
      vertex 115.547 39.7609 0
      vertex 115.547 39.7609 4.8
    endloop
  endfacet
  facet normal 0.866026 0.499999 -0
    outer loop
      vertex 119.047 33.6987 0
      vertex 115.547 39.7609 4.8
      vertex 119.047 33.6987 4.8
    endloop
  endfacet
  facet normal 0.499999 -0.866026 0
    outer loop
      vertex 115.547 39.7609 0
      vertex 117.453 40.8609 0
      vertex 117.453 40.8609 4.8
    endloop
  endfacet
  facet normal 0.499999 -0.866026 0
    outer loop
      vertex 115.547 39.7609 0
      vertex 117.453 40.8609 4.8
      vertex 115.547 39.7609 4.8
    endloop
  endfacet
  facet normal 0 0 1
    outer loop
      vertex 63.0474 34.7987 0
      vertex 68.4526 39.7609 0
      vertex 66.5474 40.8609 0
    endloop
  endfacet
  facet normal -0 0 1
    outer loop
      vertex 63.0474 34.7987 0
      vertex 64.9526 33.6987 0
      vertex 68.4526 39.7609 0
    endloop
  endfacet
  facet normal 0 0 -1
    outer loop
      vertex 63.0474 34.7987 4.8
      vertex 66.5474 40.8609 4.8
      vertex 68.4526 39.7609 4.8
    endloop
  endfacet
  facet normal 0 0 -1
    outer loop
      vertex 63.0474 34.7987 4.8
      vertex 68.4526 39.7609 4.8
      vertex 64.9526 33.6987 4.8
    endloop
  endfacet
  facet normal 0.866026 -0.499999 0
    outer loop
      vertex 63.0474 34.7987 0
      vertex 66.5474 40.8609 0
      vertex 66.5474 40.8609 4.8
    endloop
  endfacet
  facet normal 0.866026 -0.499999 0
    outer loop
      vertex 63.0474 34.7987 0
      vertex 66.5474 40.8609 4.8
      vertex 63.0474 34.7987 4.8
    endloop
  endfacet
  facet normal -0.499999 -0.866026 0
    outer loop
      vertex 66.5474 40.8609 0
      vertex 68.4526 39.7609 0
      vertex 68.4526 39.7609 4.8
    endloop
  endfacet
  facet normal -0.499999 -0.866026 0
    outer loop
      vertex 66.5474 40.8609 0
      vertex 68.4526 39.7609 4.8
      vertex 66.5474 40.8609 4.8
    endloop
  endfacet
  facet normal -0.866026 0.499999 0
    outer loop
      vertex 68.4526 39.7609 0
      vertex 64.9526 33.6987 0
      vertex 64.9526 33.6987 4.8
    endloop
  endfacet
  facet normal -0.866026 0.499999 0
    outer loop
      vertex 68.4526 39.7609 0
      vertex 64.9526 33.6987 4.8
      vertex 68.4526 39.7609 4.8
    endloop
  endfacet
  facet normal 0.499999 0.866026 0
    outer loop
      vertex 64.9526 33.6987 0
      vertex 63.0474 34.7987 0
      vertex 63.0474 34.7987 4.8
    endloop
  endfacet
  facet normal 0.499999 0.866026 -0
    outer loop
      vertex 64.9526 33.6987 0
      vertex 63.0474 34.7987 4.8
      vertex 64.9526 33.6987 4.8
    endloop
  endfacet
  facet normal -0 0 1
    outer loop
      vertex 130.5 41.4109 0
      vertex 137.5 39.2109 0
      vertex 137.5 41.4109 0
    endloop
  endfacet
  facet normal 0 0 1
    outer loop
      vertex 130.5 41.4109 0
      vertex 130.5 39.2109 0
      vertex 137.5 39.2109 0
    endloop
  endfacet
  facet normal 0 0 -1
    outer loop
      vertex 130.5 41.4109 4.8
      vertex 137.5 41.4109 4.8
      vertex 137.5 39.2109 4.8
    endloop
  endfacet
  facet normal 0 0 -1
    outer loop
      vertex 130.5 41.4109 4.8
      vertex 137.5 39.2109 4.8
      vertex 130.5 39.2109 4.8
    endloop
  endfacet
  facet normal 0 -1 0
    outer loop
      vertex 130.5 41.4109 0
      vertex 137.5 41.4109 0
      vertex 137.5 41.4109 4.8
    endloop
  endfacet
  facet normal 0 -1 0
    outer loop
      vertex 130.5 41.4109 0
      vertex 137.5 41.4109 4.8
      vertex 130.5 41.4109 4.8
    endloop
  endfacet
  facet normal -1 0 0
    outer loop
      vertex 137.5 41.4109 0
      vertex 137.5 39.2109 0
      vertex 137.5 39.2109 4.8
    endloop
  endfacet
  facet normal -1 0 0
    outer loop
      vertex 137.5 41.4109 0
      vertex 137.5 39.2109 4.8
      vertex 137.5 41.4109 4.8
    endloop
  endfacet
  facet normal 0 1 0
    outer loop
      vertex 137.5 39.2109 0
      vertex 130.5 39.2109 0
      vertex 130.5 39.2109 4.8
    endloop
  endfacet
  facet normal 0 1 -0
    outer loop
      vertex 137.5 39.2109 0
      vertex 130.5 39.2109 4.8
      vertex 137.5 39.2109 4.8
    endloop
  endfacet
  facet normal 1 0 0
    outer loop
      vertex 130.5 39.2109 0
      vertex 130.5 41.4109 0
      vertex 130.5 41.4109 4.8
    endloop
  endfacet
  facet normal 1 0 0
    outer loop
      vertex 130.5 39.2109 0
      vertex 130.5 41.4109 4.8
      vertex 130.5 39.2109 4.8
    endloop
  endfacet
  facet normal 0 0 1
    outer loop
      vertex 168.047 59.0474 0
      vertex 173.453 64.0096 0
      vertex 171.547 65.1096 0
    endloop
  endfacet
  facet normal -0 0 1
    outer loop
      vertex 168.047 59.0474 0
      vertex 169.953 57.9474 0
      vertex 173.453 64.0096 0
    endloop
  endfacet
  facet normal 0 0 -1
    outer loop
      vertex 168.047 59.0474 4.8
      vertex 171.547 65.1096 4.8
      vertex 173.453 64.0096 4.8
    endloop
  endfacet
  facet normal 0 0 -1
    outer loop
      vertex 168.047 59.0474 4.8
      vertex 173.453 64.0096 4.8
      vertex 169.953 57.9474 4.8
    endloop
  endfacet
  facet normal 0.866026 -0.499999 0
    outer loop
      vertex 168.047 59.0474 0
      vertex 171.547 65.1096 0
      vertex 171.547 65.1096 4.8
    endloop
  endfacet
  facet normal 0.866026 -0.499999 0
    outer loop
      vertex 168.047 59.0474 0
      vertex 171.547 65.1096 4.8
      vertex 168.047 59.0474 4.8
    endloop
  endfacet
  facet normal -0.499999 -0.866026 0
    outer loop
      vertex 171.547 65.1096 0
      vertex 173.453 64.0096 0
      vertex 173.453 64.0096 4.8
    endloop
  endfacet
  facet normal -0.499999 -0.866026 0
    outer loop
      vertex 171.547 65.1096 0
      vertex 173.453 64.0096 4.8
      vertex 171.547 65.1096 4.8
    endloop
  endfacet
  facet normal -0.866026 0.499999 0
    outer loop
      vertex 173.453 64.0096 0
      vertex 169.953 57.9474 0
      vertex 169.953 57.9474 4.8
    endloop
  endfacet
  facet normal -0.866026 0.499999 0
    outer loop
      vertex 173.453 64.0096 0
      vertex 169.953 57.9474 4.8
      vertex 173.453 64.0096 4.8
    endloop
  endfacet
  facet normal 0.499999 0.866026 0
    outer loop
      vertex 169.953 57.9474 0
      vertex 168.047 59.0474 0
      vertex 168.047 59.0474 4.8
    endloop
  endfacet
  facet normal 0.499999 0.866026 -0
    outer loop
      vertex 169.953 57.9474 0
      vertex 168.047 59.0474 4.8
      vertex 169.953 57.9474 4.8
    endloop
  endfacet
  facet normal 0 0 1
    outer loop
      vertex 138.453 52.9852 0
      vertex 140.047 45.8231 0
      vertex 141.953 46.9231 0
    endloop
  endfacet
  facet normal 0 0 1
    outer loop
      vertex 138.453 52.9852 0
      vertex 136.547 51.8852 0
      vertex 140.047 45.8231 0
    endloop
  endfacet
  facet normal 0 0 -1
    outer loop
      vertex 138.453 52.9852 4.8
      vertex 141.953 46.9231 4.8
      vertex 140.047 45.8231 4.8
    endloop
  endfacet
  facet normal 0 -0 -1
    outer loop
      vertex 138.453 52.9852 4.8
      vertex 140.047 45.8231 4.8
      vertex 136.547 51.8852 4.8
    endloop
  endfacet
  facet normal -0.866023 -0.500005 0
    outer loop
      vertex 138.453 52.9852 0
      vertex 141.953 46.9231 0
      vertex 141.953 46.9231 4.8
    endloop
  endfacet
  facet normal -0.866023 -0.500005 0
    outer loop
      vertex 138.453 52.9852 0
      vertex 141.953 46.9231 4.8
      vertex 138.453 52.9852 4.8
    endloop
  endfacet
  facet normal -0.500005 0.866023 0
    outer loop
      vertex 141.953 46.9231 0
      vertex 140.047 45.8231 0
      vertex 140.047 45.8231 4.8
    endloop
  endfacet
  facet normal -0.500005 0.866023 0
    outer loop
      vertex 141.953 46.9231 0
      vertex 140.047 45.8231 4.8
      vertex 141.953 46.9231 4.8
    endloop
  endfacet
  facet normal 0.866023 0.500005 0
    outer loop
      vertex 140.047 45.8231 0
      vertex 136.547 51.8852 0
      vertex 136.547 51.8852 4.8
    endloop
  endfacet
  facet normal 0.866023 0.500005 -0
    outer loop
      vertex 140.047 45.8231 0
      vertex 136.547 51.8852 4.8
      vertex 140.047 45.8231 4.8
    endloop
  endfacet
  facet normal 0.500005 -0.866023 0
    outer loop
      vertex 136.547 51.8852 0
      vertex 138.453 52.9852 0
      vertex 138.453 52.9852 4.8
    endloop
  endfacet
  facet normal 0.500005 -0.866023 0
    outer loop
      vertex 136.547 51.8852 0
      vertex 138.453 52.9852 4.8
      vertex 136.547 51.8852 4.8
    endloop
  endfacet
  facet normal 0 0 1
    outer loop
      vertex 141.878 95.5502 0
      vertex 140.047 94.3203 0
      vertex 141.953 95.4207 0
    endloop
  endfacet
  facet normal 0 0 1
    outer loop
      vertex 141.878 95.5502 0
      vertex 139.973 94.4498 0
      vertex 140.047 94.3203 0
    endloop
  endfacet
  facet normal 0 -0 -1
    outer loop
      vertex 141.878 95.5502 4.8
      vertex 141.953 95.4207 4.8
      vertex 140.047 94.3203 4.8
    endloop
  endfacet
  facet normal 0 0 -1
    outer loop
      vertex 141.878 95.5502 4.8
      vertex 140.047 94.3203 4.8
      vertex 139.973 94.4498 4.8
    endloop
  endfacet
  facet normal -0.865929 -0.500166 0
    outer loop
      vertex 141.878 95.5502 0
      vertex 141.953 95.4207 0
      vertex 141.953 95.4207 4.8
    endloop
  endfacet
  facet normal -0.865929 -0.500166 0
    outer loop
      vertex 141.878 95.5502 0
      vertex 141.953 95.4207 4.8
      vertex 141.878 95.5502 4.8
    endloop
  endfacet
  facet normal -0.500166 0.865929 0
    outer loop
      vertex 141.953 95.4207 0
      vertex 140.047 94.3203 0
      vertex 140.047 94.3203 4.8
    endloop
  endfacet
  facet normal -0.500166 0.865929 0
    outer loop
      vertex 141.953 95.4207 0
      vertex 140.047 94.3203 4.8
      vertex 141.953 95.4207 4.8
    endloop
  endfacet
  facet normal 0.865929 0.500166 0
    outer loop
      vertex 140.047 94.3203 0
      vertex 139.973 94.4498 0
      vertex 139.973 94.4498 4.8
    endloop
  endfacet
  facet normal 0.865929 0.500166 -0
    outer loop
      vertex 140.047 94.3203 0
      vertex 139.973 94.4498 4.8
      vertex 140.047 94.3203 4.8
    endloop
  endfacet
  facet normal 0.500166 -0.865929 0
    outer loop
      vertex 139.973 94.4498 0
      vertex 141.878 95.5502 0
      vertex 141.878 95.5502 4.8
    endloop
  endfacet
  facet normal 0.500166 -0.865929 0
    outer loop
      vertex 139.973 94.4498 0
      vertex 141.878 95.5502 4.8
      vertex 139.973 94.4498 4.8
    endloop
  endfacet
  facet normal -0 0 1
    outer loop
      vertex 172.5 65.6596 0
      vertex 175.7 63.4596 0
      vertex 175.7 65.6596 0
    endloop
  endfacet
  facet normal 0 0 1
    outer loop
      vertex 172.5 65.6596 0
      vertex 172.5 63.4596 0
      vertex 175.7 63.4596 0
    endloop
  endfacet
  facet normal 0 0 -1
    outer loop
      vertex 172.5 65.6596 4.8
      vertex 175.7 65.6596 4.8
      vertex 175.7 63.4596 4.8
    endloop
  endfacet
  facet normal 0 0 -1
    outer loop
      vertex 172.5 65.6596 4.8
      vertex 175.7 63.4596 4.8
      vertex 172.5 63.4596 4.8
    endloop
  endfacet
  facet normal 0 -1 0
    outer loop
      vertex 172.5 65.6596 0
      vertex 175.7 65.6596 0
      vertex 175.7 65.6596 4.8
    endloop
  endfacet
  facet normal 0 -1 0
    outer loop
      vertex 172.5 65.6596 0
      vertex 175.7 65.6596 4.8
      vertex 172.5 65.6596 4.8
    endloop
  endfacet
  facet normal -1 0 0
    outer loop
      vertex 175.7 65.6596 0
      vertex 175.7 63.4596 0
      vertex 175.7 63.4596 4.8
    endloop
  endfacet
  facet normal -1 0 0
    outer loop
      vertex 175.7 65.6596 0
      vertex 175.7 63.4596 4.8
      vertex 175.7 65.6596 4.8
    endloop
  endfacet
  facet normal 0 1 0
    outer loop
      vertex 175.7 63.4596 0
      vertex 172.5 63.4596 0
      vertex 172.5 63.4596 4.8
    endloop
  endfacet
  facet normal 0 1 -0
    outer loop
      vertex 175.7 63.4596 0
      vertex 172.5 63.4596 4.8
      vertex 175.7 63.4596 4.8
    endloop
  endfacet
  facet normal 1 0 0
    outer loop
      vertex 172.5 63.4596 0
      vertex 172.5 65.6596 0
      vertex 172.5 65.6596 4.8
    endloop
  endfacet
  facet normal 1 0 0
    outer loop
      vertex 172.5 63.4596 0
      vertex 172.5 65.6596 4.8
      vertex 172.5 63.4596 4.8
    endloop
  endfacet
  facet normal 0 0 1
    outer loop
      vertex 33.4526 89.3583 0
      vertex 35.0474 82.1961 0
      vertex 36.9526 83.2961 0
    endloop
  endfacet
  facet normal 0 0 1
    outer loop
      vertex 33.4526 89.3583 0
      vertex 31.5474 88.2583 0
      vertex 35.0474 82.1961 0
    endloop
  endfacet
  facet normal 0 0 -1
    outer loop
      vertex 33.4526 89.3583 4.8
      vertex 36.9526 83.2961 4.8
      vertex 35.0474 82.1961 4.8
    endloop
  endfacet
  facet normal 0 -0 -1
    outer loop
      vertex 33.4526 89.3583 4.8
      vertex 35.0474 82.1961 4.8
      vertex 31.5474 88.2583 4.8
    endloop
  endfacet
  facet normal -0.866026 -0.499999 0
    outer loop
      vertex 33.4526 89.3583 0
      vertex 36.9526 83.2961 0
      vertex 36.9526 83.2961 4.8
    endloop
  endfacet
  facet normal -0.866026 -0.499999 0
    outer loop
      vertex 33.4526 89.3583 0
      vertex 36.9526 83.2961 4.8
      vertex 33.4526 89.3583 4.8
    endloop
  endfacet
  facet normal -0.499999 0.866026 0
    outer loop
      vertex 36.9526 83.2961 0
      vertex 35.0474 82.1961 0
      vertex 35.0474 82.1961 4.8
    endloop
  endfacet
  facet normal -0.499999 0.866026 0
    outer loop
      vertex 36.9526 83.2961 0
      vertex 35.0474 82.1961 4.8
      vertex 36.9526 83.2961 4.8
    endloop
  endfacet
  facet normal 0.866026 0.499999 0
    outer loop
      vertex 35.0474 82.1961 0
      vertex 31.5474 88.2583 0
      vertex 31.5474 88.2583 4.8
    endloop
  endfacet
  facet normal 0.866026 0.499999 -0
    outer loop
      vertex 35.0474 82.1961 0
      vertex 31.5474 88.2583 4.8
      vertex 35.0474 82.1961 4.8
    endloop
  endfacet
  facet normal 0.499999 -0.866026 0
    outer loop
      vertex 31.5474 88.2583 0
      vertex 33.4526 89.3583 0
      vertex 33.4526 89.3583 4.8
    endloop
  endfacet
  facet normal 0.499999 -0.866026 0
    outer loop
      vertex 31.5474 88.2583 0
      vertex 33.4526 89.3583 4.8
      vertex 31.5474 88.2583 4.8
    endloop
  endfacet
  facet normal 0 0 1
    outer loop
      vertex 21.0474 59.0474 0
      vertex 26.4526 64.0096 0
      vertex 24.5474 65.1096 0
    endloop
  endfacet
  facet normal -0 0 1
    outer loop
      vertex 21.0474 59.0474 0
      vertex 22.9526 57.9474 0
      vertex 26.4526 64.0096 0
    endloop
  endfacet
  facet normal 0 0 -1
    outer loop
      vertex 21.0474 59.0474 4.8
      vertex 24.5474 65.1096 4.8
      vertex 26.4526 64.0096 4.8
    endloop
  endfacet
  facet normal 0 0 -1
    outer loop
      vertex 21.0474 59.0474 4.8
      vertex 26.4526 64.0096 4.8
      vertex 22.9526 57.9474 4.8
    endloop
  endfacet
  facet normal 0.866026 -0.499999 0
    outer loop
      vertex 21.0474 59.0474 0
      vertex 24.5474 65.1096 0
      vertex 24.5474 65.1096 4.8
    endloop
  endfacet
  facet normal 0.866026 -0.499999 0
    outer loop
      vertex 21.0474 59.0474 0
      vertex 24.5474 65.1096 4.8
      vertex 21.0474 59.0474 4.8
    endloop
  endfacet
  facet normal -0.499999 -0.866026 0
    outer loop
      vertex 24.5474 65.1096 0
      vertex 26.4526 64.0096 0
      vertex 26.4526 64.0096 4.8
    endloop
  endfacet
  facet normal -0.499999 -0.866026 0
    outer loop
      vertex 24.5474 65.1096 0
      vertex 26.4526 64.0096 4.8
      vertex 24.5474 65.1096 4.8
    endloop
  endfacet
  facet normal -0.866026 0.499999 0
    outer loop
      vertex 26.4526 64.0096 0
      vertex 22.9526 57.9474 0
      vertex 22.9526 57.9474 4.8
    endloop
  endfacet
  facet normal -0.866026 0.499999 0
    outer loop
      vertex 26.4526 64.0096 0
      vertex 22.9526 57.9474 4.8
      vertex 26.4526 64.0096 4.8
    endloop
  endfacet
  facet normal 0.499999 0.866026 0
    outer loop
      vertex 22.9526 57.9474 0
      vertex 21.0474 59.0474 0
      vertex 21.0474 59.0474 4.8
    endloop
  endfacet
  facet normal 0.499999 0.866026 -0
    outer loop
      vertex 22.9526 57.9474 0
      vertex 21.0474 59.0474 4.8
      vertex 22.9526 57.9474 4.8
    endloop
  endfacet
  facet normal 0 0 1
    outer loop
      vertex 85.9526 95.4205 0
      vertex 87.5474 88.2583 0
      vertex 89.4526 89.3583 0
    endloop
  endfacet
  facet normal 0 0 1
    outer loop
      vertex 85.9526 95.4205 0
      vertex 84.0474 94.3205 0
      vertex 87.5474 88.2583 0
    endloop
  endfacet
  facet normal 0 0 -1
    outer loop
      vertex 85.9526 95.4205 4.8
      vertex 89.4526 89.3583 4.8
      vertex 87.5474 88.2583 4.8
    endloop
  endfacet
  facet normal 0 -0 -1
    outer loop
      vertex 85.9526 95.4205 4.8
      vertex 87.5474 88.2583 4.8
      vertex 84.0474 94.3205 4.8
    endloop
  endfacet
  facet normal -0.866026 -0.499999 0
    outer loop
      vertex 85.9526 95.4205 0
      vertex 89.4526 89.3583 0
      vertex 89.4526 89.3583 4.8
    endloop
  endfacet
  facet normal -0.866026 -0.499999 0
    outer loop
      vertex 85.9526 95.4205 0
      vertex 89.4526 89.3583 4.8
      vertex 85.9526 95.4205 4.8
    endloop
  endfacet
  facet normal -0.499999 0.866026 0
    outer loop
      vertex 89.4526 89.3583 0
      vertex 87.5474 88.2583 0
      vertex 87.5474 88.2583 4.8
    endloop
  endfacet
  facet normal -0.499999 0.866026 0
    outer loop
      vertex 89.4526 89.3583 0
      vertex 87.5474 88.2583 4.8
      vertex 89.4526 89.3583 4.8
    endloop
  endfacet
  facet normal 0.866026 0.499999 0
    outer loop
      vertex 87.5474 88.2583 0
      vertex 84.0474 94.3205 0
      vertex 84.0474 94.3205 4.8
    endloop
  endfacet
  facet normal 0.866026 0.499999 -0
    outer loop
      vertex 87.5474 88.2583 0
      vertex 84.0474 94.3205 4.8
      vertex 87.5474 88.2583 4.8
    endloop
  endfacet
  facet normal 0.499999 -0.866026 0
    outer loop
      vertex 84.0474 94.3205 0
      vertex 85.9526 95.4205 0
      vertex 85.9526 95.4205 4.8
    endloop
  endfacet
  facet normal 0.499999 -0.866026 0
    outer loop
      vertex 84.0474 94.3205 0
      vertex 85.9526 95.4205 4.8
      vertex 84.0474 94.3205 4.8
    endloop
  endfacet
  facet normal 0 0 1
    outer loop
      vertex 84.0474 71.1718 0
      vertex 89.4526 76.134 0
      vertex 87.5474 77.234 0
    endloop
  endfacet
  facet normal -0 0 1
    outer loop
      vertex 84.0474 71.1718 0
      vertex 85.9526 70.0718 0
      vertex 89.4526 76.134 0
    endloop
  endfacet
  facet normal 0 0 -1
    outer loop
      vertex 84.0474 71.1718 4.8
      vertex 87.5474 77.234 4.8
      vertex 89.4526 76.134 4.8
    endloop
  endfacet
  facet normal 0 0 -1
    outer loop
      vertex 84.0474 71.1718 4.8
      vertex 89.4526 76.134 4.8
      vertex 85.9526 70.0718 4.8
    endloop
  endfacet
  facet normal 0.866026 -0.499999 0
    outer loop
      vertex 84.0474 71.1718 0
      vertex 87.5474 77.234 0
      vertex 87.5474 77.234 4.8
    endloop
  endfacet
  facet normal 0.866026 -0.499999 0
    outer loop
      vertex 84.0474 71.1718 0
      vertex 87.5474 77.234 4.8
      vertex 84.0474 71.1718 4.8
    endloop
  endfacet
  facet normal -0.499999 -0.866026 0
    outer loop
      vertex 87.5474 77.234 0
      vertex 89.4526 76.134 0
      vertex 89.4526 76.134 4.8
    endloop
  endfacet
  facet normal -0.499999 -0.866026 0
    outer loop
      vertex 87.5474 77.234 0
      vertex 89.4526 76.134 4.8
      vertex 87.5474 77.234 4.8
    endloop
  endfacet
  facet normal -0.866026 0.499999 0
    outer loop
      vertex 89.4526 76.134 0
      vertex 85.9526 70.0718 0
      vertex 85.9526 70.0718 4.8
    endloop
  endfacet
  facet normal -0.866026 0.499999 0
    outer loop
      vertex 89.4526 76.134 0
      vertex 85.9526 70.0718 4.8
      vertex 89.4526 76.134 4.8
    endloop
  endfacet
  facet normal 0.499999 0.866026 0
    outer loop
      vertex 85.9526 70.0718 0
      vertex 84.0474 71.1718 0
      vertex 84.0474 71.1718 4.8
    endloop
  endfacet
  facet normal 0.499999 0.866026 -0
    outer loop
      vertex 85.9526 70.0718 0
      vertex 84.0474 71.1718 4.8
      vertex 85.9526 70.0718 4.8
    endloop
  endfacet
  facet normal -0 0 1
    outer loop
      vertex 99 35.3487 0
      vertex 106 33.1487 0
      vertex 106 35.3487 0
    endloop
  endfacet
  facet normal 0 0 1
    outer loop
      vertex 99 35.3487 0
      vertex 99 33.1487 0
      vertex 106 33.1487 0
    endloop
  endfacet
  facet normal 0 0 -1
    outer loop
      vertex 99 35.3487 4.8
      vertex 106 35.3487 4.8
      vertex 106 33.1487 4.8
    endloop
  endfacet
  facet normal 0 0 -1
    outer loop
      vertex 99 35.3487 4.8
      vertex 106 33.1487 4.8
      vertex 99 33.1487 4.8
    endloop
  endfacet
  facet normal 0 -1 0
    outer loop
      vertex 99 35.3487 0
      vertex 106 35.3487 0
      vertex 106 35.3487 4.8
    endloop
  endfacet
  facet normal 0 -1 0
    outer loop
      vertex 99 35.3487 0
      vertex 106 35.3487 4.8
      vertex 99 35.3487 4.8
    endloop
  endfacet
  facet normal -1 0 0
    outer loop
      vertex 106 35.3487 0
      vertex 106 33.1487 0
      vertex 106 33.1487 4.8
    endloop
  endfacet
  facet normal -1 0 0
    outer loop
      vertex 106 35.3487 0
      vertex 106 33.1487 4.8
      vertex 106 35.3487 4.8
    endloop
  endfacet
  facet normal 0 1 0
    outer loop
      vertex 106 33.1487 0
      vertex 99 33.1487 0
      vertex 99 33.1487 4.8
    endloop
  endfacet
  facet normal 0 1 -0
    outer loop
      vertex 106 33.1487 0
      vertex 99 33.1487 4.8
      vertex 106 33.1487 4.8
    endloop
  endfacet
  facet normal 1 0 0
    outer loop
      vertex 99 33.1487 0
      vertex 99 35.3487 0
      vertex 99 35.3487 4.8
    endloop
  endfacet
  facet normal 1 0 0
    outer loop
      vertex 99 33.1487 0
      vertex 99 35.3487 4.8
      vertex 99 33.1487 4.8
    endloop
  endfacet
  facet normal -0 0 1
    outer loop
      vertex 168.047 95.4207 0
      vertex 170.027 94.4498 0
      vertex 168.122 95.5502 0
    endloop
  endfacet
  facet normal 0 0 1
    outer loop
      vertex 168.047 95.4207 0
      vertex 169.953 94.3203 0
      vertex 170.027 94.4498 0
    endloop
  endfacet
  facet normal 0 0 -1
    outer loop
      vertex 168.047 95.4207 4.8
      vertex 168.122 95.5502 4.8
      vertex 170.027 94.4498 4.8
    endloop
  endfacet
  facet normal 0 0 -1
    outer loop
      vertex 168.047 95.4207 4.8
      vertex 170.027 94.4498 4.8
      vertex 169.953 94.3203 4.8
    endloop
  endfacet
  facet normal 0.865929 -0.500166 0
    outer loop
      vertex 168.047 95.4207 0
      vertex 168.122 95.5502 0
      vertex 168.122 95.5502 4.8
    endloop
  endfacet
  facet normal 0.865929 -0.500166 0
    outer loop
      vertex 168.047 95.4207 0
      vertex 168.122 95.5502 4.8
      vertex 168.047 95.4207 4.8
    endloop
  endfacet
  facet normal -0.500166 -0.865929 0
    outer loop
      vertex 168.122 95.5502 0
      vertex 170.027 94.4498 0
      vertex 170.027 94.4498 4.8
    endloop
  endfacet
  facet normal -0.500166 -0.865929 0
    outer loop
      vertex 168.122 95.5502 0
      vertex 170.027 94.4498 4.8
      vertex 168.122 95.5502 4.8
    endloop
  endfacet
  facet normal -0.865929 0.500166 0
    outer loop
      vertex 170.027 94.4498 0
      vertex 169.953 94.3203 0
      vertex 169.953 94.3203 4.8
    endloop
  endfacet
  facet normal -0.865929 0.500166 0
    outer loop
      vertex 170.027 94.4498 0
      vertex 169.953 94.3203 4.8
      vertex 170.027 94.4498 4.8
    endloop
  endfacet
  facet normal 0.500166 0.865929 0
    outer loop
      vertex 169.953 94.3203 0
      vertex 168.047 95.4207 0
      vertex 168.047 95.4207 4.8
    endloop
  endfacet
  facet normal 0.500166 0.865929 -0
    outer loop
      vertex 169.953 94.3203 0
      vertex 168.047 95.4207 4.8
      vertex 169.953 94.3203 4.8
    endloop
  endfacet
  facet normal -0 0 1
    outer loop
      vertex 126.047 95.4207 0
      vertex 128.027 94.4498 0
      vertex 126.122 95.5502 0
    endloop
  endfacet
  facet normal 0 0 1
    outer loop
      vertex 126.047 95.4207 0
      vertex 127.953 94.3203 0
      vertex 128.027 94.4498 0
    endloop
  endfacet
  facet normal 0 0 -1
    outer loop
      vertex 126.047 95.4207 4.8
      vertex 126.122 95.5502 4.8
      vertex 128.027 94.4498 4.8
    endloop
  endfacet
  facet normal 0 0 -1
    outer loop
      vertex 126.047 95.4207 4.8
      vertex 128.027 94.4498 4.8
      vertex 127.953 94.3203 4.8
    endloop
  endfacet
  facet normal 0.865929 -0.500166 0
    outer loop
      vertex 126.047 95.4207 0
      vertex 126.122 95.5502 0
      vertex 126.122 95.5502 4.8
    endloop
  endfacet
  facet normal 0.865929 -0.500166 0
    outer loop
      vertex 126.047 95.4207 0
      vertex 126.122 95.5502 4.8
      vertex 126.047 95.4207 4.8
    endloop
  endfacet
  facet normal -0.500166 -0.865929 0
    outer loop
      vertex 126.122 95.5502 0
      vertex 128.027 94.4498 0
      vertex 128.027 94.4498 4.8
    endloop
  endfacet
  facet normal -0.500166 -0.865929 0
    outer loop
      vertex 126.122 95.5502 0
      vertex 128.027 94.4498 4.8
      vertex 126.122 95.5502 4.8
    endloop
  endfacet
  facet normal -0.865929 0.500166 0
    outer loop
      vertex 128.027 94.4498 0
      vertex 127.953 94.3203 0
      vertex 127.953 94.3203 4.8
    endloop
  endfacet
  facet normal -0.865929 0.500166 0
    outer loop
      vertex 128.027 94.4498 0
      vertex 127.953 94.3203 4.8
      vertex 128.027 94.4498 4.8
    endloop
  endfacet
  facet normal 0.500166 0.865929 0
    outer loop
      vertex 127.953 94.3203 0
      vertex 126.047 95.4207 0
      vertex 126.047 95.4207 4.8
    endloop
  endfacet
  facet normal 0.500166 0.865929 -0
    outer loop
      vertex 127.953 94.3203 0
      vertex 126.047 95.4207 4.8
      vertex 127.953 94.3203 4.8
    endloop
  endfacet
  facet normal -0 0 1
    outer loop
      vertex 63.0475 95.4207 0
      vertex 65.0273 94.4498 0
      vertex 63.1223 95.5502 0
    endloop
  endfacet
  facet normal 0 0 1
    outer loop
      vertex 63.0475 95.4207 0
      vertex 64.9525 94.3203 0
      vertex 65.0273 94.4498 0
    endloop
  endfacet
  facet normal 0 0 -1
    outer loop
      vertex 63.0475 95.4207 4.8
      vertex 63.1223 95.5502 4.8
      vertex 65.0273 94.4498 4.8
    endloop
  endfacet
  facet normal 0 0 -1
    outer loop
      vertex 63.0475 95.4207 4.8
      vertex 65.0273 94.4498 4.8
      vertex 64.9525 94.3203 4.8
    endloop
  endfacet
  facet normal 0.865929 -0.500166 0
    outer loop
      vertex 63.0475 95.4207 0
      vertex 63.1223 95.5502 0
      vertex 63.1223 95.5502 4.8
    endloop
  endfacet
  facet normal 0.865929 -0.500166 0
    outer loop
      vertex 63.0475 95.4207 0
      vertex 63.1223 95.5502 4.8
      vertex 63.0475 95.4207 4.8
    endloop
  endfacet
  facet normal -0.500166 -0.865929 0
    outer loop
      vertex 63.1223 95.5502 0
      vertex 65.0273 94.4498 0
      vertex 65.0273 94.4498 4.8
    endloop
  endfacet
  facet normal -0.500166 -0.865929 0
    outer loop
      vertex 63.1223 95.5502 0
      vertex 65.0273 94.4498 4.8
      vertex 63.1223 95.5502 4.8
    endloop
  endfacet
  facet normal -0.865929 0.500166 0
    outer loop
      vertex 65.0273 94.4498 0
      vertex 64.9525 94.3203 0
      vertex 64.9525 94.3203 4.8
    endloop
  endfacet
  facet normal -0.865929 0.500166 0
    outer loop
      vertex 65.0273 94.4498 0
      vertex 64.9525 94.3203 4.8
      vertex 65.0273 94.4498 4.8
    endloop
  endfacet
  facet normal 0.500166 0.865929 0
    outer loop
      vertex 64.9525 94.3203 0
      vertex 63.0475 95.4207 0
      vertex 63.0475 95.4207 4.8
    endloop
  endfacet
  facet normal 0.500166 0.865929 -0
    outer loop
      vertex 64.9525 94.3203 0
      vertex 63.0475 95.4207 4.8
      vertex 64.9525 94.3203 4.8
    endloop
  endfacet
  facet normal 0 0 1
    outer loop
      vertex 31.5474 28.7365 0
      vertex 36.9526 33.6987 0
      vertex 35.0474 34.7987 0
    endloop
  endfacet
  facet normal -0 0 1
    outer loop
      vertex 31.5474 28.7365 0
      vertex 33.4526 27.6365 0
      vertex 36.9526 33.6987 0
    endloop
  endfacet
  facet normal 0 0 -1
    outer loop
      vertex 31.5474 28.7365 4.8
      vertex 35.0474 34.7987 4.8
      vertex 36.9526 33.6987 4.8
    endloop
  endfacet
  facet normal 0 0 -1
    outer loop
      vertex 31.5474 28.7365 4.8
      vertex 36.9526 33.6987 4.8
      vertex 33.4526 27.6365 4.8
    endloop
  endfacet
  facet normal 0.866026 -0.499999 0
    outer loop
      vertex 31.5474 28.7365 0
      vertex 35.0474 34.7987 0
      vertex 35.0474 34.7987 4.8
    endloop
  endfacet
  facet normal 0.866026 -0.499999 0
    outer loop
      vertex 31.5474 28.7365 0
      vertex 35.0474 34.7987 4.8
      vertex 31.5474 28.7365 4.8
    endloop
  endfacet
  facet normal -0.499999 -0.866026 0
    outer loop
      vertex 35.0474 34.7987 0
      vertex 36.9526 33.6987 0
      vertex 36.9526 33.6987 4.8
    endloop
  endfacet
  facet normal -0.499999 -0.866026 0
    outer loop
      vertex 35.0474 34.7987 0
      vertex 36.9526 33.6987 4.8
      vertex 35.0474 34.7987 4.8
    endloop
  endfacet
  facet normal -0.866026 0.499999 0
    outer loop
      vertex 36.9526 33.6987 0
      vertex 33.4526 27.6365 0
      vertex 33.4526 27.6365 4.8
    endloop
  endfacet
  facet normal -0.866026 0.499999 0
    outer loop
      vertex 36.9526 33.6987 0
      vertex 33.4526 27.6365 4.8
      vertex 36.9526 33.6987 4.8
    endloop
  endfacet
  facet normal 0.499999 0.866026 0
    outer loop
      vertex 33.4526 27.6365 0
      vertex 31.5474 28.7365 0
      vertex 31.5474 28.7365 4.8
    endloop
  endfacet
  facet normal 0.499999 0.866026 -0
    outer loop
      vertex 33.4526 27.6365 0
      vertex 31.5474 28.7365 4.8
      vertex 33.4526 27.6365 4.8
    endloop
  endfacet
  facet normal 0 0 1
    outer loop
      vertex 52.5474 89.3583 0
      vertex 57.9526 94.3205 0
      vertex 56.0474 95.4205 0
    endloop
  endfacet
  facet normal -0 0 1
    outer loop
      vertex 52.5474 89.3583 0
      vertex 54.4526 88.2583 0
      vertex 57.9526 94.3205 0
    endloop
  endfacet
  facet normal 0 0 -1
    outer loop
      vertex 52.5474 89.3583 4.8
      vertex 56.0474 95.4205 4.8
      vertex 57.9526 94.3205 4.8
    endloop
  endfacet
  facet normal 0 0 -1
    outer loop
      vertex 52.5474 89.3583 4.8
      vertex 57.9526 94.3205 4.8
      vertex 54.4526 88.2583 4.8
    endloop
  endfacet
  facet normal 0.866026 -0.499999 0
    outer loop
      vertex 52.5474 89.3583 0
      vertex 56.0474 95.4205 0
      vertex 56.0474 95.4205 4.8
    endloop
  endfacet
  facet normal 0.866026 -0.499999 0
    outer loop
      vertex 52.5474 89.3583 0
      vertex 56.0474 95.4205 4.8
      vertex 52.5474 89.3583 4.8
    endloop
  endfacet
  facet normal -0.499999 -0.866026 0
    outer loop
      vertex 56.0474 95.4205 0
      vertex 57.9526 94.3205 0
      vertex 57.9526 94.3205 4.8
    endloop
  endfacet
  facet normal -0.499999 -0.866026 0
    outer loop
      vertex 56.0474 95.4205 0
      vertex 57.9526 94.3205 4.8
      vertex 56.0474 95.4205 4.8
    endloop
  endfacet
  facet normal -0.866026 0.499999 0
    outer loop
      vertex 57.9526 94.3205 0
      vertex 54.4526 88.2583 0
      vertex 54.4526 88.2583 4.8
    endloop
  endfacet
  facet normal -0.866026 0.499999 0
    outer loop
      vertex 57.9526 94.3205 0
      vertex 54.4526 88.2583 4.8
      vertex 57.9526 94.3205 4.8
    endloop
  endfacet
  facet normal 0.499999 0.866026 0
    outer loop
      vertex 54.4526 88.2583 0
      vertex 52.5474 89.3583 0
      vertex 52.5474 89.3583 4.8
    endloop
  endfacet
  facet normal 0.499999 0.866026 -0
    outer loop
      vertex 54.4526 88.2583 0
      vertex 52.5474 89.3583 4.8
      vertex 54.4526 88.2583 4.8
    endloop
  endfacet
  facet normal 0 0 1
    outer loop
      vertex 54.4526 16.6122 0
      vertex 56.0474 9.45 0
      vertex 57.9526 10.55 0
    endloop
  endfacet
  facet normal 0 0 1
    outer loop
      vertex 54.4526 16.6122 0
      vertex 52.5474 15.5122 0
      vertex 56.0474 9.45 0
    endloop
  endfacet
  facet normal 0 0 -1
    outer loop
      vertex 54.4526 16.6122 4.8
      vertex 57.9526 10.55 4.8
      vertex 56.0474 9.45 4.8
    endloop
  endfacet
  facet normal 0 -0 -1
    outer loop
      vertex 54.4526 16.6122 4.8
      vertex 56.0474 9.45 4.8
      vertex 52.5474 15.5122 4.8
    endloop
  endfacet
  facet normal -0.866026 -0.499999 0
    outer loop
      vertex 54.4526 16.6122 0
      vertex 57.9526 10.55 0
      vertex 57.9526 10.55 4.8
    endloop
  endfacet
  facet normal -0.866026 -0.499999 0
    outer loop
      vertex 54.4526 16.6122 0
      vertex 57.9526 10.55 4.8
      vertex 54.4526 16.6122 4.8
    endloop
  endfacet
  facet normal -0.499999 0.866026 0
    outer loop
      vertex 57.9526 10.55 0
      vertex 56.0474 9.45 0
      vertex 56.0474 9.45 4.8
    endloop
  endfacet
  facet normal -0.499999 0.866026 0
    outer loop
      vertex 57.9526 10.55 0
      vertex 56.0474 9.45 4.8
      vertex 57.9526 10.55 4.8
    endloop
  endfacet
  facet normal 0.866026 0.499999 0
    outer loop
      vertex 56.0474 9.45 0
      vertex 52.5474 15.5122 0
      vertex 52.5474 15.5122 4.8
    endloop
  endfacet
  facet normal 0.866026 0.499999 -0
    outer loop
      vertex 56.0474 9.45 0
      vertex 52.5474 15.5122 4.8
      vertex 56.0474 9.45 4.8
    endloop
  endfacet
  facet normal 0.499999 -0.866026 0
    outer loop
      vertex 52.5474 15.5122 0
      vertex 54.4526 16.6122 0
      vertex 54.4526 16.6122 4.8
    endloop
  endfacet
  facet normal 0.499999 -0.866026 0
    outer loop
      vertex 52.5474 15.5122 0
      vertex 54.4526 16.6122 4.8
      vertex 52.5474 15.5122 4.8
    endloop
  endfacet
  facet normal 0 0 1
    outer loop
      vertex 169.953 46.9231 0
      vertex 171.547 39.7609 0
      vertex 173.453 40.8609 0
    endloop
  endfacet
  facet normal 0 0 1
    outer loop
      vertex 169.953 46.9231 0
      vertex 168.047 45.8231 0
      vertex 171.547 39.7609 0
    endloop
  endfacet
  facet normal 0 0 -1
    outer loop
      vertex 169.953 46.9231 4.8
      vertex 173.453 40.8609 4.8
      vertex 171.547 39.7609 4.8
    endloop
  endfacet
  facet normal 0 -0 -1
    outer loop
      vertex 169.953 46.9231 4.8
      vertex 171.547 39.7609 4.8
      vertex 168.047 45.8231 4.8
    endloop
  endfacet
  facet normal -0.866026 -0.499999 0
    outer loop
      vertex 169.953 46.9231 0
      vertex 173.453 40.8609 0
      vertex 173.453 40.8609 4.8
    endloop
  endfacet
  facet normal -0.866026 -0.499999 0
    outer loop
      vertex 169.953 46.9231 0
      vertex 173.453 40.8609 4.8
      vertex 169.953 46.9231 4.8
    endloop
  endfacet
  facet normal -0.499999 0.866026 0
    outer loop
      vertex 173.453 40.8609 0
      vertex 171.547 39.7609 0
      vertex 171.547 39.7609 4.8
    endloop
  endfacet
  facet normal -0.499999 0.866026 0
    outer loop
      vertex 173.453 40.8609 0
      vertex 171.547 39.7609 4.8
      vertex 173.453 40.8609 4.8
    endloop
  endfacet
  facet normal 0.866026 0.499999 0
    outer loop
      vertex 171.547 39.7609 0
      vertex 168.047 45.8231 0
      vertex 168.047 45.8231 4.8
    endloop
  endfacet
  facet normal 0.866026 0.499999 -0
    outer loop
      vertex 171.547 39.7609 0
      vertex 168.047 45.8231 4.8
      vertex 171.547 39.7609 4.8
    endloop
  endfacet
  facet normal 0.499999 -0.866026 0
    outer loop
      vertex 168.047 45.8231 0
      vertex 169.953 46.9231 0
      vertex 169.953 46.9231 4.8
    endloop
  endfacet
  facet normal 0.499999 -0.866026 0
    outer loop
      vertex 168.047 45.8231 0
      vertex 169.953 46.9231 4.8
      vertex 168.047 45.8231 4.8
    endloop
  endfacet
  facet normal 0 0 1
    outer loop
      vertex 115.547 89.3583 0
      vertex 120.953 94.3205 0
      vertex 119.047 95.4205 0
    endloop
  endfacet
  facet normal -0 0 1
    outer loop
      vertex 115.547 89.3583 0
      vertex 117.453 88.2583 0
      vertex 120.953 94.3205 0
    endloop
  endfacet
  facet normal 0 0 -1
    outer loop
      vertex 115.547 89.3583 4.8
      vertex 119.047 95.4205 4.8
      vertex 120.953 94.3205 4.8
    endloop
  endfacet
  facet normal 0 0 -1
    outer loop
      vertex 115.547 89.3583 4.8
      vertex 120.953 94.3205 4.8
      vertex 117.453 88.2583 4.8
    endloop
  endfacet
  facet normal 0.866026 -0.499999 0
    outer loop
      vertex 115.547 89.3583 0
      vertex 119.047 95.4205 0
      vertex 119.047 95.4205 4.8
    endloop
  endfacet
  facet normal 0.866026 -0.499999 0
    outer loop
      vertex 115.547 89.3583 0
      vertex 119.047 95.4205 4.8
      vertex 115.547 89.3583 4.8
    endloop
  endfacet
  facet normal -0.499999 -0.866026 0
    outer loop
      vertex 119.047 95.4205 0
      vertex 120.953 94.3205 0
      vertex 120.953 94.3205 4.8
    endloop
  endfacet
  facet normal -0.499999 -0.866026 0
    outer loop
      vertex 119.047 95.4205 0
      vertex 120.953 94.3205 4.8
      vertex 119.047 95.4205 4.8
    endloop
  endfacet
  facet normal -0.866026 0.499999 0
    outer loop
      vertex 120.953 94.3205 0
      vertex 117.453 88.2583 0
      vertex 117.453 88.2583 4.8
    endloop
  endfacet
  facet normal -0.866026 0.499999 0
    outer loop
      vertex 120.953 94.3205 0
      vertex 117.453 88.2583 4.8
      vertex 120.953 94.3205 4.8
    endloop
  endfacet
  facet normal 0.499999 0.866026 0
    outer loop
      vertex 117.453 88.2583 0
      vertex 115.547 89.3583 0
      vertex 115.547 89.3583 4.8
    endloop
  endfacet
  facet normal 0.499999 0.866026 -0
    outer loop
      vertex 117.453 88.2583 0
      vertex 115.547 89.3583 4.8
      vertex 117.453 88.2583 4.8
    endloop
  endfacet
  facet normal 0 0 1
    outer loop
      vertex 168.047 34.7987 0
      vertex 173.453 39.7609 0
      vertex 171.547 40.8609 0
    endloop
  endfacet
  facet normal -0 0 1
    outer loop
      vertex 168.047 34.7987 0
      vertex 169.953 33.6987 0
      vertex 173.453 39.7609 0
    endloop
  endfacet
  facet normal 0 0 -1
    outer loop
      vertex 168.047 34.7987 4.8
      vertex 171.547 40.8609 4.8
      vertex 173.453 39.7609 4.8
    endloop
  endfacet
  facet normal 0 0 -1
    outer loop
      vertex 168.047 34.7987 4.8
      vertex 173.453 39.7609 4.8
      vertex 169.953 33.6987 4.8
    endloop
  endfacet
  facet normal 0.866026 -0.499999 0
    outer loop
      vertex 168.047 34.7987 0
      vertex 171.547 40.8609 0
      vertex 171.547 40.8609 4.8
    endloop
  endfacet
  facet normal 0.866026 -0.499999 0
    outer loop
      vertex 168.047 34.7987 0
      vertex 171.547 40.8609 4.8
      vertex 168.047 34.7987 4.8
    endloop
  endfacet
  facet normal -0.499999 -0.866026 0
    outer loop
      vertex 171.547 40.8609 0
      vertex 173.453 39.7609 0
      vertex 173.453 39.7609 4.8
    endloop
  endfacet
  facet normal -0.499999 -0.866026 0
    outer loop
      vertex 171.547 40.8609 0
      vertex 173.453 39.7609 4.8
      vertex 171.547 40.8609 4.8
    endloop
  endfacet
  facet normal -0.866026 0.499999 0
    outer loop
      vertex 173.453 39.7609 0
      vertex 169.953 33.6987 0
      vertex 169.953 33.6987 4.8
    endloop
  endfacet
  facet normal -0.866026 0.499999 0
    outer loop
      vertex 173.453 39.7609 0
      vertex 169.953 33.6987 4.8
      vertex 173.453 39.7609 4.8
    endloop
  endfacet
  facet normal 0.499999 0.866026 0
    outer loop
      vertex 169.953 33.6987 0
      vertex 168.047 34.7987 0
      vertex 168.047 34.7987 4.8
    endloop
  endfacet
  facet normal 0.499999 0.866026 -0
    outer loop
      vertex 169.953 33.6987 0
      vertex 168.047 34.7987 4.8
      vertex 169.953 33.6987 4.8
    endloop
  endfacet
  facet normal -0 0 1
    outer loop
      vertex 25.5 65.6596 0
      vertex 32.5 63.4596 0
      vertex 32.5 65.6596 0
    endloop
  endfacet
  facet normal 0 0 1
    outer loop
      vertex 25.5 65.6596 0
      vertex 25.5 63.4596 0
      vertex 32.5 63.4596 0
    endloop
  endfacet
  facet normal 0 0 -1
    outer loop
      vertex 25.5 65.6596 4.8
      vertex 32.5 65.6596 4.8
      vertex 32.5 63.4596 4.8
    endloop
  endfacet
  facet normal 0 0 -1
    outer loop
      vertex 25.5 65.6596 4.8
      vertex 32.5 63.4596 4.8
      vertex 25.5 63.4596 4.8
    endloop
  endfacet
  facet normal 0 -1 0
    outer loop
      vertex 25.5 65.6596 0
      vertex 32.5 65.6596 0
      vertex 32.5 65.6596 4.8
    endloop
  endfacet
  facet normal 0 -1 0
    outer loop
      vertex 25.5 65.6596 0
      vertex 32.5 65.6596 4.8
      vertex 25.5 65.6596 4.8
    endloop
  endfacet
  facet normal -1 0 0
    outer loop
      vertex 32.5 65.6596 0
      vertex 32.5 63.4596 0
      vertex 32.5 63.4596 4.8
    endloop
  endfacet
  facet normal -1 0 0
    outer loop
      vertex 32.5 65.6596 0
      vertex 32.5 63.4596 4.8
      vertex 32.5 65.6596 4.8
    endloop
  endfacet
  facet normal 0 1 0
    outer loop
      vertex 32.5 63.4596 0
      vertex 25.5 63.4596 0
      vertex 25.5 63.4596 4.8
    endloop
  endfacet
  facet normal 0 1 -0
    outer loop
      vertex 32.5 63.4596 0
      vertex 25.5 63.4596 4.8
      vertex 32.5 63.4596 4.8
    endloop
  endfacet
  facet normal 1 0 0
    outer loop
      vertex 25.5 63.4596 0
      vertex 25.5 65.6596 0
      vertex 25.5 65.6596 4.8
    endloop
  endfacet
  facet normal 1 0 0
    outer loop
      vertex 25.5 63.4596 0
      vertex 25.5 65.6596 4.8
      vertex 25.5 63.4596 4.8
    endloop
  endfacet
  facet normal 0 0 1
    outer loop
      vertex 42.0474 59.0474 0
      vertex 47.4526 64.0096 0
      vertex 45.5474 65.1096 0
    endloop
  endfacet
  facet normal -0 0 1
    outer loop
      vertex 42.0474 59.0474 0
      vertex 43.9526 57.9474 0
      vertex 47.4526 64.0096 0
    endloop
  endfacet
  facet normal 0 0 -1
    outer loop
      vertex 42.0474 59.0474 4.8
      vertex 45.5474 65.1096 4.8
      vertex 47.4526 64.0096 4.8
    endloop
  endfacet
  facet normal 0 0 -1
    outer loop
      vertex 42.0474 59.0474 4.8
      vertex 47.4526 64.0096 4.8
      vertex 43.9526 57.9474 4.8
    endloop
  endfacet
  facet normal 0.866026 -0.499999 0
    outer loop
      vertex 42.0474 59.0474 0
      vertex 45.5474 65.1096 0
      vertex 45.5474 65.1096 4.8
    endloop
  endfacet
  facet normal 0.866026 -0.499999 0
    outer loop
      vertex 42.0474 59.0474 0
      vertex 45.5474 65.1096 4.8
      vertex 42.0474 59.0474 4.8
    endloop
  endfacet
  facet normal -0.499999 -0.866026 0
    outer loop
      vertex 45.5474 65.1096 0
      vertex 47.4526 64.0096 0
      vertex 47.4526 64.0096 4.8
    endloop
  endfacet
  facet normal -0.499999 -0.866026 0
    outer loop
      vertex 45.5474 65.1096 0
      vertex 47.4526 64.0096 4.8
      vertex 45.5474 65.1096 4.8
    endloop
  endfacet
  facet normal -0.866026 0.499999 0
    outer loop
      vertex 47.4526 64.0096 0
      vertex 43.9526 57.9474 0
      vertex 43.9526 57.9474 4.8
    endloop
  endfacet
  facet normal -0.866026 0.499999 0
    outer loop
      vertex 47.4526 64.0096 0
      vertex 43.9526 57.9474 4.8
      vertex 47.4526 64.0096 4.8
    endloop
  endfacet
  facet normal 0.499999 0.866026 0
    outer loop
      vertex 43.9526 57.9474 0
      vertex 42.0474 59.0474 0
      vertex 42.0474 59.0474 4.8
    endloop
  endfacet
  facet normal 0.499999 0.866026 -0
    outer loop
      vertex 43.9526 57.9474 0
      vertex 42.0474 59.0474 4.8
      vertex 43.9526 57.9474 4.8
    endloop
  endfacet
  facet normal 0 0 1
    outer loop
      vertex 94.5474 89.3583 0
      vertex 99.9526 94.3205 0
      vertex 98.0474 95.4205 0
    endloop
  endfacet
  facet normal -0 0 1
    outer loop
      vertex 94.5474 89.3583 0
      vertex 96.4526 88.2583 0
      vertex 99.9526 94.3205 0
    endloop
  endfacet
  facet normal 0 0 -1
    outer loop
      vertex 94.5474 89.3583 4.8
      vertex 98.0474 95.4205 4.8
      vertex 99.9526 94.3205 4.8
    endloop
  endfacet
  facet normal 0 0 -1
    outer loop
      vertex 94.5474 89.3583 4.8
      vertex 99.9526 94.3205 4.8
      vertex 96.4526 88.2583 4.8
    endloop
  endfacet
  facet normal 0.866026 -0.499999 0
    outer loop
      vertex 94.5474 89.3583 0
      vertex 98.0474 95.4205 0
      vertex 98.0474 95.4205 4.8
    endloop
  endfacet
  facet normal 0.866026 -0.499999 0
    outer loop
      vertex 94.5474 89.3583 0
      vertex 98.0474 95.4205 4.8
      vertex 94.5474 89.3583 4.8
    endloop
  endfacet
  facet normal -0.499999 -0.866026 0
    outer loop
      vertex 98.0474 95.4205 0
      vertex 99.9526 94.3205 0
      vertex 99.9526 94.3205 4.8
    endloop
  endfacet
  facet normal -0.499999 -0.866026 0
    outer loop
      vertex 98.0474 95.4205 0
      vertex 99.9526 94.3205 4.8
      vertex 98.0474 95.4205 4.8
    endloop
  endfacet
  facet normal -0.866026 0.499999 0
    outer loop
      vertex 99.9526 94.3205 0
      vertex 96.4526 88.2583 0
      vertex 96.4526 88.2583 4.8
    endloop
  endfacet
  facet normal -0.866026 0.499999 0
    outer loop
      vertex 99.9526 94.3205 0
      vertex 96.4526 88.2583 4.8
      vertex 99.9526 94.3205 4.8
    endloop
  endfacet
  facet normal 0.499999 0.866026 0
    outer loop
      vertex 96.4526 88.2583 0
      vertex 94.5474 89.3583 0
      vertex 94.5474 89.3583 4.8
    endloop
  endfacet
  facet normal 0.499999 0.866026 -0
    outer loop
      vertex 96.4526 88.2583 0
      vertex 94.5474 89.3583 4.8
      vertex 96.4526 88.2583 4.8
    endloop
  endfacet
  facet normal 0 0 1
    outer loop
      vertex 54.4526 28.7365 0
      vertex 56.0474 21.5744 0
      vertex 57.9526 22.6744 0
    endloop
  endfacet
  facet normal 0 0 1
    outer loop
      vertex 54.4526 28.7365 0
      vertex 52.5474 27.6365 0
      vertex 56.0474 21.5744 0
    endloop
  endfacet
  facet normal 0 0 -1
    outer loop
      vertex 54.4526 28.7365 4.8
      vertex 57.9526 22.6744 4.8
      vertex 56.0474 21.5744 4.8
    endloop
  endfacet
  facet normal 0 -0 -1
    outer loop
      vertex 54.4526 28.7365 4.8
      vertex 56.0474 21.5744 4.8
      vertex 52.5474 27.6365 4.8
    endloop
  endfacet
  facet normal -0.866023 -0.500005 0
    outer loop
      vertex 54.4526 28.7365 0
      vertex 57.9526 22.6744 0
      vertex 57.9526 22.6744 4.8
    endloop
  endfacet
  facet normal -0.866023 -0.500005 0
    outer loop
      vertex 54.4526 28.7365 0
      vertex 57.9526 22.6744 4.8
      vertex 54.4526 28.7365 4.8
    endloop
  endfacet
  facet normal -0.500005 0.866023 0
    outer loop
      vertex 57.9526 22.6744 0
      vertex 56.0474 21.5744 0
      vertex 56.0474 21.5744 4.8
    endloop
  endfacet
  facet normal -0.500005 0.866023 0
    outer loop
      vertex 57.9526 22.6744 0
      vertex 56.0474 21.5744 4.8
      vertex 57.9526 22.6744 4.8
    endloop
  endfacet
  facet normal 0.866023 0.500005 0
    outer loop
      vertex 56.0474 21.5744 0
      vertex 52.5474 27.6365 0
      vertex 52.5474 27.6365 4.8
    endloop
  endfacet
  facet normal 0.866023 0.500005 -0
    outer loop
      vertex 56.0474 21.5744 0
      vertex 52.5474 27.6365 4.8
      vertex 56.0474 21.5744 4.8
    endloop
  endfacet
  facet normal 0.500005 -0.866023 0
    outer loop
      vertex 52.5474 27.6365 0
      vertex 54.4526 28.7365 0
      vertex 54.4526 28.7365 4.8
    endloop
  endfacet
  facet normal 0.500005 -0.866023 0
    outer loop
      vertex 52.5474 27.6365 0
      vertex 54.4526 28.7365 4.8
      vertex 52.5474 27.6365 4.8
    endloop
  endfacet
  facet normal -0 0 1
    outer loop
      vertex 15 71.7218 0
      vertex 22 69.5218 0
      vertex 22 71.7218 0
    endloop
  endfacet
  facet normal 0 0 1
    outer loop
      vertex 15 71.7218 0
      vertex 15 69.5218 0
      vertex 22 69.5218 0
    endloop
  endfacet
  facet normal 0 0 -1
    outer loop
      vertex 15 71.7218 4.8
      vertex 22 71.7218 4.8
      vertex 22 69.5218 4.8
    endloop
  endfacet
  facet normal 0 0 -1
    outer loop
      vertex 15 71.7218 4.8
      vertex 22 69.5218 4.8
      vertex 15 69.5218 4.8
    endloop
  endfacet
  facet normal 0 -1 0
    outer loop
      vertex 15 71.7218 0
      vertex 22 71.7218 0
      vertex 22 71.7218 4.8
    endloop
  endfacet
  facet normal 0 -1 0
    outer loop
      vertex 15 71.7218 0
      vertex 22 71.7218 4.8
      vertex 15 71.7218 4.8
    endloop
  endfacet
  facet normal -1 0 0
    outer loop
      vertex 22 71.7218 0
      vertex 22 69.5218 0
      vertex 22 69.5218 4.8
    endloop
  endfacet
  facet normal -1 0 0
    outer loop
      vertex 22 71.7218 0
      vertex 22 69.5218 4.8
      vertex 22 71.7218 4.8
    endloop
  endfacet
  facet normal 0 1 0
    outer loop
      vertex 22 69.5218 0
      vertex 15 69.5218 0
      vertex 15 69.5218 4.8
    endloop
  endfacet
  facet normal 0 1 -0
    outer loop
      vertex 22 69.5218 0
      vertex 15 69.5218 4.8
      vertex 22 69.5218 4.8
    endloop
  endfacet
  facet normal 1 0 0
    outer loop
      vertex 15 69.5218 0
      vertex 15 71.7218 0
      vertex 15 71.7218 4.8
    endloop
  endfacet
  facet normal 1 0 0
    outer loop
      vertex 15 69.5218 0
      vertex 15 71.7218 4.8
      vertex 15 69.5218 4.8
    endloop
  endfacet
  facet normal 0 0 1
    outer loop
      vertex 117.453 28.7365 0
      vertex 119.047 21.5744 0
      vertex 120.953 22.6744 0
    endloop
  endfacet
  facet normal 0 0 1
    outer loop
      vertex 117.453 28.7365 0
      vertex 115.547 27.6365 0
      vertex 119.047 21.5744 0
    endloop
  endfacet
  facet normal 0 0 -1
    outer loop
      vertex 117.453 28.7365 4.8
      vertex 120.953 22.6744 4.8
      vertex 119.047 21.5744 4.8
    endloop
  endfacet
  facet normal 0 -0 -1
    outer loop
      vertex 117.453 28.7365 4.8
      vertex 119.047 21.5744 4.8
      vertex 115.547 27.6365 4.8
    endloop
  endfacet
  facet normal -0.866023 -0.500005 0
    outer loop
      vertex 117.453 28.7365 0
      vertex 120.953 22.6744 0
      vertex 120.953 22.6744 4.8
    endloop
  endfacet
  facet normal -0.866023 -0.500005 0
    outer loop
      vertex 117.453 28.7365 0
      vertex 120.953 22.6744 4.8
      vertex 117.453 28.7365 4.8
    endloop
  endfacet
  facet normal -0.500005 0.866023 0
    outer loop
      vertex 120.953 22.6744 0
      vertex 119.047 21.5744 0
      vertex 119.047 21.5744 4.8
    endloop
  endfacet
  facet normal -0.500005 0.866023 0
    outer loop
      vertex 120.953 22.6744 0
      vertex 119.047 21.5744 4.8
      vertex 120.953 22.6744 4.8
    endloop
  endfacet
  facet normal 0.866023 0.500005 0
    outer loop
      vertex 119.047 21.5744 0
      vertex 115.547 27.6365 0
      vertex 115.547 27.6365 4.8
    endloop
  endfacet
  facet normal 0.866023 0.500005 -0
    outer loop
      vertex 119.047 21.5744 0
      vertex 115.547 27.6365 4.8
      vertex 119.047 21.5744 4.8
    endloop
  endfacet
  facet normal 0.500005 -0.866023 0
    outer loop
      vertex 115.547 27.6365 0
      vertex 117.453 28.7365 0
      vertex 117.453 28.7365 4.8
    endloop
  endfacet
  facet normal 0.500005 -0.866023 0
    outer loop
      vertex 115.547 27.6365 0
      vertex 117.453 28.7365 4.8
      vertex 115.547 27.6365 4.8
    endloop
  endfacet
  facet normal 0 0 1
    outer loop
      vertex 105.047 71.1718 0
      vertex 110.453 76.134 0
      vertex 108.547 77.234 0
    endloop
  endfacet
  facet normal -0 0 1
    outer loop
      vertex 105.047 71.1718 0
      vertex 106.953 70.0718 0
      vertex 110.453 76.134 0
    endloop
  endfacet
  facet normal 0 0 -1
    outer loop
      vertex 105.047 71.1718 4.8
      vertex 108.547 77.234 4.8
      vertex 110.453 76.134 4.8
    endloop
  endfacet
  facet normal 0 0 -1
    outer loop
      vertex 105.047 71.1718 4.8
      vertex 110.453 76.134 4.8
      vertex 106.953 70.0718 4.8
    endloop
  endfacet
  facet normal 0.866026 -0.499999 0
    outer loop
      vertex 105.047 71.1718 0
      vertex 108.547 77.234 0
      vertex 108.547 77.234 4.8
    endloop
  endfacet
  facet normal 0.866026 -0.499999 0
    outer loop
      vertex 105.047 71.1718 0
      vertex 108.547 77.234 4.8
      vertex 105.047 71.1718 4.8
    endloop
  endfacet
  facet normal -0.499999 -0.866026 0
    outer loop
      vertex 108.547 77.234 0
      vertex 110.453 76.134 0
      vertex 110.453 76.134 4.8
    endloop
  endfacet
  facet normal -0.499999 -0.866026 0
    outer loop
      vertex 108.547 77.234 0
      vertex 110.453 76.134 4.8
      vertex 108.547 77.234 4.8
    endloop
  endfacet
  facet normal -0.866026 0.499999 0
    outer loop
      vertex 110.453 76.134 0
      vertex 106.953 70.0718 0
      vertex 106.953 70.0718 4.8
    endloop
  endfacet
  facet normal -0.866026 0.499999 0
    outer loop
      vertex 110.453 76.134 0
      vertex 106.953 70.0718 4.8
      vertex 110.453 76.134 4.8
    endloop
  endfacet
  facet normal 0.499999 0.866026 0
    outer loop
      vertex 106.953 70.0718 0
      vertex 105.047 71.1718 0
      vertex 105.047 71.1718 4.8
    endloop
  endfacet
  facet normal 0.499999 0.866026 -0
    outer loop
      vertex 106.953 70.0718 0
      vertex 105.047 71.1718 4.8
      vertex 106.953 70.0718 4.8
    endloop
  endfacet
  facet normal 0 0 1
    outer loop
      vertex 169.953 83.2961 0
      vertex 171.547 76.134 0
      vertex 173.453 77.234 0
    endloop
  endfacet
  facet normal 0 0 1
    outer loop
      vertex 169.953 83.2961 0
      vertex 168.047 82.1961 0
      vertex 171.547 76.134 0
    endloop
  endfacet
  facet normal 0 0 -1
    outer loop
      vertex 169.953 83.2961 4.8
      vertex 173.453 77.234 4.8
      vertex 171.547 76.134 4.8
    endloop
  endfacet
  facet normal 0 -0 -1
    outer loop
      vertex 169.953 83.2961 4.8
      vertex 171.547 76.134 4.8
      vertex 168.047 82.1961 4.8
    endloop
  endfacet
  facet normal -0.866023 -0.500005 0
    outer loop
      vertex 169.953 83.2961 0
      vertex 173.453 77.234 0
      vertex 173.453 77.234 4.8
    endloop
  endfacet
  facet normal -0.866023 -0.500005 0
    outer loop
      vertex 169.953 83.2961 0
      vertex 173.453 77.234 4.8
      vertex 169.953 83.2961 4.8
    endloop
  endfacet
  facet normal -0.500005 0.866023 0
    outer loop
      vertex 173.453 77.234 0
      vertex 171.547 76.134 0
      vertex 171.547 76.134 4.8
    endloop
  endfacet
  facet normal -0.500005 0.866023 0
    outer loop
      vertex 173.453 77.234 0
      vertex 171.547 76.134 4.8
      vertex 173.453 77.234 4.8
    endloop
  endfacet
  facet normal 0.866023 0.500005 0
    outer loop
      vertex 171.547 76.134 0
      vertex 168.047 82.1961 0
      vertex 168.047 82.1961 4.8
    endloop
  endfacet
  facet normal 0.866023 0.500005 -0
    outer loop
      vertex 171.547 76.134 0
      vertex 168.047 82.1961 4.8
      vertex 171.547 76.134 4.8
    endloop
  endfacet
  facet normal 0.500005 -0.866023 0
    outer loop
      vertex 168.047 82.1961 0
      vertex 169.953 83.2961 0
      vertex 169.953 83.2961 4.8
    endloop
  endfacet
  facet normal 0.500005 -0.866023 0
    outer loop
      vertex 168.047 82.1961 0
      vertex 169.953 83.2961 4.8
      vertex 168.047 82.1961 4.8
    endloop
  endfacet
  facet normal -0 0 1
    outer loop
      vertex 172.5 17.1622 0
      vertex 175.7 14.9622 0
      vertex 175.7 17.1622 0
    endloop
  endfacet
  facet normal 0 0 1
    outer loop
      vertex 172.5 17.1622 0
      vertex 172.5 14.9622 0
      vertex 175.7 14.9622 0
    endloop
  endfacet
  facet normal 0 0 -1
    outer loop
      vertex 172.5 17.1622 4.8
      vertex 175.7 17.1622 4.8
      vertex 175.7 14.9622 4.8
    endloop
  endfacet
  facet normal 0 0 -1
    outer loop
      vertex 172.5 17.1622 4.8
      vertex 175.7 14.9622 4.8
      vertex 172.5 14.9622 4.8
    endloop
  endfacet
  facet normal 0 -1 0
    outer loop
      vertex 172.5 17.1622 0
      vertex 175.7 17.1622 0
      vertex 175.7 17.1622 4.8
    endloop
  endfacet
  facet normal 0 -1 0
    outer loop
      vertex 172.5 17.1622 0
      vertex 175.7 17.1622 4.8
      vertex 172.5 17.1622 4.8
    endloop
  endfacet
  facet normal -1 0 0
    outer loop
      vertex 175.7 17.1622 0
      vertex 175.7 14.9622 0
      vertex 175.7 14.9622 4.8
    endloop
  endfacet
  facet normal -1 0 0
    outer loop
      vertex 175.7 17.1622 0
      vertex 175.7 14.9622 4.8
      vertex 175.7 17.1622 4.8
    endloop
  endfacet
  facet normal 0 1 0
    outer loop
      vertex 175.7 14.9622 0
      vertex 172.5 14.9622 0
      vertex 172.5 14.9622 4.8
    endloop
  endfacet
  facet normal 0 1 -0
    outer loop
      vertex 175.7 14.9622 0
      vertex 172.5 14.9622 4.8
      vertex 175.7 14.9622 4.8
    endloop
  endfacet
  facet normal 1 0 0
    outer loop
      vertex 172.5 14.9622 0
      vertex 172.5 17.1622 0
      vertex 172.5 17.1622 4.8
    endloop
  endfacet
  facet normal 1 0 0
    outer loop
      vertex 172.5 14.9622 0
      vertex 172.5 17.1622 4.8
      vertex 172.5 14.9622 4.8
    endloop
  endfacet
  facet normal -0 0 1
    outer loop
      vertex 172.5 41.4109 0
      vertex 175.7 39.2109 0
      vertex 175.7 41.4109 0
    endloop
  endfacet
  facet normal 0 0 1
    outer loop
      vertex 172.5 41.4109 0
      vertex 172.5 39.2109 0
      vertex 175.7 39.2109 0
    endloop
  endfacet
  facet normal 0 0 -1
    outer loop
      vertex 172.5 41.4109 4.8
      vertex 175.7 41.4109 4.8
      vertex 175.7 39.2109 4.8
    endloop
  endfacet
  facet normal 0 0 -1
    outer loop
      vertex 172.5 41.4109 4.8
      vertex 175.7 39.2109 4.8
      vertex 172.5 39.2109 4.8
    endloop
  endfacet
  facet normal 0 -1 0
    outer loop
      vertex 172.5 41.4109 0
      vertex 175.7 41.4109 0
      vertex 175.7 41.4109 4.8
    endloop
  endfacet
  facet normal 0 -1 0
    outer loop
      vertex 172.5 41.4109 0
      vertex 175.7 41.4109 4.8
      vertex 172.5 41.4109 4.8
    endloop
  endfacet
  facet normal -1 0 0
    outer loop
      vertex 175.7 41.4109 0
      vertex 175.7 39.2109 0
      vertex 175.7 39.2109 4.8
    endloop
  endfacet
  facet normal -1 0 0
    outer loop
      vertex 175.7 41.4109 0
      vertex 175.7 39.2109 4.8
      vertex 175.7 41.4109 4.8
    endloop
  endfacet
  facet normal 0 1 0
    outer loop
      vertex 175.7 39.2109 0
      vertex 172.5 39.2109 0
      vertex 172.5 39.2109 4.8
    endloop
  endfacet
  facet normal 0 1 -0
    outer loop
      vertex 175.7 39.2109 0
      vertex 172.5 39.2109 4.8
      vertex 175.7 39.2109 4.8
    endloop
  endfacet
  facet normal 1 0 0
    outer loop
      vertex 172.5 39.2109 0
      vertex 172.5 41.4109 0
      vertex 172.5 41.4109 4.8
    endloop
  endfacet
  facet normal 1 0 0
    outer loop
      vertex 172.5 39.2109 0
      vertex 172.5 41.4109 4.8
      vertex 172.5 39.2109 4.8
    endloop
  endfacet
  facet normal -0 0 1
    outer loop
      vertex 67.5 89.9083 0
      vertex 74.5 87.7083 0
      vertex 74.5 89.9083 0
    endloop
  endfacet
  facet normal 0 0 1
    outer loop
      vertex 67.5 89.9083 0
      vertex 67.5 87.7083 0
      vertex 74.5 87.7083 0
    endloop
  endfacet
  facet normal 0 0 -1
    outer loop
      vertex 67.5 89.9083 4.8
      vertex 74.5 89.9083 4.8
      vertex 74.5 87.7083 4.8
    endloop
  endfacet
  facet normal 0 0 -1
    outer loop
      vertex 67.5 89.9083 4.8
      vertex 74.5 87.7083 4.8
      vertex 67.5 87.7083 4.8
    endloop
  endfacet
  facet normal 0 -1 0
    outer loop
      vertex 67.5 89.9083 0
      vertex 74.5 89.9083 0
      vertex 74.5 89.9083 4.8
    endloop
  endfacet
  facet normal 0 -1 0
    outer loop
      vertex 67.5 89.9083 0
      vertex 74.5 89.9083 4.8
      vertex 67.5 89.9083 4.8
    endloop
  endfacet
  facet normal -1 0 0
    outer loop
      vertex 74.5 89.9083 0
      vertex 74.5 87.7083 0
      vertex 74.5 87.7083 4.8
    endloop
  endfacet
  facet normal -1 0 0
    outer loop
      vertex 74.5 89.9083 0
      vertex 74.5 87.7083 4.8
      vertex 74.5 89.9083 4.8
    endloop
  endfacet
  facet normal 0 1 0
    outer loop
      vertex 74.5 87.7083 0
      vertex 67.5 87.7083 0
      vertex 67.5 87.7083 4.8
    endloop
  endfacet
  facet normal 0 1 -0
    outer loop
      vertex 74.5 87.7083 0
      vertex 67.5 87.7083 4.8
      vertex 74.5 87.7083 4.8
    endloop
  endfacet
  facet normal 1 0 0
    outer loop
      vertex 67.5 87.7083 0
      vertex 67.5 89.9083 0
      vertex 67.5 89.9083 4.8
    endloop
  endfacet
  facet normal 1 0 0
    outer loop
      vertex 67.5 87.7083 0
      vertex 67.5 89.9083 4.8
      vertex 67.5 87.7083 4.8
    endloop
  endfacet
  facet normal -0 0 1
    outer loop
      vertex 151.5 77.784 0
      vertex 158.5 75.584 0
      vertex 158.5 77.784 0
    endloop
  endfacet
  facet normal 0 0 1
    outer loop
      vertex 151.5 77.784 0
      vertex 151.5 75.584 0
      vertex 158.5 75.584 0
    endloop
  endfacet
  facet normal 0 0 -1
    outer loop
      vertex 151.5 77.784 4.8
      vertex 158.5 77.784 4.8
      vertex 158.5 75.584 4.8
    endloop
  endfacet
  facet normal 0 0 -1
    outer loop
      vertex 151.5 77.784 4.8
      vertex 158.5 75.584 4.8
      vertex 151.5 75.584 4.8
    endloop
  endfacet
  facet normal 0 -1 0
    outer loop
      vertex 151.5 77.784 0
      vertex 158.5 77.784 0
      vertex 158.5 77.784 4.8
    endloop
  endfacet
  facet normal 0 -1 0
    outer loop
      vertex 151.5 77.784 0
      vertex 158.5 77.784 4.8
      vertex 151.5 77.784 4.8
    endloop
  endfacet
  facet normal -1 0 0
    outer loop
      vertex 158.5 77.784 0
      vertex 158.5 75.584 0
      vertex 158.5 75.584 4.8
    endloop
  endfacet
  facet normal -1 0 0
    outer loop
      vertex 158.5 77.784 0
      vertex 158.5 75.584 4.8
      vertex 158.5 77.784 4.8
    endloop
  endfacet
  facet normal 0 1 0
    outer loop
      vertex 158.5 75.584 0
      vertex 151.5 75.584 0
      vertex 151.5 75.584 4.8
    endloop
  endfacet
  facet normal 0 1 -0
    outer loop
      vertex 158.5 75.584 0
      vertex 151.5 75.584 4.8
      vertex 158.5 75.584 4.8
    endloop
  endfacet
  facet normal 1 0 0
    outer loop
      vertex 151.5 75.584 0
      vertex 151.5 77.784 0
      vertex 151.5 77.784 4.8
    endloop
  endfacet
  facet normal 1 0 0
    outer loop
      vertex 151.5 75.584 0
      vertex 151.5 77.784 4.8
      vertex 151.5 75.584 4.8
    endloop
  endfacet
  facet normal 0 0 1
    outer loop
      vertex 63.0474 22.6744 0
      vertex 68.4526 27.6365 0
      vertex 66.5474 28.7365 0
    endloop
  endfacet
  facet normal -0 0 1
    outer loop
      vertex 63.0474 22.6744 0
      vertex 64.9526 21.5744 0
      vertex 68.4526 27.6365 0
    endloop
  endfacet
  facet normal 0 0 -1
    outer loop
      vertex 63.0474 22.6744 4.8
      vertex 66.5474 28.7365 4.8
      vertex 68.4526 27.6365 4.8
    endloop
  endfacet
  facet normal 0 0 -1
    outer loop
      vertex 63.0474 22.6744 4.8
      vertex 68.4526 27.6365 4.8
      vertex 64.9526 21.5744 4.8
    endloop
  endfacet
  facet normal 0.866023 -0.500005 0
    outer loop
      vertex 63.0474 22.6744 0
      vertex 66.5474 28.7365 0
      vertex 66.5474 28.7365 4.8
    endloop
  endfacet
  facet normal 0.866023 -0.500005 0
    outer loop
      vertex 63.0474 22.6744 0
      vertex 66.5474 28.7365 4.8
      vertex 63.0474 22.6744 4.8
    endloop
  endfacet
  facet normal -0.500005 -0.866023 0
    outer loop
      vertex 66.5474 28.7365 0
      vertex 68.4526 27.6365 0
      vertex 68.4526 27.6365 4.8
    endloop
  endfacet
  facet normal -0.500005 -0.866023 0
    outer loop
      vertex 66.5474 28.7365 0
      vertex 68.4526 27.6365 4.8
      vertex 66.5474 28.7365 4.8
    endloop
  endfacet
  facet normal -0.866023 0.500005 0
    outer loop
      vertex 68.4526 27.6365 0
      vertex 64.9526 21.5744 0
      vertex 64.9526 21.5744 4.8
    endloop
  endfacet
  facet normal -0.866023 0.500005 0
    outer loop
      vertex 68.4526 27.6365 0
      vertex 64.9526 21.5744 4.8
      vertex 68.4526 27.6365 4.8
    endloop
  endfacet
  facet normal 0.500005 0.866023 0
    outer loop
      vertex 64.9526 21.5744 0
      vertex 63.0474 22.6744 0
      vertex 63.0474 22.6744 4.8
    endloop
  endfacet
  facet normal 0.500005 0.866023 -0
    outer loop
      vertex 64.9526 21.5744 0
      vertex 63.0474 22.6744 4.8
      vertex 64.9526 21.5744 4.8
    endloop
  endfacet
  facet normal -0 0 1
    outer loop
      vertex 25.5 17.1622 0
      vertex 32.5 14.9622 0
      vertex 32.5 17.1622 0
    endloop
  endfacet
  facet normal 0 0 1
    outer loop
      vertex 25.5 17.1622 0
      vertex 25.5 14.9622 0
      vertex 32.5 14.9622 0
    endloop
  endfacet
  facet normal 0 0 -1
    outer loop
      vertex 25.5 17.1622 4.8
      vertex 32.5 17.1622 4.8
      vertex 32.5 14.9622 4.8
    endloop
  endfacet
  facet normal 0 0 -1
    outer loop
      vertex 25.5 17.1622 4.8
      vertex 32.5 14.9622 4.8
      vertex 25.5 14.9622 4.8
    endloop
  endfacet
  facet normal 0 -1 0
    outer loop
      vertex 25.5 17.1622 0
      vertex 32.5 17.1622 0
      vertex 32.5 17.1622 4.8
    endloop
  endfacet
  facet normal 0 -1 0
    outer loop
      vertex 25.5 17.1622 0
      vertex 32.5 17.1622 4.8
      vertex 25.5 17.1622 4.8
    endloop
  endfacet
  facet normal -1 0 0
    outer loop
      vertex 32.5 17.1622 0
      vertex 32.5 14.9622 0
      vertex 32.5 14.9622 4.8
    endloop
  endfacet
  facet normal -1 0 0
    outer loop
      vertex 32.5 17.1622 0
      vertex 32.5 14.9622 4.8
      vertex 32.5 17.1622 4.8
    endloop
  endfacet
  facet normal 0 1 0
    outer loop
      vertex 32.5 14.9622 0
      vertex 25.5 14.9622 0
      vertex 25.5 14.9622 4.8
    endloop
  endfacet
  facet normal 0 1 -0
    outer loop
      vertex 32.5 14.9622 0
      vertex 25.5 14.9622 4.8
      vertex 32.5 14.9622 4.8
    endloop
  endfacet
  facet normal 1 0 0
    outer loop
      vertex 25.5 14.9622 0
      vertex 25.5 17.1622 0
      vertex 25.5 17.1622 4.8
    endloop
  endfacet
  facet normal 1 0 0
    outer loop
      vertex 25.5 14.9622 0
      vertex 25.5 17.1622 4.8
      vertex 25.5 14.9622 4.8
    endloop
  endfacet
  facet normal 0 0 1
    outer loop
      vertex 138.453 28.7365 0
      vertex 140.047 21.5744 0
      vertex 141.953 22.6744 0
    endloop
  endfacet
  facet normal 0 0 1
    outer loop
      vertex 138.453 28.7365 0
      vertex 136.547 27.6365 0
      vertex 140.047 21.5744 0
    endloop
  endfacet
  facet normal 0 0 -1
    outer loop
      vertex 138.453 28.7365 4.8
      vertex 141.953 22.6744 4.8
      vertex 140.047 21.5744 4.8
    endloop
  endfacet
  facet normal 0 -0 -1
    outer loop
      vertex 138.453 28.7365 4.8
      vertex 140.047 21.5744 4.8
      vertex 136.547 27.6365 4.8
    endloop
  endfacet
  facet normal -0.866023 -0.500005 0
    outer loop
      vertex 138.453 28.7365 0
      vertex 141.953 22.6744 0
      vertex 141.953 22.6744 4.8
    endloop
  endfacet
  facet normal -0.866023 -0.500005 0
    outer loop
      vertex 138.453 28.7365 0
      vertex 141.953 22.6744 4.8
      vertex 138.453 28.7365 4.8
    endloop
  endfacet
  facet normal -0.500005 0.866023 0
    outer loop
      vertex 141.953 22.6744 0
      vertex 140.047 21.5744 0
      vertex 140.047 21.5744 4.8
    endloop
  endfacet
  facet normal -0.500005 0.866023 0
    outer loop
      vertex 141.953 22.6744 0
      vertex 140.047 21.5744 4.8
      vertex 141.953 22.6744 4.8
    endloop
  endfacet
  facet normal 0.866023 0.500005 0
    outer loop
      vertex 140.047 21.5744 0
      vertex 136.547 27.6365 0
      vertex 136.547 27.6365 4.8
    endloop
  endfacet
  facet normal 0.866023 0.500005 -0
    outer loop
      vertex 140.047 21.5744 0
      vertex 136.547 27.6365 4.8
      vertex 140.047 21.5744 4.8
    endloop
  endfacet
  facet normal 0.500005 -0.866023 0
    outer loop
      vertex 136.547 27.6365 0
      vertex 138.453 28.7365 0
      vertex 138.453 28.7365 4.8
    endloop
  endfacet
  facet normal 0.500005 -0.866023 0
    outer loop
      vertex 136.547 27.6365 0
      vertex 138.453 28.7365 4.8
      vertex 136.547 27.6365 4.8
    endloop
  endfacet
  facet normal 0 0 1
    outer loop
      vertex 115.547 52.9852 0
      vertex 120.953 57.9474 0
      vertex 119.047 59.0474 0
    endloop
  endfacet
  facet normal -0 0 1
    outer loop
      vertex 115.547 52.9852 0
      vertex 117.453 51.8852 0
      vertex 120.953 57.9474 0
    endloop
  endfacet
  facet normal 0 0 -1
    outer loop
      vertex 115.547 52.9852 4.8
      vertex 119.047 59.0474 4.8
      vertex 120.953 57.9474 4.8
    endloop
  endfacet
  facet normal 0 0 -1
    outer loop
      vertex 115.547 52.9852 4.8
      vertex 120.953 57.9474 4.8
      vertex 117.453 51.8852 4.8
    endloop
  endfacet
  facet normal 0.866026 -0.499999 0
    outer loop
      vertex 115.547 52.9852 0
      vertex 119.047 59.0474 0
      vertex 119.047 59.0474 4.8
    endloop
  endfacet
  facet normal 0.866026 -0.499999 0
    outer loop
      vertex 115.547 52.9852 0
      vertex 119.047 59.0474 4.8
      vertex 115.547 52.9852 4.8
    endloop
  endfacet
  facet normal -0.499999 -0.866026 0
    outer loop
      vertex 119.047 59.0474 0
      vertex 120.953 57.9474 0
      vertex 120.953 57.9474 4.8
    endloop
  endfacet
  facet normal -0.499999 -0.866026 0
    outer loop
      vertex 119.047 59.0474 0
      vertex 120.953 57.9474 4.8
      vertex 119.047 59.0474 4.8
    endloop
  endfacet
  facet normal -0.866026 0.499999 0
    outer loop
      vertex 120.953 57.9474 0
      vertex 117.453 51.8852 0
      vertex 117.453 51.8852 4.8
    endloop
  endfacet
  facet normal -0.866026 0.499999 0
    outer loop
      vertex 120.953 57.9474 0
      vertex 117.453 51.8852 4.8
      vertex 120.953 57.9474 4.8
    endloop
  endfacet
  facet normal 0.499999 0.866026 0
    outer loop
      vertex 117.453 51.8852 0
      vertex 115.547 52.9852 0
      vertex 115.547 52.9852 4.8
    endloop
  endfacet
  facet normal 0.499999 0.866026 -0
    outer loop
      vertex 117.453 51.8852 0
      vertex 115.547 52.9852 4.8
      vertex 117.453 51.8852 4.8
    endloop
  endfacet
  facet normal 0 0 1
    outer loop
      vertex 73.5474 28.7365 0
      vertex 78.9526 33.6987 0
      vertex 77.0474 34.7987 0
    endloop
  endfacet
  facet normal -0 0 1
    outer loop
      vertex 73.5474 28.7365 0
      vertex 75.4526 27.6365 0
      vertex 78.9526 33.6987 0
    endloop
  endfacet
  facet normal 0 0 -1
    outer loop
      vertex 73.5474 28.7365 4.8
      vertex 77.0474 34.7987 4.8
      vertex 78.9526 33.6987 4.8
    endloop
  endfacet
  facet normal 0 0 -1
    outer loop
      vertex 73.5474 28.7365 4.8
      vertex 78.9526 33.6987 4.8
      vertex 75.4526 27.6365 4.8
    endloop
  endfacet
  facet normal 0.866026 -0.499999 0
    outer loop
      vertex 73.5474 28.7365 0
      vertex 77.0474 34.7987 0
      vertex 77.0474 34.7987 4.8
    endloop
  endfacet
  facet normal 0.866026 -0.499999 0
    outer loop
      vertex 73.5474 28.7365 0
      vertex 77.0474 34.7987 4.8
      vertex 73.5474 28.7365 4.8
    endloop
  endfacet
  facet normal -0.499999 -0.866026 0
    outer loop
      vertex 77.0474 34.7987 0
      vertex 78.9526 33.6987 0
      vertex 78.9526 33.6987 4.8
    endloop
  endfacet
  facet normal -0.499999 -0.866026 0
    outer loop
      vertex 77.0474 34.7987 0
      vertex 78.9526 33.6987 4.8
      vertex 77.0474 34.7987 4.8
    endloop
  endfacet
  facet normal -0.866026 0.499999 0
    outer loop
      vertex 78.9526 33.6987 0
      vertex 75.4526 27.6365 0
      vertex 75.4526 27.6365 4.8
    endloop
  endfacet
  facet normal -0.866026 0.499999 0
    outer loop
      vertex 78.9526 33.6987 0
      vertex 75.4526 27.6365 4.8
      vertex 78.9526 33.6987 4.8
    endloop
  endfacet
  facet normal 0.499999 0.866026 0
    outer loop
      vertex 75.4526 27.6365 0
      vertex 73.5474 28.7365 0
      vertex 73.5474 28.7365 4.8
    endloop
  endfacet
  facet normal 0.499999 0.866026 -0
    outer loop
      vertex 75.4526 27.6365 0
      vertex 73.5474 28.7365 4.8
      vertex 75.4526 27.6365 4.8
    endloop
  endfacet
  facet normal 0 0 1
    outer loop
      vertex 106.953 34.7987 0
      vertex 108.547 27.6365 0
      vertex 110.453 28.7365 0
    endloop
  endfacet
  facet normal 0 0 1
    outer loop
      vertex 106.953 34.7987 0
      vertex 105.047 33.6987 0
      vertex 108.547 27.6365 0
    endloop
  endfacet
  facet normal 0 0 -1
    outer loop
      vertex 106.953 34.7987 4.8
      vertex 110.453 28.7365 4.8
      vertex 108.547 27.6365 4.8
    endloop
  endfacet
  facet normal 0 -0 -1
    outer loop
      vertex 106.953 34.7987 4.8
      vertex 108.547 27.6365 4.8
      vertex 105.047 33.6987 4.8
    endloop
  endfacet
  facet normal -0.866026 -0.499999 0
    outer loop
      vertex 106.953 34.7987 0
      vertex 110.453 28.7365 0
      vertex 110.453 28.7365 4.8
    endloop
  endfacet
  facet normal -0.866026 -0.499999 0
    outer loop
      vertex 106.953 34.7987 0
      vertex 110.453 28.7365 4.8
      vertex 106.953 34.7987 4.8
    endloop
  endfacet
  facet normal -0.499999 0.866026 0
    outer loop
      vertex 110.453 28.7365 0
      vertex 108.547 27.6365 0
      vertex 108.547 27.6365 4.8
    endloop
  endfacet
  facet normal -0.499999 0.866026 0
    outer loop
      vertex 110.453 28.7365 0
      vertex 108.547 27.6365 4.8
      vertex 110.453 28.7365 4.8
    endloop
  endfacet
  facet normal 0.866026 0.499999 0
    outer loop
      vertex 108.547 27.6365 0
      vertex 105.047 33.6987 0
      vertex 105.047 33.6987 4.8
    endloop
  endfacet
  facet normal 0.866026 0.499999 -0
    outer loop
      vertex 108.547 27.6365 0
      vertex 105.047 33.6987 4.8
      vertex 108.547 27.6365 4.8
    endloop
  endfacet
  facet normal 0.499999 -0.866026 0
    outer loop
      vertex 105.047 33.6987 0
      vertex 106.953 34.7987 0
      vertex 106.953 34.7987 4.8
    endloop
  endfacet
  facet normal 0.499999 -0.866026 0
    outer loop
      vertex 105.047 33.6987 0
      vertex 106.953 34.7987 4.8
      vertex 105.047 33.6987 4.8
    endloop
  endfacet
  facet normal 0 0 1
    outer loop
      vertex 63.0474 71.1718 0
      vertex 68.4526 76.134 0
      vertex 66.5474 77.234 0
    endloop
  endfacet
  facet normal -0 0 1
    outer loop
      vertex 63.0474 71.1718 0
      vertex 64.9526 70.0718 0
      vertex 68.4526 76.134 0
    endloop
  endfacet
  facet normal 0 0 -1
    outer loop
      vertex 63.0474 71.1718 4.8
      vertex 66.5474 77.234 4.8
      vertex 68.4526 76.134 4.8
    endloop
  endfacet
  facet normal 0 0 -1
    outer loop
      vertex 63.0474 71.1718 4.8
      vertex 68.4526 76.134 4.8
      vertex 64.9526 70.0718 4.8
    endloop
  endfacet
  facet normal 0.866026 -0.499999 0
    outer loop
      vertex 63.0474 71.1718 0
      vertex 66.5474 77.234 0
      vertex 66.5474 77.234 4.8
    endloop
  endfacet
  facet normal 0.866026 -0.499999 0
    outer loop
      vertex 63.0474 71.1718 0
      vertex 66.5474 77.234 4.8
      vertex 63.0474 71.1718 4.8
    endloop
  endfacet
  facet normal -0.499999 -0.866026 0
    outer loop
      vertex 66.5474 77.234 0
      vertex 68.4526 76.134 0
      vertex 68.4526 76.134 4.8
    endloop
  endfacet
  facet normal -0.499999 -0.866026 0
    outer loop
      vertex 66.5474 77.234 0
      vertex 68.4526 76.134 4.8
      vertex 66.5474 77.234 4.8
    endloop
  endfacet
  facet normal -0.866026 0.499999 0
    outer loop
      vertex 68.4526 76.134 0
      vertex 64.9526 70.0718 0
      vertex 64.9526 70.0718 4.8
    endloop
  endfacet
  facet normal -0.866026 0.499999 0
    outer loop
      vertex 68.4526 76.134 0
      vertex 64.9526 70.0718 4.8
      vertex 68.4526 76.134 4.8
    endloop
  endfacet
  facet normal 0.499999 0.866026 0
    outer loop
      vertex 64.9526 70.0718 0
      vertex 63.0474 71.1718 0
      vertex 63.0474 71.1718 4.8
    endloop
  endfacet
  facet normal 0.499999 0.866026 -0
    outer loop
      vertex 64.9526 70.0718 0
      vertex 63.0474 71.1718 4.8
      vertex 64.9526 70.0718 4.8
    endloop
  endfacet
  facet normal -0 0 1
    outer loop
      vertex 8 29.2865 0
      vertex 11.5 27.0865 0
      vertex 11.5 29.2865 0
    endloop
  endfacet
  facet normal 0 0 1
    outer loop
      vertex 8 29.2865 0
      vertex 8 27.0865 0
      vertex 11.5 27.0865 0
    endloop
  endfacet
  facet normal 0 0 -1
    outer loop
      vertex 8 29.2865 4.8
      vertex 11.5 29.2865 4.8
      vertex 11.5 27.0865 4.8
    endloop
  endfacet
  facet normal 0 0 -1
    outer loop
      vertex 8 29.2865 4.8
      vertex 11.5 27.0865 4.8
      vertex 8 27.0865 4.8
    endloop
  endfacet
  facet normal 0 -1 0
    outer loop
      vertex 8 29.2865 0
      vertex 11.5 29.2865 0
      vertex 11.5 29.2865 4.8
    endloop
  endfacet
  facet normal 0 -1 0
    outer loop
      vertex 8 29.2865 0
      vertex 11.5 29.2865 4.8
      vertex 8 29.2865 4.8
    endloop
  endfacet
  facet normal -1 0 0
    outer loop
      vertex 11.5 29.2865 0
      vertex 11.5 27.0865 0
      vertex 11.5 27.0865 4.8
    endloop
  endfacet
  facet normal -1 0 0
    outer loop
      vertex 11.5 29.2865 0
      vertex 11.5 27.0865 4.8
      vertex 11.5 29.2865 4.8
    endloop
  endfacet
  facet normal 0 1 0
    outer loop
      vertex 11.5 27.0865 0
      vertex 8 27.0865 0
      vertex 8 27.0865 4.8
    endloop
  endfacet
  facet normal 0 1 -0
    outer loop
      vertex 11.5 27.0865 0
      vertex 8 27.0865 4.8
      vertex 11.5 27.0865 4.8
    endloop
  endfacet
  facet normal 1 0 0
    outer loop
      vertex 8 27.0865 0
      vertex 8 29.2865 0
      vertex 8 29.2865 4.8
    endloop
  endfacet
  facet normal 1 0 0
    outer loop
      vertex 8 27.0865 0
      vertex 8 29.2865 4.8
      vertex 8 27.0865 4.8
    endloop
  endfacet
  facet normal 0 0 1
    outer loop
      vertex 106.953 59.0474 0
      vertex 108.547 51.8852 0
      vertex 110.453 52.9852 0
    endloop
  endfacet
  facet normal 0 0 1
    outer loop
      vertex 106.953 59.0474 0
      vertex 105.047 57.9474 0
      vertex 108.547 51.8852 0
    endloop
  endfacet
  facet normal 0 0 -1
    outer loop
      vertex 106.953 59.0474 4.8
      vertex 110.453 52.9852 4.8
      vertex 108.547 51.8852 4.8
    endloop
  endfacet
  facet normal 0 -0 -1
    outer loop
      vertex 106.953 59.0474 4.8
      vertex 108.547 51.8852 4.8
      vertex 105.047 57.9474 4.8
    endloop
  endfacet
  facet normal -0.866026 -0.499999 0
    outer loop
      vertex 106.953 59.0474 0
      vertex 110.453 52.9852 0
      vertex 110.453 52.9852 4.8
    endloop
  endfacet
  facet normal -0.866026 -0.499999 0
    outer loop
      vertex 106.953 59.0474 0
      vertex 110.453 52.9852 4.8
      vertex 106.953 59.0474 4.8
    endloop
  endfacet
  facet normal -0.499999 0.866026 0
    outer loop
      vertex 110.453 52.9852 0
      vertex 108.547 51.8852 0
      vertex 108.547 51.8852 4.8
    endloop
  endfacet
  facet normal -0.499999 0.866026 0
    outer loop
      vertex 110.453 52.9852 0
      vertex 108.547 51.8852 4.8
      vertex 110.453 52.9852 4.8
    endloop
  endfacet
  facet normal 0.866026 0.499999 0
    outer loop
      vertex 108.547 51.8852 0
      vertex 105.047 57.9474 0
      vertex 105.047 57.9474 4.8
    endloop
  endfacet
  facet normal 0.866026 0.499999 -0
    outer loop
      vertex 108.547 51.8852 0
      vertex 105.047 57.9474 4.8
      vertex 108.547 51.8852 4.8
    endloop
  endfacet
  facet normal 0.499999 -0.866026 0
    outer loop
      vertex 105.047 57.9474 0
      vertex 106.953 59.0474 0
      vertex 106.953 59.0474 4.8
    endloop
  endfacet
  facet normal 0.499999 -0.866026 0
    outer loop
      vertex 105.047 57.9474 0
      vertex 106.953 59.0474 4.8
      vertex 105.047 57.9474 4.8
    endloop
  endfacet
  facet normal 0 0 1
    outer loop
      vertex 12.4526 77.234 0
      vertex 14.0474 70.0718 0
      vertex 15.9526 71.1718 0
    endloop
  endfacet
  facet normal 0 0 1
    outer loop
      vertex 12.4526 77.234 0
      vertex 10.5474 76.134 0
      vertex 14.0474 70.0718 0
    endloop
  endfacet
  facet normal 0 0 -1
    outer loop
      vertex 12.4526 77.234 4.8
      vertex 15.9526 71.1718 4.8
      vertex 14.0474 70.0718 4.8
    endloop
  endfacet
  facet normal 0 -0 -1
    outer loop
      vertex 12.4526 77.234 4.8
      vertex 14.0474 70.0718 4.8
      vertex 10.5474 76.134 4.8
    endloop
  endfacet
  facet normal -0.866026 -0.499999 0
    outer loop
      vertex 12.4526 77.234 0
      vertex 15.9526 71.1718 0
      vertex 15.9526 71.1718 4.8
    endloop
  endfacet
  facet normal -0.866026 -0.499999 0
    outer loop
      vertex 12.4526 77.234 0
      vertex 15.9526 71.1718 4.8
      vertex 12.4526 77.234 4.8
    endloop
  endfacet
  facet normal -0.499999 0.866026 0
    outer loop
      vertex 15.9526 71.1718 0
      vertex 14.0474 70.0718 0
      vertex 14.0474 70.0718 4.8
    endloop
  endfacet
  facet normal -0.499999 0.866026 0
    outer loop
      vertex 15.9526 71.1718 0
      vertex 14.0474 70.0718 4.8
      vertex 15.9526 71.1718 4.8
    endloop
  endfacet
  facet normal 0.866026 0.499999 0
    outer loop
      vertex 14.0474 70.0718 0
      vertex 10.5474 76.134 0
      vertex 10.5474 76.134 4.8
    endloop
  endfacet
  facet normal 0.866026 0.499999 -0
    outer loop
      vertex 14.0474 70.0718 0
      vertex 10.5474 76.134 4.8
      vertex 14.0474 70.0718 4.8
    endloop
  endfacet
  facet normal 0.499999 -0.866026 0
    outer loop
      vertex 10.5474 76.134 0
      vertex 12.4526 77.234 0
      vertex 12.4526 77.234 4.8
    endloop
  endfacet
  facet normal 0.499999 -0.866026 0
    outer loop
      vertex 10.5474 76.134 0
      vertex 12.4526 77.234 4.8
      vertex 10.5474 76.134 4.8
    endloop
  endfacet
  facet normal -0 0 1
    outer loop
      vertex 36 23.2244 0
      vertex 43 21.0244 0
      vertex 43 23.2244 0
    endloop
  endfacet
  facet normal 0 0 1
    outer loop
      vertex 36 23.2244 0
      vertex 36 21.0244 0
      vertex 43 21.0244 0
    endloop
  endfacet
  facet normal 0 0 -1
    outer loop
      vertex 36 23.2244 4.8
      vertex 43 23.2244 4.8
      vertex 43 21.0244 4.8
    endloop
  endfacet
  facet normal 0 0 -1
    outer loop
      vertex 36 23.2244 4.8
      vertex 43 21.0244 4.8
      vertex 36 21.0244 4.8
    endloop
  endfacet
  facet normal 0 -1 0
    outer loop
      vertex 36 23.2244 0
      vertex 43 23.2244 0
      vertex 43 23.2244 4.8
    endloop
  endfacet
  facet normal 0 -1 0
    outer loop
      vertex 36 23.2244 0
      vertex 43 23.2244 4.8
      vertex 36 23.2244 4.8
    endloop
  endfacet
  facet normal -1 0 0
    outer loop
      vertex 43 23.2244 0
      vertex 43 21.0244 0
      vertex 43 21.0244 4.8
    endloop
  endfacet
  facet normal -1 0 0
    outer loop
      vertex 43 23.2244 0
      vertex 43 21.0244 4.8
      vertex 43 23.2244 4.8
    endloop
  endfacet
  facet normal 0 1 0
    outer loop
      vertex 43 21.0244 0
      vertex 36 21.0244 0
      vertex 36 21.0244 4.8
    endloop
  endfacet
  facet normal 0 1 -0
    outer loop
      vertex 43 21.0244 0
      vertex 36 21.0244 4.8
      vertex 43 21.0244 4.8
    endloop
  endfacet
  facet normal 1 0 0
    outer loop
      vertex 36 21.0244 0
      vertex 36 23.2244 0
      vertex 36 23.2244 4.8
    endloop
  endfacet
  facet normal 1 0 0
    outer loop
      vertex 36 21.0244 0
      vertex 36 23.2244 4.8
      vertex 36 21.0244 4.8
    endloop
  endfacet
  facet normal 0 0 1
    outer loop
      vertex 73.5474 40.8609 0
      vertex 78.9526 45.8231 0
      vertex 77.0474 46.9231 0
    endloop
  endfacet
  facet normal -0 0 1
    outer loop
      vertex 73.5474 40.8609 0
      vertex 75.4526 39.7609 0
      vertex 78.9526 45.8231 0
    endloop
  endfacet
  facet normal 0 0 -1
    outer loop
      vertex 73.5474 40.8609 4.8
      vertex 77.0474 46.9231 4.8
      vertex 78.9526 45.8231 4.8
    endloop
  endfacet
  facet normal 0 0 -1
    outer loop
      vertex 73.5474 40.8609 4.8
      vertex 78.9526 45.8231 4.8
      vertex 75.4526 39.7609 4.8
    endloop
  endfacet
  facet normal 0.866026 -0.499999 0
    outer loop
      vertex 73.5474 40.8609 0
      vertex 77.0474 46.9231 0
      vertex 77.0474 46.9231 4.8
    endloop
  endfacet
  facet normal 0.866026 -0.499999 0
    outer loop
      vertex 73.5474 40.8609 0
      vertex 77.0474 46.9231 4.8
      vertex 73.5474 40.8609 4.8
    endloop
  endfacet
  facet normal -0.499999 -0.866026 0
    outer loop
      vertex 77.0474 46.9231 0
      vertex 78.9526 45.8231 0
      vertex 78.9526 45.8231 4.8
    endloop
  endfacet
  facet normal -0.499999 -0.866026 0
    outer loop
      vertex 77.0474 46.9231 0
      vertex 78.9526 45.8231 4.8
      vertex 77.0474 46.9231 4.8
    endloop
  endfacet
  facet normal -0.866026 0.499999 0
    outer loop
      vertex 78.9526 45.8231 0
      vertex 75.4526 39.7609 0
      vertex 75.4526 39.7609 4.8
    endloop
  endfacet
  facet normal -0.866026 0.499999 0
    outer loop
      vertex 78.9526 45.8231 0
      vertex 75.4526 39.7609 4.8
      vertex 78.9526 45.8231 4.8
    endloop
  endfacet
  facet normal 0.499999 0.866026 0
    outer loop
      vertex 75.4526 39.7609 0
      vertex 73.5474 40.8609 0
      vertex 73.5474 40.8609 4.8
    endloop
  endfacet
  facet normal 0.499999 0.866026 -0
    outer loop
      vertex 75.4526 39.7609 0
      vertex 73.5474 40.8609 4.8
      vertex 75.4526 39.7609 4.8
    endloop
  endfacet
  facet normal 0 0 1
    outer loop
      vertex 157.547 40.8609 0
      vertex 162.953 45.8231 0
      vertex 161.047 46.9231 0
    endloop
  endfacet
  facet normal -0 0 1
    outer loop
      vertex 157.547 40.8609 0
      vertex 159.453 39.7609 0
      vertex 162.953 45.8231 0
    endloop
  endfacet
  facet normal 0 0 -1
    outer loop
      vertex 157.547 40.8609 4.8
      vertex 161.047 46.9231 4.8
      vertex 162.953 45.8231 4.8
    endloop
  endfacet
  facet normal 0 0 -1
    outer loop
      vertex 157.547 40.8609 4.8
      vertex 162.953 45.8231 4.8
      vertex 159.453 39.7609 4.8
    endloop
  endfacet
  facet normal 0.866026 -0.499999 0
    outer loop
      vertex 157.547 40.8609 0
      vertex 161.047 46.9231 0
      vertex 161.047 46.9231 4.8
    endloop
  endfacet
  facet normal 0.866026 -0.499999 0
    outer loop
      vertex 157.547 40.8609 0
      vertex 161.047 46.9231 4.8
      vertex 157.547 40.8609 4.8
    endloop
  endfacet
  facet normal -0.499999 -0.866026 0
    outer loop
      vertex 161.047 46.9231 0
      vertex 162.953 45.8231 0
      vertex 162.953 45.8231 4.8
    endloop
  endfacet
  facet normal -0.499999 -0.866026 0
    outer loop
      vertex 161.047 46.9231 0
      vertex 162.953 45.8231 4.8
      vertex 161.047 46.9231 4.8
    endloop
  endfacet
  facet normal -0.866026 0.499999 0
    outer loop
      vertex 162.953 45.8231 0
      vertex 159.453 39.7609 0
      vertex 159.453 39.7609 4.8
    endloop
  endfacet
  facet normal -0.866026 0.499999 0
    outer loop
      vertex 162.953 45.8231 0
      vertex 159.453 39.7609 4.8
      vertex 162.953 45.8231 4.8
    endloop
  endfacet
  facet normal 0.499999 0.866026 0
    outer loop
      vertex 159.453 39.7609 0
      vertex 157.547 40.8609 0
      vertex 157.547 40.8609 4.8
    endloop
  endfacet
  facet normal 0.499999 0.866026 -0
    outer loop
      vertex 159.453 39.7609 0
      vertex 157.547 40.8609 4.8
      vertex 159.453 39.7609 4.8
    endloop
  endfacet
  facet normal -0 0 1
    outer loop
      vertex 109.5 17.1622 0
      vertex 116.5 14.9622 0
      vertex 116.5 17.1622 0
    endloop
  endfacet
  facet normal 0 0 1
    outer loop
      vertex 109.5 17.1622 0
      vertex 109.5 14.9622 0
      vertex 116.5 14.9622 0
    endloop
  endfacet
  facet normal 0 0 -1
    outer loop
      vertex 109.5 17.1622 4.8
      vertex 116.5 17.1622 4.8
      vertex 116.5 14.9622 4.8
    endloop
  endfacet
  facet normal 0 0 -1
    outer loop
      vertex 109.5 17.1622 4.8
      vertex 116.5 14.9622 4.8
      vertex 109.5 14.9622 4.8
    endloop
  endfacet
  facet normal 0 -1 0
    outer loop
      vertex 109.5 17.1622 0
      vertex 116.5 17.1622 0
      vertex 116.5 17.1622 4.8
    endloop
  endfacet
  facet normal 0 -1 0
    outer loop
      vertex 109.5 17.1622 0
      vertex 116.5 17.1622 4.8
      vertex 109.5 17.1622 4.8
    endloop
  endfacet
  facet normal -1 0 0
    outer loop
      vertex 116.5 17.1622 0
      vertex 116.5 14.9622 0
      vertex 116.5 14.9622 4.8
    endloop
  endfacet
  facet normal -1 0 0
    outer loop
      vertex 116.5 17.1622 0
      vertex 116.5 14.9622 4.8
      vertex 116.5 17.1622 4.8
    endloop
  endfacet
  facet normal 0 1 0
    outer loop
      vertex 116.5 14.9622 0
      vertex 109.5 14.9622 0
      vertex 109.5 14.9622 4.8
    endloop
  endfacet
  facet normal 0 1 -0
    outer loop
      vertex 116.5 14.9622 0
      vertex 109.5 14.9622 4.8
      vertex 116.5 14.9622 4.8
    endloop
  endfacet
  facet normal 1 0 0
    outer loop
      vertex 109.5 14.9622 0
      vertex 109.5 17.1622 0
      vertex 109.5 17.1622 4.8
    endloop
  endfacet
  facet normal 1 0 0
    outer loop
      vertex 109.5 14.9622 0
      vertex 109.5 17.1622 4.8
      vertex 109.5 14.9622 4.8
    endloop
  endfacet
  facet normal -0 0 1
    outer loop
      vertex 46.5 41.4109 0
      vertex 53.5 39.2109 0
      vertex 53.5 41.4109 0
    endloop
  endfacet
  facet normal 0 0 1
    outer loop
      vertex 46.5 41.4109 0
      vertex 46.5 39.2109 0
      vertex 53.5 39.2109 0
    endloop
  endfacet
  facet normal 0 0 -1
    outer loop
      vertex 46.5 41.4109 4.8
      vertex 53.5 41.4109 4.8
      vertex 53.5 39.2109 4.8
    endloop
  endfacet
  facet normal 0 0 -1
    outer loop
      vertex 46.5 41.4109 4.8
      vertex 53.5 39.2109 4.8
      vertex 46.5 39.2109 4.8
    endloop
  endfacet
  facet normal 0 -1 0
    outer loop
      vertex 46.5 41.4109 0
      vertex 53.5 41.4109 0
      vertex 53.5 41.4109 4.8
    endloop
  endfacet
  facet normal 0 -1 0
    outer loop
      vertex 46.5 41.4109 0
      vertex 53.5 41.4109 4.8
      vertex 46.5 41.4109 4.8
    endloop
  endfacet
  facet normal -1 0 0
    outer loop
      vertex 53.5 41.4109 0
      vertex 53.5 39.2109 0
      vertex 53.5 39.2109 4.8
    endloop
  endfacet
  facet normal -1 0 0
    outer loop
      vertex 53.5 41.4109 0
      vertex 53.5 39.2109 4.8
      vertex 53.5 41.4109 4.8
    endloop
  endfacet
  facet normal 0 1 0
    outer loop
      vertex 53.5 39.2109 0
      vertex 46.5 39.2109 0
      vertex 46.5 39.2109 4.8
    endloop
  endfacet
  facet normal 0 1 -0
    outer loop
      vertex 53.5 39.2109 0
      vertex 46.5 39.2109 4.8
      vertex 53.5 39.2109 4.8
    endloop
  endfacet
  facet normal 1 0 0
    outer loop
      vertex 46.5 39.2109 0
      vertex 46.5 41.4109 0
      vertex 46.5 41.4109 4.8
    endloop
  endfacet
  facet normal 1 0 0
    outer loop
      vertex 46.5 39.2109 0
      vertex 46.5 41.4109 4.8
      vertex 46.5 39.2109 4.8
    endloop
  endfacet
  facet normal -0 0 1
    outer loop
      vertex 15 95.9705 0
      vertex 22 93.7705 0
      vertex 22 95.9705 0
    endloop
  endfacet
  facet normal 0 0 1
    outer loop
      vertex 15 95.9705 0
      vertex 15 93.7705 0
      vertex 22 93.7705 0
    endloop
  endfacet
  facet normal 0 0 -1
    outer loop
      vertex 15 95.9705 4.8
      vertex 22 95.9705 4.8
      vertex 22 93.7705 4.8
    endloop
  endfacet
  facet normal 0 0 -1
    outer loop
      vertex 15 95.9705 4.8
      vertex 22 93.7705 4.8
      vertex 15 93.7705 4.8
    endloop
  endfacet
  facet normal 0 -1 0
    outer loop
      vertex 15 95.9705 0
      vertex 22 95.9705 0
      vertex 22 95.9705 4.8
    endloop
  endfacet
  facet normal 0 -1 0
    outer loop
      vertex 15 95.9705 0
      vertex 22 95.9705 4.8
      vertex 15 95.9705 4.8
    endloop
  endfacet
  facet normal -1 0 0
    outer loop
      vertex 22 95.9705 0
      vertex 22 93.7705 0
      vertex 22 93.7705 4.8
    endloop
  endfacet
  facet normal -1 0 0
    outer loop
      vertex 22 95.9705 0
      vertex 22 93.7705 4.8
      vertex 22 95.9705 4.8
    endloop
  endfacet
  facet normal 0 1 0
    outer loop
      vertex 22 93.7705 0
      vertex 15 93.7705 0
      vertex 15 93.7705 4.8
    endloop
  endfacet
  facet normal 0 1 -0
    outer loop
      vertex 22 93.7705 0
      vertex 15 93.7705 4.8
      vertex 22 93.7705 4.8
    endloop
  endfacet
  facet normal 1 0 0
    outer loop
      vertex 15 93.7705 0
      vertex 15 95.9705 0
      vertex 15 95.9705 4.8
    endloop
  endfacet
  facet normal 1 0 0
    outer loop
      vertex 15 93.7705 0
      vertex 15 95.9705 4.8
      vertex 15 93.7705 4.8
    endloop
  endfacet
  facet normal 0 0 1
    outer loop
      vertex 148.953 46.9231 0
      vertex 150.547 39.7609 0
      vertex 152.453 40.8609 0
    endloop
  endfacet
  facet normal 0 0 1
    outer loop
      vertex 148.953 46.9231 0
      vertex 147.047 45.8231 0
      vertex 150.547 39.7609 0
    endloop
  endfacet
  facet normal 0 0 -1
    outer loop
      vertex 148.953 46.9231 4.8
      vertex 152.453 40.8609 4.8
      vertex 150.547 39.7609 4.8
    endloop
  endfacet
  facet normal 0 -0 -1
    outer loop
      vertex 148.953 46.9231 4.8
      vertex 150.547 39.7609 4.8
      vertex 147.047 45.8231 4.8
    endloop
  endfacet
  facet normal -0.866026 -0.499999 0
    outer loop
      vertex 148.953 46.9231 0
      vertex 152.453 40.8609 0
      vertex 152.453 40.8609 4.8
    endloop
  endfacet
  facet normal -0.866026 -0.499999 0
    outer loop
      vertex 148.953 46.9231 0
      vertex 152.453 40.8609 4.8
      vertex 148.953 46.9231 4.8
    endloop
  endfacet
  facet normal -0.499999 0.866026 0
    outer loop
      vertex 152.453 40.8609 0
      vertex 150.547 39.7609 0
      vertex 150.547 39.7609 4.8
    endloop
  endfacet
  facet normal -0.499999 0.866026 0
    outer loop
      vertex 152.453 40.8609 0
      vertex 150.547 39.7609 4.8
      vertex 152.453 40.8609 4.8
    endloop
  endfacet
  facet normal 0.866026 0.499999 0
    outer loop
      vertex 150.547 39.7609 0
      vertex 147.047 45.8231 0
      vertex 147.047 45.8231 4.8
    endloop
  endfacet
  facet normal 0.866026 0.499999 -0
    outer loop
      vertex 150.547 39.7609 0
      vertex 147.047 45.8231 4.8
      vertex 150.547 39.7609 4.8
    endloop
  endfacet
  facet normal 0.499999 -0.866026 0
    outer loop
      vertex 147.047 45.8231 0
      vertex 148.953 46.9231 0
      vertex 148.953 46.9231 4.8
    endloop
  endfacet
  facet normal 0.499999 -0.866026 0
    outer loop
      vertex 147.047 45.8231 0
      vertex 148.953 46.9231 4.8
      vertex 147.047 45.8231 4.8
    endloop
  endfacet
  facet normal 0 0 1
    outer loop
      vertex 168.047 46.9231 0
      vertex 173.453 51.8852 0
      vertex 171.547 52.9852 0
    endloop
  endfacet
  facet normal -0 0 1
    outer loop
      vertex 168.047 46.9231 0
      vertex 169.953 45.8231 0
      vertex 173.453 51.8852 0
    endloop
  endfacet
  facet normal 0 0 -1
    outer loop
      vertex 168.047 46.9231 4.8
      vertex 171.547 52.9852 4.8
      vertex 173.453 51.8852 4.8
    endloop
  endfacet
  facet normal 0 0 -1
    outer loop
      vertex 168.047 46.9231 4.8
      vertex 173.453 51.8852 4.8
      vertex 169.953 45.8231 4.8
    endloop
  endfacet
  facet normal 0.866023 -0.500005 0
    outer loop
      vertex 168.047 46.9231 0
      vertex 171.547 52.9852 0
      vertex 171.547 52.9852 4.8
    endloop
  endfacet
  facet normal 0.866023 -0.500005 0
    outer loop
      vertex 168.047 46.9231 0
      vertex 171.547 52.9852 4.8
      vertex 168.047 46.9231 4.8
    endloop
  endfacet
  facet normal -0.500005 -0.866023 0
    outer loop
      vertex 171.547 52.9852 0
      vertex 173.453 51.8852 0
      vertex 173.453 51.8852 4.8
    endloop
  endfacet
  facet normal -0.500005 -0.866023 0
    outer loop
      vertex 171.547 52.9852 0
      vertex 173.453 51.8852 4.8
      vertex 171.547 52.9852 4.8
    endloop
  endfacet
  facet normal -0.866023 0.500005 0
    outer loop
      vertex 173.453 51.8852 0
      vertex 169.953 45.8231 0
      vertex 169.953 45.8231 4.8
    endloop
  endfacet
  facet normal -0.866023 0.500005 0
    outer loop
      vertex 173.453 51.8852 0
      vertex 169.953 45.8231 4.8
      vertex 173.453 51.8852 4.8
    endloop
  endfacet
  facet normal 0.500005 0.866023 0
    outer loop
      vertex 169.953 45.8231 0
      vertex 168.047 46.9231 0
      vertex 168.047 46.9231 4.8
    endloop
  endfacet
  facet normal 0.500005 0.866023 -0
    outer loop
      vertex 169.953 45.8231 0
      vertex 168.047 46.9231 4.8
      vertex 169.953 45.8231 4.8
    endloop
  endfacet
  facet normal 0 0 1
    outer loop
      vertex 22.9526 22.6744 0
      vertex 24.5474 15.5122 0
      vertex 26.4526 16.6122 0
    endloop
  endfacet
  facet normal 0 0 1
    outer loop
      vertex 22.9526 22.6744 0
      vertex 21.0474 21.5744 0
      vertex 24.5474 15.5122 0
    endloop
  endfacet
  facet normal 0 0 -1
    outer loop
      vertex 22.9526 22.6744 4.8
      vertex 26.4526 16.6122 4.8
      vertex 24.5474 15.5122 4.8
    endloop
  endfacet
  facet normal 0 -0 -1
    outer loop
      vertex 22.9526 22.6744 4.8
      vertex 24.5474 15.5122 4.8
      vertex 21.0474 21.5744 4.8
    endloop
  endfacet
  facet normal -0.866026 -0.499999 0
    outer loop
      vertex 22.9526 22.6744 0
      vertex 26.4526 16.6122 0
      vertex 26.4526 16.6122 4.8
    endloop
  endfacet
  facet normal -0.866026 -0.499999 0
    outer loop
      vertex 22.9526 22.6744 0
      vertex 26.4526 16.6122 4.8
      vertex 22.9526 22.6744 4.8
    endloop
  endfacet
  facet normal -0.499999 0.866026 0
    outer loop
      vertex 26.4526 16.6122 0
      vertex 24.5474 15.5122 0
      vertex 24.5474 15.5122 4.8
    endloop
  endfacet
  facet normal -0.499999 0.866026 0
    outer loop
      vertex 26.4526 16.6122 0
      vertex 24.5474 15.5122 4.8
      vertex 26.4526 16.6122 4.8
    endloop
  endfacet
  facet normal 0.866026 0.499999 0
    outer loop
      vertex 24.5474 15.5122 0
      vertex 21.0474 21.5744 0
      vertex 21.0474 21.5744 4.8
    endloop
  endfacet
  facet normal 0.866026 0.499999 -0
    outer loop
      vertex 24.5474 15.5122 0
      vertex 21.0474 21.5744 4.8
      vertex 24.5474 15.5122 4.8
    endloop
  endfacet
  facet normal 0.499999 -0.866026 0
    outer loop
      vertex 21.0474 21.5744 0
      vertex 22.9526 22.6744 0
      vertex 22.9526 22.6744 4.8
    endloop
  endfacet
  facet normal 0.499999 -0.866026 0
    outer loop
      vertex 21.0474 21.5744 0
      vertex 22.9526 22.6744 4.8
      vertex 21.0474 21.5744 4.8
    endloop
  endfacet
  facet normal -0 0 1
    outer loop
      vertex 15 11.1 0
      vertex 22 8.9 0
      vertex 22 11.1 0
    endloop
  endfacet
  facet normal 0 0 1
    outer loop
      vertex 15 11.1 0
      vertex 15 8.9 0
      vertex 22 8.9 0
    endloop
  endfacet
  facet normal 0 0 -1
    outer loop
      vertex 15 11.1 4.8
      vertex 22 11.1 4.8
      vertex 22 8.9 4.8
    endloop
  endfacet
  facet normal 0 0 -1
    outer loop
      vertex 15 11.1 4.8
      vertex 22 8.9 4.8
      vertex 15 8.9 4.8
    endloop
  endfacet
  facet normal 0 -1 0
    outer loop
      vertex 15 11.1 0
      vertex 22 11.1 0
      vertex 22 11.1 4.8
    endloop
  endfacet
  facet normal 0 -1 0
    outer loop
      vertex 15 11.1 0
      vertex 22 11.1 4.8
      vertex 15 11.1 4.8
    endloop
  endfacet
  facet normal -1 0 0
    outer loop
      vertex 22 11.1 0
      vertex 22 8.9 0
      vertex 22 8.9 4.8
    endloop
  endfacet
  facet normal -1 0 0
    outer loop
      vertex 22 11.1 0
      vertex 22 8.9 4.8
      vertex 22 11.1 4.8
    endloop
  endfacet
  facet normal 0 1 0
    outer loop
      vertex 22 8.9 0
      vertex 15 8.9 0
      vertex 15 8.9 4.8
    endloop
  endfacet
  facet normal 0 1 -0
    outer loop
      vertex 22 8.9 0
      vertex 15 8.9 4.8
      vertex 22 8.9 4.8
    endloop
  endfacet
  facet normal 1 0 0
    outer loop
      vertex 15 8.9 0
      vertex 15 11.1 0
      vertex 15 11.1 4.8
    endloop
  endfacet
  facet normal 1 0 0
    outer loop
      vertex 15 8.9 0
      vertex 15 11.1 4.8
      vertex 15 8.9 4.8
    endloop
  endfacet
  facet normal 0 0 1
    outer loop
      vertex 96.4526 52.9852 0
      vertex 98.0474 45.8231 0
      vertex 99.9526 46.9231 0
    endloop
  endfacet
  facet normal 0 0 1
    outer loop
      vertex 96.4526 52.9852 0
      vertex 94.5474 51.8852 0
      vertex 98.0474 45.8231 0
    endloop
  endfacet
  facet normal 0 0 -1
    outer loop
      vertex 96.4526 52.9852 4.8
      vertex 99.9526 46.9231 4.8
      vertex 98.0474 45.8231 4.8
    endloop
  endfacet
  facet normal 0 -0 -1
    outer loop
      vertex 96.4526 52.9852 4.8
      vertex 98.0474 45.8231 4.8
      vertex 94.5474 51.8852 4.8
    endloop
  endfacet
  facet normal -0.866023 -0.500005 0
    outer loop
      vertex 96.4526 52.9852 0
      vertex 99.9526 46.9231 0
      vertex 99.9526 46.9231 4.8
    endloop
  endfacet
  facet normal -0.866023 -0.500005 0
    outer loop
      vertex 96.4526 52.9852 0
      vertex 99.9526 46.9231 4.8
      vertex 96.4526 52.9852 4.8
    endloop
  endfacet
  facet normal -0.500005 0.866023 0
    outer loop
      vertex 99.9526 46.9231 0
      vertex 98.0474 45.8231 0
      vertex 98.0474 45.8231 4.8
    endloop
  endfacet
  facet normal -0.500005 0.866023 0
    outer loop
      vertex 99.9526 46.9231 0
      vertex 98.0474 45.8231 4.8
      vertex 99.9526 46.9231 4.8
    endloop
  endfacet
  facet normal 0.866023 0.500005 0
    outer loop
      vertex 98.0474 45.8231 0
      vertex 94.5474 51.8852 0
      vertex 94.5474 51.8852 4.8
    endloop
  endfacet
  facet normal 0.866023 0.500005 -0
    outer loop
      vertex 98.0474 45.8231 0
      vertex 94.5474 51.8852 4.8
      vertex 98.0474 45.8231 4.8
    endloop
  endfacet
  facet normal 0.500005 -0.866023 0
    outer loop
      vertex 94.5474 51.8852 0
      vertex 96.4526 52.9852 0
      vertex 96.4526 52.9852 4.8
    endloop
  endfacet
  facet normal 0.500005 -0.866023 0
    outer loop
      vertex 94.5474 51.8852 0
      vertex 96.4526 52.9852 4.8
      vertex 94.5474 51.8852 4.8
    endloop
  endfacet
  facet normal 0 0 1
    outer loop
      vertex 21.0474 46.9231 0
      vertex 26.4526 51.8852 0
      vertex 24.5474 52.9852 0
    endloop
  endfacet
  facet normal -0 0 1
    outer loop
      vertex 21.0474 46.9231 0
      vertex 22.9526 45.8231 0
      vertex 26.4526 51.8852 0
    endloop
  endfacet
  facet normal 0 0 -1
    outer loop
      vertex 21.0474 46.9231 4.8
      vertex 24.5474 52.9852 4.8
      vertex 26.4526 51.8852 4.8
    endloop
  endfacet
  facet normal 0 0 -1
    outer loop
      vertex 21.0474 46.9231 4.8
      vertex 26.4526 51.8852 4.8
      vertex 22.9526 45.8231 4.8
    endloop
  endfacet
  facet normal 0.866023 -0.500005 0
    outer loop
      vertex 21.0474 46.9231 0
      vertex 24.5474 52.9852 0
      vertex 24.5474 52.9852 4.8
    endloop
  endfacet
  facet normal 0.866023 -0.500005 0
    outer loop
      vertex 21.0474 46.9231 0
      vertex 24.5474 52.9852 4.8
      vertex 21.0474 46.9231 4.8
    endloop
  endfacet
  facet normal -0.500005 -0.866023 0
    outer loop
      vertex 24.5474 52.9852 0
      vertex 26.4526 51.8852 0
      vertex 26.4526 51.8852 4.8
    endloop
  endfacet
  facet normal -0.500005 -0.866023 0
    outer loop
      vertex 24.5474 52.9852 0
      vertex 26.4526 51.8852 4.8
      vertex 24.5474 52.9852 4.8
    endloop
  endfacet
  facet normal -0.866023 0.500005 0
    outer loop
      vertex 26.4526 51.8852 0
      vertex 22.9526 45.8231 0
      vertex 22.9526 45.8231 4.8
    endloop
  endfacet
  facet normal -0.866023 0.500005 0
    outer loop
      vertex 26.4526 51.8852 0
      vertex 22.9526 45.8231 4.8
      vertex 26.4526 51.8852 4.8
    endloop
  endfacet
  facet normal 0.500005 0.866023 0
    outer loop
      vertex 22.9526 45.8231 0
      vertex 21.0474 46.9231 0
      vertex 21.0474 46.9231 4.8
    endloop
  endfacet
  facet normal 0.500005 0.866023 -0
    outer loop
      vertex 22.9526 45.8231 0
      vertex 21.0474 46.9231 4.8
      vertex 22.9526 45.8231 4.8
    endloop
  endfacet
  facet normal -0 0 1
    outer loop
      vertex 57 71.7218 0
      vertex 64 69.5218 0
      vertex 64 71.7218 0
    endloop
  endfacet
  facet normal 0 0 1
    outer loop
      vertex 57 71.7218 0
      vertex 57 69.5218 0
      vertex 64 69.5218 0
    endloop
  endfacet
  facet normal 0 0 -1
    outer loop
      vertex 57 71.7218 4.8
      vertex 64 71.7218 4.8
      vertex 64 69.5218 4.8
    endloop
  endfacet
  facet normal 0 0 -1
    outer loop
      vertex 57 71.7218 4.8
      vertex 64 69.5218 4.8
      vertex 57 69.5218 4.8
    endloop
  endfacet
  facet normal 0 -1 0
    outer loop
      vertex 57 71.7218 0
      vertex 64 71.7218 0
      vertex 64 71.7218 4.8
    endloop
  endfacet
  facet normal 0 -1 0
    outer loop
      vertex 57 71.7218 0
      vertex 64 71.7218 4.8
      vertex 57 71.7218 4.8
    endloop
  endfacet
  facet normal -1 0 0
    outer loop
      vertex 64 71.7218 0
      vertex 64 69.5218 0
      vertex 64 69.5218 4.8
    endloop
  endfacet
  facet normal -1 0 0
    outer loop
      vertex 64 71.7218 0
      vertex 64 69.5218 4.8
      vertex 64 71.7218 4.8
    endloop
  endfacet
  facet normal 0 1 0
    outer loop
      vertex 64 69.5218 0
      vertex 57 69.5218 0
      vertex 57 69.5218 4.8
    endloop
  endfacet
  facet normal 0 1 -0
    outer loop
      vertex 64 69.5218 0
      vertex 57 69.5218 4.8
      vertex 64 69.5218 4.8
    endloop
  endfacet
  facet normal 1 0 0
    outer loop
      vertex 57 69.5218 0
      vertex 57 71.7218 0
      vertex 57 71.7218 4.8
    endloop
  endfacet
  facet normal 1 0 0
    outer loop
      vertex 57 69.5218 0
      vertex 57 71.7218 4.8
      vertex 57 69.5218 4.8
    endloop
  endfacet
  facet normal 0 0 1
    outer loop
      vertex 73.5474 65.1096 0
      vertex 78.9526 70.0718 0
      vertex 77.0474 71.1718 0
    endloop
  endfacet
  facet normal -0 0 1
    outer loop
      vertex 73.5474 65.1096 0
      vertex 75.4526 64.0096 0
      vertex 78.9526 70.0718 0
    endloop
  endfacet
  facet normal 0 0 -1
    outer loop
      vertex 73.5474 65.1096 4.8
      vertex 77.0474 71.1718 4.8
      vertex 78.9526 70.0718 4.8
    endloop
  endfacet
  facet normal 0 0 -1
    outer loop
      vertex 73.5474 65.1096 4.8
      vertex 78.9526 70.0718 4.8
      vertex 75.4526 64.0096 4.8
    endloop
  endfacet
  facet normal 0.866026 -0.499999 0
    outer loop
      vertex 73.5474 65.1096 0
      vertex 77.0474 71.1718 0
      vertex 77.0474 71.1718 4.8
    endloop
  endfacet
  facet normal 0.866026 -0.499999 0
    outer loop
      vertex 73.5474 65.1096 0
      vertex 77.0474 71.1718 4.8
      vertex 73.5474 65.1096 4.8
    endloop
  endfacet
  facet normal -0.499999 -0.866026 0
    outer loop
      vertex 77.0474 71.1718 0
      vertex 78.9526 70.0718 0
      vertex 78.9526 70.0718 4.8
    endloop
  endfacet
  facet normal -0.499999 -0.866026 0
    outer loop
      vertex 77.0474 71.1718 0
      vertex 78.9526 70.0718 4.8
      vertex 77.0474 71.1718 4.8
    endloop
  endfacet
  facet normal -0.866026 0.499999 0
    outer loop
      vertex 78.9526 70.0718 0
      vertex 75.4526 64.0096 0
      vertex 75.4526 64.0096 4.8
    endloop
  endfacet
  facet normal -0.866026 0.499999 0
    outer loop
      vertex 78.9526 70.0718 0
      vertex 75.4526 64.0096 4.8
      vertex 78.9526 70.0718 4.8
    endloop
  endfacet
  facet normal 0.499999 0.866026 0
    outer loop
      vertex 75.4526 64.0096 0
      vertex 73.5474 65.1096 0
      vertex 73.5474 65.1096 4.8
    endloop
  endfacet
  facet normal 0.499999 0.866026 -0
    outer loop
      vertex 75.4526 64.0096 0
      vertex 73.5474 65.1096 4.8
      vertex 75.4526 64.0096 4.8
    endloop
  endfacet
  facet normal 0 0 1
    outer loop
      vertex 43.9526 46.9231 0
      vertex 45.5474 39.7609 0
      vertex 47.4526 40.8609 0
    endloop
  endfacet
  facet normal 0 0 1
    outer loop
      vertex 43.9526 46.9231 0
      vertex 42.0474 45.8231 0
      vertex 45.5474 39.7609 0
    endloop
  endfacet
  facet normal 0 0 -1
    outer loop
      vertex 43.9526 46.9231 4.8
      vertex 47.4526 40.8609 4.8
      vertex 45.5474 39.7609 4.8
    endloop
  endfacet
  facet normal 0 -0 -1
    outer loop
      vertex 43.9526 46.9231 4.8
      vertex 45.5474 39.7609 4.8
      vertex 42.0474 45.8231 4.8
    endloop
  endfacet
  facet normal -0.866026 -0.499999 0
    outer loop
      vertex 43.9526 46.9231 0
      vertex 47.4526 40.8609 0
      vertex 47.4526 40.8609 4.8
    endloop
  endfacet
  facet normal -0.866026 -0.499999 0
    outer loop
      vertex 43.9526 46.9231 0
      vertex 47.4526 40.8609 4.8
      vertex 43.9526 46.9231 4.8
    endloop
  endfacet
  facet normal -0.499999 0.866026 0
    outer loop
      vertex 47.4526 40.8609 0
      vertex 45.5474 39.7609 0
      vertex 45.5474 39.7609 4.8
    endloop
  endfacet
  facet normal -0.499999 0.866026 0
    outer loop
      vertex 47.4526 40.8609 0
      vertex 45.5474 39.7609 4.8
      vertex 47.4526 40.8609 4.8
    endloop
  endfacet
  facet normal 0.866026 0.499999 0
    outer loop
      vertex 45.5474 39.7609 0
      vertex 42.0474 45.8231 0
      vertex 42.0474 45.8231 4.8
    endloop
  endfacet
  facet normal 0.866026 0.499999 -0
    outer loop
      vertex 45.5474 39.7609 0
      vertex 42.0474 45.8231 4.8
      vertex 45.5474 39.7609 4.8
    endloop
  endfacet
  facet normal 0.499999 -0.866026 0
    outer loop
      vertex 42.0474 45.8231 0
      vertex 43.9526 46.9231 0
      vertex 43.9526 46.9231 4.8
    endloop
  endfacet
  facet normal 0.499999 -0.866026 0
    outer loop
      vertex 42.0474 45.8231 0
      vertex 43.9526 46.9231 4.8
      vertex 42.0474 45.8231 4.8
    endloop
  endfacet
  facet normal 0 0 1
    outer loop
      vertex 168.047 10.55 0
      vertex 173.453 15.5122 0
      vertex 171.547 16.6122 0
    endloop
  endfacet
  facet normal -0 0 1
    outer loop
      vertex 168.047 10.55 0
      vertex 169.953 9.45 0
      vertex 173.453 15.5122 0
    endloop
  endfacet
  facet normal 0 0 -1
    outer loop
      vertex 168.047 10.55 4.8
      vertex 171.547 16.6122 4.8
      vertex 173.453 15.5122 4.8
    endloop
  endfacet
  facet normal 0 0 -1
    outer loop
      vertex 168.047 10.55 4.8
      vertex 173.453 15.5122 4.8
      vertex 169.953 9.45 4.8
    endloop
  endfacet
  facet normal 0.866026 -0.499999 0
    outer loop
      vertex 168.047 10.55 0
      vertex 171.547 16.6122 0
      vertex 171.547 16.6122 4.8
    endloop
  endfacet
  facet normal 0.866026 -0.499999 0
    outer loop
      vertex 168.047 10.55 0
      vertex 171.547 16.6122 4.8
      vertex 168.047 10.55 4.8
    endloop
  endfacet
  facet normal -0.499999 -0.866026 0
    outer loop
      vertex 171.547 16.6122 0
      vertex 173.453 15.5122 0
      vertex 173.453 15.5122 4.8
    endloop
  endfacet
  facet normal -0.499999 -0.866026 0
    outer loop
      vertex 171.547 16.6122 0
      vertex 173.453 15.5122 4.8
      vertex 171.547 16.6122 4.8
    endloop
  endfacet
  facet normal -0.866026 0.499999 0
    outer loop
      vertex 173.453 15.5122 0
      vertex 169.953 9.45 0
      vertex 169.953 9.45 4.8
    endloop
  endfacet
  facet normal -0.866026 0.499999 0
    outer loop
      vertex 173.453 15.5122 0
      vertex 169.953 9.45 4.8
      vertex 173.453 15.5122 4.8
    endloop
  endfacet
  facet normal 0.499999 0.866026 0
    outer loop
      vertex 169.953 9.45 0
      vertex 168.047 10.55 0
      vertex 168.047 10.55 4.8
    endloop
  endfacet
  facet normal 0.499999 0.866026 -0
    outer loop
      vertex 169.953 9.45 0
      vertex 168.047 10.55 4.8
      vertex 169.953 9.45 4.8
    endloop
  endfacet
  facet normal -0 0 1
    outer loop
      vertex 67.5 29.2865 0
      vertex 74.5 27.0865 0
      vertex 74.5 29.2865 0
    endloop
  endfacet
  facet normal 0 0 1
    outer loop
      vertex 67.5 29.2865 0
      vertex 67.5 27.0865 0
      vertex 74.5 27.0865 0
    endloop
  endfacet
  facet normal 0 0 -1
    outer loop
      vertex 67.5 29.2865 4.8
      vertex 74.5 29.2865 4.8
      vertex 74.5 27.0865 4.8
    endloop
  endfacet
  facet normal 0 0 -1
    outer loop
      vertex 67.5 29.2865 4.8
      vertex 74.5 27.0865 4.8
      vertex 67.5 27.0865 4.8
    endloop
  endfacet
  facet normal 0 -1 0
    outer loop
      vertex 67.5 29.2865 0
      vertex 74.5 29.2865 0
      vertex 74.5 29.2865 4.8
    endloop
  endfacet
  facet normal 0 -1 0
    outer loop
      vertex 67.5 29.2865 0
      vertex 74.5 29.2865 4.8
      vertex 67.5 29.2865 4.8
    endloop
  endfacet
  facet normal -1 0 0
    outer loop
      vertex 74.5 29.2865 0
      vertex 74.5 27.0865 0
      vertex 74.5 27.0865 4.8
    endloop
  endfacet
  facet normal -1 0 0
    outer loop
      vertex 74.5 29.2865 0
      vertex 74.5 27.0865 4.8
      vertex 74.5 29.2865 4.8
    endloop
  endfacet
  facet normal 0 1 0
    outer loop
      vertex 74.5 27.0865 0
      vertex 67.5 27.0865 0
      vertex 67.5 27.0865 4.8
    endloop
  endfacet
  facet normal 0 1 -0
    outer loop
      vertex 74.5 27.0865 0
      vertex 67.5 27.0865 4.8
      vertex 74.5 27.0865 4.8
    endloop
  endfacet
  facet normal 1 0 0
    outer loop
      vertex 67.5 27.0865 0
      vertex 67.5 29.2865 0
      vertex 67.5 29.2865 4.8
    endloop
  endfacet
  facet normal 1 0 0
    outer loop
      vertex 67.5 27.0865 0
      vertex 67.5 29.2865 4.8
      vertex 67.5 27.0865 4.8
    endloop
  endfacet
  facet normal -0 0 1
    outer loop
      vertex 67.5 53.5352 0
      vertex 74.5 51.3352 0
      vertex 74.5 53.5352 0
    endloop
  endfacet
  facet normal 0 0 1
    outer loop
      vertex 67.5 53.5352 0
      vertex 67.5 51.3352 0
      vertex 74.5 51.3352 0
    endloop
  endfacet
  facet normal 0 0 -1
    outer loop
      vertex 67.5 53.5352 4.8
      vertex 74.5 53.5352 4.8
      vertex 74.5 51.3352 4.8
    endloop
  endfacet
  facet normal 0 0 -1
    outer loop
      vertex 67.5 53.5352 4.8
      vertex 74.5 51.3352 4.8
      vertex 67.5 51.3352 4.8
    endloop
  endfacet
  facet normal 0 -1 0
    outer loop
      vertex 67.5 53.5352 0
      vertex 74.5 53.5352 0
      vertex 74.5 53.5352 4.8
    endloop
  endfacet
  facet normal 0 -1 0
    outer loop
      vertex 67.5 53.5352 0
      vertex 74.5 53.5352 4.8
      vertex 67.5 53.5352 4.8
    endloop
  endfacet
  facet normal -1 0 0
    outer loop
      vertex 74.5 53.5352 0
      vertex 74.5 51.3352 0
      vertex 74.5 51.3352 4.8
    endloop
  endfacet
  facet normal -1 0 0
    outer loop
      vertex 74.5 53.5352 0
      vertex 74.5 51.3352 4.8
      vertex 74.5 53.5352 4.8
    endloop
  endfacet
  facet normal 0 1 0
    outer loop
      vertex 74.5 51.3352 0
      vertex 67.5 51.3352 0
      vertex 67.5 51.3352 4.8
    endloop
  endfacet
  facet normal 0 1 -0
    outer loop
      vertex 74.5 51.3352 0
      vertex 67.5 51.3352 4.8
      vertex 74.5 51.3352 4.8
    endloop
  endfacet
  facet normal 1 0 0
    outer loop
      vertex 67.5 51.3352 0
      vertex 67.5 53.5352 0
      vertex 67.5 53.5352 4.8
    endloop
  endfacet
  facet normal 1 0 0
    outer loop
      vertex 67.5 51.3352 0
      vertex 67.5 53.5352 4.8
      vertex 67.5 51.3352 4.8
    endloop
  endfacet
  facet normal -0 0 1
    outer loop
      vertex 109.5 41.4109 0
      vertex 116.5 39.2109 0
      vertex 116.5 41.4109 0
    endloop
  endfacet
  facet normal 0 0 1
    outer loop
      vertex 109.5 41.4109 0
      vertex 109.5 39.2109 0
      vertex 116.5 39.2109 0
    endloop
  endfacet
  facet normal 0 0 -1
    outer loop
      vertex 109.5 41.4109 4.8
      vertex 116.5 41.4109 4.8
      vertex 116.5 39.2109 4.8
    endloop
  endfacet
  facet normal 0 0 -1
    outer loop
      vertex 109.5 41.4109 4.8
      vertex 116.5 39.2109 4.8
      vertex 109.5 39.2109 4.8
    endloop
  endfacet
  facet normal 0 -1 0
    outer loop
      vertex 109.5 41.4109 0
      vertex 116.5 41.4109 0
      vertex 116.5 41.4109 4.8
    endloop
  endfacet
  facet normal 0 -1 0
    outer loop
      vertex 109.5 41.4109 0
      vertex 116.5 41.4109 4.8
      vertex 109.5 41.4109 4.8
    endloop
  endfacet
  facet normal -1 0 0
    outer loop
      vertex 116.5 41.4109 0
      vertex 116.5 39.2109 0
      vertex 116.5 39.2109 4.8
    endloop
  endfacet
  facet normal -1 0 0
    outer loop
      vertex 116.5 41.4109 0
      vertex 116.5 39.2109 4.8
      vertex 116.5 41.4109 4.8
    endloop
  endfacet
  facet normal 0 1 0
    outer loop
      vertex 116.5 39.2109 0
      vertex 109.5 39.2109 0
      vertex 109.5 39.2109 4.8
    endloop
  endfacet
  facet normal 0 1 -0
    outer loop
      vertex 116.5 39.2109 0
      vertex 109.5 39.2109 4.8
      vertex 116.5 39.2109 4.8
    endloop
  endfacet
  facet normal 1 0 0
    outer loop
      vertex 109.5 39.2109 0
      vertex 109.5 41.4109 0
      vertex 109.5 41.4109 4.8
    endloop
  endfacet
  facet normal 1 0 0
    outer loop
      vertex 109.5 39.2109 0
      vertex 109.5 41.4109 4.8
      vertex 109.5 39.2109 4.8
    endloop
  endfacet
  facet normal 0 0 1
    outer loop
      vertex 105.047 22.6744 0
      vertex 110.453 27.6365 0
      vertex 108.547 28.7365 0
    endloop
  endfacet
  facet normal -0 0 1
    outer loop
      vertex 105.047 22.6744 0
      vertex 106.953 21.5744 0
      vertex 110.453 27.6365 0
    endloop
  endfacet
  facet normal 0 0 -1
    outer loop
      vertex 105.047 22.6744 4.8
      vertex 108.547 28.7365 4.8
      vertex 110.453 27.6365 4.8
    endloop
  endfacet
  facet normal 0 0 -1
    outer loop
      vertex 105.047 22.6744 4.8
      vertex 110.453 27.6365 4.8
      vertex 106.953 21.5744 4.8
    endloop
  endfacet
  facet normal 0.866023 -0.500005 0
    outer loop
      vertex 105.047 22.6744 0
      vertex 108.547 28.7365 0
      vertex 108.547 28.7365 4.8
    endloop
  endfacet
  facet normal 0.866023 -0.500005 0
    outer loop
      vertex 105.047 22.6744 0
      vertex 108.547 28.7365 4.8
      vertex 105.047 22.6744 4.8
    endloop
  endfacet
  facet normal -0.500005 -0.866023 0
    outer loop
      vertex 108.547 28.7365 0
      vertex 110.453 27.6365 0
      vertex 110.453 27.6365 4.8
    endloop
  endfacet
  facet normal -0.500005 -0.866023 0
    outer loop
      vertex 108.547 28.7365 0
      vertex 110.453 27.6365 4.8
      vertex 108.547 28.7365 4.8
    endloop
  endfacet
  facet normal -0.866023 0.500005 0
    outer loop
      vertex 110.453 27.6365 0
      vertex 106.953 21.5744 0
      vertex 106.953 21.5744 4.8
    endloop
  endfacet
  facet normal -0.866023 0.500005 0
    outer loop
      vertex 110.453 27.6365 0
      vertex 106.953 21.5744 4.8
      vertex 110.453 27.6365 4.8
    endloop
  endfacet
  facet normal 0.500005 0.866023 0
    outer loop
      vertex 106.953 21.5744 0
      vertex 105.047 22.6744 0
      vertex 105.047 22.6744 4.8
    endloop
  endfacet
  facet normal 0.500005 0.866023 -0
    outer loop
      vertex 106.953 21.5744 0
      vertex 105.047 22.6744 4.8
      vertex 106.953 21.5744 4.8
    endloop
  endfacet
  facet normal 0 0 1
    outer loop
      vertex 63.0474 46.9231 0
      vertex 68.4526 51.8852 0
      vertex 66.5474 52.9852 0
    endloop
  endfacet
  facet normal -0 0 1
    outer loop
      vertex 63.0474 46.9231 0
      vertex 64.9526 45.8231 0
      vertex 68.4526 51.8852 0
    endloop
  endfacet
  facet normal 0 0 -1
    outer loop
      vertex 63.0474 46.9231 4.8
      vertex 66.5474 52.9852 4.8
      vertex 68.4526 51.8852 4.8
    endloop
  endfacet
  facet normal 0 0 -1
    outer loop
      vertex 63.0474 46.9231 4.8
      vertex 68.4526 51.8852 4.8
      vertex 64.9526 45.8231 4.8
    endloop
  endfacet
  facet normal 0.866023 -0.500005 0
    outer loop
      vertex 63.0474 46.9231 0
      vertex 66.5474 52.9852 0
      vertex 66.5474 52.9852 4.8
    endloop
  endfacet
  facet normal 0.866023 -0.500005 0
    outer loop
      vertex 63.0474 46.9231 0
      vertex 66.5474 52.9852 4.8
      vertex 63.0474 46.9231 4.8
    endloop
  endfacet
  facet normal -0.500005 -0.866023 0
    outer loop
      vertex 66.5474 52.9852 0
      vertex 68.4526 51.8852 0
      vertex 68.4526 51.8852 4.8
    endloop
  endfacet
  facet normal -0.500005 -0.866023 0
    outer loop
      vertex 66.5474 52.9852 0
      vertex 68.4526 51.8852 4.8
      vertex 66.5474 52.9852 4.8
    endloop
  endfacet
  facet normal -0.866023 0.500005 0
    outer loop
      vertex 68.4526 51.8852 0
      vertex 64.9526 45.8231 0
      vertex 64.9526 45.8231 4.8
    endloop
  endfacet
  facet normal -0.866023 0.500005 0
    outer loop
      vertex 68.4526 51.8852 0
      vertex 64.9526 45.8231 4.8
      vertex 68.4526 51.8852 4.8
    endloop
  endfacet
  facet normal 0.500005 0.866023 0
    outer loop
      vertex 64.9526 45.8231 0
      vertex 63.0474 46.9231 0
      vertex 63.0474 46.9231 4.8
    endloop
  endfacet
  facet normal 0.500005 0.866023 -0
    outer loop
      vertex 64.9526 45.8231 0
      vertex 63.0474 46.9231 4.8
      vertex 64.9526 45.8231 4.8
    endloop
  endfacet
  facet normal -0 0 1
    outer loop
      vertex 15 23.2244 0
      vertex 22 21.0244 0
      vertex 22 23.2244 0
    endloop
  endfacet
  facet normal 0 0 1
    outer loop
      vertex 15 23.2244 0
      vertex 15 21.0244 0
      vertex 22 21.0244 0
    endloop
  endfacet
  facet normal 0 0 -1
    outer loop
      vertex 15 23.2244 4.8
      vertex 22 23.2244 4.8
      vertex 22 21.0244 4.8
    endloop
  endfacet
  facet normal 0 0 -1
    outer loop
      vertex 15 23.2244 4.8
      vertex 22 21.0244 4.8
      vertex 15 21.0244 4.8
    endloop
  endfacet
  facet normal 0 -1 0
    outer loop
      vertex 15 23.2244 0
      vertex 22 23.2244 0
      vertex 22 23.2244 4.8
    endloop
  endfacet
  facet normal 0 -1 0
    outer loop
      vertex 15 23.2244 0
      vertex 22 23.2244 4.8
      vertex 15 23.2244 4.8
    endloop
  endfacet
  facet normal -1 0 0
    outer loop
      vertex 22 23.2244 0
      vertex 22 21.0244 0
      vertex 22 21.0244 4.8
    endloop
  endfacet
  facet normal -1 0 0
    outer loop
      vertex 22 23.2244 0
      vertex 22 21.0244 4.8
      vertex 22 23.2244 4.8
    endloop
  endfacet
  facet normal 0 1 0
    outer loop
      vertex 22 21.0244 0
      vertex 15 21.0244 0
      vertex 15 21.0244 4.8
    endloop
  endfacet
  facet normal 0 1 -0
    outer loop
      vertex 22 21.0244 0
      vertex 15 21.0244 4.8
      vertex 22 21.0244 4.8
    endloop
  endfacet
  facet normal 1 0 0
    outer loop
      vertex 15 21.0244 0
      vertex 15 23.2244 0
      vertex 15 23.2244 4.8
    endloop
  endfacet
  facet normal 1 0 0
    outer loop
      vertex 15 21.0244 0
      vertex 15 23.2244 4.8
      vertex 15 21.0244 4.8
    endloop
  endfacet
  facet normal 0 0 1
    outer loop
      vertex 64.9526 95.4205 0
      vertex 66.5474 88.2583 0
      vertex 68.4526 89.3583 0
    endloop
  endfacet
  facet normal 0 0 1
    outer loop
      vertex 64.9526 95.4205 0
      vertex 63.0474 94.3205 0
      vertex 66.5474 88.2583 0
    endloop
  endfacet
  facet normal 0 0 -1
    outer loop
      vertex 64.9526 95.4205 4.8
      vertex 68.4526 89.3583 4.8
      vertex 66.5474 88.2583 4.8
    endloop
  endfacet
  facet normal 0 -0 -1
    outer loop
      vertex 64.9526 95.4205 4.8
      vertex 66.5474 88.2583 4.8
      vertex 63.0474 94.3205 4.8
    endloop
  endfacet
  facet normal -0.866026 -0.499999 0
    outer loop
      vertex 64.9526 95.4205 0
      vertex 68.4526 89.3583 0
      vertex 68.4526 89.3583 4.8
    endloop
  endfacet
  facet normal -0.866026 -0.499999 0
    outer loop
      vertex 64.9526 95.4205 0
      vertex 68.4526 89.3583 4.8
      vertex 64.9526 95.4205 4.8
    endloop
  endfacet
  facet normal -0.499999 0.866026 0
    outer loop
      vertex 68.4526 89.3583 0
      vertex 66.5474 88.2583 0
      vertex 66.5474 88.2583 4.8
    endloop
  endfacet
  facet normal -0.499999 0.866026 0
    outer loop
      vertex 68.4526 89.3583 0
      vertex 66.5474 88.2583 4.8
      vertex 68.4526 89.3583 4.8
    endloop
  endfacet
  facet normal 0.866026 0.499999 0
    outer loop
      vertex 66.5474 88.2583 0
      vertex 63.0474 94.3205 0
      vertex 63.0474 94.3205 4.8
    endloop
  endfacet
  facet normal 0.866026 0.499999 -0
    outer loop
      vertex 66.5474 88.2583 0
      vertex 63.0474 94.3205 4.8
      vertex 66.5474 88.2583 4.8
    endloop
  endfacet
  facet normal 0.499999 -0.866026 0
    outer loop
      vertex 63.0474 94.3205 0
      vertex 64.9526 95.4205 0
      vertex 64.9526 95.4205 4.8
    endloop
  endfacet
  facet normal 0.499999 -0.866026 0
    outer loop
      vertex 63.0474 94.3205 0
      vertex 64.9526 95.4205 4.8
      vertex 63.0474 94.3205 4.8
    endloop
  endfacet
  facet normal -0 0 1
    outer loop
      vertex 46.5 17.1622 0
      vertex 53.5 14.9622 0
      vertex 53.5 17.1622 0
    endloop
  endfacet
  facet normal 0 0 1
    outer loop
      vertex 46.5 17.1622 0
      vertex 46.5 14.9622 0
      vertex 53.5 14.9622 0
    endloop
  endfacet
  facet normal 0 0 -1
    outer loop
      vertex 46.5 17.1622 4.8
      vertex 53.5 17.1622 4.8
      vertex 53.5 14.9622 4.8
    endloop
  endfacet
  facet normal 0 0 -1
    outer loop
      vertex 46.5 17.1622 4.8
      vertex 53.5 14.9622 4.8
      vertex 46.5 14.9622 4.8
    endloop
  endfacet
  facet normal 0 -1 0
    outer loop
      vertex 46.5 17.1622 0
      vertex 53.5 17.1622 0
      vertex 53.5 17.1622 4.8
    endloop
  endfacet
  facet normal 0 -1 0
    outer loop
      vertex 46.5 17.1622 0
      vertex 53.5 17.1622 4.8
      vertex 46.5 17.1622 4.8
    endloop
  endfacet
  facet normal -1 0 0
    outer loop
      vertex 53.5 17.1622 0
      vertex 53.5 14.9622 0
      vertex 53.5 14.9622 4.8
    endloop
  endfacet
  facet normal -1 0 0
    outer loop
      vertex 53.5 17.1622 0
      vertex 53.5 14.9622 4.8
      vertex 53.5 17.1622 4.8
    endloop
  endfacet
  facet normal 0 1 0
    outer loop
      vertex 53.5 14.9622 0
      vertex 46.5 14.9622 0
      vertex 46.5 14.9622 4.8
    endloop
  endfacet
  facet normal 0 1 -0
    outer loop
      vertex 53.5 14.9622 0
      vertex 46.5 14.9622 4.8
      vertex 53.5 14.9622 4.8
    endloop
  endfacet
  facet normal 1 0 0
    outer loop
      vertex 46.5 14.9622 0
      vertex 46.5 17.1622 0
      vertex 46.5 17.1622 4.8
    endloop
  endfacet
  facet normal 1 0 0
    outer loop
      vertex 46.5 14.9622 0
      vertex 46.5 17.1622 4.8
      vertex 46.5 14.9622 4.8
    endloop
  endfacet
  facet normal 0 0 1
    outer loop
      vertex 84.0474 59.0474 0
      vertex 89.4526 64.0096 0
      vertex 87.5474 65.1096 0
    endloop
  endfacet
  facet normal -0 0 1
    outer loop
      vertex 84.0474 59.0474 0
      vertex 85.9526 57.9474 0
      vertex 89.4526 64.0096 0
    endloop
  endfacet
  facet normal 0 0 -1
    outer loop
      vertex 84.0474 59.0474 4.8
      vertex 87.5474 65.1096 4.8
      vertex 89.4526 64.0096 4.8
    endloop
  endfacet
  facet normal 0 0 -1
    outer loop
      vertex 84.0474 59.0474 4.8
      vertex 89.4526 64.0096 4.8
      vertex 85.9526 57.9474 4.8
    endloop
  endfacet
  facet normal 0.866026 -0.499999 0
    outer loop
      vertex 84.0474 59.0474 0
      vertex 87.5474 65.1096 0
      vertex 87.5474 65.1096 4.8
    endloop
  endfacet
  facet normal 0.866026 -0.499999 0
    outer loop
      vertex 84.0474 59.0474 0
      vertex 87.5474 65.1096 4.8
      vertex 84.0474 59.0474 4.8
    endloop
  endfacet
  facet normal -0.499999 -0.866026 0
    outer loop
      vertex 87.5474 65.1096 0
      vertex 89.4526 64.0096 0
      vertex 89.4526 64.0096 4.8
    endloop
  endfacet
  facet normal -0.499999 -0.866026 0
    outer loop
      vertex 87.5474 65.1096 0
      vertex 89.4526 64.0096 4.8
      vertex 87.5474 65.1096 4.8
    endloop
  endfacet
  facet normal -0.866026 0.499999 0
    outer loop
      vertex 89.4526 64.0096 0
      vertex 85.9526 57.9474 0
      vertex 85.9526 57.9474 4.8
    endloop
  endfacet
  facet normal -0.866026 0.499999 0
    outer loop
      vertex 89.4526 64.0096 0
      vertex 85.9526 57.9474 4.8
      vertex 89.4526 64.0096 4.8
    endloop
  endfacet
  facet normal 0.499999 0.866026 0
    outer loop
      vertex 85.9526 57.9474 0
      vertex 84.0474 59.0474 0
      vertex 84.0474 59.0474 4.8
    endloop
  endfacet
  facet normal 0.499999 0.866026 -0
    outer loop
      vertex 85.9526 57.9474 0
      vertex 84.0474 59.0474 4.8
      vertex 85.9526 57.9474 4.8
    endloop
  endfacet
  facet normal 0 0 1
    outer loop
      vertex 169.953 71.1718 0
      vertex 171.547 64.0096 0
      vertex 173.453 65.1096 0
    endloop
  endfacet
  facet normal 0 0 1
    outer loop
      vertex 169.953 71.1718 0
      vertex 168.047 70.0718 0
      vertex 171.547 64.0096 0
    endloop
  endfacet
  facet normal 0 0 -1
    outer loop
      vertex 169.953 71.1718 4.8
      vertex 173.453 65.1096 4.8
      vertex 171.547 64.0096 4.8
    endloop
  endfacet
  facet normal 0 -0 -1
    outer loop
      vertex 169.953 71.1718 4.8
      vertex 171.547 64.0096 4.8
      vertex 168.047 70.0718 4.8
    endloop
  endfacet
  facet normal -0.866026 -0.499999 0
    outer loop
      vertex 169.953 71.1718 0
      vertex 173.453 65.1096 0
      vertex 173.453 65.1096 4.8
    endloop
  endfacet
  facet normal -0.866026 -0.499999 0
    outer loop
      vertex 169.953 71.1718 0
      vertex 173.453 65.1096 4.8
      vertex 169.953 71.1718 4.8
    endloop
  endfacet
  facet normal -0.499999 0.866026 0
    outer loop
      vertex 173.453 65.1096 0
      vertex 171.547 64.0096 0
      vertex 171.547 64.0096 4.8
    endloop
  endfacet
  facet normal -0.499999 0.866026 0
    outer loop
      vertex 173.453 65.1096 0
      vertex 171.547 64.0096 4.8
      vertex 173.453 65.1096 4.8
    endloop
  endfacet
  facet normal 0.866026 0.499999 0
    outer loop
      vertex 171.547 64.0096 0
      vertex 168.047 70.0718 0
      vertex 168.047 70.0718 4.8
    endloop
  endfacet
  facet normal 0.866026 0.499999 -0
    outer loop
      vertex 171.547 64.0096 0
      vertex 168.047 70.0718 4.8
      vertex 171.547 64.0096 4.8
    endloop
  endfacet
  facet normal 0.499999 -0.866026 0
    outer loop
      vertex 168.047 70.0718 0
      vertex 169.953 71.1718 0
      vertex 169.953 71.1718 4.8
    endloop
  endfacet
  facet normal 0.499999 -0.866026 0
    outer loop
      vertex 168.047 70.0718 0
      vertex 169.953 71.1718 4.8
      vertex 168.047 70.0718 4.8
    endloop
  endfacet
  facet normal 0 0 1
    outer loop
      vertex 33.4526 16.6122 0
      vertex 35.0474 9.45 0
      vertex 36.9526 10.55 0
    endloop
  endfacet
  facet normal 0 0 1
    outer loop
      vertex 33.4526 16.6122 0
      vertex 31.5474 15.5122 0
      vertex 35.0474 9.45 0
    endloop
  endfacet
  facet normal 0 0 -1
    outer loop
      vertex 33.4526 16.6122 4.8
      vertex 36.9526 10.55 4.8
      vertex 35.0474 9.45 4.8
    endloop
  endfacet
  facet normal 0 -0 -1
    outer loop
      vertex 33.4526 16.6122 4.8
      vertex 35.0474 9.45 4.8
      vertex 31.5474 15.5122 4.8
    endloop
  endfacet
  facet normal -0.866026 -0.499999 0
    outer loop
      vertex 33.4526 16.6122 0
      vertex 36.9526 10.55 0
      vertex 36.9526 10.55 4.8
    endloop
  endfacet
  facet normal -0.866026 -0.499999 0
    outer loop
      vertex 33.4526 16.6122 0
      vertex 36.9526 10.55 4.8
      vertex 33.4526 16.6122 4.8
    endloop
  endfacet
  facet normal -0.499999 0.866026 0
    outer loop
      vertex 36.9526 10.55 0
      vertex 35.0474 9.45 0
      vertex 35.0474 9.45 4.8
    endloop
  endfacet
  facet normal -0.499999 0.866026 0
    outer loop
      vertex 36.9526 10.55 0
      vertex 35.0474 9.45 4.8
      vertex 36.9526 10.55 4.8
    endloop
  endfacet
  facet normal 0.866026 0.499999 0
    outer loop
      vertex 35.0474 9.45 0
      vertex 31.5474 15.5122 0
      vertex 31.5474 15.5122 4.8
    endloop
  endfacet
  facet normal 0.866026 0.499999 -0
    outer loop
      vertex 35.0474 9.45 0
      vertex 31.5474 15.5122 4.8
      vertex 35.0474 9.45 4.8
    endloop
  endfacet
  facet normal 0.499999 -0.866026 0
    outer loop
      vertex 31.5474 15.5122 0
      vertex 33.4526 16.6122 0
      vertex 33.4526 16.6122 4.8
    endloop
  endfacet
  facet normal 0.499999 -0.866026 0
    outer loop
      vertex 31.5474 15.5122 0
      vertex 33.4526 16.6122 4.8
      vertex 31.5474 15.5122 4.8
    endloop
  endfacet
  facet normal 0 0 1
    outer loop
      vertex 33.4526 52.9852 0
      vertex 35.0474 45.8231 0
      vertex 36.9526 46.9231 0
    endloop
  endfacet
  facet normal 0 0 1
    outer loop
      vertex 33.4526 52.9852 0
      vertex 31.5474 51.8852 0
      vertex 35.0474 45.8231 0
    endloop
  endfacet
  facet normal 0 0 -1
    outer loop
      vertex 33.4526 52.9852 4.8
      vertex 36.9526 46.9231 4.8
      vertex 35.0474 45.8231 4.8
    endloop
  endfacet
  facet normal 0 -0 -1
    outer loop
      vertex 33.4526 52.9852 4.8
      vertex 35.0474 45.8231 4.8
      vertex 31.5474 51.8852 4.8
    endloop
  endfacet
  facet normal -0.866023 -0.500005 0
    outer loop
      vertex 33.4526 52.9852 0
      vertex 36.9526 46.9231 0
      vertex 36.9526 46.9231 4.8
    endloop
  endfacet
  facet normal -0.866023 -0.500005 0
    outer loop
      vertex 33.4526 52.9852 0
      vertex 36.9526 46.9231 4.8
      vertex 33.4526 52.9852 4.8
    endloop
  endfacet
  facet normal -0.500005 0.866023 0
    outer loop
      vertex 36.9526 46.9231 0
      vertex 35.0474 45.8231 0
      vertex 35.0474 45.8231 4.8
    endloop
  endfacet
  facet normal -0.500005 0.866023 0
    outer loop
      vertex 36.9526 46.9231 0
      vertex 35.0474 45.8231 4.8
      vertex 36.9526 46.9231 4.8
    endloop
  endfacet
  facet normal 0.866023 0.500005 0
    outer loop
      vertex 35.0474 45.8231 0
      vertex 31.5474 51.8852 0
      vertex 31.5474 51.8852 4.8
    endloop
  endfacet
  facet normal 0.866023 0.500005 -0
    outer loop
      vertex 35.0474 45.8231 0
      vertex 31.5474 51.8852 4.8
      vertex 35.0474 45.8231 4.8
    endloop
  endfacet
  facet normal 0.500005 -0.866023 0
    outer loop
      vertex 31.5474 51.8852 0
      vertex 33.4526 52.9852 0
      vertex 33.4526 52.9852 4.8
    endloop
  endfacet
  facet normal 0.500005 -0.866023 0
    outer loop
      vertex 31.5474 51.8852 0
      vertex 33.4526 52.9852 4.8
      vertex 31.5474 51.8852 4.8
    endloop
  endfacet
  facet normal 0 0 1
    outer loop
      vertex 136.547 65.1096 0
      vertex 141.953 70.0718 0
      vertex 140.047 71.1718 0
    endloop
  endfacet
  facet normal -0 0 1
    outer loop
      vertex 136.547 65.1096 0
      vertex 138.453 64.0096 0
      vertex 141.953 70.0718 0
    endloop
  endfacet
  facet normal 0 0 -1
    outer loop
      vertex 136.547 65.1096 4.8
      vertex 140.047 71.1718 4.8
      vertex 141.953 70.0718 4.8
    endloop
  endfacet
  facet normal 0 0 -1
    outer loop
      vertex 136.547 65.1096 4.8
      vertex 141.953 70.0718 4.8
      vertex 138.453 64.0096 4.8
    endloop
  endfacet
  facet normal 0.866026 -0.499999 0
    outer loop
      vertex 136.547 65.1096 0
      vertex 140.047 71.1718 0
      vertex 140.047 71.1718 4.8
    endloop
  endfacet
  facet normal 0.866026 -0.499999 0
    outer loop
      vertex 136.547 65.1096 0
      vertex 140.047 71.1718 4.8
      vertex 136.547 65.1096 4.8
    endloop
  endfacet
  facet normal -0.499999 -0.866026 0
    outer loop
      vertex 140.047 71.1718 0
      vertex 141.953 70.0718 0
      vertex 141.953 70.0718 4.8
    endloop
  endfacet
  facet normal -0.499999 -0.866026 0
    outer loop
      vertex 140.047 71.1718 0
      vertex 141.953 70.0718 4.8
      vertex 140.047 71.1718 4.8
    endloop
  endfacet
  facet normal -0.866026 0.499999 0
    outer loop
      vertex 141.953 70.0718 0
      vertex 138.453 64.0096 0
      vertex 138.453 64.0096 4.8
    endloop
  endfacet
  facet normal -0.866026 0.499999 0
    outer loop
      vertex 141.953 70.0718 0
      vertex 138.453 64.0096 4.8
      vertex 141.953 70.0718 4.8
    endloop
  endfacet
  facet normal 0.499999 0.866026 0
    outer loop
      vertex 138.453 64.0096 0
      vertex 136.547 65.1096 0
      vertex 136.547 65.1096 4.8
    endloop
  endfacet
  facet normal 0.499999 0.866026 -0
    outer loop
      vertex 138.453 64.0096 0
      vertex 136.547 65.1096 4.8
      vertex 138.453 64.0096 4.8
    endloop
  endfacet
  facet normal -0 0 1
    outer loop
      vertex 78 23.2244 0
      vertex 85 21.0244 0
      vertex 85 23.2244 0
    endloop
  endfacet
  facet normal 0 0 1
    outer loop
      vertex 78 23.2244 0
      vertex 78 21.0244 0
      vertex 85 21.0244 0
    endloop
  endfacet
  facet normal 0 0 -1
    outer loop
      vertex 78 23.2244 4.8
      vertex 85 23.2244 4.8
      vertex 85 21.0244 4.8
    endloop
  endfacet
  facet normal 0 0 -1
    outer loop
      vertex 78 23.2244 4.8
      vertex 85 21.0244 4.8
      vertex 78 21.0244 4.8
    endloop
  endfacet
  facet normal 0 -1 0
    outer loop
      vertex 78 23.2244 0
      vertex 85 23.2244 0
      vertex 85 23.2244 4.8
    endloop
  endfacet
  facet normal 0 -1 0
    outer loop
      vertex 78 23.2244 0
      vertex 85 23.2244 4.8
      vertex 78 23.2244 4.8
    endloop
  endfacet
  facet normal -1 0 0
    outer loop
      vertex 85 23.2244 0
      vertex 85 21.0244 0
      vertex 85 21.0244 4.8
    endloop
  endfacet
  facet normal -1 0 0
    outer loop
      vertex 85 23.2244 0
      vertex 85 21.0244 4.8
      vertex 85 23.2244 4.8
    endloop
  endfacet
  facet normal 0 1 0
    outer loop
      vertex 85 21.0244 0
      vertex 78 21.0244 0
      vertex 78 21.0244 4.8
    endloop
  endfacet
  facet normal 0 1 -0
    outer loop
      vertex 85 21.0244 0
      vertex 78 21.0244 4.8
      vertex 85 21.0244 4.8
    endloop
  endfacet
  facet normal 1 0 0
    outer loop
      vertex 78 21.0244 0
      vertex 78 23.2244 0
      vertex 78 23.2244 4.8
    endloop
  endfacet
  facet normal 1 0 0
    outer loop
      vertex 78 21.0244 0
      vertex 78 23.2244 4.8
      vertex 78 21.0244 4.8
    endloop
  endfacet
  facet normal -0 0 1
    outer loop
      vertex 78 95.9705 0
      vertex 85 93.7705 0
      vertex 85 95.9705 0
    endloop
  endfacet
  facet normal 0 0 1
    outer loop
      vertex 78 95.9705 0
      vertex 78 93.7705 0
      vertex 85 93.7705 0
    endloop
  endfacet
  facet normal 0 0 -1
    outer loop
      vertex 78 95.9705 4.8
      vertex 85 95.9705 4.8
      vertex 85 93.7705 4.8
    endloop
  endfacet
  facet normal 0 0 -1
    outer loop
      vertex 78 95.9705 4.8
      vertex 85 93.7705 4.8
      vertex 78 93.7705 4.8
    endloop
  endfacet
  facet normal 0 -1 0
    outer loop
      vertex 78 95.9705 0
      vertex 85 95.9705 0
      vertex 85 95.9705 4.8
    endloop
  endfacet
  facet normal 0 -1 0
    outer loop
      vertex 78 95.9705 0
      vertex 85 95.9705 4.8
      vertex 78 95.9705 4.8
    endloop
  endfacet
  facet normal -1 0 0
    outer loop
      vertex 85 95.9705 0
      vertex 85 93.7705 0
      vertex 85 93.7705 4.8
    endloop
  endfacet
  facet normal -1 0 0
    outer loop
      vertex 85 95.9705 0
      vertex 85 93.7705 4.8
      vertex 85 95.9705 4.8
    endloop
  endfacet
  facet normal 0 1 0
    outer loop
      vertex 85 93.7705 0
      vertex 78 93.7705 0
      vertex 78 93.7705 4.8
    endloop
  endfacet
  facet normal 0 1 -0
    outer loop
      vertex 85 93.7705 0
      vertex 78 93.7705 4.8
      vertex 85 93.7705 4.8
    endloop
  endfacet
  facet normal 1 0 0
    outer loop
      vertex 78 93.7705 0
      vertex 78 95.9705 0
      vertex 78 95.9705 4.8
    endloop
  endfacet
  facet normal 1 0 0
    outer loop
      vertex 78 93.7705 0
      vertex 78 95.9705 4.8
      vertex 78 93.7705 4.8
    endloop
  endfacet
  facet normal 0 0 1
    outer loop
      vertex 52.5474 77.234 0
      vertex 57.9526 82.1961 0
      vertex 56.0474 83.2961 0
    endloop
  endfacet
  facet normal -0 0 1
    outer loop
      vertex 52.5474 77.234 0
      vertex 54.4526 76.134 0
      vertex 57.9526 82.1961 0
    endloop
  endfacet
  facet normal 0 0 -1
    outer loop
      vertex 52.5474 77.234 4.8
      vertex 56.0474 83.2961 4.8
      vertex 57.9526 82.1961 4.8
    endloop
  endfacet
  facet normal 0 0 -1
    outer loop
      vertex 52.5474 77.234 4.8
      vertex 57.9526 82.1961 4.8
      vertex 54.4526 76.134 4.8
    endloop
  endfacet
  facet normal 0.866023 -0.500005 0
    outer loop
      vertex 52.5474 77.234 0
      vertex 56.0474 83.2961 0
      vertex 56.0474 83.2961 4.8
    endloop
  endfacet
  facet normal 0.866023 -0.500005 0
    outer loop
      vertex 52.5474 77.234 0
      vertex 56.0474 83.2961 4.8
      vertex 52.5474 77.234 4.8
    endloop
  endfacet
  facet normal -0.500005 -0.866023 0
    outer loop
      vertex 56.0474 83.2961 0
      vertex 57.9526 82.1961 0
      vertex 57.9526 82.1961 4.8
    endloop
  endfacet
  facet normal -0.500005 -0.866023 0
    outer loop
      vertex 56.0474 83.2961 0
      vertex 57.9526 82.1961 4.8
      vertex 56.0474 83.2961 4.8
    endloop
  endfacet
  facet normal -0.866023 0.500005 0
    outer loop
      vertex 57.9526 82.1961 0
      vertex 54.4526 76.134 0
      vertex 54.4526 76.134 4.8
    endloop
  endfacet
  facet normal -0.866023 0.500005 0
    outer loop
      vertex 57.9526 82.1961 0
      vertex 54.4526 76.134 4.8
      vertex 57.9526 82.1961 4.8
    endloop
  endfacet
  facet normal 0.500005 0.866023 0
    outer loop
      vertex 54.4526 76.134 0
      vertex 52.5474 77.234 0
      vertex 52.5474 77.234 4.8
    endloop
  endfacet
  facet normal 0.500005 0.866023 -0
    outer loop
      vertex 54.4526 76.134 0
      vertex 52.5474 77.234 4.8
      vertex 54.4526 76.134 4.8
    endloop
  endfacet
  facet normal 0 0 1
    outer loop
      vertex 106.953 95.4205 0
      vertex 108.547 88.2583 0
      vertex 110.453 89.3583 0
    endloop
  endfacet
  facet normal 0 0 1
    outer loop
      vertex 106.953 95.4205 0
      vertex 105.047 94.3205 0
      vertex 108.547 88.2583 0
    endloop
  endfacet
  facet normal 0 0 -1
    outer loop
      vertex 106.953 95.4205 4.8
      vertex 110.453 89.3583 4.8
      vertex 108.547 88.2583 4.8
    endloop
  endfacet
  facet normal 0 -0 -1
    outer loop
      vertex 106.953 95.4205 4.8
      vertex 108.547 88.2583 4.8
      vertex 105.047 94.3205 4.8
    endloop
  endfacet
  facet normal -0.866026 -0.499999 0
    outer loop
      vertex 106.953 95.4205 0
      vertex 110.453 89.3583 0
      vertex 110.453 89.3583 4.8
    endloop
  endfacet
  facet normal -0.866026 -0.499999 0
    outer loop
      vertex 106.953 95.4205 0
      vertex 110.453 89.3583 4.8
      vertex 106.953 95.4205 4.8
    endloop
  endfacet
  facet normal -0.499999 0.866026 0
    outer loop
      vertex 110.453 89.3583 0
      vertex 108.547 88.2583 0
      vertex 108.547 88.2583 4.8
    endloop
  endfacet
  facet normal -0.499999 0.866026 0
    outer loop
      vertex 110.453 89.3583 0
      vertex 108.547 88.2583 4.8
      vertex 110.453 89.3583 4.8
    endloop
  endfacet
  facet normal 0.866026 0.499999 0
    outer loop
      vertex 108.547 88.2583 0
      vertex 105.047 94.3205 0
      vertex 105.047 94.3205 4.8
    endloop
  endfacet
  facet normal 0.866026 0.499999 -0
    outer loop
      vertex 108.547 88.2583 0
      vertex 105.047 94.3205 4.8
      vertex 108.547 88.2583 4.8
    endloop
  endfacet
  facet normal 0.499999 -0.866026 0
    outer loop
      vertex 105.047 94.3205 0
      vertex 106.953 95.4205 0
      vertex 106.953 95.4205 4.8
    endloop
  endfacet
  facet normal 0.499999 -0.866026 0
    outer loop
      vertex 105.047 94.3205 0
      vertex 106.953 95.4205 4.8
      vertex 105.047 94.3205 4.8
    endloop
  endfacet
  facet normal -0 0 1
    outer loop
      vertex 78 11.1 0
      vertex 85 8.9 0
      vertex 85 11.1 0
    endloop
  endfacet
  facet normal 0 0 1
    outer loop
      vertex 78 11.1 0
      vertex 78 8.9 0
      vertex 85 8.9 0
    endloop
  endfacet
  facet normal 0 0 -1
    outer loop
      vertex 78 11.1 4.8
      vertex 85 11.1 4.8
      vertex 85 8.9 4.8
    endloop
  endfacet
  facet normal 0 0 -1
    outer loop
      vertex 78 11.1 4.8
      vertex 85 8.9 4.8
      vertex 78 8.9 4.8
    endloop
  endfacet
  facet normal 0 -1 0
    outer loop
      vertex 78 11.1 0
      vertex 85 11.1 0
      vertex 85 11.1 4.8
    endloop
  endfacet
  facet normal 0 -1 0
    outer loop
      vertex 78 11.1 0
      vertex 85 11.1 4.8
      vertex 78 11.1 4.8
    endloop
  endfacet
  facet normal -1 0 0
    outer loop
      vertex 85 11.1 0
      vertex 85 8.9 0
      vertex 85 8.9 4.8
    endloop
  endfacet
  facet normal -1 0 0
    outer loop
      vertex 85 11.1 0
      vertex 85 8.9 4.8
      vertex 85 11.1 4.8
    endloop
  endfacet
  facet normal 0 1 0
    outer loop
      vertex 85 8.9 0
      vertex 78 8.9 0
      vertex 78 8.9 4.8
    endloop
  endfacet
  facet normal 0 1 -0
    outer loop
      vertex 85 8.9 0
      vertex 78 8.9 4.8
      vertex 85 8.9 4.8
    endloop
  endfacet
  facet normal 1 0 0
    outer loop
      vertex 78 8.9 0
      vertex 78 11.1 0
      vertex 78 11.1 4.8
    endloop
  endfacet
  facet normal 1 0 0
    outer loop
      vertex 78 8.9 0
      vertex 78 11.1 4.8
      vertex 78 8.9 4.8
    endloop
  endfacet
  facet normal -0 0 1
    outer loop
      vertex 57 95.9705 0
      vertex 64 93.7705 0
      vertex 64 95.9705 0
    endloop
  endfacet
  facet normal 0 0 1
    outer loop
      vertex 57 95.9705 0
      vertex 57 93.7705 0
      vertex 64 93.7705 0
    endloop
  endfacet
  facet normal 0 0 -1
    outer loop
      vertex 57 95.9705 4.8
      vertex 64 95.9705 4.8
      vertex 64 93.7705 4.8
    endloop
  endfacet
  facet normal 0 0 -1
    outer loop
      vertex 57 95.9705 4.8
      vertex 64 93.7705 4.8
      vertex 57 93.7705 4.8
    endloop
  endfacet
  facet normal 0 -1 0
    outer loop
      vertex 57 95.9705 0
      vertex 64 95.9705 0
      vertex 64 95.9705 4.8
    endloop
  endfacet
  facet normal 0 -1 0
    outer loop
      vertex 57 95.9705 0
      vertex 64 95.9705 4.8
      vertex 57 95.9705 4.8
    endloop
  endfacet
  facet normal -1 0 0
    outer loop
      vertex 64 95.9705 0
      vertex 64 93.7705 0
      vertex 64 93.7705 4.8
    endloop
  endfacet
  facet normal -1 0 0
    outer loop
      vertex 64 95.9705 0
      vertex 64 93.7705 4.8
      vertex 64 95.9705 4.8
    endloop
  endfacet
  facet normal 0 1 0
    outer loop
      vertex 64 93.7705 0
      vertex 57 93.7705 0
      vertex 57 93.7705 4.8
    endloop
  endfacet
  facet normal 0 1 -0
    outer loop
      vertex 64 93.7705 0
      vertex 57 93.7705 4.8
      vertex 64 93.7705 4.8
    endloop
  endfacet
  facet normal 1 0 0
    outer loop
      vertex 57 93.7705 0
      vertex 57 95.9705 0
      vertex 57 95.9705 4.8
    endloop
  endfacet
  facet normal 1 0 0
    outer loop
      vertex 57 93.7705 0
      vertex 57 95.9705 4.8
      vertex 57 93.7705 4.8
    endloop
  endfacet
  facet normal -0 0 1
    outer loop
      vertex 130.5 29.2865 0
      vertex 137.5 27.0865 0
      vertex 137.5 29.2865 0
    endloop
  endfacet
  facet normal 0 0 1
    outer loop
      vertex 130.5 29.2865 0
      vertex 130.5 27.0865 0
      vertex 137.5 27.0865 0
    endloop
  endfacet
  facet normal 0 0 -1
    outer loop
      vertex 130.5 29.2865 4.8
      vertex 137.5 29.2865 4.8
      vertex 137.5 27.0865 4.8
    endloop
  endfacet
  facet normal 0 0 -1
    outer loop
      vertex 130.5 29.2865 4.8
      vertex 137.5 27.0865 4.8
      vertex 130.5 27.0865 4.8
    endloop
  endfacet
  facet normal 0 -1 0
    outer loop
      vertex 130.5 29.2865 0
      vertex 137.5 29.2865 0
      vertex 137.5 29.2865 4.8
    endloop
  endfacet
  facet normal 0 -1 0
    outer loop
      vertex 130.5 29.2865 0
      vertex 137.5 29.2865 4.8
      vertex 130.5 29.2865 4.8
    endloop
  endfacet
  facet normal -1 0 0
    outer loop
      vertex 137.5 29.2865 0
      vertex 137.5 27.0865 0
      vertex 137.5 27.0865 4.8
    endloop
  endfacet
  facet normal -1 0 0
    outer loop
      vertex 137.5 29.2865 0
      vertex 137.5 27.0865 4.8
      vertex 137.5 29.2865 4.8
    endloop
  endfacet
  facet normal 0 1 0
    outer loop
      vertex 137.5 27.0865 0
      vertex 130.5 27.0865 0
      vertex 130.5 27.0865 4.8
    endloop
  endfacet
  facet normal 0 1 -0
    outer loop
      vertex 137.5 27.0865 0
      vertex 130.5 27.0865 4.8
      vertex 137.5 27.0865 4.8
    endloop
  endfacet
  facet normal 1 0 0
    outer loop
      vertex 130.5 27.0865 0
      vertex 130.5 29.2865 0
      vertex 130.5 29.2865 4.8
    endloop
  endfacet
  facet normal 1 0 0
    outer loop
      vertex 130.5 27.0865 0
      vertex 130.5 29.2865 4.8
      vertex 130.5 27.0865 4.8
    endloop
  endfacet
  facet normal 0 0 1
    outer loop
      vertex 126.047 59.0474 0
      vertex 131.453 64.0096 0
      vertex 129.547 65.1096 0
    endloop
  endfacet
  facet normal -0 0 1
    outer loop
      vertex 126.047 59.0474 0
      vertex 127.953 57.9474 0
      vertex 131.453 64.0096 0
    endloop
  endfacet
  facet normal 0 0 -1
    outer loop
      vertex 126.047 59.0474 4.8
      vertex 129.547 65.1096 4.8
      vertex 131.453 64.0096 4.8
    endloop
  endfacet
  facet normal 0 0 -1
    outer loop
      vertex 126.047 59.0474 4.8
      vertex 131.453 64.0096 4.8
      vertex 127.953 57.9474 4.8
    endloop
  endfacet
  facet normal 0.866026 -0.499999 0
    outer loop
      vertex 126.047 59.0474 0
      vertex 129.547 65.1096 0
      vertex 129.547 65.1096 4.8
    endloop
  endfacet
  facet normal 0.866026 -0.499999 0
    outer loop
      vertex 126.047 59.0474 0
      vertex 129.547 65.1096 4.8
      vertex 126.047 59.0474 4.8
    endloop
  endfacet
  facet normal -0.499999 -0.866026 0
    outer loop
      vertex 129.547 65.1096 0
      vertex 131.453 64.0096 0
      vertex 131.453 64.0096 4.8
    endloop
  endfacet
  facet normal -0.499999 -0.866026 0
    outer loop
      vertex 129.547 65.1096 0
      vertex 131.453 64.0096 4.8
      vertex 129.547 65.1096 4.8
    endloop
  endfacet
  facet normal -0.866026 0.499999 0
    outer loop
      vertex 131.453 64.0096 0
      vertex 127.953 57.9474 0
      vertex 127.953 57.9474 4.8
    endloop
  endfacet
  facet normal -0.866026 0.499999 0
    outer loop
      vertex 131.453 64.0096 0
      vertex 127.953 57.9474 4.8
      vertex 131.453 64.0096 4.8
    endloop
  endfacet
  facet normal 0.499999 0.866026 0
    outer loop
      vertex 127.953 57.9474 0
      vertex 126.047 59.0474 0
      vertex 126.047 59.0474 4.8
    endloop
  endfacet
  facet normal 0.499999 0.866026 -0
    outer loop
      vertex 127.953 57.9474 0
      vertex 126.047 59.0474 4.8
      vertex 127.953 57.9474 4.8
    endloop
  endfacet
  facet normal 0 0 1
    outer loop
      vertex 168.047 22.6744 0
      vertex 173.453 27.6365 0
      vertex 171.547 28.7365 0
    endloop
  endfacet
  facet normal -0 0 1
    outer loop
      vertex 168.047 22.6744 0
      vertex 169.953 21.5744 0
      vertex 173.453 27.6365 0
    endloop
  endfacet
  facet normal 0 0 -1
    outer loop
      vertex 168.047 22.6744 4.8
      vertex 171.547 28.7365 4.8
      vertex 173.453 27.6365 4.8
    endloop
  endfacet
  facet normal 0 0 -1
    outer loop
      vertex 168.047 22.6744 4.8
      vertex 173.453 27.6365 4.8
      vertex 169.953 21.5744 4.8
    endloop
  endfacet
  facet normal 0.866023 -0.500005 0
    outer loop
      vertex 168.047 22.6744 0
      vertex 171.547 28.7365 0
      vertex 171.547 28.7365 4.8
    endloop
  endfacet
  facet normal 0.866023 -0.500005 0
    outer loop
      vertex 168.047 22.6744 0
      vertex 171.547 28.7365 4.8
      vertex 168.047 22.6744 4.8
    endloop
  endfacet
  facet normal -0.500005 -0.866023 0
    outer loop
      vertex 171.547 28.7365 0
      vertex 173.453 27.6365 0
      vertex 173.453 27.6365 4.8
    endloop
  endfacet
  facet normal -0.500005 -0.866023 0
    outer loop
      vertex 171.547 28.7365 0
      vertex 173.453 27.6365 4.8
      vertex 171.547 28.7365 4.8
    endloop
  endfacet
  facet normal -0.866023 0.500005 0
    outer loop
      vertex 173.453 27.6365 0
      vertex 169.953 21.5744 0
      vertex 169.953 21.5744 4.8
    endloop
  endfacet
  facet normal -0.866023 0.500005 0
    outer loop
      vertex 173.453 27.6365 0
      vertex 169.953 21.5744 4.8
      vertex 173.453 27.6365 4.8
    endloop
  endfacet
  facet normal 0.500005 0.866023 0
    outer loop
      vertex 169.953 21.5744 0
      vertex 168.047 22.6744 0
      vertex 168.047 22.6744 4.8
    endloop
  endfacet
  facet normal 0.500005 0.866023 -0
    outer loop
      vertex 169.953 21.5744 0
      vertex 168.047 22.6744 4.8
      vertex 169.953 21.5744 4.8
    endloop
  endfacet
  facet normal -0 0 1
    outer loop
      vertex 67.5 77.784 0
      vertex 74.5 75.584 0
      vertex 74.5 77.784 0
    endloop
  endfacet
  facet normal 0 0 1
    outer loop
      vertex 67.5 77.784 0
      vertex 67.5 75.584 0
      vertex 74.5 75.584 0
    endloop
  endfacet
  facet normal 0 0 -1
    outer loop
      vertex 67.5 77.784 4.8
      vertex 74.5 77.784 4.8
      vertex 74.5 75.584 4.8
    endloop
  endfacet
  facet normal 0 0 -1
    outer loop
      vertex 67.5 77.784 4.8
      vertex 74.5 75.584 4.8
      vertex 67.5 75.584 4.8
    endloop
  endfacet
  facet normal 0 -1 0
    outer loop
      vertex 67.5 77.784 0
      vertex 74.5 77.784 0
      vertex 74.5 77.784 4.8
    endloop
  endfacet
  facet normal 0 -1 0
    outer loop
      vertex 67.5 77.784 0
      vertex 74.5 77.784 4.8
      vertex 67.5 77.784 4.8
    endloop
  endfacet
  facet normal -1 0 0
    outer loop
      vertex 74.5 77.784 0
      vertex 74.5 75.584 0
      vertex 74.5 75.584 4.8
    endloop
  endfacet
  facet normal -1 0 0
    outer loop
      vertex 74.5 77.784 0
      vertex 74.5 75.584 4.8
      vertex 74.5 77.784 4.8
    endloop
  endfacet
  facet normal 0 1 0
    outer loop
      vertex 74.5 75.584 0
      vertex 67.5 75.584 0
      vertex 67.5 75.584 4.8
    endloop
  endfacet
  facet normal 0 1 -0
    outer loop
      vertex 74.5 75.584 0
      vertex 67.5 75.584 4.8
      vertex 74.5 75.584 4.8
    endloop
  endfacet
  facet normal 1 0 0
    outer loop
      vertex 67.5 75.584 0
      vertex 67.5 77.784 0
      vertex 67.5 77.784 4.8
    endloop
  endfacet
  facet normal 1 0 0
    outer loop
      vertex 67.5 75.584 0
      vertex 67.5 77.784 4.8
      vertex 67.5 75.584 4.8
    endloop
  endfacet
  facet normal 0 0 1
    outer loop
      vertex 75.4526 89.3583 0
      vertex 77.0474 82.1961 0
      vertex 78.9526 83.2961 0
    endloop
  endfacet
  facet normal 0 0 1
    outer loop
      vertex 75.4526 89.3583 0
      vertex 73.5474 88.2583 0
      vertex 77.0474 82.1961 0
    endloop
  endfacet
  facet normal 0 0 -1
    outer loop
      vertex 75.4526 89.3583 4.8
      vertex 78.9526 83.2961 4.8
      vertex 77.0474 82.1961 4.8
    endloop
  endfacet
  facet normal 0 -0 -1
    outer loop
      vertex 75.4526 89.3583 4.8
      vertex 77.0474 82.1961 4.8
      vertex 73.5474 88.2583 4.8
    endloop
  endfacet
  facet normal -0.866026 -0.499999 0
    outer loop
      vertex 75.4526 89.3583 0
      vertex 78.9526 83.2961 0
      vertex 78.9526 83.2961 4.8
    endloop
  endfacet
  facet normal -0.866026 -0.499999 0
    outer loop
      vertex 75.4526 89.3583 0
      vertex 78.9526 83.2961 4.8
      vertex 75.4526 89.3583 4.8
    endloop
  endfacet
  facet normal -0.499999 0.866026 0
    outer loop
      vertex 78.9526 83.2961 0
      vertex 77.0474 82.1961 0
      vertex 77.0474 82.1961 4.8
    endloop
  endfacet
  facet normal -0.499999 0.866026 0
    outer loop
      vertex 78.9526 83.2961 0
      vertex 77.0474 82.1961 4.8
      vertex 78.9526 83.2961 4.8
    endloop
  endfacet
  facet normal 0.866026 0.499999 0
    outer loop
      vertex 77.0474 82.1961 0
      vertex 73.5474 88.2583 0
      vertex 73.5474 88.2583 4.8
    endloop
  endfacet
  facet normal 0.866026 0.499999 -0
    outer loop
      vertex 77.0474 82.1961 0
      vertex 73.5474 88.2583 4.8
      vertex 77.0474 82.1961 4.8
    endloop
  endfacet
  facet normal 0.499999 -0.866026 0
    outer loop
      vertex 73.5474 88.2583 0
      vertex 75.4526 89.3583 0
      vertex 75.4526 89.3583 4.8
    endloop
  endfacet
  facet normal 0.499999 -0.866026 0
    outer loop
      vertex 73.5474 88.2583 0
      vertex 75.4526 89.3583 4.8
      vertex 73.5474 88.2583 4.8
    endloop
  endfacet
  facet normal -0 0 1
    outer loop
      vertex 15 59.5974 0
      vertex 22 57.3974 0
      vertex 22 59.5974 0
    endloop
  endfacet
  facet normal 0 0 1
    outer loop
      vertex 15 59.5974 0
      vertex 15 57.3974 0
      vertex 22 57.3974 0
    endloop
  endfacet
  facet normal 0 0 -1
    outer loop
      vertex 15 59.5974 4.8
      vertex 22 59.5974 4.8
      vertex 22 57.3974 4.8
    endloop
  endfacet
  facet normal 0 0 -1
    outer loop
      vertex 15 59.5974 4.8
      vertex 22 57.3974 4.8
      vertex 15 57.3974 4.8
    endloop
  endfacet
  facet normal 0 -1 0
    outer loop
      vertex 15 59.5974 0
      vertex 22 59.5974 0
      vertex 22 59.5974 4.8
    endloop
  endfacet
  facet normal 0 -1 0
    outer loop
      vertex 15 59.5974 0
      vertex 22 59.5974 4.8
      vertex 15 59.5974 4.8
    endloop
  endfacet
  facet normal -1 0 0
    outer loop
      vertex 22 59.5974 0
      vertex 22 57.3974 0
      vertex 22 57.3974 4.8
    endloop
  endfacet
  facet normal -1 0 0
    outer loop
      vertex 22 59.5974 0
      vertex 22 57.3974 4.8
      vertex 22 59.5974 4.8
    endloop
  endfacet
  facet normal 0 1 0
    outer loop
      vertex 22 57.3974 0
      vertex 15 57.3974 0
      vertex 15 57.3974 4.8
    endloop
  endfacet
  facet normal 0 1 -0
    outer loop
      vertex 22 57.3974 0
      vertex 15 57.3974 4.8
      vertex 22 57.3974 4.8
    endloop
  endfacet
  facet normal 1 0 0
    outer loop
      vertex 15 57.3974 0
      vertex 15 59.5974 0
      vertex 15 59.5974 4.8
    endloop
  endfacet
  facet normal 1 0 0
    outer loop
      vertex 15 57.3974 0
      vertex 15 59.5974 4.8
      vertex 15 57.3974 4.8
    endloop
  endfacet
  facet normal 0 0 1
    outer loop
      vertex 43.9526 83.2961 0
      vertex 45.5474 76.134 0
      vertex 47.4526 77.234 0
    endloop
  endfacet
  facet normal 0 0 1
    outer loop
      vertex 43.9526 83.2961 0
      vertex 42.0474 82.1961 0
      vertex 45.5474 76.134 0
    endloop
  endfacet
  facet normal 0 0 -1
    outer loop
      vertex 43.9526 83.2961 4.8
      vertex 47.4526 77.234 4.8
      vertex 45.5474 76.134 4.8
    endloop
  endfacet
  facet normal 0 -0 -1
    outer loop
      vertex 43.9526 83.2961 4.8
      vertex 45.5474 76.134 4.8
      vertex 42.0474 82.1961 4.8
    endloop
  endfacet
  facet normal -0.866023 -0.500005 0
    outer loop
      vertex 43.9526 83.2961 0
      vertex 47.4526 77.234 0
      vertex 47.4526 77.234 4.8
    endloop
  endfacet
  facet normal -0.866023 -0.500005 0
    outer loop
      vertex 43.9526 83.2961 0
      vertex 47.4526 77.234 4.8
      vertex 43.9526 83.2961 4.8
    endloop
  endfacet
  facet normal -0.500005 0.866023 0
    outer loop
      vertex 47.4526 77.234 0
      vertex 45.5474 76.134 0
      vertex 45.5474 76.134 4.8
    endloop
  endfacet
  facet normal -0.500005 0.866023 0
    outer loop
      vertex 47.4526 77.234 0
      vertex 45.5474 76.134 4.8
      vertex 47.4526 77.234 4.8
    endloop
  endfacet
  facet normal 0.866023 0.500005 0
    outer loop
      vertex 45.5474 76.134 0
      vertex 42.0474 82.1961 0
      vertex 42.0474 82.1961 4.8
    endloop
  endfacet
  facet normal 0.866023 0.500005 -0
    outer loop
      vertex 45.5474 76.134 0
      vertex 42.0474 82.1961 4.8
      vertex 45.5474 76.134 4.8
    endloop
  endfacet
  facet normal 0.500005 -0.866023 0
    outer loop
      vertex 42.0474 82.1961 0
      vertex 43.9526 83.2961 0
      vertex 43.9526 83.2961 4.8
    endloop
  endfacet
  facet normal 0.500005 -0.866023 0
    outer loop
      vertex 42.0474 82.1961 0
      vertex 43.9526 83.2961 4.8
      vertex 42.0474 82.1961 4.8
    endloop
  endfacet
  facet normal -0 0 1
    outer loop
      vertex 99 71.7218 0
      vertex 106 69.5218 0
      vertex 106 71.7218 0
    endloop
  endfacet
  facet normal 0 0 1
    outer loop
      vertex 99 71.7218 0
      vertex 99 69.5218 0
      vertex 106 69.5218 0
    endloop
  endfacet
  facet normal 0 0 -1
    outer loop
      vertex 99 71.7218 4.8
      vertex 106 71.7218 4.8
      vertex 106 69.5218 4.8
    endloop
  endfacet
  facet normal 0 0 -1
    outer loop
      vertex 99 71.7218 4.8
      vertex 106 69.5218 4.8
      vertex 99 69.5218 4.8
    endloop
  endfacet
  facet normal 0 -1 0
    outer loop
      vertex 99 71.7218 0
      vertex 106 71.7218 0
      vertex 106 71.7218 4.8
    endloop
  endfacet
  facet normal 0 -1 0
    outer loop
      vertex 99 71.7218 0
      vertex 106 71.7218 4.8
      vertex 99 71.7218 4.8
    endloop
  endfacet
  facet normal -1 0 0
    outer loop
      vertex 106 71.7218 0
      vertex 106 69.5218 0
      vertex 106 69.5218 4.8
    endloop
  endfacet
  facet normal -1 0 0
    outer loop
      vertex 106 71.7218 0
      vertex 106 69.5218 4.8
      vertex 106 71.7218 4.8
    endloop
  endfacet
  facet normal 0 1 0
    outer loop
      vertex 106 69.5218 0
      vertex 99 69.5218 0
      vertex 99 69.5218 4.8
    endloop
  endfacet
  facet normal 0 1 -0
    outer loop
      vertex 106 69.5218 0
      vertex 99 69.5218 4.8
      vertex 106 69.5218 4.8
    endloop
  endfacet
  facet normal 1 0 0
    outer loop
      vertex 99 69.5218 0
      vertex 99 71.7218 0
      vertex 99 71.7218 4.8
    endloop
  endfacet
  facet normal 1 0 0
    outer loop
      vertex 99 69.5218 0
      vertex 99 71.7218 4.8
      vertex 99 69.5218 4.8
    endloop
  endfacet
  facet normal -0 0 1
    outer loop
      vertex 8 53.5352 0
      vertex 11.5 51.3352 0
      vertex 11.5 53.5352 0
    endloop
  endfacet
  facet normal 0 0 1
    outer loop
      vertex 8 53.5352 0
      vertex 8 51.3352 0
      vertex 11.5 51.3352 0
    endloop
  endfacet
  facet normal 0 0 -1
    outer loop
      vertex 8 53.5352 4.8
      vertex 11.5 53.5352 4.8
      vertex 11.5 51.3352 4.8
    endloop
  endfacet
  facet normal 0 0 -1
    outer loop
      vertex 8 53.5352 4.8
      vertex 11.5 51.3352 4.8
      vertex 8 51.3352 4.8
    endloop
  endfacet
  facet normal 0 -1 0
    outer loop
      vertex 8 53.5352 0
      vertex 11.5 53.5352 0
      vertex 11.5 53.5352 4.8
    endloop
  endfacet
  facet normal 0 -1 0
    outer loop
      vertex 8 53.5352 0
      vertex 11.5 53.5352 4.8
      vertex 8 53.5352 4.8
    endloop
  endfacet
  facet normal -1 0 0
    outer loop
      vertex 11.5 53.5352 0
      vertex 11.5 51.3352 0
      vertex 11.5 51.3352 4.8
    endloop
  endfacet
  facet normal -1 0 0
    outer loop
      vertex 11.5 53.5352 0
      vertex 11.5 51.3352 4.8
      vertex 11.5 53.5352 4.8
    endloop
  endfacet
  facet normal 0 1 0
    outer loop
      vertex 11.5 51.3352 0
      vertex 8 51.3352 0
      vertex 8 51.3352 4.8
    endloop
  endfacet
  facet normal 0 1 -0
    outer loop
      vertex 11.5 51.3352 0
      vertex 8 51.3352 4.8
      vertex 11.5 51.3352 4.8
    endloop
  endfacet
  facet normal 1 0 0
    outer loop
      vertex 8 51.3352 0
      vertex 8 53.5352 0
      vertex 8 53.5352 4.8
    endloop
  endfacet
  facet normal 1 0 0
    outer loop
      vertex 8 51.3352 0
      vertex 8 53.5352 4.8
      vertex 8 51.3352 4.8
    endloop
  endfacet
  facet normal 0 0 1
    outer loop
      vertex 63.0474 83.2961 0
      vertex 68.4526 88.2583 0
      vertex 66.5474 89.3583 0
    endloop
  endfacet
  facet normal -0 0 1
    outer loop
      vertex 63.0474 83.2961 0
      vertex 64.9526 82.1961 0
      vertex 68.4526 88.2583 0
    endloop
  endfacet
  facet normal 0 0 -1
    outer loop
      vertex 63.0474 83.2961 4.8
      vertex 66.5474 89.3583 4.8
      vertex 68.4526 88.2583 4.8
    endloop
  endfacet
  facet normal 0 0 -1
    outer loop
      vertex 63.0474 83.2961 4.8
      vertex 68.4526 88.2583 4.8
      vertex 64.9526 82.1961 4.8
    endloop
  endfacet
  facet normal 0.866026 -0.499999 0
    outer loop
      vertex 63.0474 83.2961 0
      vertex 66.5474 89.3583 0
      vertex 66.5474 89.3583 4.8
    endloop
  endfacet
  facet normal 0.866026 -0.499999 0
    outer loop
      vertex 63.0474 83.2961 0
      vertex 66.5474 89.3583 4.8
      vertex 63.0474 83.2961 4.8
    endloop
  endfacet
  facet normal -0.499999 -0.866026 0
    outer loop
      vertex 66.5474 89.3583 0
      vertex 68.4526 88.2583 0
      vertex 68.4526 88.2583 4.8
    endloop
  endfacet
  facet normal -0.499999 -0.866026 0
    outer loop
      vertex 66.5474 89.3583 0
      vertex 68.4526 88.2583 4.8
      vertex 66.5474 89.3583 4.8
    endloop
  endfacet
  facet normal -0.866026 0.499999 0
    outer loop
      vertex 68.4526 88.2583 0
      vertex 64.9526 82.1961 0
      vertex 64.9526 82.1961 4.8
    endloop
  endfacet
  facet normal -0.866026 0.499999 0
    outer loop
      vertex 68.4526 88.2583 0
      vertex 64.9526 82.1961 4.8
      vertex 68.4526 88.2583 4.8
    endloop
  endfacet
  facet normal 0.499999 0.866026 0
    outer loop
      vertex 64.9526 82.1961 0
      vertex 63.0474 83.2961 0
      vertex 63.0474 83.2961 4.8
    endloop
  endfacet
  facet normal 0.499999 0.866026 -0
    outer loop
      vertex 64.9526 82.1961 0
      vertex 63.0474 83.2961 4.8
      vertex 64.9526 82.1961 4.8
    endloop
  endfacet
  facet normal 0 0 1
    outer loop
      vertex 105.047 10.55 0
      vertex 110.453 15.5122 0
      vertex 108.547 16.6122 0
    endloop
  endfacet
  facet normal -0 0 1
    outer loop
      vertex 105.047 10.55 0
      vertex 106.953 9.45 0
      vertex 110.453 15.5122 0
    endloop
  endfacet
  facet normal 0 0 -1
    outer loop
      vertex 105.047 10.55 4.8
      vertex 108.547 16.6122 4.8
      vertex 110.453 15.5122 4.8
    endloop
  endfacet
  facet normal 0 0 -1
    outer loop
      vertex 105.047 10.55 4.8
      vertex 110.453 15.5122 4.8
      vertex 106.953 9.45 4.8
    endloop
  endfacet
  facet normal 0.866026 -0.499999 0
    outer loop
      vertex 105.047 10.55 0
      vertex 108.547 16.6122 0
      vertex 108.547 16.6122 4.8
    endloop
  endfacet
  facet normal 0.866026 -0.499999 0
    outer loop
      vertex 105.047 10.55 0
      vertex 108.547 16.6122 4.8
      vertex 105.047 10.55 4.8
    endloop
  endfacet
  facet normal -0.499999 -0.866026 0
    outer loop
      vertex 108.547 16.6122 0
      vertex 110.453 15.5122 0
      vertex 110.453 15.5122 4.8
    endloop
  endfacet
  facet normal -0.499999 -0.866026 0
    outer loop
      vertex 108.547 16.6122 0
      vertex 110.453 15.5122 4.8
      vertex 108.547 16.6122 4.8
    endloop
  endfacet
  facet normal -0.866026 0.499999 0
    outer loop
      vertex 110.453 15.5122 0
      vertex 106.953 9.45 0
      vertex 106.953 9.45 4.8
    endloop
  endfacet
  facet normal -0.866026 0.499999 0
    outer loop
      vertex 110.453 15.5122 0
      vertex 106.953 9.45 4.8
      vertex 110.453 15.5122 4.8
    endloop
  endfacet
  facet normal 0.499999 0.866026 0
    outer loop
      vertex 106.953 9.45 0
      vertex 105.047 10.55 0
      vertex 105.047 10.55 4.8
    endloop
  endfacet
  facet normal 0.499999 0.866026 -0
    outer loop
      vertex 106.953 9.45 0
      vertex 105.047 10.55 4.8
      vertex 106.953 9.45 4.8
    endloop
  endfacet
  facet normal 0 0 1
    outer loop
      vertex 96.4526 77.234 0
      vertex 98.0474 70.0718 0
      vertex 99.9526 71.1718 0
    endloop
  endfacet
  facet normal 0 0 1
    outer loop
      vertex 96.4526 77.234 0
      vertex 94.5474 76.134 0
      vertex 98.0474 70.0718 0
    endloop
  endfacet
  facet normal 0 0 -1
    outer loop
      vertex 96.4526 77.234 4.8
      vertex 99.9526 71.1718 4.8
      vertex 98.0474 70.0718 4.8
    endloop
  endfacet
  facet normal 0 -0 -1
    outer loop
      vertex 96.4526 77.234 4.8
      vertex 98.0474 70.0718 4.8
      vertex 94.5474 76.134 4.8
    endloop
  endfacet
  facet normal -0.866026 -0.499999 0
    outer loop
      vertex 96.4526 77.234 0
      vertex 99.9526 71.1718 0
      vertex 99.9526 71.1718 4.8
    endloop
  endfacet
  facet normal -0.866026 -0.499999 0
    outer loop
      vertex 96.4526 77.234 0
      vertex 99.9526 71.1718 4.8
      vertex 96.4526 77.234 4.8
    endloop
  endfacet
  facet normal -0.499999 0.866026 0
    outer loop
      vertex 99.9526 71.1718 0
      vertex 98.0474 70.0718 0
      vertex 98.0474 70.0718 4.8
    endloop
  endfacet
  facet normal -0.499999 0.866026 0
    outer loop
      vertex 99.9526 71.1718 0
      vertex 98.0474 70.0718 4.8
      vertex 99.9526 71.1718 4.8
    endloop
  endfacet
  facet normal 0.866026 0.499999 0
    outer loop
      vertex 98.0474 70.0718 0
      vertex 94.5474 76.134 0
      vertex 94.5474 76.134 4.8
    endloop
  endfacet
  facet normal 0.866026 0.499999 -0
    outer loop
      vertex 98.0474 70.0718 0
      vertex 94.5474 76.134 4.8
      vertex 98.0474 70.0718 4.8
    endloop
  endfacet
  facet normal 0.499999 -0.866026 0
    outer loop
      vertex 94.5474 76.134 0
      vertex 96.4526 77.234 0
      vertex 96.4526 77.234 4.8
    endloop
  endfacet
  facet normal 0.499999 -0.866026 0
    outer loop
      vertex 94.5474 76.134 0
      vertex 96.4526 77.234 4.8
      vertex 94.5474 76.134 4.8
    endloop
  endfacet
  facet normal -0 0 1
    outer loop
      vertex 120 95.9705 0
      vertex 127 93.7705 0
      vertex 127 95.9705 0
    endloop
  endfacet
  facet normal 0 0 1
    outer loop
      vertex 120 95.9705 0
      vertex 120 93.7705 0
      vertex 127 93.7705 0
    endloop
  endfacet
  facet normal 0 0 -1
    outer loop
      vertex 120 95.9705 4.8
      vertex 127 95.9705 4.8
      vertex 127 93.7705 4.8
    endloop
  endfacet
  facet normal 0 0 -1
    outer loop
      vertex 120 95.9705 4.8
      vertex 127 93.7705 4.8
      vertex 120 93.7705 4.8
    endloop
  endfacet
  facet normal 0 -1 0
    outer loop
      vertex 120 95.9705 0
      vertex 127 95.9705 0
      vertex 127 95.9705 4.8
    endloop
  endfacet
  facet normal 0 -1 0
    outer loop
      vertex 120 95.9705 0
      vertex 127 95.9705 4.8
      vertex 120 95.9705 4.8
    endloop
  endfacet
  facet normal -1 0 0
    outer loop
      vertex 127 95.9705 0
      vertex 127 93.7705 0
      vertex 127 93.7705 4.8
    endloop
  endfacet
  facet normal -1 0 0
    outer loop
      vertex 127 95.9705 0
      vertex 127 93.7705 4.8
      vertex 127 95.9705 4.8
    endloop
  endfacet
  facet normal 0 1 0
    outer loop
      vertex 127 93.7705 0
      vertex 120 93.7705 0
      vertex 120 93.7705 4.8
    endloop
  endfacet
  facet normal 0 1 -0
    outer loop
      vertex 127 93.7705 0
      vertex 120 93.7705 4.8
      vertex 127 93.7705 4.8
    endloop
  endfacet
  facet normal 1 0 0
    outer loop
      vertex 120 93.7705 0
      vertex 120 95.9705 0
      vertex 120 95.9705 4.8
    endloop
  endfacet
  facet normal 1 0 0
    outer loop
      vertex 120 93.7705 0
      vertex 120 95.9705 4.8
      vertex 120 93.7705 4.8
    endloop
  endfacet
  facet normal 0 0 1
    outer loop
      vertex 21.0474 34.7987 0
      vertex 26.4526 39.7609 0
      vertex 24.5474 40.8609 0
    endloop
  endfacet
  facet normal -0 0 1
    outer loop
      vertex 21.0474 34.7987 0
      vertex 22.9526 33.6987 0
      vertex 26.4526 39.7609 0
    endloop
  endfacet
  facet normal 0 0 -1
    outer loop
      vertex 21.0474 34.7987 4.8
      vertex 24.5474 40.8609 4.8
      vertex 26.4526 39.7609 4.8
    endloop
  endfacet
  facet normal 0 0 -1
    outer loop
      vertex 21.0474 34.7987 4.8
      vertex 26.4526 39.7609 4.8
      vertex 22.9526 33.6987 4.8
    endloop
  endfacet
  facet normal 0.866026 -0.499999 0
    outer loop
      vertex 21.0474 34.7987 0
      vertex 24.5474 40.8609 0
      vertex 24.5474 40.8609 4.8
    endloop
  endfacet
  facet normal 0.866026 -0.499999 0
    outer loop
      vertex 21.0474 34.7987 0
      vertex 24.5474 40.8609 4.8
      vertex 21.0474 34.7987 4.8
    endloop
  endfacet
  facet normal -0.499999 -0.866026 0
    outer loop
      vertex 24.5474 40.8609 0
      vertex 26.4526 39.7609 0
      vertex 26.4526 39.7609 4.8
    endloop
  endfacet
  facet normal -0.499999 -0.866026 0
    outer loop
      vertex 24.5474 40.8609 0
      vertex 26.4526 39.7609 4.8
      vertex 24.5474 40.8609 4.8
    endloop
  endfacet
  facet normal -0.866026 0.499999 0
    outer loop
      vertex 26.4526 39.7609 0
      vertex 22.9526 33.6987 0
      vertex 22.9526 33.6987 4.8
    endloop
  endfacet
  facet normal -0.866026 0.499999 0
    outer loop
      vertex 26.4526 39.7609 0
      vertex 22.9526 33.6987 4.8
      vertex 26.4526 39.7609 4.8
    endloop
  endfacet
  facet normal 0.499999 0.866026 0
    outer loop
      vertex 22.9526 33.6987 0
      vertex 21.0474 34.7987 0
      vertex 21.0474 34.7987 4.8
    endloop
  endfacet
  facet normal 0.499999 0.866026 -0
    outer loop
      vertex 22.9526 33.6987 0
      vertex 21.0474 34.7987 4.8
      vertex 22.9526 33.6987 4.8
    endloop
  endfacet
  facet normal 0 0 1
    outer loop
      vertex 54.4526 40.8609 0
      vertex 56.0474 33.6987 0
      vertex 57.9526 34.7987 0
    endloop
  endfacet
  facet normal 0 0 1
    outer loop
      vertex 54.4526 40.8609 0
      vertex 52.5474 39.7609 0
      vertex 56.0474 33.6987 0
    endloop
  endfacet
  facet normal 0 0 -1
    outer loop
      vertex 54.4526 40.8609 4.8
      vertex 57.9526 34.7987 4.8
      vertex 56.0474 33.6987 4.8
    endloop
  endfacet
  facet normal 0 -0 -1
    outer loop
      vertex 54.4526 40.8609 4.8
      vertex 56.0474 33.6987 4.8
      vertex 52.5474 39.7609 4.8
    endloop
  endfacet
  facet normal -0.866026 -0.499999 0
    outer loop
      vertex 54.4526 40.8609 0
      vertex 57.9526 34.7987 0
      vertex 57.9526 34.7987 4.8
    endloop
  endfacet
  facet normal -0.866026 -0.499999 0
    outer loop
      vertex 54.4526 40.8609 0
      vertex 57.9526 34.7987 4.8
      vertex 54.4526 40.8609 4.8
    endloop
  endfacet
  facet normal -0.499999 0.866026 0
    outer loop
      vertex 57.9526 34.7987 0
      vertex 56.0474 33.6987 0
      vertex 56.0474 33.6987 4.8
    endloop
  endfacet
  facet normal -0.499999 0.866026 0
    outer loop
      vertex 57.9526 34.7987 0
      vertex 56.0474 33.6987 4.8
      vertex 57.9526 34.7987 4.8
    endloop
  endfacet
  facet normal 0.866026 0.499999 0
    outer loop
      vertex 56.0474 33.6987 0
      vertex 52.5474 39.7609 0
      vertex 52.5474 39.7609 4.8
    endloop
  endfacet
  facet normal 0.866026 0.499999 -0
    outer loop
      vertex 56.0474 33.6987 0
      vertex 52.5474 39.7609 4.8
      vertex 56.0474 33.6987 4.8
    endloop
  endfacet
  facet normal 0.499999 -0.866026 0
    outer loop
      vertex 52.5474 39.7609 0
      vertex 54.4526 40.8609 0
      vertex 54.4526 40.8609 4.8
    endloop
  endfacet
  facet normal 0.499999 -0.866026 0
    outer loop
      vertex 52.5474 39.7609 0
      vertex 54.4526 40.8609 4.8
      vertex 52.5474 39.7609 4.8
    endloop
  endfacet
  facet normal -0 0 1
    outer loop
      vertex 109.5 65.6596 0
      vertex 116.5 63.4596 0
      vertex 116.5 65.6596 0
    endloop
  endfacet
  facet normal 0 0 1
    outer loop
      vertex 109.5 65.6596 0
      vertex 109.5 63.4596 0
      vertex 116.5 63.4596 0
    endloop
  endfacet
  facet normal 0 0 -1
    outer loop
      vertex 109.5 65.6596 4.8
      vertex 116.5 65.6596 4.8
      vertex 116.5 63.4596 4.8
    endloop
  endfacet
  facet normal 0 0 -1
    outer loop
      vertex 109.5 65.6596 4.8
      vertex 116.5 63.4596 4.8
      vertex 109.5 63.4596 4.8
    endloop
  endfacet
  facet normal 0 -1 0
    outer loop
      vertex 109.5 65.6596 0
      vertex 116.5 65.6596 0
      vertex 116.5 65.6596 4.8
    endloop
  endfacet
  facet normal 0 -1 0
    outer loop
      vertex 109.5 65.6596 0
      vertex 116.5 65.6596 4.8
      vertex 109.5 65.6596 4.8
    endloop
  endfacet
  facet normal -1 0 0
    outer loop
      vertex 116.5 65.6596 0
      vertex 116.5 63.4596 0
      vertex 116.5 63.4596 4.8
    endloop
  endfacet
  facet normal -1 0 0
    outer loop
      vertex 116.5 65.6596 0
      vertex 116.5 63.4596 4.8
      vertex 116.5 65.6596 4.8
    endloop
  endfacet
  facet normal 0 1 0
    outer loop
      vertex 116.5 63.4596 0
      vertex 109.5 63.4596 0
      vertex 109.5 63.4596 4.8
    endloop
  endfacet
  facet normal 0 1 -0
    outer loop
      vertex 116.5 63.4596 0
      vertex 109.5 63.4596 4.8
      vertex 116.5 63.4596 4.8
    endloop
  endfacet
  facet normal 1 0 0
    outer loop
      vertex 109.5 63.4596 0
      vertex 109.5 65.6596 0
      vertex 109.5 65.6596 4.8
    endloop
  endfacet
  facet normal 1 0 0
    outer loop
      vertex 109.5 63.4596 0
      vertex 109.5 65.6596 4.8
      vertex 109.5 63.4596 4.8
    endloop
  endfacet
  facet normal 0 0 1
    outer loop
      vertex 57.8777 95.5502 0
      vertex 56.0475 94.3203 0
      vertex 57.9525 95.4207 0
    endloop
  endfacet
  facet normal 0 0 1
    outer loop
      vertex 57.8777 95.5502 0
      vertex 55.9727 94.4498 0
      vertex 56.0475 94.3203 0
    endloop
  endfacet
  facet normal 0 -0 -1
    outer loop
      vertex 57.8777 95.5502 4.8
      vertex 57.9525 95.4207 4.8
      vertex 56.0475 94.3203 4.8
    endloop
  endfacet
  facet normal 0 0 -1
    outer loop
      vertex 57.8777 95.5502 4.8
      vertex 56.0475 94.3203 4.8
      vertex 55.9727 94.4498 4.8
    endloop
  endfacet
  facet normal -0.865929 -0.500166 0
    outer loop
      vertex 57.8777 95.5502 0
      vertex 57.9525 95.4207 0
      vertex 57.9525 95.4207 4.8
    endloop
  endfacet
  facet normal -0.865929 -0.500166 0
    outer loop
      vertex 57.8777 95.5502 0
      vertex 57.9525 95.4207 4.8
      vertex 57.8777 95.5502 4.8
    endloop
  endfacet
  facet normal -0.500166 0.865929 0
    outer loop
      vertex 57.9525 95.4207 0
      vertex 56.0475 94.3203 0
      vertex 56.0475 94.3203 4.8
    endloop
  endfacet
  facet normal -0.500166 0.865929 0
    outer loop
      vertex 57.9525 95.4207 0
      vertex 56.0475 94.3203 4.8
      vertex 57.9525 95.4207 4.8
    endloop
  endfacet
  facet normal 0.865929 0.500166 0
    outer loop
      vertex 56.0475 94.3203 0
      vertex 55.9727 94.4498 0
      vertex 55.9727 94.4498 4.8
    endloop
  endfacet
  facet normal 0.865929 0.500166 -0
    outer loop
      vertex 56.0475 94.3203 0
      vertex 55.9727 94.4498 4.8
      vertex 56.0475 94.3203 4.8
    endloop
  endfacet
  facet normal 0.500166 -0.865929 0
    outer loop
      vertex 55.9727 94.4498 0
      vertex 57.8777 95.5502 0
      vertex 57.8777 95.5502 4.8
    endloop
  endfacet
  facet normal 0.500166 -0.865929 0
    outer loop
      vertex 55.9727 94.4498 0
      vertex 57.8777 95.5502 4.8
      vertex 55.9727 94.4498 4.8
    endloop
  endfacet
  facet normal -0 0 1
    outer loop
      vertex 88.5 41.4109 0
      vertex 95.5 39.2109 0
      vertex 95.5 41.4109 0
    endloop
  endfacet
  facet normal 0 0 1
    outer loop
      vertex 88.5 41.4109 0
      vertex 88.5 39.2109 0
      vertex 95.5 39.2109 0
    endloop
  endfacet
  facet normal 0 0 -1
    outer loop
      vertex 88.5 41.4109 4.8
      vertex 95.5 41.4109 4.8
      vertex 95.5 39.2109 4.8
    endloop
  endfacet
  facet normal 0 0 -1
    outer loop
      vertex 88.5 41.4109 4.8
      vertex 95.5 39.2109 4.8
      vertex 88.5 39.2109 4.8
    endloop
  endfacet
  facet normal 0 -1 0
    outer loop
      vertex 88.5 41.4109 0
      vertex 95.5 41.4109 0
      vertex 95.5 41.4109 4.8
    endloop
  endfacet
  facet normal 0 -1 0
    outer loop
      vertex 88.5 41.4109 0
      vertex 95.5 41.4109 4.8
      vertex 88.5 41.4109 4.8
    endloop
  endfacet
  facet normal -1 0 0
    outer loop
      vertex 95.5 41.4109 0
      vertex 95.5 39.2109 0
      vertex 95.5 39.2109 4.8
    endloop
  endfacet
  facet normal -1 0 0
    outer loop
      vertex 95.5 41.4109 0
      vertex 95.5 39.2109 4.8
      vertex 95.5 41.4109 4.8
    endloop
  endfacet
  facet normal 0 1 0
    outer loop
      vertex 95.5 39.2109 0
      vertex 88.5 39.2109 0
      vertex 88.5 39.2109 4.8
    endloop
  endfacet
  facet normal 0 1 -0
    outer loop
      vertex 95.5 39.2109 0
      vertex 88.5 39.2109 4.8
      vertex 95.5 39.2109 4.8
    endloop
  endfacet
  facet normal 1 0 0
    outer loop
      vertex 88.5 39.2109 0
      vertex 88.5 41.4109 0
      vertex 88.5 41.4109 4.8
    endloop
  endfacet
  facet normal 1 0 0
    outer loop
      vertex 88.5 39.2109 0
      vertex 88.5 41.4109 4.8
      vertex 88.5 39.2109 4.8
    endloop
  endfacet
  facet normal 0 0 1
    outer loop
      vertex 138.453 40.8609 0
      vertex 140.047 33.6987 0
      vertex 141.953 34.7987 0
    endloop
  endfacet
  facet normal 0 0 1
    outer loop
      vertex 138.453 40.8609 0
      vertex 136.547 39.7609 0
      vertex 140.047 33.6987 0
    endloop
  endfacet
  facet normal 0 0 -1
    outer loop
      vertex 138.453 40.8609 4.8
      vertex 141.953 34.7987 4.8
      vertex 140.047 33.6987 4.8
    endloop
  endfacet
  facet normal 0 -0 -1
    outer loop
      vertex 138.453 40.8609 4.8
      vertex 140.047 33.6987 4.8
      vertex 136.547 39.7609 4.8
    endloop
  endfacet
  facet normal -0.866026 -0.499999 0
    outer loop
      vertex 138.453 40.8609 0
      vertex 141.953 34.7987 0
      vertex 141.953 34.7987 4.8
    endloop
  endfacet
  facet normal -0.866026 -0.499999 0
    outer loop
      vertex 138.453 40.8609 0
      vertex 141.953 34.7987 4.8
      vertex 138.453 40.8609 4.8
    endloop
  endfacet
  facet normal -0.499999 0.866026 0
    outer loop
      vertex 141.953 34.7987 0
      vertex 140.047 33.6987 0
      vertex 140.047 33.6987 4.8
    endloop
  endfacet
  facet normal -0.499999 0.866026 0
    outer loop
      vertex 141.953 34.7987 0
      vertex 140.047 33.6987 4.8
      vertex 141.953 34.7987 4.8
    endloop
  endfacet
  facet normal 0.866026 0.499999 0
    outer loop
      vertex 140.047 33.6987 0
      vertex 136.547 39.7609 0
      vertex 136.547 39.7609 4.8
    endloop
  endfacet
  facet normal 0.866026 0.499999 -0
    outer loop
      vertex 140.047 33.6987 0
      vertex 136.547 39.7609 4.8
      vertex 140.047 33.6987 4.8
    endloop
  endfacet
  facet normal 0.499999 -0.866026 0
    outer loop
      vertex 136.547 39.7609 0
      vertex 138.453 40.8609 0
      vertex 138.453 40.8609 4.8
    endloop
  endfacet
  facet normal 0.499999 -0.866026 0
    outer loop
      vertex 136.547 39.7609 0
      vertex 138.453 40.8609 4.8
      vertex 136.547 39.7609 4.8
    endloop
  endfacet
  facet normal -0 0 1
    outer loop
      vertex 162 71.7218 0
      vertex 169 69.5218 0
      vertex 169 71.7218 0
    endloop
  endfacet
  facet normal 0 0 1
    outer loop
      vertex 162 71.7218 0
      vertex 162 69.5218 0
      vertex 169 69.5218 0
    endloop
  endfacet
  facet normal 0 0 -1
    outer loop
      vertex 162 71.7218 4.8
      vertex 169 71.7218 4.8
      vertex 169 69.5218 4.8
    endloop
  endfacet
  facet normal 0 0 -1
    outer loop
      vertex 162 71.7218 4.8
      vertex 169 69.5218 4.8
      vertex 162 69.5218 4.8
    endloop
  endfacet
  facet normal 0 -1 0
    outer loop
      vertex 162 71.7218 0
      vertex 169 71.7218 0
      vertex 169 71.7218 4.8
    endloop
  endfacet
  facet normal 0 -1 0
    outer loop
      vertex 162 71.7218 0
      vertex 169 71.7218 4.8
      vertex 162 71.7218 4.8
    endloop
  endfacet
  facet normal -1 0 0
    outer loop
      vertex 169 71.7218 0
      vertex 169 69.5218 0
      vertex 169 69.5218 4.8
    endloop
  endfacet
  facet normal -1 0 0
    outer loop
      vertex 169 71.7218 0
      vertex 169 69.5218 4.8
      vertex 169 71.7218 4.8
    endloop
  endfacet
  facet normal 0 1 0
    outer loop
      vertex 169 69.5218 0
      vertex 162 69.5218 0
      vertex 162 69.5218 4.8
    endloop
  endfacet
  facet normal 0 1 -0
    outer loop
      vertex 169 69.5218 0
      vertex 162 69.5218 4.8
      vertex 169 69.5218 4.8
    endloop
  endfacet
  facet normal 1 0 0
    outer loop
      vertex 162 69.5218 0
      vertex 162 71.7218 0
      vertex 162 71.7218 4.8
    endloop
  endfacet
  facet normal 1 0 0
    outer loop
      vertex 162 69.5218 0
      vertex 162 71.7218 4.8
      vertex 162 69.5218 4.8
    endloop
  endfacet
  facet normal 0 0 1
    outer loop
      vertex 22.9526 71.1718 0
      vertex 24.5474 64.0096 0
      vertex 26.4526 65.1096 0
    endloop
  endfacet
  facet normal 0 0 1
    outer loop
      vertex 22.9526 71.1718 0
      vertex 21.0474 70.0718 0
      vertex 24.5474 64.0096 0
    endloop
  endfacet
  facet normal 0 0 -1
    outer loop
      vertex 22.9526 71.1718 4.8
      vertex 26.4526 65.1096 4.8
      vertex 24.5474 64.0096 4.8
    endloop
  endfacet
  facet normal 0 -0 -1
    outer loop
      vertex 22.9526 71.1718 4.8
      vertex 24.5474 64.0096 4.8
      vertex 21.0474 70.0718 4.8
    endloop
  endfacet
  facet normal -0.866026 -0.499999 0
    outer loop
      vertex 22.9526 71.1718 0
      vertex 26.4526 65.1096 0
      vertex 26.4526 65.1096 4.8
    endloop
  endfacet
  facet normal -0.866026 -0.499999 0
    outer loop
      vertex 22.9526 71.1718 0
      vertex 26.4526 65.1096 4.8
      vertex 22.9526 71.1718 4.8
    endloop
  endfacet
  facet normal -0.499999 0.866026 0
    outer loop
      vertex 26.4526 65.1096 0
      vertex 24.5474 64.0096 0
      vertex 24.5474 64.0096 4.8
    endloop
  endfacet
  facet normal -0.499999 0.866026 0
    outer loop
      vertex 26.4526 65.1096 0
      vertex 24.5474 64.0096 4.8
      vertex 26.4526 65.1096 4.8
    endloop
  endfacet
  facet normal 0.866026 0.499999 0
    outer loop
      vertex 24.5474 64.0096 0
      vertex 21.0474 70.0718 0
      vertex 21.0474 70.0718 4.8
    endloop
  endfacet
  facet normal 0.866026 0.499999 -0
    outer loop
      vertex 24.5474 64.0096 0
      vertex 21.0474 70.0718 4.8
      vertex 24.5474 64.0096 4.8
    endloop
  endfacet
  facet normal 0.499999 -0.866026 0
    outer loop
      vertex 21.0474 70.0718 0
      vertex 22.9526 71.1718 0
      vertex 22.9526 71.1718 4.8
    endloop
  endfacet
  facet normal 0.499999 -0.866026 0
    outer loop
      vertex 21.0474 70.0718 0
      vertex 22.9526 71.1718 4.8
      vertex 21.0474 70.0718 4.8
    endloop
  endfacet
  facet normal 0 0 1
    outer loop
      vertex 63.0474 10.55 0
      vertex 68.4526 15.5122 0
      vertex 66.5474 16.6122 0
    endloop
  endfacet
  facet normal -0 0 1
    outer loop
      vertex 63.0474 10.55 0
      vertex 64.9526 9.45 0
      vertex 68.4526 15.5122 0
    endloop
  endfacet
  facet normal 0 0 -1
    outer loop
      vertex 63.0474 10.55 4.8
      vertex 66.5474 16.6122 4.8
      vertex 68.4526 15.5122 4.8
    endloop
  endfacet
  facet normal 0 0 -1
    outer loop
      vertex 63.0474 10.55 4.8
      vertex 68.4526 15.5122 4.8
      vertex 64.9526 9.45 4.8
    endloop
  endfacet
  facet normal 0.866026 -0.499999 0
    outer loop
      vertex 63.0474 10.55 0
      vertex 66.5474 16.6122 0
      vertex 66.5474 16.6122 4.8
    endloop
  endfacet
  facet normal 0.866026 -0.499999 0
    outer loop
      vertex 63.0474 10.55 0
      vertex 66.5474 16.6122 4.8
      vertex 63.0474 10.55 4.8
    endloop
  endfacet
  facet normal -0.499999 -0.866026 0
    outer loop
      vertex 66.5474 16.6122 0
      vertex 68.4526 15.5122 0
      vertex 68.4526 15.5122 4.8
    endloop
  endfacet
  facet normal -0.499999 -0.866026 0
    outer loop
      vertex 66.5474 16.6122 0
      vertex 68.4526 15.5122 4.8
      vertex 66.5474 16.6122 4.8
    endloop
  endfacet
  facet normal -0.866026 0.499999 0
    outer loop
      vertex 68.4526 15.5122 0
      vertex 64.9526 9.45 0
      vertex 64.9526 9.45 4.8
    endloop
  endfacet
  facet normal -0.866026 0.499999 0
    outer loop
      vertex 68.4526 15.5122 0
      vertex 64.9526 9.45 4.8
      vertex 68.4526 15.5122 4.8
    endloop
  endfacet
  facet normal 0.499999 0.866026 0
    outer loop
      vertex 64.9526 9.45 0
      vertex 63.0474 10.55 0
      vertex 63.0474 10.55 4.8
    endloop
  endfacet
  facet normal 0.499999 0.866026 -0
    outer loop
      vertex 64.9526 9.45 0
      vertex 63.0474 10.55 4.8
      vertex 64.9526 9.45 4.8
    endloop
  endfacet
  facet normal -0 0 1
    outer loop
      vertex 151.5 53.5352 0
      vertex 158.5 51.3352 0
      vertex 158.5 53.5352 0
    endloop
  endfacet
  facet normal 0 0 1
    outer loop
      vertex 151.5 53.5352 0
      vertex 151.5 51.3352 0
      vertex 158.5 51.3352 0
    endloop
  endfacet
  facet normal 0 0 -1
    outer loop
      vertex 151.5 53.5352 4.8
      vertex 158.5 53.5352 4.8
      vertex 158.5 51.3352 4.8
    endloop
  endfacet
  facet normal 0 0 -1
    outer loop
      vertex 151.5 53.5352 4.8
      vertex 158.5 51.3352 4.8
      vertex 151.5 51.3352 4.8
    endloop
  endfacet
  facet normal 0 -1 0
    outer loop
      vertex 151.5 53.5352 0
      vertex 158.5 53.5352 0
      vertex 158.5 53.5352 4.8
    endloop
  endfacet
  facet normal 0 -1 0
    outer loop
      vertex 151.5 53.5352 0
      vertex 158.5 53.5352 4.8
      vertex 151.5 53.5352 4.8
    endloop
  endfacet
  facet normal -1 0 0
    outer loop
      vertex 158.5 53.5352 0
      vertex 158.5 51.3352 0
      vertex 158.5 51.3352 4.8
    endloop
  endfacet
  facet normal -1 0 0
    outer loop
      vertex 158.5 53.5352 0
      vertex 158.5 51.3352 4.8
      vertex 158.5 53.5352 4.8
    endloop
  endfacet
  facet normal 0 1 0
    outer loop
      vertex 158.5 51.3352 0
      vertex 151.5 51.3352 0
      vertex 151.5 51.3352 4.8
    endloop
  endfacet
  facet normal 0 1 -0
    outer loop
      vertex 158.5 51.3352 0
      vertex 151.5 51.3352 4.8
      vertex 158.5 51.3352 4.8
    endloop
  endfacet
  facet normal 1 0 0
    outer loop
      vertex 151.5 51.3352 0
      vertex 151.5 53.5352 0
      vertex 151.5 53.5352 4.8
    endloop
  endfacet
  facet normal 1 0 0
    outer loop
      vertex 151.5 51.3352 0
      vertex 151.5 53.5352 4.8
      vertex 151.5 51.3352 4.8
    endloop
  endfacet
  facet normal -0 0 1
    outer loop
      vertex 120 11.1 0
      vertex 127 8.9 0
      vertex 127 11.1 0
    endloop
  endfacet
  facet normal 0 0 1
    outer loop
      vertex 120 11.1 0
      vertex 120 8.9 0
      vertex 127 8.9 0
    endloop
  endfacet
  facet normal 0 0 -1
    outer loop
      vertex 120 11.1 4.8
      vertex 127 11.1 4.8
      vertex 127 8.9 4.8
    endloop
  endfacet
  facet normal 0 0 -1
    outer loop
      vertex 120 11.1 4.8
      vertex 127 8.9 4.8
      vertex 120 8.9 4.8
    endloop
  endfacet
  facet normal 0 -1 0
    outer loop
      vertex 120 11.1 0
      vertex 127 11.1 0
      vertex 127 11.1 4.8
    endloop
  endfacet
  facet normal 0 -1 0
    outer loop
      vertex 120 11.1 0
      vertex 127 11.1 4.8
      vertex 120 11.1 4.8
    endloop
  endfacet
  facet normal -1 0 0
    outer loop
      vertex 127 11.1 0
      vertex 127 8.9 0
      vertex 127 8.9 4.8
    endloop
  endfacet
  facet normal -1 0 0
    outer loop
      vertex 127 11.1 0
      vertex 127 8.9 4.8
      vertex 127 11.1 4.8
    endloop
  endfacet
  facet normal 0 1 0
    outer loop
      vertex 127 8.9 0
      vertex 120 8.9 0
      vertex 120 8.9 4.8
    endloop
  endfacet
  facet normal 0 1 -0
    outer loop
      vertex 127 8.9 0
      vertex 120 8.9 4.8
      vertex 127 8.9 4.8
    endloop
  endfacet
  facet normal 1 0 0
    outer loop
      vertex 120 8.9 0
      vertex 120 11.1 0
      vertex 120 11.1 4.8
    endloop
  endfacet
  facet normal 1 0 0
    outer loop
      vertex 120 8.9 0
      vertex 120 11.1 4.8
      vertex 120 8.9 4.8
    endloop
  endfacet
  facet normal 0 0 1
    outer loop
      vertex 136.547 52.9852 0
      vertex 141.953 57.9474 0
      vertex 140.047 59.0474 0
    endloop
  endfacet
  facet normal -0 0 1
    outer loop
      vertex 136.547 52.9852 0
      vertex 138.453 51.8852 0
      vertex 141.953 57.9474 0
    endloop
  endfacet
  facet normal 0 0 -1
    outer loop
      vertex 136.547 52.9852 4.8
      vertex 140.047 59.0474 4.8
      vertex 141.953 57.9474 4.8
    endloop
  endfacet
  facet normal 0 0 -1
    outer loop
      vertex 136.547 52.9852 4.8
      vertex 141.953 57.9474 4.8
      vertex 138.453 51.8852 4.8
    endloop
  endfacet
  facet normal 0.866026 -0.499999 0
    outer loop
      vertex 136.547 52.9852 0
      vertex 140.047 59.0474 0
      vertex 140.047 59.0474 4.8
    endloop
  endfacet
  facet normal 0.866026 -0.499999 0
    outer loop
      vertex 136.547 52.9852 0
      vertex 140.047 59.0474 4.8
      vertex 136.547 52.9852 4.8
    endloop
  endfacet
  facet normal -0.499999 -0.866026 0
    outer loop
      vertex 140.047 59.0474 0
      vertex 141.953 57.9474 0
      vertex 141.953 57.9474 4.8
    endloop
  endfacet
  facet normal -0.499999 -0.866026 0
    outer loop
      vertex 140.047 59.0474 0
      vertex 141.953 57.9474 4.8
      vertex 140.047 59.0474 4.8
    endloop
  endfacet
  facet normal -0.866026 0.499999 0
    outer loop
      vertex 141.953 57.9474 0
      vertex 138.453 51.8852 0
      vertex 138.453 51.8852 4.8
    endloop
  endfacet
  facet normal -0.866026 0.499999 0
    outer loop
      vertex 141.953 57.9474 0
      vertex 138.453 51.8852 4.8
      vertex 141.953 57.9474 4.8
    endloop
  endfacet
  facet normal 0.499999 0.866026 0
    outer loop
      vertex 138.453 51.8852 0
      vertex 136.547 52.9852 0
      vertex 136.547 52.9852 4.8
    endloop
  endfacet
  facet normal 0.499999 0.866026 -0
    outer loop
      vertex 138.453 51.8852 0
      vertex 136.547 52.9852 4.8
      vertex 138.453 51.8852 4.8
    endloop
  endfacet
  facet normal -0 0 1
    outer loop
      vertex 162 11.1 0
      vertex 169 8.9 0
      vertex 169 11.1 0
    endloop
  endfacet
  facet normal 0 0 1
    outer loop
      vertex 162 11.1 0
      vertex 162 8.9 0
      vertex 169 8.9 0
    endloop
  endfacet
  facet normal 0 0 -1
    outer loop
      vertex 162 11.1 4.8
      vertex 169 11.1 4.8
      vertex 169 8.9 4.8
    endloop
  endfacet
  facet normal 0 0 -1
    outer loop
      vertex 162 11.1 4.8
      vertex 169 8.9 4.8
      vertex 162 8.9 4.8
    endloop
  endfacet
  facet normal 0 -1 0
    outer loop
      vertex 162 11.1 0
      vertex 169 11.1 0
      vertex 169 11.1 4.8
    endloop
  endfacet
  facet normal 0 -1 0
    outer loop
      vertex 162 11.1 0
      vertex 169 11.1 4.8
      vertex 162 11.1 4.8
    endloop
  endfacet
  facet normal -1 0 0
    outer loop
      vertex 169 11.1 0
      vertex 169 8.9 0
      vertex 169 8.9 4.8
    endloop
  endfacet
  facet normal -1 0 0
    outer loop
      vertex 169 11.1 0
      vertex 169 8.9 4.8
      vertex 169 11.1 4.8
    endloop
  endfacet
  facet normal 0 1 0
    outer loop
      vertex 169 8.9 0
      vertex 162 8.9 0
      vertex 162 8.9 4.8
    endloop
  endfacet
  facet normal 0 1 -0
    outer loop
      vertex 169 8.9 0
      vertex 162 8.9 4.8
      vertex 169 8.9 4.8
    endloop
  endfacet
  facet normal 1 0 0
    outer loop
      vertex 162 8.9 0
      vertex 162 11.1 0
      vertex 162 11.1 4.8
    endloop
  endfacet
  facet normal 1 0 0
    outer loop
      vertex 162 8.9 0
      vertex 162 11.1 4.8
      vertex 162 8.9 4.8
    endloop
  endfacet
  facet normal 0 0 1
    outer loop
      vertex 96.4526 65.1096 0
      vertex 98.0474 57.9474 0
      vertex 99.9526 59.0474 0
    endloop
  endfacet
  facet normal 0 0 1
    outer loop
      vertex 96.4526 65.1096 0
      vertex 94.5474 64.0096 0
      vertex 98.0474 57.9474 0
    endloop
  endfacet
  facet normal 0 0 -1
    outer loop
      vertex 96.4526 65.1096 4.8
      vertex 99.9526 59.0474 4.8
      vertex 98.0474 57.9474 4.8
    endloop
  endfacet
  facet normal 0 -0 -1
    outer loop
      vertex 96.4526 65.1096 4.8
      vertex 98.0474 57.9474 4.8
      vertex 94.5474 64.0096 4.8
    endloop
  endfacet
  facet normal -0.866026 -0.499999 0
    outer loop
      vertex 96.4526 65.1096 0
      vertex 99.9526 59.0474 0
      vertex 99.9526 59.0474 4.8
    endloop
  endfacet
  facet normal -0.866026 -0.499999 0
    outer loop
      vertex 96.4526 65.1096 0
      vertex 99.9526 59.0474 4.8
      vertex 96.4526 65.1096 4.8
    endloop
  endfacet
  facet normal -0.499999 0.866026 0
    outer loop
      vertex 99.9526 59.0474 0
      vertex 98.0474 57.9474 0
      vertex 98.0474 57.9474 4.8
    endloop
  endfacet
  facet normal -0.499999 0.866026 0
    outer loop
      vertex 99.9526 59.0474 0
      vertex 98.0474 57.9474 4.8
      vertex 99.9526 59.0474 4.8
    endloop
  endfacet
  facet normal 0.866026 0.499999 0
    outer loop
      vertex 98.0474 57.9474 0
      vertex 94.5474 64.0096 0
      vertex 94.5474 64.0096 4.8
    endloop
  endfacet
  facet normal 0.866026 0.499999 -0
    outer loop
      vertex 98.0474 57.9474 0
      vertex 94.5474 64.0096 4.8
      vertex 98.0474 57.9474 4.8
    endloop
  endfacet
  facet normal 0.499999 -0.866026 0
    outer loop
      vertex 94.5474 64.0096 0
      vertex 96.4526 65.1096 0
      vertex 96.4526 65.1096 4.8
    endloop
  endfacet
  facet normal 0.499999 -0.866026 0
    outer loop
      vertex 94.5474 64.0096 0
      vertex 96.4526 65.1096 4.8
      vertex 94.5474 64.0096 4.8
    endloop
  endfacet
  facet normal 0 0 1
    outer loop
      vertex 115.547 77.234 0
      vertex 120.953 82.1961 0
      vertex 119.047 83.2961 0
    endloop
  endfacet
  facet normal -0 0 1
    outer loop
      vertex 115.547 77.234 0
      vertex 117.453 76.134 0
      vertex 120.953 82.1961 0
    endloop
  endfacet
  facet normal 0 0 -1
    outer loop
      vertex 115.547 77.234 4.8
      vertex 119.047 83.2961 4.8
      vertex 120.953 82.1961 4.8
    endloop
  endfacet
  facet normal 0 0 -1
    outer loop
      vertex 115.547 77.234 4.8
      vertex 120.953 82.1961 4.8
      vertex 117.453 76.134 4.8
    endloop
  endfacet
  facet normal 0.866023 -0.500005 0
    outer loop
      vertex 115.547 77.234 0
      vertex 119.047 83.2961 0
      vertex 119.047 83.2961 4.8
    endloop
  endfacet
  facet normal 0.866023 -0.500005 0
    outer loop
      vertex 115.547 77.234 0
      vertex 119.047 83.2961 4.8
      vertex 115.547 77.234 4.8
    endloop
  endfacet
  facet normal -0.500005 -0.866023 0
    outer loop
      vertex 119.047 83.2961 0
      vertex 120.953 82.1961 0
      vertex 120.953 82.1961 4.8
    endloop
  endfacet
  facet normal -0.500005 -0.866023 0
    outer loop
      vertex 119.047 83.2961 0
      vertex 120.953 82.1961 4.8
      vertex 119.047 83.2961 4.8
    endloop
  endfacet
  facet normal -0.866023 0.500005 0
    outer loop
      vertex 120.953 82.1961 0
      vertex 117.453 76.134 0
      vertex 117.453 76.134 4.8
    endloop
  endfacet
  facet normal -0.866023 0.500005 0
    outer loop
      vertex 120.953 82.1961 0
      vertex 117.453 76.134 4.8
      vertex 120.953 82.1961 4.8
    endloop
  endfacet
  facet normal 0.500005 0.866023 0
    outer loop
      vertex 117.453 76.134 0
      vertex 115.547 77.234 0
      vertex 115.547 77.234 4.8
    endloop
  endfacet
  facet normal 0.500005 0.866023 -0
    outer loop
      vertex 117.453 76.134 0
      vertex 115.547 77.234 4.8
      vertex 117.453 76.134 4.8
    endloop
  endfacet
  facet normal 0 0 1
    outer loop
      vertex 43.9526 71.1718 0
      vertex 45.5474 64.0096 0
      vertex 47.4526 65.1096 0
    endloop
  endfacet
  facet normal 0 0 1
    outer loop
      vertex 43.9526 71.1718 0
      vertex 42.0474 70.0718 0
      vertex 45.5474 64.0096 0
    endloop
  endfacet
  facet normal 0 0 -1
    outer loop
      vertex 43.9526 71.1718 4.8
      vertex 47.4526 65.1096 4.8
      vertex 45.5474 64.0096 4.8
    endloop
  endfacet
  facet normal 0 -0 -1
    outer loop
      vertex 43.9526 71.1718 4.8
      vertex 45.5474 64.0096 4.8
      vertex 42.0474 70.0718 4.8
    endloop
  endfacet
  facet normal -0.866026 -0.499999 0
    outer loop
      vertex 43.9526 71.1718 0
      vertex 47.4526 65.1096 0
      vertex 47.4526 65.1096 4.8
    endloop
  endfacet
  facet normal -0.866026 -0.499999 0
    outer loop
      vertex 43.9526 71.1718 0
      vertex 47.4526 65.1096 4.8
      vertex 43.9526 71.1718 4.8
    endloop
  endfacet
  facet normal -0.499999 0.866026 0
    outer loop
      vertex 47.4526 65.1096 0
      vertex 45.5474 64.0096 0
      vertex 45.5474 64.0096 4.8
    endloop
  endfacet
  facet normal -0.499999 0.866026 0
    outer loop
      vertex 47.4526 65.1096 0
      vertex 45.5474 64.0096 4.8
      vertex 47.4526 65.1096 4.8
    endloop
  endfacet
  facet normal 0.866026 0.499999 0
    outer loop
      vertex 45.5474 64.0096 0
      vertex 42.0474 70.0718 0
      vertex 42.0474 70.0718 4.8
    endloop
  endfacet
  facet normal 0.866026 0.499999 -0
    outer loop
      vertex 45.5474 64.0096 0
      vertex 42.0474 70.0718 4.8
      vertex 45.5474 64.0096 4.8
    endloop
  endfacet
  facet normal 0.499999 -0.866026 0
    outer loop
      vertex 42.0474 70.0718 0
      vertex 43.9526 71.1718 0
      vertex 43.9526 71.1718 4.8
    endloop
  endfacet
  facet normal 0.499999 -0.866026 0
    outer loop
      vertex 42.0474 70.0718 0
      vertex 43.9526 71.1718 4.8
      vertex 42.0474 70.0718 4.8
    endloop
  endfacet
  facet normal 0 0 1
    outer loop
      vertex 148.953 83.2961 0
      vertex 150.547 76.134 0
      vertex 152.453 77.234 0
    endloop
  endfacet
  facet normal 0 0 1
    outer loop
      vertex 148.953 83.2961 0
      vertex 147.047 82.1961 0
      vertex 150.547 76.134 0
    endloop
  endfacet
  facet normal 0 0 -1
    outer loop
      vertex 148.953 83.2961 4.8
      vertex 152.453 77.234 4.8
      vertex 150.547 76.134 4.8
    endloop
  endfacet
  facet normal 0 -0 -1
    outer loop
      vertex 148.953 83.2961 4.8
      vertex 150.547 76.134 4.8
      vertex 147.047 82.1961 4.8
    endloop
  endfacet
  facet normal -0.866023 -0.500005 0
    outer loop
      vertex 148.953 83.2961 0
      vertex 152.453 77.234 0
      vertex 152.453 77.234 4.8
    endloop
  endfacet
  facet normal -0.866023 -0.500005 0
    outer loop
      vertex 148.953 83.2961 0
      vertex 152.453 77.234 4.8
      vertex 148.953 83.2961 4.8
    endloop
  endfacet
  facet normal -0.500005 0.866023 0
    outer loop
      vertex 152.453 77.234 0
      vertex 150.547 76.134 0
      vertex 150.547 76.134 4.8
    endloop
  endfacet
  facet normal -0.500005 0.866023 0
    outer loop
      vertex 152.453 77.234 0
      vertex 150.547 76.134 4.8
      vertex 152.453 77.234 4.8
    endloop
  endfacet
  facet normal 0.866023 0.500005 0
    outer loop
      vertex 150.547 76.134 0
      vertex 147.047 82.1961 0
      vertex 147.047 82.1961 4.8
    endloop
  endfacet
  facet normal 0.866023 0.500005 -0
    outer loop
      vertex 150.547 76.134 0
      vertex 147.047 82.1961 4.8
      vertex 150.547 76.134 4.8
    endloop
  endfacet
  facet normal 0.500005 -0.866023 0
    outer loop
      vertex 147.047 82.1961 0
      vertex 148.953 83.2961 0
      vertex 148.953 83.2961 4.8
    endloop
  endfacet
  facet normal 0.500005 -0.866023 0
    outer loop
      vertex 147.047 82.1961 0
      vertex 148.953 83.2961 4.8
      vertex 147.047 82.1961 4.8
    endloop
  endfacet
  facet normal 0 0 1
    outer loop
      vertex 33.4526 65.1096 0
      vertex 35.0474 57.9474 0
      vertex 36.9526 59.0474 0
    endloop
  endfacet
  facet normal 0 0 1
    outer loop
      vertex 33.4526 65.1096 0
      vertex 31.5474 64.0096 0
      vertex 35.0474 57.9474 0
    endloop
  endfacet
  facet normal 0 0 -1
    outer loop
      vertex 33.4526 65.1096 4.8
      vertex 36.9526 59.0474 4.8
      vertex 35.0474 57.9474 4.8
    endloop
  endfacet
  facet normal 0 -0 -1
    outer loop
      vertex 33.4526 65.1096 4.8
      vertex 35.0474 57.9474 4.8
      vertex 31.5474 64.0096 4.8
    endloop
  endfacet
  facet normal -0.866026 -0.499999 0
    outer loop
      vertex 33.4526 65.1096 0
      vertex 36.9526 59.0474 0
      vertex 36.9526 59.0474 4.8
    endloop
  endfacet
  facet normal -0.866026 -0.499999 0
    outer loop
      vertex 33.4526 65.1096 0
      vertex 36.9526 59.0474 4.8
      vertex 33.4526 65.1096 4.8
    endloop
  endfacet
  facet normal -0.499999 0.866026 0
    outer loop
      vertex 36.9526 59.0474 0
      vertex 35.0474 57.9474 0
      vertex 35.0474 57.9474 4.8
    endloop
  endfacet
  facet normal -0.499999 0.866026 0
    outer loop
      vertex 36.9526 59.0474 0
      vertex 35.0474 57.9474 4.8
      vertex 36.9526 59.0474 4.8
    endloop
  endfacet
  facet normal 0.866026 0.499999 0
    outer loop
      vertex 35.0474 57.9474 0
      vertex 31.5474 64.0096 0
      vertex 31.5474 64.0096 4.8
    endloop
  endfacet
  facet normal 0.866026 0.499999 -0
    outer loop
      vertex 35.0474 57.9474 0
      vertex 31.5474 64.0096 4.8
      vertex 35.0474 57.9474 4.8
    endloop
  endfacet
  facet normal 0.499999 -0.866026 0
    outer loop
      vertex 31.5474 64.0096 0
      vertex 33.4526 65.1096 0
      vertex 33.4526 65.1096 4.8
    endloop
  endfacet
  facet normal 0.499999 -0.866026 0
    outer loop
      vertex 31.5474 64.0096 0
      vertex 33.4526 65.1096 4.8
      vertex 31.5474 64.0096 4.8
    endloop
  endfacet
  facet normal 0 0 1
    outer loop
      vertex 12.4526 52.9852 0
      vertex 14.0474 45.8231 0
      vertex 15.9526 46.9231 0
    endloop
  endfacet
  facet normal 0 0 1
    outer loop
      vertex 12.4526 52.9852 0
      vertex 10.5474 51.8852 0
      vertex 14.0474 45.8231 0
    endloop
  endfacet
  facet normal 0 0 -1
    outer loop
      vertex 12.4526 52.9852 4.8
      vertex 15.9526 46.9231 4.8
      vertex 14.0474 45.8231 4.8
    endloop
  endfacet
  facet normal 0 -0 -1
    outer loop
      vertex 12.4526 52.9852 4.8
      vertex 14.0474 45.8231 4.8
      vertex 10.5474 51.8852 4.8
    endloop
  endfacet
  facet normal -0.866023 -0.500005 0
    outer loop
      vertex 12.4526 52.9852 0
      vertex 15.9526 46.9231 0
      vertex 15.9526 46.9231 4.8
    endloop
  endfacet
  facet normal -0.866023 -0.500005 0
    outer loop
      vertex 12.4526 52.9852 0
      vertex 15.9526 46.9231 4.8
      vertex 12.4526 52.9852 4.8
    endloop
  endfacet
  facet normal -0.500005 0.866023 0
    outer loop
      vertex 15.9526 46.9231 0
      vertex 14.0474 45.8231 0
      vertex 14.0474 45.8231 4.8
    endloop
  endfacet
  facet normal -0.500005 0.866023 0
    outer loop
      vertex 15.9526 46.9231 0
      vertex 14.0474 45.8231 4.8
      vertex 15.9526 46.9231 4.8
    endloop
  endfacet
  facet normal 0.866023 0.500005 0
    outer loop
      vertex 14.0474 45.8231 0
      vertex 10.5474 51.8852 0
      vertex 10.5474 51.8852 4.8
    endloop
  endfacet
  facet normal 0.866023 0.500005 -0
    outer loop
      vertex 14.0474 45.8231 0
      vertex 10.5474 51.8852 4.8
      vertex 14.0474 45.8231 4.8
    endloop
  endfacet
  facet normal 0.500005 -0.866023 0
    outer loop
      vertex 10.5474 51.8852 0
      vertex 12.4526 52.9852 0
      vertex 12.4526 52.9852 4.8
    endloop
  endfacet
  facet normal 0.500005 -0.866023 0
    outer loop
      vertex 10.5474 51.8852 0
      vertex 12.4526 52.9852 4.8
      vertex 10.5474 51.8852 4.8
    endloop
  endfacet
  facet normal -0 0 1
    outer loop
      vertex 36 47.4731 0
      vertex 43 45.2731 0
      vertex 43 47.4731 0
    endloop
  endfacet
  facet normal 0 0 1
    outer loop
      vertex 36 47.4731 0
      vertex 36 45.2731 0
      vertex 43 45.2731 0
    endloop
  endfacet
  facet normal 0 0 -1
    outer loop
      vertex 36 47.4731 4.8
      vertex 43 47.4731 4.8
      vertex 43 45.2731 4.8
    endloop
  endfacet
  facet normal 0 0 -1
    outer loop
      vertex 36 47.4731 4.8
      vertex 43 45.2731 4.8
      vertex 36 45.2731 4.8
    endloop
  endfacet
  facet normal 0 -1 0
    outer loop
      vertex 36 47.4731 0
      vertex 43 47.4731 0
      vertex 43 47.4731 4.8
    endloop
  endfacet
  facet normal 0 -1 0
    outer loop
      vertex 36 47.4731 0
      vertex 43 47.4731 4.8
      vertex 36 47.4731 4.8
    endloop
  endfacet
  facet normal -1 0 0
    outer loop
      vertex 43 47.4731 0
      vertex 43 45.2731 0
      vertex 43 45.2731 4.8
    endloop
  endfacet
  facet normal -1 0 0
    outer loop
      vertex 43 47.4731 0
      vertex 43 45.2731 4.8
      vertex 43 47.4731 4.8
    endloop
  endfacet
  facet normal 0 1 0
    outer loop
      vertex 43 45.2731 0
      vertex 36 45.2731 0
      vertex 36 45.2731 4.8
    endloop
  endfacet
  facet normal 0 1 -0
    outer loop
      vertex 43 45.2731 0
      vertex 36 45.2731 4.8
      vertex 43 45.2731 4.8
    endloop
  endfacet
  facet normal 1 0 0
    outer loop
      vertex 36 45.2731 0
      vertex 36 47.4731 0
      vertex 36 47.4731 4.8
    endloop
  endfacet
  facet normal 1 0 0
    outer loop
      vertex 36 45.2731 0
      vertex 36 47.4731 4.8
      vertex 36 45.2731 4.8
    endloop
  endfacet
  facet normal 0 0 1
    outer loop
      vertex 94.5474 16.6122 0
      vertex 99.9526 21.5744 0
      vertex 98.0474 22.6744 0
    endloop
  endfacet
  facet normal -0 0 1
    outer loop
      vertex 94.5474 16.6122 0
      vertex 96.4526 15.5122 0
      vertex 99.9526 21.5744 0
    endloop
  endfacet
  facet normal 0 0 -1
    outer loop
      vertex 94.5474 16.6122 4.8
      vertex 98.0474 22.6744 4.8
      vertex 99.9526 21.5744 4.8
    endloop
  endfacet
  facet normal 0 0 -1
    outer loop
      vertex 94.5474 16.6122 4.8
      vertex 99.9526 21.5744 4.8
      vertex 96.4526 15.5122 4.8
    endloop
  endfacet
  facet normal 0.866026 -0.499999 0
    outer loop
      vertex 94.5474 16.6122 0
      vertex 98.0474 22.6744 0
      vertex 98.0474 22.6744 4.8
    endloop
  endfacet
  facet normal 0.866026 -0.499999 0
    outer loop
      vertex 94.5474 16.6122 0
      vertex 98.0474 22.6744 4.8
      vertex 94.5474 16.6122 4.8
    endloop
  endfacet
  facet normal -0.499999 -0.866026 0
    outer loop
      vertex 98.0474 22.6744 0
      vertex 99.9526 21.5744 0
      vertex 99.9526 21.5744 4.8
    endloop
  endfacet
  facet normal -0.499999 -0.866026 0
    outer loop
      vertex 98.0474 22.6744 0
      vertex 99.9526 21.5744 4.8
      vertex 98.0474 22.6744 4.8
    endloop
  endfacet
  facet normal -0.866026 0.499999 0
    outer loop
      vertex 99.9526 21.5744 0
      vertex 96.4526 15.5122 0
      vertex 96.4526 15.5122 4.8
    endloop
  endfacet
  facet normal -0.866026 0.499999 0
    outer loop
      vertex 99.9526 21.5744 0
      vertex 96.4526 15.5122 4.8
      vertex 99.9526 21.5744 4.8
    endloop
  endfacet
  facet normal 0.499999 0.866026 0
    outer loop
      vertex 96.4526 15.5122 0
      vertex 94.5474 16.6122 0
      vertex 94.5474 16.6122 4.8
    endloop
  endfacet
  facet normal 0.499999 0.866026 -0
    outer loop
      vertex 96.4526 15.5122 0
      vertex 94.5474 16.6122 4.8
      vertex 96.4526 15.5122 4.8
    endloop
  endfacet
  facet normal -0 0 1
    outer loop
      vertex 130.5 77.784 0
      vertex 137.5 75.584 0
      vertex 137.5 77.784 0
    endloop
  endfacet
  facet normal 0 0 1
    outer loop
      vertex 130.5 77.784 0
      vertex 130.5 75.584 0
      vertex 137.5 75.584 0
    endloop
  endfacet
  facet normal 0 0 -1
    outer loop
      vertex 130.5 77.784 4.8
      vertex 137.5 77.784 4.8
      vertex 137.5 75.584 4.8
    endloop
  endfacet
  facet normal 0 0 -1
    outer loop
      vertex 130.5 77.784 4.8
      vertex 137.5 75.584 4.8
      vertex 130.5 75.584 4.8
    endloop
  endfacet
  facet normal 0 -1 0
    outer loop
      vertex 130.5 77.784 0
      vertex 137.5 77.784 0
      vertex 137.5 77.784 4.8
    endloop
  endfacet
  facet normal 0 -1 0
    outer loop
      vertex 130.5 77.784 0
      vertex 137.5 77.784 4.8
      vertex 130.5 77.784 4.8
    endloop
  endfacet
  facet normal -1 0 0
    outer loop
      vertex 137.5 77.784 0
      vertex 137.5 75.584 0
      vertex 137.5 75.584 4.8
    endloop
  endfacet
  facet normal -1 0 0
    outer loop
      vertex 137.5 77.784 0
      vertex 137.5 75.584 4.8
      vertex 137.5 77.784 4.8
    endloop
  endfacet
  facet normal 0 1 0
    outer loop
      vertex 137.5 75.584 0
      vertex 130.5 75.584 0
      vertex 130.5 75.584 4.8
    endloop
  endfacet
  facet normal 0 1 -0
    outer loop
      vertex 137.5 75.584 0
      vertex 130.5 75.584 4.8
      vertex 137.5 75.584 4.8
    endloop
  endfacet
  facet normal 1 0 0
    outer loop
      vertex 130.5 75.584 0
      vertex 130.5 77.784 0
      vertex 130.5 77.784 4.8
    endloop
  endfacet
  facet normal 1 0 0
    outer loop
      vertex 130.5 75.584 0
      vertex 130.5 77.784 4.8
      vertex 130.5 75.584 4.8
    endloop
  endfacet
  facet normal 0 0 1
    outer loop
      vertex 115.547 40.8609 0
      vertex 120.953 45.8231 0
      vertex 119.047 46.9231 0
    endloop
  endfacet
  facet normal -0 0 1
    outer loop
      vertex 115.547 40.8609 0
      vertex 117.453 39.7609 0
      vertex 120.953 45.8231 0
    endloop
  endfacet
  facet normal 0 0 -1
    outer loop
      vertex 115.547 40.8609 4.8
      vertex 119.047 46.9231 4.8
      vertex 120.953 45.8231 4.8
    endloop
  endfacet
  facet normal 0 0 -1
    outer loop
      vertex 115.547 40.8609 4.8
      vertex 120.953 45.8231 4.8
      vertex 117.453 39.7609 4.8
    endloop
  endfacet
  facet normal 0.866026 -0.499999 0
    outer loop
      vertex 115.547 40.8609 0
      vertex 119.047 46.9231 0
      vertex 119.047 46.9231 4.8
    endloop
  endfacet
  facet normal 0.866026 -0.499999 0
    outer loop
      vertex 115.547 40.8609 0
      vertex 119.047 46.9231 4.8
      vertex 115.547 40.8609 4.8
    endloop
  endfacet
  facet normal -0.499999 -0.866026 0
    outer loop
      vertex 119.047 46.9231 0
      vertex 120.953 45.8231 0
      vertex 120.953 45.8231 4.8
    endloop
  endfacet
  facet normal -0.499999 -0.866026 0
    outer loop
      vertex 119.047 46.9231 0
      vertex 120.953 45.8231 4.8
      vertex 119.047 46.9231 4.8
    endloop
  endfacet
  facet normal -0.866026 0.499999 0
    outer loop
      vertex 120.953 45.8231 0
      vertex 117.453 39.7609 0
      vertex 117.453 39.7609 4.8
    endloop
  endfacet
  facet normal -0.866026 0.499999 0
    outer loop
      vertex 120.953 45.8231 0
      vertex 117.453 39.7609 4.8
      vertex 120.953 45.8231 4.8
    endloop
  endfacet
  facet normal 0.499999 0.866026 0
    outer loop
      vertex 117.453 39.7609 0
      vertex 115.547 40.8609 0
      vertex 115.547 40.8609 4.8
    endloop
  endfacet
  facet normal 0.499999 0.866026 -0
    outer loop
      vertex 117.453 39.7609 0
      vertex 115.547 40.8609 4.8
      vertex 117.453 39.7609 4.8
    endloop
  endfacet
  facet normal -0 0 1
    outer loop
      vertex 36 35.3487 0
      vertex 43 33.1487 0
      vertex 43 35.3487 0
    endloop
  endfacet
  facet normal 0 0 1
    outer loop
      vertex 36 35.3487 0
      vertex 36 33.1487 0
      vertex 43 33.1487 0
    endloop
  endfacet
  facet normal 0 0 -1
    outer loop
      vertex 36 35.3487 4.8
      vertex 43 35.3487 4.8
      vertex 43 33.1487 4.8
    endloop
  endfacet
  facet normal 0 0 -1
    outer loop
      vertex 36 35.3487 4.8
      vertex 43 33.1487 4.8
      vertex 36 33.1487 4.8
    endloop
  endfacet
  facet normal 0 -1 0
    outer loop
      vertex 36 35.3487 0
      vertex 43 35.3487 0
      vertex 43 35.3487 4.8
    endloop
  endfacet
  facet normal 0 -1 0
    outer loop
      vertex 36 35.3487 0
      vertex 43 35.3487 4.8
      vertex 36 35.3487 4.8
    endloop
  endfacet
  facet normal -1 0 0
    outer loop
      vertex 43 35.3487 0
      vertex 43 33.1487 0
      vertex 43 33.1487 4.8
    endloop
  endfacet
  facet normal -1 0 0
    outer loop
      vertex 43 35.3487 0
      vertex 43 33.1487 4.8
      vertex 43 35.3487 4.8
    endloop
  endfacet
  facet normal 0 1 0
    outer loop
      vertex 43 33.1487 0
      vertex 36 33.1487 0
      vertex 36 33.1487 4.8
    endloop
  endfacet
  facet normal 0 1 -0
    outer loop
      vertex 43 33.1487 0
      vertex 36 33.1487 4.8
      vertex 43 33.1487 4.8
    endloop
  endfacet
  facet normal 1 0 0
    outer loop
      vertex 36 33.1487 0
      vertex 36 35.3487 0
      vertex 36 35.3487 4.8
    endloop
  endfacet
  facet normal 1 0 0
    outer loop
      vertex 36 33.1487 0
      vertex 36 35.3487 4.8
      vertex 36 33.1487 4.8
    endloop
  endfacet
  facet normal 0 0 1
    outer loop
      vertex 10.5474 89.3583 0
      vertex 15.9526 94.3205 0
      vertex 14.0474 95.4205 0
    endloop
  endfacet
  facet normal -0 0 1
    outer loop
      vertex 10.5474 89.3583 0
      vertex 12.4526 88.2583 0
      vertex 15.9526 94.3205 0
    endloop
  endfacet
  facet normal 0 0 -1
    outer loop
      vertex 10.5474 89.3583 4.8
      vertex 14.0474 95.4205 4.8
      vertex 15.9526 94.3205 4.8
    endloop
  endfacet
  facet normal 0 0 -1
    outer loop
      vertex 10.5474 89.3583 4.8
      vertex 15.9526 94.3205 4.8
      vertex 12.4526 88.2583 4.8
    endloop
  endfacet
  facet normal 0.866026 -0.499999 0
    outer loop
      vertex 10.5474 89.3583 0
      vertex 14.0474 95.4205 0
      vertex 14.0474 95.4205 4.8
    endloop
  endfacet
  facet normal 0.866026 -0.499999 0
    outer loop
      vertex 10.5474 89.3583 0
      vertex 14.0474 95.4205 4.8
      vertex 10.5474 89.3583 4.8
    endloop
  endfacet
  facet normal -0.499999 -0.866026 0
    outer loop
      vertex 14.0474 95.4205 0
      vertex 15.9526 94.3205 0
      vertex 15.9526 94.3205 4.8
    endloop
  endfacet
  facet normal -0.499999 -0.866026 0
    outer loop
      vertex 14.0474 95.4205 0
      vertex 15.9526 94.3205 4.8
      vertex 14.0474 95.4205 4.8
    endloop
  endfacet
  facet normal -0.866026 0.499999 0
    outer loop
      vertex 15.9526 94.3205 0
      vertex 12.4526 88.2583 0
      vertex 12.4526 88.2583 4.8
    endloop
  endfacet
  facet normal -0.866026 0.499999 0
    outer loop
      vertex 15.9526 94.3205 0
      vertex 12.4526 88.2583 4.8
      vertex 15.9526 94.3205 4.8
    endloop
  endfacet
  facet normal 0.499999 0.866026 0
    outer loop
      vertex 12.4526 88.2583 0
      vertex 10.5474 89.3583 0
      vertex 10.5474 89.3583 4.8
    endloop
  endfacet
  facet normal 0.499999 0.866026 -0
    outer loop
      vertex 12.4526 88.2583 0
      vertex 10.5474 89.3583 4.8
      vertex 12.4526 88.2583 4.8
    endloop
  endfacet
  facet normal 0 0 1
    outer loop
      vertex 136.547 77.234 0
      vertex 141.953 82.1961 0
      vertex 140.047 83.2961 0
    endloop
  endfacet
  facet normal -0 0 1
    outer loop
      vertex 136.547 77.234 0
      vertex 138.453 76.134 0
      vertex 141.953 82.1961 0
    endloop
  endfacet
  facet normal 0 0 -1
    outer loop
      vertex 136.547 77.234 4.8
      vertex 140.047 83.2961 4.8
      vertex 141.953 82.1961 4.8
    endloop
  endfacet
  facet normal 0 0 -1
    outer loop
      vertex 136.547 77.234 4.8
      vertex 141.953 82.1961 4.8
      vertex 138.453 76.134 4.8
    endloop
  endfacet
  facet normal 0.866023 -0.500005 0
    outer loop
      vertex 136.547 77.234 0
      vertex 140.047 83.2961 0
      vertex 140.047 83.2961 4.8
    endloop
  endfacet
  facet normal 0.866023 -0.500005 0
    outer loop
      vertex 136.547 77.234 0
      vertex 140.047 83.2961 4.8
      vertex 136.547 77.234 4.8
    endloop
  endfacet
  facet normal -0.500005 -0.866023 0
    outer loop
      vertex 140.047 83.2961 0
      vertex 141.953 82.1961 0
      vertex 141.953 82.1961 4.8
    endloop
  endfacet
  facet normal -0.500005 -0.866023 0
    outer loop
      vertex 140.047 83.2961 0
      vertex 141.953 82.1961 4.8
      vertex 140.047 83.2961 4.8
    endloop
  endfacet
  facet normal -0.866023 0.500005 0
    outer loop
      vertex 141.953 82.1961 0
      vertex 138.453 76.134 0
      vertex 138.453 76.134 4.8
    endloop
  endfacet
  facet normal -0.866023 0.500005 0
    outer loop
      vertex 141.953 82.1961 0
      vertex 138.453 76.134 4.8
      vertex 141.953 82.1961 4.8
    endloop
  endfacet
  facet normal 0.500005 0.866023 0
    outer loop
      vertex 138.453 76.134 0
      vertex 136.547 77.234 0
      vertex 136.547 77.234 4.8
    endloop
  endfacet
  facet normal 0.500005 0.866023 -0
    outer loop
      vertex 138.453 76.134 0
      vertex 136.547 77.234 4.8
      vertex 138.453 76.134 4.8
    endloop
  endfacet
  facet normal 0 0 1
    outer loop
      vertex 168.047 83.2961 0
      vertex 173.453 88.2583 0
      vertex 171.547 89.3583 0
    endloop
  endfacet
  facet normal -0 0 1
    outer loop
      vertex 168.047 83.2961 0
      vertex 169.953 82.1961 0
      vertex 173.453 88.2583 0
    endloop
  endfacet
  facet normal 0 0 -1
    outer loop
      vertex 168.047 83.2961 4.8
      vertex 171.547 89.3583 4.8
      vertex 173.453 88.2583 4.8
    endloop
  endfacet
  facet normal 0 0 -1
    outer loop
      vertex 168.047 83.2961 4.8
      vertex 173.453 88.2583 4.8
      vertex 169.953 82.1961 4.8
    endloop
  endfacet
  facet normal 0.866026 -0.499999 0
    outer loop
      vertex 168.047 83.2961 0
      vertex 171.547 89.3583 0
      vertex 171.547 89.3583 4.8
    endloop
  endfacet
  facet normal 0.866026 -0.499999 0
    outer loop
      vertex 168.047 83.2961 0
      vertex 171.547 89.3583 4.8
      vertex 168.047 83.2961 4.8
    endloop
  endfacet
  facet normal -0.499999 -0.866026 0
    outer loop
      vertex 171.547 89.3583 0
      vertex 173.453 88.2583 0
      vertex 173.453 88.2583 4.8
    endloop
  endfacet
  facet normal -0.499999 -0.866026 0
    outer loop
      vertex 171.547 89.3583 0
      vertex 173.453 88.2583 4.8
      vertex 171.547 89.3583 4.8
    endloop
  endfacet
  facet normal -0.866026 0.499999 0
    outer loop
      vertex 173.453 88.2583 0
      vertex 169.953 82.1961 0
      vertex 169.953 82.1961 4.8
    endloop
  endfacet
  facet normal -0.866026 0.499999 0
    outer loop
      vertex 173.453 88.2583 0
      vertex 169.953 82.1961 4.8
      vertex 173.453 88.2583 4.8
    endloop
  endfacet
  facet normal 0.499999 0.866026 0
    outer loop
      vertex 169.953 82.1961 0
      vertex 168.047 83.2961 0
      vertex 168.047 83.2961 4.8
    endloop
  endfacet
  facet normal 0.499999 0.866026 -0
    outer loop
      vertex 169.953 82.1961 0
      vertex 168.047 83.2961 4.8
      vertex 169.953 82.1961 4.8
    endloop
  endfacet
  facet normal -0 0 1
    outer loop
      vertex 25.5 89.9083 0
      vertex 32.5 87.7083 0
      vertex 32.5 89.9083 0
    endloop
  endfacet
  facet normal 0 0 1
    outer loop
      vertex 25.5 89.9083 0
      vertex 25.5 87.7083 0
      vertex 32.5 87.7083 0
    endloop
  endfacet
  facet normal 0 0 -1
    outer loop
      vertex 25.5 89.9083 4.8
      vertex 32.5 89.9083 4.8
      vertex 32.5 87.7083 4.8
    endloop
  endfacet
  facet normal 0 0 -1
    outer loop
      vertex 25.5 89.9083 4.8
      vertex 32.5 87.7083 4.8
      vertex 25.5 87.7083 4.8
    endloop
  endfacet
  facet normal 0 -1 0
    outer loop
      vertex 25.5 89.9083 0
      vertex 32.5 89.9083 0
      vertex 32.5 89.9083 4.8
    endloop
  endfacet
  facet normal 0 -1 0
    outer loop
      vertex 25.5 89.9083 0
      vertex 32.5 89.9083 4.8
      vertex 25.5 89.9083 4.8
    endloop
  endfacet
  facet normal -1 0 0
    outer loop
      vertex 32.5 89.9083 0
      vertex 32.5 87.7083 0
      vertex 32.5 87.7083 4.8
    endloop
  endfacet
  facet normal -1 0 0
    outer loop
      vertex 32.5 89.9083 0
      vertex 32.5 87.7083 4.8
      vertex 32.5 89.9083 4.8
    endloop
  endfacet
  facet normal 0 1 0
    outer loop
      vertex 32.5 87.7083 0
      vertex 25.5 87.7083 0
      vertex 25.5 87.7083 4.8
    endloop
  endfacet
  facet normal 0 1 -0
    outer loop
      vertex 32.5 87.7083 0
      vertex 25.5 87.7083 4.8
      vertex 32.5 87.7083 4.8
    endloop
  endfacet
  facet normal 1 0 0
    outer loop
      vertex 25.5 87.7083 0
      vertex 25.5 89.9083 0
      vertex 25.5 89.9083 4.8
    endloop
  endfacet
  facet normal 1 0 0
    outer loop
      vertex 25.5 87.7083 0
      vertex 25.5 89.9083 4.8
      vertex 25.5 87.7083 4.8
    endloop
  endfacet
  facet normal -0 0 1
    outer loop
      vertex 99 47.4731 0
      vertex 106 45.2731 0
      vertex 106 47.4731 0
    endloop
  endfacet
  facet normal 0 0 1
    outer loop
      vertex 99 47.4731 0
      vertex 99 45.2731 0
      vertex 106 45.2731 0
    endloop
  endfacet
  facet normal 0 0 -1
    outer loop
      vertex 99 47.4731 4.8
      vertex 106 47.4731 4.8
      vertex 106 45.2731 4.8
    endloop
  endfacet
  facet normal 0 0 -1
    outer loop
      vertex 99 47.4731 4.8
      vertex 106 45.2731 4.8
      vertex 99 45.2731 4.8
    endloop
  endfacet
  facet normal 0 -1 0
    outer loop
      vertex 99 47.4731 0
      vertex 106 47.4731 0
      vertex 106 47.4731 4.8
    endloop
  endfacet
  facet normal 0 -1 0
    outer loop
      vertex 99 47.4731 0
      vertex 106 47.4731 4.8
      vertex 99 47.4731 4.8
    endloop
  endfacet
  facet normal -1 0 0
    outer loop
      vertex 106 47.4731 0
      vertex 106 45.2731 0
      vertex 106 45.2731 4.8
    endloop
  endfacet
  facet normal -1 0 0
    outer loop
      vertex 106 47.4731 0
      vertex 106 45.2731 4.8
      vertex 106 47.4731 4.8
    endloop
  endfacet
  facet normal 0 1 0
    outer loop
      vertex 106 45.2731 0
      vertex 99 45.2731 0
      vertex 99 45.2731 4.8
    endloop
  endfacet
  facet normal 0 1 -0
    outer loop
      vertex 106 45.2731 0
      vertex 99 45.2731 4.8
      vertex 106 45.2731 4.8
    endloop
  endfacet
  facet normal 1 0 0
    outer loop
      vertex 99 45.2731 0
      vertex 99 47.4731 0
      vertex 99 47.4731 4.8
    endloop
  endfacet
  facet normal 1 0 0
    outer loop
      vertex 99 45.2731 0
      vertex 99 47.4731 4.8
      vertex 99 45.2731 4.8
    endloop
  endfacet
  facet normal -0 0 1
    outer loop
      vertex 151.5 65.6596 0
      vertex 158.5 63.4596 0
      vertex 158.5 65.6596 0
    endloop
  endfacet
  facet normal 0 0 1
    outer loop
      vertex 151.5 65.6596 0
      vertex 151.5 63.4596 0
      vertex 158.5 63.4596 0
    endloop
  endfacet
  facet normal 0 0 -1
    outer loop
      vertex 151.5 65.6596 4.8
      vertex 158.5 65.6596 4.8
      vertex 158.5 63.4596 4.8
    endloop
  endfacet
  facet normal 0 0 -1
    outer loop
      vertex 151.5 65.6596 4.8
      vertex 158.5 63.4596 4.8
      vertex 151.5 63.4596 4.8
    endloop
  endfacet
  facet normal 0 -1 0
    outer loop
      vertex 151.5 65.6596 0
      vertex 158.5 65.6596 0
      vertex 158.5 65.6596 4.8
    endloop
  endfacet
  facet normal 0 -1 0
    outer loop
      vertex 151.5 65.6596 0
      vertex 158.5 65.6596 4.8
      vertex 151.5 65.6596 4.8
    endloop
  endfacet
  facet normal -1 0 0
    outer loop
      vertex 158.5 65.6596 0
      vertex 158.5 63.4596 0
      vertex 158.5 63.4596 4.8
    endloop
  endfacet
  facet normal -1 0 0
    outer loop
      vertex 158.5 65.6596 0
      vertex 158.5 63.4596 4.8
      vertex 158.5 65.6596 4.8
    endloop
  endfacet
  facet normal 0 1 0
    outer loop
      vertex 158.5 63.4596 0
      vertex 151.5 63.4596 0
      vertex 151.5 63.4596 4.8
    endloop
  endfacet
  facet normal 0 1 -0
    outer loop
      vertex 158.5 63.4596 0
      vertex 151.5 63.4596 4.8
      vertex 158.5 63.4596 4.8
    endloop
  endfacet
  facet normal 1 0 0
    outer loop
      vertex 151.5 63.4596 0
      vertex 151.5 65.6596 0
      vertex 151.5 65.6596 4.8
    endloop
  endfacet
  facet normal 1 0 0
    outer loop
      vertex 151.5 63.4596 0
      vertex 151.5 65.6596 4.8
      vertex 151.5 63.4596 4.8
    endloop
  endfacet
  facet normal 0 0 1
    outer loop
      vertex 64.9526 59.0474 0
      vertex 66.5474 51.8852 0
      vertex 68.4526 52.9852 0
    endloop
  endfacet
  facet normal 0 0 1
    outer loop
      vertex 64.9526 59.0474 0
      vertex 63.0474 57.9474 0
      vertex 66.5474 51.8852 0
    endloop
  endfacet
  facet normal 0 0 -1
    outer loop
      vertex 64.9526 59.0474 4.8
      vertex 68.4526 52.9852 4.8
      vertex 66.5474 51.8852 4.8
    endloop
  endfacet
  facet normal 0 -0 -1
    outer loop
      vertex 64.9526 59.0474 4.8
      vertex 66.5474 51.8852 4.8
      vertex 63.0474 57.9474 4.8
    endloop
  endfacet
  facet normal -0.866026 -0.499999 0
    outer loop
      vertex 64.9526 59.0474 0
      vertex 68.4526 52.9852 0
      vertex 68.4526 52.9852 4.8
    endloop
  endfacet
  facet normal -0.866026 -0.499999 0
    outer loop
      vertex 64.9526 59.0474 0
      vertex 68.4526 52.9852 4.8
      vertex 64.9526 59.0474 4.8
    endloop
  endfacet
  facet normal -0.499999 0.866026 0
    outer loop
      vertex 68.4526 52.9852 0
      vertex 66.5474 51.8852 0
      vertex 66.5474 51.8852 4.8
    endloop
  endfacet
  facet normal -0.499999 0.866026 0
    outer loop
      vertex 68.4526 52.9852 0
      vertex 66.5474 51.8852 4.8
      vertex 68.4526 52.9852 4.8
    endloop
  endfacet
  facet normal 0.866026 0.499999 0
    outer loop
      vertex 66.5474 51.8852 0
      vertex 63.0474 57.9474 0
      vertex 63.0474 57.9474 4.8
    endloop
  endfacet
  facet normal 0.866026 0.499999 -0
    outer loop
      vertex 66.5474 51.8852 0
      vertex 63.0474 57.9474 4.8
      vertex 66.5474 51.8852 4.8
    endloop
  endfacet
  facet normal 0.499999 -0.866026 0
    outer loop
      vertex 63.0474 57.9474 0
      vertex 64.9526 59.0474 0
      vertex 64.9526 59.0474 4.8
    endloop
  endfacet
  facet normal 0.499999 -0.866026 0
    outer loop
      vertex 63.0474 57.9474 0
      vertex 64.9526 59.0474 4.8
      vertex 63.0474 57.9474 4.8
    endloop
  endfacet
  facet normal 0 0 1
    outer loop
      vertex 159.453 89.3583 0
      vertex 161.047 82.1961 0
      vertex 162.953 83.2961 0
    endloop
  endfacet
  facet normal 0 0 1
    outer loop
      vertex 159.453 89.3583 0
      vertex 157.547 88.2583 0
      vertex 161.047 82.1961 0
    endloop
  endfacet
  facet normal 0 0 -1
    outer loop
      vertex 159.453 89.3583 4.8
      vertex 162.953 83.2961 4.8
      vertex 161.047 82.1961 4.8
    endloop
  endfacet
  facet normal 0 -0 -1
    outer loop
      vertex 159.453 89.3583 4.8
      vertex 161.047 82.1961 4.8
      vertex 157.547 88.2583 4.8
    endloop
  endfacet
  facet normal -0.866026 -0.499999 0
    outer loop
      vertex 159.453 89.3583 0
      vertex 162.953 83.2961 0
      vertex 162.953 83.2961 4.8
    endloop
  endfacet
  facet normal -0.866026 -0.499999 0
    outer loop
      vertex 159.453 89.3583 0
      vertex 162.953 83.2961 4.8
      vertex 159.453 89.3583 4.8
    endloop
  endfacet
  facet normal -0.499999 0.866026 0
    outer loop
      vertex 162.953 83.2961 0
      vertex 161.047 82.1961 0
      vertex 161.047 82.1961 4.8
    endloop
  endfacet
  facet normal -0.499999 0.866026 0
    outer loop
      vertex 162.953 83.2961 0
      vertex 161.047 82.1961 4.8
      vertex 162.953 83.2961 4.8
    endloop
  endfacet
  facet normal 0.866026 0.499999 0
    outer loop
      vertex 161.047 82.1961 0
      vertex 157.547 88.2583 0
      vertex 157.547 88.2583 4.8
    endloop
  endfacet
  facet normal 0.866026 0.499999 -0
    outer loop
      vertex 161.047 82.1961 0
      vertex 157.547 88.2583 4.8
      vertex 161.047 82.1961 4.8
    endloop
  endfacet
  facet normal 0.499999 -0.866026 0
    outer loop
      vertex 157.547 88.2583 0
      vertex 159.453 89.3583 0
      vertex 159.453 89.3583 4.8
    endloop
  endfacet
  facet normal 0.499999 -0.866026 0
    outer loop
      vertex 157.547 88.2583 0
      vertex 159.453 89.3583 4.8
      vertex 157.547 88.2583 4.8
    endloop
  endfacet
  facet normal 0 0 1
    outer loop
      vertex 52.5474 65.1096 0
      vertex 57.9526 70.0718 0
      vertex 56.0474 71.1718 0
    endloop
  endfacet
  facet normal -0 0 1
    outer loop
      vertex 52.5474 65.1096 0
      vertex 54.4526 64.0096 0
      vertex 57.9526 70.0718 0
    endloop
  endfacet
  facet normal 0 0 -1
    outer loop
      vertex 52.5474 65.1096 4.8
      vertex 56.0474 71.1718 4.8
      vertex 57.9526 70.0718 4.8
    endloop
  endfacet
  facet normal 0 0 -1
    outer loop
      vertex 52.5474 65.1096 4.8
      vertex 57.9526 70.0718 4.8
      vertex 54.4526 64.0096 4.8
    endloop
  endfacet
  facet normal 0.866026 -0.499999 0
    outer loop
      vertex 52.5474 65.1096 0
      vertex 56.0474 71.1718 0
      vertex 56.0474 71.1718 4.8
    endloop
  endfacet
  facet normal 0.866026 -0.499999 0
    outer loop
      vertex 52.5474 65.1096 0
      vertex 56.0474 71.1718 4.8
      vertex 52.5474 65.1096 4.8
    endloop
  endfacet
  facet normal -0.499999 -0.866026 0
    outer loop
      vertex 56.0474 71.1718 0
      vertex 57.9526 70.0718 0
      vertex 57.9526 70.0718 4.8
    endloop
  endfacet
  facet normal -0.499999 -0.866026 0
    outer loop
      vertex 56.0474 71.1718 0
      vertex 57.9526 70.0718 4.8
      vertex 56.0474 71.1718 4.8
    endloop
  endfacet
  facet normal -0.866026 0.499999 0
    outer loop
      vertex 57.9526 70.0718 0
      vertex 54.4526 64.0096 0
      vertex 54.4526 64.0096 4.8
    endloop
  endfacet
  facet normal -0.866026 0.499999 0
    outer loop
      vertex 57.9526 70.0718 0
      vertex 54.4526 64.0096 4.8
      vertex 57.9526 70.0718 4.8
    endloop
  endfacet
  facet normal 0.499999 0.866026 0
    outer loop
      vertex 54.4526 64.0096 0
      vertex 52.5474 65.1096 0
      vertex 52.5474 65.1096 4.8
    endloop
  endfacet
  facet normal 0.499999 0.866026 -0
    outer loop
      vertex 54.4526 64.0096 0
      vertex 52.5474 65.1096 4.8
      vertex 54.4526 64.0096 4.8
    endloop
  endfacet
  facet normal -0 0 1
    outer loop
      vertex 57 11.1 0
      vertex 64 8.9 0
      vertex 64 11.1 0
    endloop
  endfacet
  facet normal 0 0 1
    outer loop
      vertex 57 11.1 0
      vertex 57 8.9 0
      vertex 64 8.9 0
    endloop
  endfacet
  facet normal 0 0 -1
    outer loop
      vertex 57 11.1 4.8
      vertex 64 11.1 4.8
      vertex 64 8.9 4.8
    endloop
  endfacet
  facet normal 0 0 -1
    outer loop
      vertex 57 11.1 4.8
      vertex 64 8.9 4.8
      vertex 57 8.9 4.8
    endloop
  endfacet
  facet normal 0 -1 0
    outer loop
      vertex 57 11.1 0
      vertex 64 11.1 0
      vertex 64 11.1 4.8
    endloop
  endfacet
  facet normal 0 -1 0
    outer loop
      vertex 57 11.1 0
      vertex 64 11.1 4.8
      vertex 57 11.1 4.8
    endloop
  endfacet
  facet normal -1 0 0
    outer loop
      vertex 64 11.1 0
      vertex 64 8.9 0
      vertex 64 8.9 4.8
    endloop
  endfacet
  facet normal -1 0 0
    outer loop
      vertex 64 11.1 0
      vertex 64 8.9 4.8
      vertex 64 11.1 4.8
    endloop
  endfacet
  facet normal 0 1 0
    outer loop
      vertex 64 8.9 0
      vertex 57 8.9 0
      vertex 57 8.9 4.8
    endloop
  endfacet
  facet normal 0 1 -0
    outer loop
      vertex 64 8.9 0
      vertex 57 8.9 4.8
      vertex 64 8.9 4.8
    endloop
  endfacet
  facet normal 1 0 0
    outer loop
      vertex 57 8.9 0
      vertex 57 11.1 0
      vertex 57 11.1 4.8
    endloop
  endfacet
  facet normal 1 0 0
    outer loop
      vertex 57 8.9 0
      vertex 57 11.1 4.8
      vertex 57 8.9 4.8
    endloop
  endfacet
  facet normal 0 0 1
    outer loop
      vertex 148.953 22.6744 0
      vertex 150.547 15.5122 0
      vertex 152.453 16.6122 0
    endloop
  endfacet
  facet normal 0 0 1
    outer loop
      vertex 148.953 22.6744 0
      vertex 147.047 21.5744 0
      vertex 150.547 15.5122 0
    endloop
  endfacet
  facet normal 0 0 -1
    outer loop
      vertex 148.953 22.6744 4.8
      vertex 152.453 16.6122 4.8
      vertex 150.547 15.5122 4.8
    endloop
  endfacet
  facet normal 0 -0 -1
    outer loop
      vertex 148.953 22.6744 4.8
      vertex 150.547 15.5122 4.8
      vertex 147.047 21.5744 4.8
    endloop
  endfacet
  facet normal -0.866026 -0.499999 0
    outer loop
      vertex 148.953 22.6744 0
      vertex 152.453 16.6122 0
      vertex 152.453 16.6122 4.8
    endloop
  endfacet
  facet normal -0.866026 -0.499999 0
    outer loop
      vertex 148.953 22.6744 0
      vertex 152.453 16.6122 4.8
      vertex 148.953 22.6744 4.8
    endloop
  endfacet
  facet normal -0.499999 0.866026 0
    outer loop
      vertex 152.453 16.6122 0
      vertex 150.547 15.5122 0
      vertex 150.547 15.5122 4.8
    endloop
  endfacet
  facet normal -0.499999 0.866026 0
    outer loop
      vertex 152.453 16.6122 0
      vertex 150.547 15.5122 4.8
      vertex 152.453 16.6122 4.8
    endloop
  endfacet
  facet normal 0.866026 0.499999 0
    outer loop
      vertex 150.547 15.5122 0
      vertex 147.047 21.5744 0
      vertex 147.047 21.5744 4.8
    endloop
  endfacet
  facet normal 0.866026 0.499999 -0
    outer loop
      vertex 150.547 15.5122 0
      vertex 147.047 21.5744 4.8
      vertex 150.547 15.5122 4.8
    endloop
  endfacet
  facet normal 0.499999 -0.866026 0
    outer loop
      vertex 147.047 21.5744 0
      vertex 148.953 22.6744 0
      vertex 148.953 22.6744 4.8
    endloop
  endfacet
  facet normal 0.499999 -0.866026 0
    outer loop
      vertex 147.047 21.5744 0
      vertex 148.953 22.6744 4.8
      vertex 147.047 21.5744 4.8
    endloop
  endfacet
  facet normal 0 0 1
    outer loop
      vertex 78.8777 95.5502 0
      vertex 77.0475 94.3203 0
      vertex 78.9525 95.4207 0
    endloop
  endfacet
  facet normal 0 0 1
    outer loop
      vertex 78.8777 95.5502 0
      vertex 76.9727 94.4498 0
      vertex 77.0475 94.3203 0
    endloop
  endfacet
  facet normal 0 -0 -1
    outer loop
      vertex 78.8777 95.5502 4.8
      vertex 78.9525 95.4207 4.8
      vertex 77.0475 94.3203 4.8
    endloop
  endfacet
  facet normal 0 0 -1
    outer loop
      vertex 78.8777 95.5502 4.8
      vertex 77.0475 94.3203 4.8
      vertex 76.9727 94.4498 4.8
    endloop
  endfacet
  facet normal -0.865929 -0.500166 0
    outer loop
      vertex 78.8777 95.5502 0
      vertex 78.9525 95.4207 0
      vertex 78.9525 95.4207 4.8
    endloop
  endfacet
  facet normal -0.865929 -0.500166 0
    outer loop
      vertex 78.8777 95.5502 0
      vertex 78.9525 95.4207 4.8
      vertex 78.8777 95.5502 4.8
    endloop
  endfacet
  facet normal -0.500166 0.865929 0
    outer loop
      vertex 78.9525 95.4207 0
      vertex 77.0475 94.3203 0
      vertex 77.0475 94.3203 4.8
    endloop
  endfacet
  facet normal -0.500166 0.865929 0
    outer loop
      vertex 78.9525 95.4207 0
      vertex 77.0475 94.3203 4.8
      vertex 78.9525 95.4207 4.8
    endloop
  endfacet
  facet normal 0.865929 0.500166 0
    outer loop
      vertex 77.0475 94.3203 0
      vertex 76.9727 94.4498 0
      vertex 76.9727 94.4498 4.8
    endloop
  endfacet
  facet normal 0.865929 0.500166 -0
    outer loop
      vertex 77.0475 94.3203 0
      vertex 76.9727 94.4498 4.8
      vertex 77.0475 94.3203 4.8
    endloop
  endfacet
  facet normal 0.500166 -0.865929 0
    outer loop
      vertex 76.9727 94.4498 0
      vertex 78.8777 95.5502 0
      vertex 78.8777 95.5502 4.8
    endloop
  endfacet
  facet normal 0.500166 -0.865929 0
    outer loop
      vertex 76.9727 94.4498 0
      vertex 78.8777 95.5502 4.8
      vertex 76.9727 94.4498 4.8
    endloop
  endfacet
  facet normal 0 0 1
    outer loop
      vertex 52.5474 52.9852 0
      vertex 57.9526 57.9474 0
      vertex 56.0474 59.0474 0
    endloop
  endfacet
  facet normal -0 0 1
    outer loop
      vertex 52.5474 52.9852 0
      vertex 54.4526 51.8852 0
      vertex 57.9526 57.9474 0
    endloop
  endfacet
  facet normal 0 0 -1
    outer loop
      vertex 52.5474 52.9852 4.8
      vertex 56.0474 59.0474 4.8
      vertex 57.9526 57.9474 4.8
    endloop
  endfacet
  facet normal 0 0 -1
    outer loop
      vertex 52.5474 52.9852 4.8
      vertex 57.9526 57.9474 4.8
      vertex 54.4526 51.8852 4.8
    endloop
  endfacet
  facet normal 0.866026 -0.499999 0
    outer loop
      vertex 52.5474 52.9852 0
      vertex 56.0474 59.0474 0
      vertex 56.0474 59.0474 4.8
    endloop
  endfacet
  facet normal 0.866026 -0.499999 0
    outer loop
      vertex 52.5474 52.9852 0
      vertex 56.0474 59.0474 4.8
      vertex 52.5474 52.9852 4.8
    endloop
  endfacet
  facet normal -0.499999 -0.866026 0
    outer loop
      vertex 56.0474 59.0474 0
      vertex 57.9526 57.9474 0
      vertex 57.9526 57.9474 4.8
    endloop
  endfacet
  facet normal -0.499999 -0.866026 0
    outer loop
      vertex 56.0474 59.0474 0
      vertex 57.9526 57.9474 4.8
      vertex 56.0474 59.0474 4.8
    endloop
  endfacet
  facet normal -0.866026 0.499999 0
    outer loop
      vertex 57.9526 57.9474 0
      vertex 54.4526 51.8852 0
      vertex 54.4526 51.8852 4.8
    endloop
  endfacet
  facet normal -0.866026 0.499999 0
    outer loop
      vertex 57.9526 57.9474 0
      vertex 54.4526 51.8852 4.8
      vertex 57.9526 57.9474 4.8
    endloop
  endfacet
  facet normal 0.499999 0.866026 0
    outer loop
      vertex 54.4526 51.8852 0
      vertex 52.5474 52.9852 0
      vertex 52.5474 52.9852 4.8
    endloop
  endfacet
  facet normal 0.499999 0.866026 -0
    outer loop
      vertex 54.4526 51.8852 0
      vertex 52.5474 52.9852 4.8
      vertex 54.4526 51.8852 4.8
    endloop
  endfacet
  facet normal 0 0 1
    outer loop
      vertex 33.4526 77.234 0
      vertex 35.0474 70.0718 0
      vertex 36.9526 71.1718 0
    endloop
  endfacet
  facet normal 0 0 1
    outer loop
      vertex 33.4526 77.234 0
      vertex 31.5474 76.134 0
      vertex 35.0474 70.0718 0
    endloop
  endfacet
  facet normal 0 0 -1
    outer loop
      vertex 33.4526 77.234 4.8
      vertex 36.9526 71.1718 4.8
      vertex 35.0474 70.0718 4.8
    endloop
  endfacet
  facet normal 0 -0 -1
    outer loop
      vertex 33.4526 77.234 4.8
      vertex 35.0474 70.0718 4.8
      vertex 31.5474 76.134 4.8
    endloop
  endfacet
  facet normal -0.866026 -0.499999 0
    outer loop
      vertex 33.4526 77.234 0
      vertex 36.9526 71.1718 0
      vertex 36.9526 71.1718 4.8
    endloop
  endfacet
  facet normal -0.866026 -0.499999 0
    outer loop
      vertex 33.4526 77.234 0
      vertex 36.9526 71.1718 4.8
      vertex 33.4526 77.234 4.8
    endloop
  endfacet
  facet normal -0.499999 0.866026 0
    outer loop
      vertex 36.9526 71.1718 0
      vertex 35.0474 70.0718 0
      vertex 35.0474 70.0718 4.8
    endloop
  endfacet
  facet normal -0.499999 0.866026 0
    outer loop
      vertex 36.9526 71.1718 0
      vertex 35.0474 70.0718 4.8
      vertex 36.9526 71.1718 4.8
    endloop
  endfacet
  facet normal 0.866026 0.499999 0
    outer loop
      vertex 35.0474 70.0718 0
      vertex 31.5474 76.134 0
      vertex 31.5474 76.134 4.8
    endloop
  endfacet
  facet normal 0.866026 0.499999 -0
    outer loop
      vertex 35.0474 70.0718 0
      vertex 31.5474 76.134 4.8
      vertex 35.0474 70.0718 4.8
    endloop
  endfacet
  facet normal 0.499999 -0.866026 0
    outer loop
      vertex 31.5474 76.134 0
      vertex 33.4526 77.234 0
      vertex 33.4526 77.234 4.8
    endloop
  endfacet
  facet normal 0.499999 -0.866026 0
    outer loop
      vertex 31.5474 76.134 0
      vertex 33.4526 77.234 4.8
      vertex 31.5474 76.134 4.8
    endloop
  endfacet
  facet normal 0 0 1
    outer loop
      vertex 115.547 65.1096 0
      vertex 120.953 70.0718 0
      vertex 119.047 71.1718 0
    endloop
  endfacet
  facet normal -0 0 1
    outer loop
      vertex 115.547 65.1096 0
      vertex 117.453 64.0096 0
      vertex 120.953 70.0718 0
    endloop
  endfacet
  facet normal 0 0 -1
    outer loop
      vertex 115.547 65.1096 4.8
      vertex 119.047 71.1718 4.8
      vertex 120.953 70.0718 4.8
    endloop
  endfacet
  facet normal 0 0 -1
    outer loop
      vertex 115.547 65.1096 4.8
      vertex 120.953 70.0718 4.8
      vertex 117.453 64.0096 4.8
    endloop
  endfacet
  facet normal 0.866026 -0.499999 0
    outer loop
      vertex 115.547 65.1096 0
      vertex 119.047 71.1718 0
      vertex 119.047 71.1718 4.8
    endloop
  endfacet
  facet normal 0.866026 -0.499999 0
    outer loop
      vertex 115.547 65.1096 0
      vertex 119.047 71.1718 4.8
      vertex 115.547 65.1096 4.8
    endloop
  endfacet
  facet normal -0.499999 -0.866026 0
    outer loop
      vertex 119.047 71.1718 0
      vertex 120.953 70.0718 0
      vertex 120.953 70.0718 4.8
    endloop
  endfacet
  facet normal -0.499999 -0.866026 0
    outer loop
      vertex 119.047 71.1718 0
      vertex 120.953 70.0718 4.8
      vertex 119.047 71.1718 4.8
    endloop
  endfacet
  facet normal -0.866026 0.499999 0
    outer loop
      vertex 120.953 70.0718 0
      vertex 117.453 64.0096 0
      vertex 117.453 64.0096 4.8
    endloop
  endfacet
  facet normal -0.866026 0.499999 0
    outer loop
      vertex 120.953 70.0718 0
      vertex 117.453 64.0096 4.8
      vertex 120.953 70.0718 4.8
    endloop
  endfacet
  facet normal 0.499999 0.866026 0
    outer loop
      vertex 117.453 64.0096 0
      vertex 115.547 65.1096 0
      vertex 115.547 65.1096 4.8
    endloop
  endfacet
  facet normal 0.499999 0.866026 -0
    outer loop
      vertex 117.453 64.0096 0
      vertex 115.547 65.1096 4.8
      vertex 117.453 64.0096 4.8
    endloop
  endfacet
  facet normal -0 0 1
    outer loop
      vertex 130.5 89.9083 0
      vertex 137.5 87.7083 0
      vertex 137.5 89.9083 0
    endloop
  endfacet
  facet normal 0 0 1
    outer loop
      vertex 130.5 89.9083 0
      vertex 130.5 87.7083 0
      vertex 137.5 87.7083 0
    endloop
  endfacet
  facet normal 0 0 -1
    outer loop
      vertex 130.5 89.9083 4.8
      vertex 137.5 89.9083 4.8
      vertex 137.5 87.7083 4.8
    endloop
  endfacet
  facet normal 0 0 -1
    outer loop
      vertex 130.5 89.9083 4.8
      vertex 137.5 87.7083 4.8
      vertex 130.5 87.7083 4.8
    endloop
  endfacet
  facet normal 0 -1 0
    outer loop
      vertex 130.5 89.9083 0
      vertex 137.5 89.9083 0
      vertex 137.5 89.9083 4.8
    endloop
  endfacet
  facet normal 0 -1 0
    outer loop
      vertex 130.5 89.9083 0
      vertex 137.5 89.9083 4.8
      vertex 130.5 89.9083 4.8
    endloop
  endfacet
  facet normal -1 0 0
    outer loop
      vertex 137.5 89.9083 0
      vertex 137.5 87.7083 0
      vertex 137.5 87.7083 4.8
    endloop
  endfacet
  facet normal -1 0 0
    outer loop
      vertex 137.5 89.9083 0
      vertex 137.5 87.7083 4.8
      vertex 137.5 89.9083 4.8
    endloop
  endfacet
  facet normal 0 1 0
    outer loop
      vertex 137.5 87.7083 0
      vertex 130.5 87.7083 0
      vertex 130.5 87.7083 4.8
    endloop
  endfacet
  facet normal 0 1 -0
    outer loop
      vertex 137.5 87.7083 0
      vertex 130.5 87.7083 4.8
      vertex 137.5 87.7083 4.8
    endloop
  endfacet
  facet normal 1 0 0
    outer loop
      vertex 130.5 87.7083 0
      vertex 130.5 89.9083 0
      vertex 130.5 89.9083 4.8
    endloop
  endfacet
  facet normal 1 0 0
    outer loop
      vertex 130.5 87.7083 0
      vertex 130.5 89.9083 4.8
      vertex 130.5 87.7083 4.8
    endloop
  endfacet
  facet normal 0 0 1
    outer loop
      vertex 85.9526 46.9231 0
      vertex 87.5474 39.7609 0
      vertex 89.4526 40.8609 0
    endloop
  endfacet
  facet normal 0 0 1
    outer loop
      vertex 85.9526 46.9231 0
      vertex 84.0474 45.8231 0
      vertex 87.5474 39.7609 0
    endloop
  endfacet
  facet normal 0 0 -1
    outer loop
      vertex 85.9526 46.9231 4.8
      vertex 89.4526 40.8609 4.8
      vertex 87.5474 39.7609 4.8
    endloop
  endfacet
  facet normal 0 -0 -1
    outer loop
      vertex 85.9526 46.9231 4.8
      vertex 87.5474 39.7609 4.8
      vertex 84.0474 45.8231 4.8
    endloop
  endfacet
  facet normal -0.866026 -0.499999 0
    outer loop
      vertex 85.9526 46.9231 0
      vertex 89.4526 40.8609 0
      vertex 89.4526 40.8609 4.8
    endloop
  endfacet
  facet normal -0.866026 -0.499999 0
    outer loop
      vertex 85.9526 46.9231 0
      vertex 89.4526 40.8609 4.8
      vertex 85.9526 46.9231 4.8
    endloop
  endfacet
  facet normal -0.499999 0.866026 0
    outer loop
      vertex 89.4526 40.8609 0
      vertex 87.5474 39.7609 0
      vertex 87.5474 39.7609 4.8
    endloop
  endfacet
  facet normal -0.499999 0.866026 0
    outer loop
      vertex 89.4526 40.8609 0
      vertex 87.5474 39.7609 4.8
      vertex 89.4526 40.8609 4.8
    endloop
  endfacet
  facet normal 0.866026 0.499999 0
    outer loop
      vertex 87.5474 39.7609 0
      vertex 84.0474 45.8231 0
      vertex 84.0474 45.8231 4.8
    endloop
  endfacet
  facet normal 0.866026 0.499999 -0
    outer loop
      vertex 87.5474 39.7609 0
      vertex 84.0474 45.8231 4.8
      vertex 87.5474 39.7609 4.8
    endloop
  endfacet
  facet normal 0.499999 -0.866026 0
    outer loop
      vertex 84.0474 45.8231 0
      vertex 85.9526 46.9231 0
      vertex 85.9526 46.9231 4.8
    endloop
  endfacet
  facet normal 0.499999 -0.866026 0
    outer loop
      vertex 84.0474 45.8231 0
      vertex 85.9526 46.9231 4.8
      vertex 84.0474 45.8231 4.8
    endloop
  endfacet
  facet normal 0 0 1
    outer loop
      vertex 105.047 83.2961 0
      vertex 110.453 88.2583 0
      vertex 108.547 89.3583 0
    endloop
  endfacet
  facet normal -0 0 1
    outer loop
      vertex 105.047 83.2961 0
      vertex 106.953 82.1961 0
      vertex 110.453 88.2583 0
    endloop
  endfacet
  facet normal 0 0 -1
    outer loop
      vertex 105.047 83.2961 4.8
      vertex 108.547 89.3583 4.8
      vertex 110.453 88.2583 4.8
    endloop
  endfacet
  facet normal 0 0 -1
    outer loop
      vertex 105.047 83.2961 4.8
      vertex 110.453 88.2583 4.8
      vertex 106.953 82.1961 4.8
    endloop
  endfacet
  facet normal 0.866026 -0.499999 0
    outer loop
      vertex 105.047 83.2961 0
      vertex 108.547 89.3583 0
      vertex 108.547 89.3583 4.8
    endloop
  endfacet
  facet normal 0.866026 -0.499999 0
    outer loop
      vertex 105.047 83.2961 0
      vertex 108.547 89.3583 4.8
      vertex 105.047 83.2961 4.8
    endloop
  endfacet
  facet normal -0.499999 -0.866026 0
    outer loop
      vertex 108.547 89.3583 0
      vertex 110.453 88.2583 0
      vertex 110.453 88.2583 4.8
    endloop
  endfacet
  facet normal -0.499999 -0.866026 0
    outer loop
      vertex 108.547 89.3583 0
      vertex 110.453 88.2583 4.8
      vertex 108.547 89.3583 4.8
    endloop
  endfacet
  facet normal -0.866026 0.499999 0
    outer loop
      vertex 110.453 88.2583 0
      vertex 106.953 82.1961 0
      vertex 106.953 82.1961 4.8
    endloop
  endfacet
  facet normal -0.866026 0.499999 0
    outer loop
      vertex 110.453 88.2583 0
      vertex 106.953 82.1961 4.8
      vertex 110.453 88.2583 4.8
    endloop
  endfacet
  facet normal 0.499999 0.866026 0
    outer loop
      vertex 106.953 82.1961 0
      vertex 105.047 83.2961 0
      vertex 105.047 83.2961 4.8
    endloop
  endfacet
  facet normal 0.499999 0.866026 -0
    outer loop
      vertex 106.953 82.1961 0
      vertex 105.047 83.2961 4.8
      vertex 106.953 82.1961 4.8
    endloop
  endfacet
  facet normal 0 0 1
    outer loop
      vertex 31.5474 89.3583 0
      vertex 36.9526 94.3205 0
      vertex 35.0474 95.4205 0
    endloop
  endfacet
  facet normal -0 0 1
    outer loop
      vertex 31.5474 89.3583 0
      vertex 33.4526 88.2583 0
      vertex 36.9526 94.3205 0
    endloop
  endfacet
  facet normal 0 0 -1
    outer loop
      vertex 31.5474 89.3583 4.8
      vertex 35.0474 95.4205 4.8
      vertex 36.9526 94.3205 4.8
    endloop
  endfacet
  facet normal 0 0 -1
    outer loop
      vertex 31.5474 89.3583 4.8
      vertex 36.9526 94.3205 4.8
      vertex 33.4526 88.2583 4.8
    endloop
  endfacet
  facet normal 0.866026 -0.499999 0
    outer loop
      vertex 31.5474 89.3583 0
      vertex 35.0474 95.4205 0
      vertex 35.0474 95.4205 4.8
    endloop
  endfacet
  facet normal 0.866026 -0.499999 0
    outer loop
      vertex 31.5474 89.3583 0
      vertex 35.0474 95.4205 4.8
      vertex 31.5474 89.3583 4.8
    endloop
  endfacet
  facet normal -0.499999 -0.866026 0
    outer loop
      vertex 35.0474 95.4205 0
      vertex 36.9526 94.3205 0
      vertex 36.9526 94.3205 4.8
    endloop
  endfacet
  facet normal -0.499999 -0.866026 0
    outer loop
      vertex 35.0474 95.4205 0
      vertex 36.9526 94.3205 4.8
      vertex 35.0474 95.4205 4.8
    endloop
  endfacet
  facet normal -0.866026 0.499999 0
    outer loop
      vertex 36.9526 94.3205 0
      vertex 33.4526 88.2583 0
      vertex 33.4526 88.2583 4.8
    endloop
  endfacet
  facet normal -0.866026 0.499999 0
    outer loop
      vertex 36.9526 94.3205 0
      vertex 33.4526 88.2583 4.8
      vertex 36.9526 94.3205 4.8
    endloop
  endfacet
  facet normal 0.499999 0.866026 0
    outer loop
      vertex 33.4526 88.2583 0
      vertex 31.5474 89.3583 0
      vertex 31.5474 89.3583 4.8
    endloop
  endfacet
  facet normal 0.499999 0.866026 -0
    outer loop
      vertex 33.4526 88.2583 0
      vertex 31.5474 89.3583 4.8
      vertex 33.4526 88.2583 4.8
    endloop
  endfacet
  facet normal 0 0 1
    outer loop
      vertex 169.953 34.7987 0
      vertex 171.547 27.6365 0
      vertex 173.453 28.7365 0
    endloop
  endfacet
  facet normal 0 0 1
    outer loop
      vertex 169.953 34.7987 0
      vertex 168.047 33.6987 0
      vertex 171.547 27.6365 0
    endloop
  endfacet
  facet normal 0 0 -1
    outer loop
      vertex 169.953 34.7987 4.8
      vertex 173.453 28.7365 4.8
      vertex 171.547 27.6365 4.8
    endloop
  endfacet
  facet normal 0 -0 -1
    outer loop
      vertex 169.953 34.7987 4.8
      vertex 171.547 27.6365 4.8
      vertex 168.047 33.6987 4.8
    endloop
  endfacet
  facet normal -0.866026 -0.499999 0
    outer loop
      vertex 169.953 34.7987 0
      vertex 173.453 28.7365 0
      vertex 173.453 28.7365 4.8
    endloop
  endfacet
  facet normal -0.866026 -0.499999 0
    outer loop
      vertex 169.953 34.7987 0
      vertex 173.453 28.7365 4.8
      vertex 169.953 34.7987 4.8
    endloop
  endfacet
  facet normal -0.499999 0.866026 0
    outer loop
      vertex 173.453 28.7365 0
      vertex 171.547 27.6365 0
      vertex 171.547 27.6365 4.8
    endloop
  endfacet
  facet normal -0.499999 0.866026 0
    outer loop
      vertex 173.453 28.7365 0
      vertex 171.547 27.6365 4.8
      vertex 173.453 28.7365 4.8
    endloop
  endfacet
  facet normal 0.866026 0.499999 0
    outer loop
      vertex 171.547 27.6365 0
      vertex 168.047 33.6987 0
      vertex 168.047 33.6987 4.8
    endloop
  endfacet
  facet normal 0.866026 0.499999 -0
    outer loop
      vertex 171.547 27.6365 0
      vertex 168.047 33.6987 4.8
      vertex 171.547 27.6365 4.8
    endloop
  endfacet
  facet normal 0.499999 -0.866026 0
    outer loop
      vertex 168.047 33.6987 0
      vertex 169.953 34.7987 0
      vertex 169.953 34.7987 4.8
    endloop
  endfacet
  facet normal 0.499999 -0.866026 0
    outer loop
      vertex 168.047 33.6987 0
      vertex 169.953 34.7987 4.8
      vertex 168.047 33.6987 4.8
    endloop
  endfacet
  facet normal -0 0 1
    outer loop
      vertex 172.5 29.2865 0
      vertex 175.7 27.0865 0
      vertex 175.7 29.2865 0
    endloop
  endfacet
  facet normal 0 0 1
    outer loop
      vertex 172.5 29.2865 0
      vertex 172.5 27.0865 0
      vertex 175.7 27.0865 0
    endloop
  endfacet
  facet normal 0 0 -1
    outer loop
      vertex 172.5 29.2865 4.8
      vertex 175.7 29.2865 4.8
      vertex 175.7 27.0865 4.8
    endloop
  endfacet
  facet normal 0 0 -1
    outer loop
      vertex 172.5 29.2865 4.8
      vertex 175.7 27.0865 4.8
      vertex 172.5 27.0865 4.8
    endloop
  endfacet
  facet normal 0 -1 0
    outer loop
      vertex 172.5 29.2865 0
      vertex 175.7 29.2865 0
      vertex 175.7 29.2865 4.8
    endloop
  endfacet
  facet normal 0 -1 0
    outer loop
      vertex 172.5 29.2865 0
      vertex 175.7 29.2865 4.8
      vertex 172.5 29.2865 4.8
    endloop
  endfacet
  facet normal -1 0 0
    outer loop
      vertex 175.7 29.2865 0
      vertex 175.7 27.0865 0
      vertex 175.7 27.0865 4.8
    endloop
  endfacet
  facet normal -1 0 0
    outer loop
      vertex 175.7 29.2865 0
      vertex 175.7 27.0865 4.8
      vertex 175.7 29.2865 4.8
    endloop
  endfacet
  facet normal 0 1 0
    outer loop
      vertex 175.7 27.0865 0
      vertex 172.5 27.0865 0
      vertex 172.5 27.0865 4.8
    endloop
  endfacet
  facet normal 0 1 -0
    outer loop
      vertex 175.7 27.0865 0
      vertex 172.5 27.0865 4.8
      vertex 175.7 27.0865 4.8
    endloop
  endfacet
  facet normal 1 0 0
    outer loop
      vertex 172.5 27.0865 0
      vertex 172.5 29.2865 0
      vertex 172.5 29.2865 4.8
    endloop
  endfacet
  facet normal 1 0 0
    outer loop
      vertex 172.5 27.0865 0
      vertex 172.5 29.2865 4.8
      vertex 172.5 27.0865 4.8
    endloop
  endfacet
  facet normal 0 0 1
    outer loop
      vertex 22.9526 34.7987 0
      vertex 24.5474 27.6365 0
      vertex 26.4526 28.7365 0
    endloop
  endfacet
  facet normal 0 0 1
    outer loop
      vertex 22.9526 34.7987 0
      vertex 21.0474 33.6987 0
      vertex 24.5474 27.6365 0
    endloop
  endfacet
  facet normal 0 0 -1
    outer loop
      vertex 22.9526 34.7987 4.8
      vertex 26.4526 28.7365 4.8
      vertex 24.5474 27.6365 4.8
    endloop
  endfacet
  facet normal 0 -0 -1
    outer loop
      vertex 22.9526 34.7987 4.8
      vertex 24.5474 27.6365 4.8
      vertex 21.0474 33.6987 4.8
    endloop
  endfacet
  facet normal -0.866026 -0.499999 0
    outer loop
      vertex 22.9526 34.7987 0
      vertex 26.4526 28.7365 0
      vertex 26.4526 28.7365 4.8
    endloop
  endfacet
  facet normal -0.866026 -0.499999 0
    outer loop
      vertex 22.9526 34.7987 0
      vertex 26.4526 28.7365 4.8
      vertex 22.9526 34.7987 4.8
    endloop
  endfacet
  facet normal -0.499999 0.866026 0
    outer loop
      vertex 26.4526 28.7365 0
      vertex 24.5474 27.6365 0
      vertex 24.5474 27.6365 4.8
    endloop
  endfacet
  facet normal -0.499999 0.866026 0
    outer loop
      vertex 26.4526 28.7365 0
      vertex 24.5474 27.6365 4.8
      vertex 26.4526 28.7365 4.8
    endloop
  endfacet
  facet normal 0.866026 0.499999 0
    outer loop
      vertex 24.5474 27.6365 0
      vertex 21.0474 33.6987 0
      vertex 21.0474 33.6987 4.8
    endloop
  endfacet
  facet normal 0.866026 0.499999 -0
    outer loop
      vertex 24.5474 27.6365 0
      vertex 21.0474 33.6987 4.8
      vertex 24.5474 27.6365 4.8
    endloop
  endfacet
  facet normal 0.499999 -0.866026 0
    outer loop
      vertex 21.0474 33.6987 0
      vertex 22.9526 34.7987 0
      vertex 22.9526 34.7987 4.8
    endloop
  endfacet
  facet normal 0.499999 -0.866026 0
    outer loop
      vertex 21.0474 33.6987 0
      vertex 22.9526 34.7987 4.8
      vertex 21.0474 33.6987 4.8
    endloop
  endfacet
  facet normal 0 0 1
    outer loop
      vertex 10.5474 52.9852 0
      vertex 15.9526 57.9474 0
      vertex 14.0474 59.0474 0
    endloop
  endfacet
  facet normal -0 0 1
    outer loop
      vertex 10.5474 52.9852 0
      vertex 12.4526 51.8852 0
      vertex 15.9526 57.9474 0
    endloop
  endfacet
  facet normal 0 0 -1
    outer loop
      vertex 10.5474 52.9852 4.8
      vertex 14.0474 59.0474 4.8
      vertex 15.9526 57.9474 4.8
    endloop
  endfacet
  facet normal 0 0 -1
    outer loop
      vertex 10.5474 52.9852 4.8
      vertex 15.9526 57.9474 4.8
      vertex 12.4526 51.8852 4.8
    endloop
  endfacet
  facet normal 0.866026 -0.499999 0
    outer loop
      vertex 10.5474 52.9852 0
      vertex 14.0474 59.0474 0
      vertex 14.0474 59.0474 4.8
    endloop
  endfacet
  facet normal 0.866026 -0.499999 0
    outer loop
      vertex 10.5474 52.9852 0
      vertex 14.0474 59.0474 4.8
      vertex 10.5474 52.9852 4.8
    endloop
  endfacet
  facet normal -0.499999 -0.866026 0
    outer loop
      vertex 14.0474 59.0474 0
      vertex 15.9526 57.9474 0
      vertex 15.9526 57.9474 4.8
    endloop
  endfacet
  facet normal -0.499999 -0.866026 0
    outer loop
      vertex 14.0474 59.0474 0
      vertex 15.9526 57.9474 4.8
      vertex 14.0474 59.0474 4.8
    endloop
  endfacet
  facet normal -0.866026 0.499999 0
    outer loop
      vertex 15.9526 57.9474 0
      vertex 12.4526 51.8852 0
      vertex 12.4526 51.8852 4.8
    endloop
  endfacet
  facet normal -0.866026 0.499999 0
    outer loop
      vertex 15.9526 57.9474 0
      vertex 12.4526 51.8852 4.8
      vertex 15.9526 57.9474 4.8
    endloop
  endfacet
  facet normal 0.499999 0.866026 0
    outer loop
      vertex 12.4526 51.8852 0
      vertex 10.5474 52.9852 0
      vertex 10.5474 52.9852 4.8
    endloop
  endfacet
  facet normal 0.499999 0.866026 -0
    outer loop
      vertex 12.4526 51.8852 0
      vertex 10.5474 52.9852 4.8
      vertex 12.4526 51.8852 4.8
    endloop
  endfacet
  facet normal 0 0 1
    outer loop
      vertex 22.9526 95.4205 0
      vertex 24.5474 88.2583 0
      vertex 26.4526 89.3583 0
    endloop
  endfacet
  facet normal 0 0 1
    outer loop
      vertex 22.9526 95.4205 0
      vertex 21.0474 94.3205 0
      vertex 24.5474 88.2583 0
    endloop
  endfacet
  facet normal 0 0 -1
    outer loop
      vertex 22.9526 95.4205 4.8
      vertex 26.4526 89.3583 4.8
      vertex 24.5474 88.2583 4.8
    endloop
  endfacet
  facet normal 0 -0 -1
    outer loop
      vertex 22.9526 95.4205 4.8
      vertex 24.5474 88.2583 4.8
      vertex 21.0474 94.3205 4.8
    endloop
  endfacet
  facet normal -0.866026 -0.499999 0
    outer loop
      vertex 22.9526 95.4205 0
      vertex 26.4526 89.3583 0
      vertex 26.4526 89.3583 4.8
    endloop
  endfacet
  facet normal -0.866026 -0.499999 0
    outer loop
      vertex 22.9526 95.4205 0
      vertex 26.4526 89.3583 4.8
      vertex 22.9526 95.4205 4.8
    endloop
  endfacet
  facet normal -0.499999 0.866026 0
    outer loop
      vertex 26.4526 89.3583 0
      vertex 24.5474 88.2583 0
      vertex 24.5474 88.2583 4.8
    endloop
  endfacet
  facet normal -0.499999 0.866026 0
    outer loop
      vertex 26.4526 89.3583 0
      vertex 24.5474 88.2583 4.8
      vertex 26.4526 89.3583 4.8
    endloop
  endfacet
  facet normal 0.866026 0.499999 0
    outer loop
      vertex 24.5474 88.2583 0
      vertex 21.0474 94.3205 0
      vertex 21.0474 94.3205 4.8
    endloop
  endfacet
  facet normal 0.866026 0.499999 -0
    outer loop
      vertex 24.5474 88.2583 0
      vertex 21.0474 94.3205 4.8
      vertex 24.5474 88.2583 4.8
    endloop
  endfacet
  facet normal 0.499999 -0.866026 0
    outer loop
      vertex 21.0474 94.3205 0
      vertex 22.9526 95.4205 0
      vertex 22.9526 95.4205 4.8
    endloop
  endfacet
  facet normal 0.499999 -0.866026 0
    outer loop
      vertex 21.0474 94.3205 0
      vertex 22.9526 95.4205 4.8
      vertex 21.0474 94.3205 4.8
    endloop
  endfacet
  facet normal 0 0 1
    outer loop
      vertex 12.4526 16.6122 0
      vertex 14.0474 9.45 0
      vertex 15.9526 10.55 0
    endloop
  endfacet
  facet normal 0 0 1
    outer loop
      vertex 12.4526 16.6122 0
      vertex 10.5474 15.5122 0
      vertex 14.0474 9.45 0
    endloop
  endfacet
  facet normal 0 0 -1
    outer loop
      vertex 12.4526 16.6122 4.8
      vertex 15.9526 10.55 4.8
      vertex 14.0474 9.45 4.8
    endloop
  endfacet
  facet normal 0 -0 -1
    outer loop
      vertex 12.4526 16.6122 4.8
      vertex 14.0474 9.45 4.8
      vertex 10.5474 15.5122 4.8
    endloop
  endfacet
  facet normal -0.866026 -0.499999 0
    outer loop
      vertex 12.4526 16.6122 0
      vertex 15.9526 10.55 0
      vertex 15.9526 10.55 4.8
    endloop
  endfacet
  facet normal -0.866026 -0.499999 0
    outer loop
      vertex 12.4526 16.6122 0
      vertex 15.9526 10.55 4.8
      vertex 12.4526 16.6122 4.8
    endloop
  endfacet
  facet normal -0.499999 0.866026 0
    outer loop
      vertex 15.9526 10.55 0
      vertex 14.0474 9.45 0
      vertex 14.0474 9.45 4.8
    endloop
  endfacet
  facet normal -0.499999 0.866026 0
    outer loop
      vertex 15.9526 10.55 0
      vertex 14.0474 9.45 4.8
      vertex 15.9526 10.55 4.8
    endloop
  endfacet
  facet normal 0.866026 0.499999 0
    outer loop
      vertex 14.0474 9.45 0
      vertex 10.5474 15.5122 0
      vertex 10.5474 15.5122 4.8
    endloop
  endfacet
  facet normal 0.866026 0.499999 -0
    outer loop
      vertex 14.0474 9.45 0
      vertex 10.5474 15.5122 4.8
      vertex 14.0474 9.45 4.8
    endloop
  endfacet
  facet normal 0.499999 -0.866026 0
    outer loop
      vertex 10.5474 15.5122 0
      vertex 12.4526 16.6122 0
      vertex 12.4526 16.6122 4.8
    endloop
  endfacet
  facet normal 0.499999 -0.866026 0
    outer loop
      vertex 10.5474 15.5122 0
      vertex 12.4526 16.6122 4.8
      vertex 10.5474 15.5122 4.8
    endloop
  endfacet
  facet normal 0 0 1
    outer loop
      vertex 157.547 28.7365 0
      vertex 162.953 33.6987 0
      vertex 161.047 34.7987 0
    endloop
  endfacet
  facet normal -0 0 1
    outer loop
      vertex 157.547 28.7365 0
      vertex 159.453 27.6365 0
      vertex 162.953 33.6987 0
    endloop
  endfacet
  facet normal 0 0 -1
    outer loop
      vertex 157.547 28.7365 4.8
      vertex 161.047 34.7987 4.8
      vertex 162.953 33.6987 4.8
    endloop
  endfacet
  facet normal 0 0 -1
    outer loop
      vertex 157.547 28.7365 4.8
      vertex 162.953 33.6987 4.8
      vertex 159.453 27.6365 4.8
    endloop
  endfacet
  facet normal 0.866026 -0.499999 0
    outer loop
      vertex 157.547 28.7365 0
      vertex 161.047 34.7987 0
      vertex 161.047 34.7987 4.8
    endloop
  endfacet
  facet normal 0.866026 -0.499999 0
    outer loop
      vertex 157.547 28.7365 0
      vertex 161.047 34.7987 4.8
      vertex 157.547 28.7365 4.8
    endloop
  endfacet
  facet normal -0.499999 -0.866026 0
    outer loop
      vertex 161.047 34.7987 0
      vertex 162.953 33.6987 0
      vertex 162.953 33.6987 4.8
    endloop
  endfacet
  facet normal -0.499999 -0.866026 0
    outer loop
      vertex 161.047 34.7987 0
      vertex 162.953 33.6987 4.8
      vertex 161.047 34.7987 4.8
    endloop
  endfacet
  facet normal -0.866026 0.499999 0
    outer loop
      vertex 162.953 33.6987 0
      vertex 159.453 27.6365 0
      vertex 159.453 27.6365 4.8
    endloop
  endfacet
  facet normal -0.866026 0.499999 0
    outer loop
      vertex 162.953 33.6987 0
      vertex 159.453 27.6365 4.8
      vertex 162.953 33.6987 4.8
    endloop
  endfacet
  facet normal 0.499999 0.866026 0
    outer loop
      vertex 159.453 27.6365 0
      vertex 157.547 28.7365 0
      vertex 157.547 28.7365 4.8
    endloop
  endfacet
  facet normal 0.499999 0.866026 -0
    outer loop
      vertex 159.453 27.6365 0
      vertex 157.547 28.7365 4.8
      vertex 159.453 27.6365 4.8
    endloop
  endfacet
  facet normal 0 0 1
    outer loop
      vertex 126.047 34.7987 0
      vertex 131.453 39.7609 0
      vertex 129.547 40.8609 0
    endloop
  endfacet
  facet normal -0 0 1
    outer loop
      vertex 126.047 34.7987 0
      vertex 127.953 33.6987 0
      vertex 131.453 39.7609 0
    endloop
  endfacet
  facet normal 0 0 -1
    outer loop
      vertex 126.047 34.7987 4.8
      vertex 129.547 40.8609 4.8
      vertex 131.453 39.7609 4.8
    endloop
  endfacet
  facet normal 0 0 -1
    outer loop
      vertex 126.047 34.7987 4.8
      vertex 131.453 39.7609 4.8
      vertex 127.953 33.6987 4.8
    endloop
  endfacet
  facet normal 0.866026 -0.499999 0
    outer loop
      vertex 126.047 34.7987 0
      vertex 129.547 40.8609 0
      vertex 129.547 40.8609 4.8
    endloop
  endfacet
  facet normal 0.866026 -0.499999 0
    outer loop
      vertex 126.047 34.7987 0
      vertex 129.547 40.8609 4.8
      vertex 126.047 34.7987 4.8
    endloop
  endfacet
  facet normal -0.499999 -0.866026 0
    outer loop
      vertex 129.547 40.8609 0
      vertex 131.453 39.7609 0
      vertex 131.453 39.7609 4.8
    endloop
  endfacet
  facet normal -0.499999 -0.866026 0
    outer loop
      vertex 129.547 40.8609 0
      vertex 131.453 39.7609 4.8
      vertex 129.547 40.8609 4.8
    endloop
  endfacet
  facet normal -0.866026 0.499999 0
    outer loop
      vertex 131.453 39.7609 0
      vertex 127.953 33.6987 0
      vertex 127.953 33.6987 4.8
    endloop
  endfacet
  facet normal -0.866026 0.499999 0
    outer loop
      vertex 131.453 39.7609 0
      vertex 127.953 33.6987 4.8
      vertex 131.453 39.7609 4.8
    endloop
  endfacet
  facet normal 0.499999 0.866026 0
    outer loop
      vertex 127.953 33.6987 0
      vertex 126.047 34.7987 0
      vertex 126.047 34.7987 4.8
    endloop
  endfacet
  facet normal 0.499999 0.866026 -0
    outer loop
      vertex 127.953 33.6987 0
      vertex 126.047 34.7987 4.8
      vertex 127.953 33.6987 4.8
    endloop
  endfacet
  facet normal -0 0 1
    outer loop
      vertex 162 23.2244 0
      vertex 169 21.0244 0
      vertex 169 23.2244 0
    endloop
  endfacet
  facet normal 0 0 1
    outer loop
      vertex 162 23.2244 0
      vertex 162 21.0244 0
      vertex 169 21.0244 0
    endloop
  endfacet
  facet normal 0 0 -1
    outer loop
      vertex 162 23.2244 4.8
      vertex 169 23.2244 4.8
      vertex 169 21.0244 4.8
    endloop
  endfacet
  facet normal 0 0 -1
    outer loop
      vertex 162 23.2244 4.8
      vertex 169 21.0244 4.8
      vertex 162 21.0244 4.8
    endloop
  endfacet
  facet normal 0 -1 0
    outer loop
      vertex 162 23.2244 0
      vertex 169 23.2244 0
      vertex 169 23.2244 4.8
    endloop
  endfacet
  facet normal 0 -1 0
    outer loop
      vertex 162 23.2244 0
      vertex 169 23.2244 4.8
      vertex 162 23.2244 4.8
    endloop
  endfacet
  facet normal -1 0 0
    outer loop
      vertex 169 23.2244 0
      vertex 169 21.0244 0
      vertex 169 21.0244 4.8
    endloop
  endfacet
  facet normal -1 0 0
    outer loop
      vertex 169 23.2244 0
      vertex 169 21.0244 4.8
      vertex 169 23.2244 4.8
    endloop
  endfacet
  facet normal 0 1 0
    outer loop
      vertex 169 21.0244 0
      vertex 162 21.0244 0
      vertex 162 21.0244 4.8
    endloop
  endfacet
  facet normal 0 1 -0
    outer loop
      vertex 169 21.0244 0
      vertex 162 21.0244 4.8
      vertex 169 21.0244 4.8
    endloop
  endfacet
  facet normal 1 0 0
    outer loop
      vertex 162 21.0244 0
      vertex 162 23.2244 0
      vertex 162 23.2244 4.8
    endloop
  endfacet
  facet normal 1 0 0
    outer loop
      vertex 162 21.0244 0
      vertex 162 23.2244 4.8
      vertex 162 21.0244 4.8
    endloop
  endfacet
  facet normal 0 0 1
    outer loop
      vertex 159.453 77.234 0
      vertex 161.047 70.0718 0
      vertex 162.953 71.1718 0
    endloop
  endfacet
  facet normal 0 0 1
    outer loop
      vertex 159.453 77.234 0
      vertex 157.547 76.134 0
      vertex 161.047 70.0718 0
    endloop
  endfacet
  facet normal 0 0 -1
    outer loop
      vertex 159.453 77.234 4.8
      vertex 162.953 71.1718 4.8
      vertex 161.047 70.0718 4.8
    endloop
  endfacet
  facet normal 0 -0 -1
    outer loop
      vertex 159.453 77.234 4.8
      vertex 161.047 70.0718 4.8
      vertex 157.547 76.134 4.8
    endloop
  endfacet
  facet normal -0.866026 -0.499999 0
    outer loop
      vertex 159.453 77.234 0
      vertex 162.953 71.1718 0
      vertex 162.953 71.1718 4.8
    endloop
  endfacet
  facet normal -0.866026 -0.499999 0
    outer loop
      vertex 159.453 77.234 0
      vertex 162.953 71.1718 4.8
      vertex 159.453 77.234 4.8
    endloop
  endfacet
  facet normal -0.499999 0.866026 0
    outer loop
      vertex 162.953 71.1718 0
      vertex 161.047 70.0718 0
      vertex 161.047 70.0718 4.8
    endloop
  endfacet
  facet normal -0.499999 0.866026 0
    outer loop
      vertex 162.953 71.1718 0
      vertex 161.047 70.0718 4.8
      vertex 162.953 71.1718 4.8
    endloop
  endfacet
  facet normal 0.866026 0.499999 0
    outer loop
      vertex 161.047 70.0718 0
      vertex 157.547 76.134 0
      vertex 157.547 76.134 4.8
    endloop
  endfacet
  facet normal 0.866026 0.499999 -0
    outer loop
      vertex 161.047 70.0718 0
      vertex 157.547 76.134 4.8
      vertex 161.047 70.0718 4.8
    endloop
  endfacet
  facet normal 0.499999 -0.866026 0
    outer loop
      vertex 157.547 76.134 0
      vertex 159.453 77.234 0
      vertex 159.453 77.234 4.8
    endloop
  endfacet
  facet normal 0.499999 -0.866026 0
    outer loop
      vertex 157.547 76.134 0
      vertex 159.453 77.234 4.8
      vertex 157.547 76.134 4.8
    endloop
  endfacet
  facet normal -0 0 1
    outer loop
      vertex 57 59.5974 0
      vertex 64 57.3974 0
      vertex 64 59.5974 0
    endloop
  endfacet
  facet normal 0 0 1
    outer loop
      vertex 57 59.5974 0
      vertex 57 57.3974 0
      vertex 64 57.3974 0
    endloop
  endfacet
  facet normal 0 0 -1
    outer loop
      vertex 57 59.5974 4.8
      vertex 64 59.5974 4.8
      vertex 64 57.3974 4.8
    endloop
  endfacet
  facet normal 0 0 -1
    outer loop
      vertex 57 59.5974 4.8
      vertex 64 57.3974 4.8
      vertex 57 57.3974 4.8
    endloop
  endfacet
  facet normal 0 -1 0
    outer loop
      vertex 57 59.5974 0
      vertex 64 59.5974 0
      vertex 64 59.5974 4.8
    endloop
  endfacet
  facet normal 0 -1 0
    outer loop
      vertex 57 59.5974 0
      vertex 64 59.5974 4.8
      vertex 57 59.5974 4.8
    endloop
  endfacet
  facet normal -1 0 0
    outer loop
      vertex 64 59.5974 0
      vertex 64 57.3974 0
      vertex 64 57.3974 4.8
    endloop
  endfacet
  facet normal -1 0 0
    outer loop
      vertex 64 59.5974 0
      vertex 64 57.3974 4.8
      vertex 64 59.5974 4.8
    endloop
  endfacet
  facet normal 0 1 0
    outer loop
      vertex 64 57.3974 0
      vertex 57 57.3974 0
      vertex 57 57.3974 4.8
    endloop
  endfacet
  facet normal 0 1 -0
    outer loop
      vertex 64 57.3974 0
      vertex 57 57.3974 4.8
      vertex 64 57.3974 4.8
    endloop
  endfacet
  facet normal 1 0 0
    outer loop
      vertex 57 57.3974 0
      vertex 57 59.5974 0
      vertex 57 59.5974 4.8
    endloop
  endfacet
  facet normal 1 0 0
    outer loop
      vertex 57 57.3974 0
      vertex 57 59.5974 4.8
      vertex 57 57.3974 4.8
    endloop
  endfacet
  facet normal 0 0 1
    outer loop
      vertex 127.953 83.2961 0
      vertex 129.547 76.134 0
      vertex 131.453 77.234 0
    endloop
  endfacet
  facet normal 0 0 1
    outer loop
      vertex 127.953 83.2961 0
      vertex 126.047 82.1961 0
      vertex 129.547 76.134 0
    endloop
  endfacet
  facet normal 0 0 -1
    outer loop
      vertex 127.953 83.2961 4.8
      vertex 131.453 77.234 4.8
      vertex 129.547 76.134 4.8
    endloop
  endfacet
  facet normal 0 -0 -1
    outer loop
      vertex 127.953 83.2961 4.8
      vertex 129.547 76.134 4.8
      vertex 126.047 82.1961 4.8
    endloop
  endfacet
  facet normal -0.866023 -0.500005 0
    outer loop
      vertex 127.953 83.2961 0
      vertex 131.453 77.234 0
      vertex 131.453 77.234 4.8
    endloop
  endfacet
  facet normal -0.866023 -0.500005 0
    outer loop
      vertex 127.953 83.2961 0
      vertex 131.453 77.234 4.8
      vertex 127.953 83.2961 4.8
    endloop
  endfacet
  facet normal -0.500005 0.866023 0
    outer loop
      vertex 131.453 77.234 0
      vertex 129.547 76.134 0
      vertex 129.547 76.134 4.8
    endloop
  endfacet
  facet normal -0.500005 0.866023 0
    outer loop
      vertex 131.453 77.234 0
      vertex 129.547 76.134 4.8
      vertex 131.453 77.234 4.8
    endloop
  endfacet
  facet normal 0.866023 0.500005 0
    outer loop
      vertex 129.547 76.134 0
      vertex 126.047 82.1961 0
      vertex 126.047 82.1961 4.8
    endloop
  endfacet
  facet normal 0.866023 0.500005 -0
    outer loop
      vertex 129.547 76.134 0
      vertex 126.047 82.1961 4.8
      vertex 129.547 76.134 4.8
    endloop
  endfacet
  facet normal 0.500005 -0.866023 0
    outer loop
      vertex 126.047 82.1961 0
      vertex 127.953 83.2961 0
      vertex 127.953 83.2961 4.8
    endloop
  endfacet
  facet normal 0.500005 -0.866023 0
    outer loop
      vertex 126.047 82.1961 0
      vertex 127.953 83.2961 4.8
      vertex 126.047 82.1961 4.8
    endloop
  endfacet
  facet normal -0 0 1
    outer loop
      vertex 46.5 29.2865 0
      vertex 53.5 27.0865 0
      vertex 53.5 29.2865 0
    endloop
  endfacet
  facet normal 0 0 1
    outer loop
      vertex 46.5 29.2865 0
      vertex 46.5 27.0865 0
      vertex 53.5 27.0865 0
    endloop
  endfacet
  facet normal 0 0 -1
    outer loop
      vertex 46.5 29.2865 4.8
      vertex 53.5 29.2865 4.8
      vertex 53.5 27.0865 4.8
    endloop
  endfacet
  facet normal 0 0 -1
    outer loop
      vertex 46.5 29.2865 4.8
      vertex 53.5 27.0865 4.8
      vertex 46.5 27.0865 4.8
    endloop
  endfacet
  facet normal 0 -1 0
    outer loop
      vertex 46.5 29.2865 0
      vertex 53.5 29.2865 0
      vertex 53.5 29.2865 4.8
    endloop
  endfacet
  facet normal 0 -1 0
    outer loop
      vertex 46.5 29.2865 0
      vertex 53.5 29.2865 4.8
      vertex 46.5 29.2865 4.8
    endloop
  endfacet
  facet normal -1 0 0
    outer loop
      vertex 53.5 29.2865 0
      vertex 53.5 27.0865 0
      vertex 53.5 27.0865 4.8
    endloop
  endfacet
  facet normal -1 0 0
    outer loop
      vertex 53.5 29.2865 0
      vertex 53.5 27.0865 4.8
      vertex 53.5 29.2865 4.8
    endloop
  endfacet
  facet normal 0 1 0
    outer loop
      vertex 53.5 27.0865 0
      vertex 46.5 27.0865 0
      vertex 46.5 27.0865 4.8
    endloop
  endfacet
  facet normal 0 1 -0
    outer loop
      vertex 53.5 27.0865 0
      vertex 46.5 27.0865 4.8
      vertex 53.5 27.0865 4.8
    endloop
  endfacet
  facet normal 1 0 0
    outer loop
      vertex 46.5 27.0865 0
      vertex 46.5 29.2865 0
      vertex 46.5 29.2865 4.8
    endloop
  endfacet
  facet normal 1 0 0
    outer loop
      vertex 46.5 27.0865 0
      vertex 46.5 29.2865 4.8
      vertex 46.5 27.0865 4.8
    endloop
  endfacet
  facet normal 0 0 1
    outer loop
      vertex 43.9526 22.6744 0
      vertex 45.5474 15.5122 0
      vertex 47.4526 16.6122 0
    endloop
  endfacet
  facet normal 0 0 1
    outer loop
      vertex 43.9526 22.6744 0
      vertex 42.0474 21.5744 0
      vertex 45.5474 15.5122 0
    endloop
  endfacet
  facet normal 0 0 -1
    outer loop
      vertex 43.9526 22.6744 4.8
      vertex 47.4526 16.6122 4.8
      vertex 45.5474 15.5122 4.8
    endloop
  endfacet
  facet normal 0 -0 -1
    outer loop
      vertex 43.9526 22.6744 4.8
      vertex 45.5474 15.5122 4.8
      vertex 42.0474 21.5744 4.8
    endloop
  endfacet
  facet normal -0.866026 -0.499999 0
    outer loop
      vertex 43.9526 22.6744 0
      vertex 47.4526 16.6122 0
      vertex 47.4526 16.6122 4.8
    endloop
  endfacet
  facet normal -0.866026 -0.499999 0
    outer loop
      vertex 43.9526 22.6744 0
      vertex 47.4526 16.6122 4.8
      vertex 43.9526 22.6744 4.8
    endloop
  endfacet
  facet normal -0.499999 0.866026 0
    outer loop
      vertex 47.4526 16.6122 0
      vertex 45.5474 15.5122 0
      vertex 45.5474 15.5122 4.8
    endloop
  endfacet
  facet normal -0.499999 0.866026 0
    outer loop
      vertex 47.4526 16.6122 0
      vertex 45.5474 15.5122 4.8
      vertex 47.4526 16.6122 4.8
    endloop
  endfacet
  facet normal 0.866026 0.499999 0
    outer loop
      vertex 45.5474 15.5122 0
      vertex 42.0474 21.5744 0
      vertex 42.0474 21.5744 4.8
    endloop
  endfacet
  facet normal 0.866026 0.499999 -0
    outer loop
      vertex 45.5474 15.5122 0
      vertex 42.0474 21.5744 4.8
      vertex 45.5474 15.5122 4.8
    endloop
  endfacet
  facet normal 0.499999 -0.866026 0
    outer loop
      vertex 42.0474 21.5744 0
      vertex 43.9526 22.6744 0
      vertex 43.9526 22.6744 4.8
    endloop
  endfacet
  facet normal 0.499999 -0.866026 0
    outer loop
      vertex 42.0474 21.5744 0
      vertex 43.9526 22.6744 4.8
      vertex 42.0474 21.5744 4.8
    endloop
  endfacet
  facet normal -0 0 1
    outer loop
      vertex 120 59.5974 0
      vertex 127 57.3974 0
      vertex 127 59.5974 0
    endloop
  endfacet
  facet normal 0 0 1
    outer loop
      vertex 120 59.5974 0
      vertex 120 57.3974 0
      vertex 127 57.3974 0
    endloop
  endfacet
  facet normal 0 0 -1
    outer loop
      vertex 120 59.5974 4.8
      vertex 127 59.5974 4.8
      vertex 127 57.3974 4.8
    endloop
  endfacet
  facet normal 0 0 -1
    outer loop
      vertex 120 59.5974 4.8
      vertex 127 57.3974 4.8
      vertex 120 57.3974 4.8
    endloop
  endfacet
  facet normal 0 -1 0
    outer loop
      vertex 120 59.5974 0
      vertex 127 59.5974 0
      vertex 127 59.5974 4.8
    endloop
  endfacet
  facet normal 0 -1 0
    outer loop
      vertex 120 59.5974 0
      vertex 127 59.5974 4.8
      vertex 120 59.5974 4.8
    endloop
  endfacet
  facet normal -1 0 0
    outer loop
      vertex 127 59.5974 0
      vertex 127 57.3974 0
      vertex 127 57.3974 4.8
    endloop
  endfacet
  facet normal -1 0 0
    outer loop
      vertex 127 59.5974 0
      vertex 127 57.3974 4.8
      vertex 127 59.5974 4.8
    endloop
  endfacet
  facet normal 0 1 0
    outer loop
      vertex 127 57.3974 0
      vertex 120 57.3974 0
      vertex 120 57.3974 4.8
    endloop
  endfacet
  facet normal 0 1 -0
    outer loop
      vertex 127 57.3974 0
      vertex 120 57.3974 4.8
      vertex 127 57.3974 4.8
    endloop
  endfacet
  facet normal 1 0 0
    outer loop
      vertex 120 57.3974 0
      vertex 120 59.5974 0
      vertex 120 59.5974 4.8
    endloop
  endfacet
  facet normal 1 0 0
    outer loop
      vertex 120 57.3974 0
      vertex 120 59.5974 4.8
      vertex 120 57.3974 4.8
    endloop
  endfacet
  facet normal -0 0 1
    outer loop
      vertex 141 47.4731 0
      vertex 148 45.2731 0
      vertex 148 47.4731 0
    endloop
  endfacet
  facet normal 0 0 1
    outer loop
      vertex 141 47.4731 0
      vertex 141 45.2731 0
      vertex 148 45.2731 0
    endloop
  endfacet
  facet normal 0 0 -1
    outer loop
      vertex 141 47.4731 4.8
      vertex 148 47.4731 4.8
      vertex 148 45.2731 4.8
    endloop
  endfacet
  facet normal 0 0 -1
    outer loop
      vertex 141 47.4731 4.8
      vertex 148 45.2731 4.8
      vertex 141 45.2731 4.8
    endloop
  endfacet
  facet normal 0 -1 0
    outer loop
      vertex 141 47.4731 0
      vertex 148 47.4731 0
      vertex 148 47.4731 4.8
    endloop
  endfacet
  facet normal 0 -1 0
    outer loop
      vertex 141 47.4731 0
      vertex 148 47.4731 4.8
      vertex 141 47.4731 4.8
    endloop
  endfacet
  facet normal -1 0 0
    outer loop
      vertex 148 47.4731 0
      vertex 148 45.2731 0
      vertex 148 45.2731 4.8
    endloop
  endfacet
  facet normal -1 0 0
    outer loop
      vertex 148 47.4731 0
      vertex 148 45.2731 4.8
      vertex 148 47.4731 4.8
    endloop
  endfacet
  facet normal 0 1 0
    outer loop
      vertex 148 45.2731 0
      vertex 141 45.2731 0
      vertex 141 45.2731 4.8
    endloop
  endfacet
  facet normal 0 1 -0
    outer loop
      vertex 148 45.2731 0
      vertex 141 45.2731 4.8
      vertex 148 45.2731 4.8
    endloop
  endfacet
  facet normal 1 0 0
    outer loop
      vertex 141 45.2731 0
      vertex 141 47.4731 0
      vertex 141 47.4731 4.8
    endloop
  endfacet
  facet normal 1 0 0
    outer loop
      vertex 141 45.2731 0
      vertex 141 47.4731 4.8
      vertex 141 45.2731 4.8
    endloop
  endfacet
  facet normal -0 0 1
    outer loop
      vertex 78 35.3487 0
      vertex 85 33.1487 0
      vertex 85 35.3487 0
    endloop
  endfacet
  facet normal 0 0 1
    outer loop
      vertex 78 35.3487 0
      vertex 78 33.1487 0
      vertex 85 33.1487 0
    endloop
  endfacet
  facet normal 0 0 -1
    outer loop
      vertex 78 35.3487 4.8
      vertex 85 35.3487 4.8
      vertex 85 33.1487 4.8
    endloop
  endfacet
  facet normal 0 0 -1
    outer loop
      vertex 78 35.3487 4.8
      vertex 85 33.1487 4.8
      vertex 78 33.1487 4.8
    endloop
  endfacet
  facet normal 0 -1 0
    outer loop
      vertex 78 35.3487 0
      vertex 85 35.3487 0
      vertex 85 35.3487 4.8
    endloop
  endfacet
  facet normal 0 -1 0
    outer loop
      vertex 78 35.3487 0
      vertex 85 35.3487 4.8
      vertex 78 35.3487 4.8
    endloop
  endfacet
  facet normal -1 0 0
    outer loop
      vertex 85 35.3487 0
      vertex 85 33.1487 0
      vertex 85 33.1487 4.8
    endloop
  endfacet
  facet normal -1 0 0
    outer loop
      vertex 85 35.3487 0
      vertex 85 33.1487 4.8
      vertex 85 35.3487 4.8
    endloop
  endfacet
  facet normal 0 1 0
    outer loop
      vertex 85 33.1487 0
      vertex 78 33.1487 0
      vertex 78 33.1487 4.8
    endloop
  endfacet
  facet normal 0 1 -0
    outer loop
      vertex 85 33.1487 0
      vertex 78 33.1487 4.8
      vertex 85 33.1487 4.8
    endloop
  endfacet
  facet normal 1 0 0
    outer loop
      vertex 78 33.1487 0
      vertex 78 35.3487 0
      vertex 78 35.3487 4.8
    endloop
  endfacet
  facet normal 1 0 0
    outer loop
      vertex 78 33.1487 0
      vertex 78 35.3487 4.8
      vertex 78 33.1487 4.8
    endloop
  endfacet
  facet normal 0 0 1
    outer loop
      vertex 21.0474 83.2961 0
      vertex 26.4526 88.2583 0
      vertex 24.5474 89.3583 0
    endloop
  endfacet
  facet normal -0 0 1
    outer loop
      vertex 21.0474 83.2961 0
      vertex 22.9526 82.1961 0
      vertex 26.4526 88.2583 0
    endloop
  endfacet
  facet normal 0 0 -1
    outer loop
      vertex 21.0474 83.2961 4.8
      vertex 24.5474 89.3583 4.8
      vertex 26.4526 88.2583 4.8
    endloop
  endfacet
  facet normal 0 0 -1
    outer loop
      vertex 21.0474 83.2961 4.8
      vertex 26.4526 88.2583 4.8
      vertex 22.9526 82.1961 4.8
    endloop
  endfacet
  facet normal 0.866026 -0.499999 0
    outer loop
      vertex 21.0474 83.2961 0
      vertex 24.5474 89.3583 0
      vertex 24.5474 89.3583 4.8
    endloop
  endfacet
  facet normal 0.866026 -0.499999 0
    outer loop
      vertex 21.0474 83.2961 0
      vertex 24.5474 89.3583 4.8
      vertex 21.0474 83.2961 4.8
    endloop
  endfacet
  facet normal -0.499999 -0.866026 0
    outer loop
      vertex 24.5474 89.3583 0
      vertex 26.4526 88.2583 0
      vertex 26.4526 88.2583 4.8
    endloop
  endfacet
  facet normal -0.499999 -0.866026 0
    outer loop
      vertex 24.5474 89.3583 0
      vertex 26.4526 88.2583 4.8
      vertex 24.5474 89.3583 4.8
    endloop
  endfacet
  facet normal -0.866026 0.499999 0
    outer loop
      vertex 26.4526 88.2583 0
      vertex 22.9526 82.1961 0
      vertex 22.9526 82.1961 4.8
    endloop
  endfacet
  facet normal -0.866026 0.499999 0
    outer loop
      vertex 26.4526 88.2583 0
      vertex 22.9526 82.1961 4.8
      vertex 26.4526 88.2583 4.8
    endloop
  endfacet
  facet normal 0.499999 0.866026 0
    outer loop
      vertex 22.9526 82.1961 0
      vertex 21.0474 83.2961 0
      vertex 21.0474 83.2961 4.8
    endloop
  endfacet
  facet normal 0.499999 0.866026 -0
    outer loop
      vertex 22.9526 82.1961 0
      vertex 21.0474 83.2961 4.8
      vertex 22.9526 82.1961 4.8
    endloop
  endfacet
  facet normal -0 0 1
    outer loop
      vertex 141 35.3487 0
      vertex 148 33.1487 0
      vertex 148 35.3487 0
    endloop
  endfacet
  facet normal 0 0 1
    outer loop
      vertex 141 35.3487 0
      vertex 141 33.1487 0
      vertex 148 33.1487 0
    endloop
  endfacet
  facet normal 0 0 -1
    outer loop
      vertex 141 35.3487 4.8
      vertex 148 35.3487 4.8
      vertex 148 33.1487 4.8
    endloop
  endfacet
  facet normal 0 0 -1
    outer loop
      vertex 141 35.3487 4.8
      vertex 148 33.1487 4.8
      vertex 141 33.1487 4.8
    endloop
  endfacet
  facet normal 0 -1 0
    outer loop
      vertex 141 35.3487 0
      vertex 148 35.3487 0
      vertex 148 35.3487 4.8
    endloop
  endfacet
  facet normal 0 -1 0
    outer loop
      vertex 141 35.3487 0
      vertex 148 35.3487 4.8
      vertex 141 35.3487 4.8
    endloop
  endfacet
  facet normal -1 0 0
    outer loop
      vertex 148 35.3487 0
      vertex 148 33.1487 0
      vertex 148 33.1487 4.8
    endloop
  endfacet
  facet normal -1 0 0
    outer loop
      vertex 148 35.3487 0
      vertex 148 33.1487 4.8
      vertex 148 35.3487 4.8
    endloop
  endfacet
  facet normal 0 1 0
    outer loop
      vertex 148 33.1487 0
      vertex 141 33.1487 0
      vertex 141 33.1487 4.8
    endloop
  endfacet
  facet normal 0 1 -0
    outer loop
      vertex 148 33.1487 0
      vertex 141 33.1487 4.8
      vertex 148 33.1487 4.8
    endloop
  endfacet
  facet normal 1 0 0
    outer loop
      vertex 141 33.1487 0
      vertex 141 35.3487 0
      vertex 141 35.3487 4.8
    endloop
  endfacet
  facet normal 1 0 0
    outer loop
      vertex 141 33.1487 0
      vertex 141 35.3487 4.8
      vertex 141 33.1487 4.8
    endloop
  endfacet
  facet normal 0 0 1
    outer loop
      vertex 21.0474 71.1718 0
      vertex 26.4526 76.134 0
      vertex 24.5474 77.234 0
    endloop
  endfacet
  facet normal -0 0 1
    outer loop
      vertex 21.0474 71.1718 0
      vertex 22.9526 70.0718 0
      vertex 26.4526 76.134 0
    endloop
  endfacet
  facet normal 0 0 -1
    outer loop
      vertex 21.0474 71.1718 4.8
      vertex 24.5474 77.234 4.8
      vertex 26.4526 76.134 4.8
    endloop
  endfacet
  facet normal 0 0 -1
    outer loop
      vertex 21.0474 71.1718 4.8
      vertex 26.4526 76.134 4.8
      vertex 22.9526 70.0718 4.8
    endloop
  endfacet
  facet normal 0.866026 -0.499999 0
    outer loop
      vertex 21.0474 71.1718 0
      vertex 24.5474 77.234 0
      vertex 24.5474 77.234 4.8
    endloop
  endfacet
  facet normal 0.866026 -0.499999 0
    outer loop
      vertex 21.0474 71.1718 0
      vertex 24.5474 77.234 4.8
      vertex 21.0474 71.1718 4.8
    endloop
  endfacet
  facet normal -0.499999 -0.866026 0
    outer loop
      vertex 24.5474 77.234 0
      vertex 26.4526 76.134 0
      vertex 26.4526 76.134 4.8
    endloop
  endfacet
  facet normal -0.499999 -0.866026 0
    outer loop
      vertex 24.5474 77.234 0
      vertex 26.4526 76.134 4.8
      vertex 24.5474 77.234 4.8
    endloop
  endfacet
  facet normal -0.866026 0.499999 0
    outer loop
      vertex 26.4526 76.134 0
      vertex 22.9526 70.0718 0
      vertex 22.9526 70.0718 4.8
    endloop
  endfacet
  facet normal -0.866026 0.499999 0
    outer loop
      vertex 26.4526 76.134 0
      vertex 22.9526 70.0718 4.8
      vertex 26.4526 76.134 4.8
    endloop
  endfacet
  facet normal 0.499999 0.866026 0
    outer loop
      vertex 22.9526 70.0718 0
      vertex 21.0474 71.1718 0
      vertex 21.0474 71.1718 4.8
    endloop
  endfacet
  facet normal 0.499999 0.866026 -0
    outer loop
      vertex 22.9526 70.0718 0
      vertex 21.0474 71.1718 4.8
      vertex 22.9526 70.0718 4.8
    endloop
  endfacet
  facet normal 0 0 1
    outer loop
      vertex 127.953 22.6744 0
      vertex 129.547 15.5122 0
      vertex 131.453 16.6122 0
    endloop
  endfacet
  facet normal 0 0 1
    outer loop
      vertex 127.953 22.6744 0
      vertex 126.047 21.5744 0
      vertex 129.547 15.5122 0
    endloop
  endfacet
  facet normal 0 0 -1
    outer loop
      vertex 127.953 22.6744 4.8
      vertex 131.453 16.6122 4.8
      vertex 129.547 15.5122 4.8
    endloop
  endfacet
  facet normal 0 -0 -1
    outer loop
      vertex 127.953 22.6744 4.8
      vertex 129.547 15.5122 4.8
      vertex 126.047 21.5744 4.8
    endloop
  endfacet
  facet normal -0.866026 -0.499999 0
    outer loop
      vertex 127.953 22.6744 0
      vertex 131.453 16.6122 0
      vertex 131.453 16.6122 4.8
    endloop
  endfacet
  facet normal -0.866026 -0.499999 0
    outer loop
      vertex 127.953 22.6744 0
      vertex 131.453 16.6122 4.8
      vertex 127.953 22.6744 4.8
    endloop
  endfacet
  facet normal -0.499999 0.866026 0
    outer loop
      vertex 131.453 16.6122 0
      vertex 129.547 15.5122 0
      vertex 129.547 15.5122 4.8
    endloop
  endfacet
  facet normal -0.499999 0.866026 0
    outer loop
      vertex 131.453 16.6122 0
      vertex 129.547 15.5122 4.8
      vertex 131.453 16.6122 4.8
    endloop
  endfacet
  facet normal 0.866026 0.499999 0
    outer loop
      vertex 129.547 15.5122 0
      vertex 126.047 21.5744 0
      vertex 126.047 21.5744 4.8
    endloop
  endfacet
  facet normal 0.866026 0.499999 -0
    outer loop
      vertex 129.547 15.5122 0
      vertex 126.047 21.5744 4.8
      vertex 129.547 15.5122 4.8
    endloop
  endfacet
  facet normal 0.499999 -0.866026 0
    outer loop
      vertex 126.047 21.5744 0
      vertex 127.953 22.6744 0
      vertex 127.953 22.6744 4.8
    endloop
  endfacet
  facet normal 0.499999 -0.866026 0
    outer loop
      vertex 126.047 21.5744 0
      vertex 127.953 22.6744 4.8
      vertex 126.047 21.5744 4.8
    endloop
  endfacet
  facet normal -0 0 1
    outer loop
      vertex 162 59.5974 0
      vertex 169 57.3974 0
      vertex 169 59.5974 0
    endloop
  endfacet
  facet normal 0 0 1
    outer loop
      vertex 162 59.5974 0
      vertex 162 57.3974 0
      vertex 169 57.3974 0
    endloop
  endfacet
  facet normal 0 0 -1
    outer loop
      vertex 162 59.5974 4.8
      vertex 169 59.5974 4.8
      vertex 169 57.3974 4.8
    endloop
  endfacet
  facet normal 0 0 -1
    outer loop
      vertex 162 59.5974 4.8
      vertex 169 57.3974 4.8
      vertex 162 57.3974 4.8
    endloop
  endfacet
  facet normal 0 -1 0
    outer loop
      vertex 162 59.5974 0
      vertex 169 59.5974 0
      vertex 169 59.5974 4.8
    endloop
  endfacet
  facet normal 0 -1 0
    outer loop
      vertex 162 59.5974 0
      vertex 169 59.5974 4.8
      vertex 162 59.5974 4.8
    endloop
  endfacet
  facet normal -1 0 0
    outer loop
      vertex 169 59.5974 0
      vertex 169 57.3974 0
      vertex 169 57.3974 4.8
    endloop
  endfacet
  facet normal -1 0 0
    outer loop
      vertex 169 59.5974 0
      vertex 169 57.3974 4.8
      vertex 169 59.5974 4.8
    endloop
  endfacet
  facet normal 0 1 0
    outer loop
      vertex 169 57.3974 0
      vertex 162 57.3974 0
      vertex 162 57.3974 4.8
    endloop
  endfacet
  facet normal 0 1 -0
    outer loop
      vertex 169 57.3974 0
      vertex 162 57.3974 4.8
      vertex 169 57.3974 4.8
    endloop
  endfacet
  facet normal 1 0 0
    outer loop
      vertex 162 57.3974 0
      vertex 162 59.5974 0
      vertex 162 59.5974 4.8
    endloop
  endfacet
  facet normal 1 0 0
    outer loop
      vertex 162 57.3974 0
      vertex 162 59.5974 4.8
      vertex 162 57.3974 4.8
    endloop
  endfacet
  facet normal -0 0 1
    outer loop
      vertex 46.5 89.9083 0
      vertex 53.5 87.7083 0
      vertex 53.5 89.9083 0
    endloop
  endfacet
  facet normal 0 0 1
    outer loop
      vertex 46.5 89.9083 0
      vertex 46.5 87.7083 0
      vertex 53.5 87.7083 0
    endloop
  endfacet
  facet normal 0 0 -1
    outer loop
      vertex 46.5 89.9083 4.8
      vertex 53.5 89.9083 4.8
      vertex 53.5 87.7083 4.8
    endloop
  endfacet
  facet normal 0 0 -1
    outer loop
      vertex 46.5 89.9083 4.8
      vertex 53.5 87.7083 4.8
      vertex 46.5 87.7083 4.8
    endloop
  endfacet
  facet normal 0 -1 0
    outer loop
      vertex 46.5 89.9083 0
      vertex 53.5 89.9083 0
      vertex 53.5 89.9083 4.8
    endloop
  endfacet
  facet normal 0 -1 0
    outer loop
      vertex 46.5 89.9083 0
      vertex 53.5 89.9083 4.8
      vertex 46.5 89.9083 4.8
    endloop
  endfacet
  facet normal -1 0 0
    outer loop
      vertex 53.5 89.9083 0
      vertex 53.5 87.7083 0
      vertex 53.5 87.7083 4.8
    endloop
  endfacet
  facet normal -1 0 0
    outer loop
      vertex 53.5 89.9083 0
      vertex 53.5 87.7083 4.8
      vertex 53.5 89.9083 4.8
    endloop
  endfacet
  facet normal 0 1 0
    outer loop
      vertex 53.5 87.7083 0
      vertex 46.5 87.7083 0
      vertex 46.5 87.7083 4.8
    endloop
  endfacet
  facet normal 0 1 -0
    outer loop
      vertex 53.5 87.7083 0
      vertex 46.5 87.7083 4.8
      vertex 53.5 87.7083 4.8
    endloop
  endfacet
  facet normal 1 0 0
    outer loop
      vertex 46.5 87.7083 0
      vertex 46.5 89.9083 0
      vertex 46.5 89.9083 4.8
    endloop
  endfacet
  facet normal 1 0 0
    outer loop
      vertex 46.5 87.7083 0
      vertex 46.5 89.9083 4.8
      vertex 46.5 87.7083 4.8
    endloop
  endfacet
  facet normal -0 0 1
    outer loop
      vertex 36 83.8461 0
      vertex 43 81.6461 0
      vertex 43 83.8461 0
    endloop
  endfacet
  facet normal 0 0 1
    outer loop
      vertex 36 83.8461 0
      vertex 36 81.6461 0
      vertex 43 81.6461 0
    endloop
  endfacet
  facet normal 0 0 -1
    outer loop
      vertex 36 83.8461 4.8
      vertex 43 83.8461 4.8
      vertex 43 81.6461 4.8
    endloop
  endfacet
  facet normal 0 0 -1
    outer loop
      vertex 36 83.8461 4.8
      vertex 43 81.6461 4.8
      vertex 36 81.6461 4.8
    endloop
  endfacet
  facet normal 0 -1 0
    outer loop
      vertex 36 83.8461 0
      vertex 43 83.8461 0
      vertex 43 83.8461 4.8
    endloop
  endfacet
  facet normal 0 -1 0
    outer loop
      vertex 36 83.8461 0
      vertex 43 83.8461 4.8
      vertex 36 83.8461 4.8
    endloop
  endfacet
  facet normal -1 0 0
    outer loop
      vertex 43 83.8461 0
      vertex 43 81.6461 0
      vertex 43 81.6461 4.8
    endloop
  endfacet
  facet normal -1 0 0
    outer loop
      vertex 43 83.8461 0
      vertex 43 81.6461 4.8
      vertex 43 83.8461 4.8
    endloop
  endfacet
  facet normal 0 1 0
    outer loop
      vertex 43 81.6461 0
      vertex 36 81.6461 0
      vertex 36 81.6461 4.8
    endloop
  endfacet
  facet normal 0 1 -0
    outer loop
      vertex 43 81.6461 0
      vertex 36 81.6461 4.8
      vertex 43 81.6461 4.8
    endloop
  endfacet
  facet normal 1 0 0
    outer loop
      vertex 36 81.6461 0
      vertex 36 83.8461 0
      vertex 36 83.8461 4.8
    endloop
  endfacet
  facet normal 1 0 0
    outer loop
      vertex 36 81.6461 0
      vertex 36 83.8461 4.8
      vertex 36 81.6461 4.8
    endloop
  endfacet
  facet normal -0 0 1
    outer loop
      vertex 141 83.8461 0
      vertex 148 81.6461 0
      vertex 148 83.8461 0
    endloop
  endfacet
  facet normal 0 0 1
    outer loop
      vertex 141 83.8461 0
      vertex 141 81.6461 0
      vertex 148 81.6461 0
    endloop
  endfacet
  facet normal 0 0 -1
    outer loop
      vertex 141 83.8461 4.8
      vertex 148 83.8461 4.8
      vertex 148 81.6461 4.8
    endloop
  endfacet
  facet normal 0 0 -1
    outer loop
      vertex 141 83.8461 4.8
      vertex 148 81.6461 4.8
      vertex 141 81.6461 4.8
    endloop
  endfacet
  facet normal 0 -1 0
    outer loop
      vertex 141 83.8461 0
      vertex 148 83.8461 0
      vertex 148 83.8461 4.8
    endloop
  endfacet
  facet normal 0 -1 0
    outer loop
      vertex 141 83.8461 0
      vertex 148 83.8461 4.8
      vertex 141 83.8461 4.8
    endloop
  endfacet
  facet normal -1 0 0
    outer loop
      vertex 148 83.8461 0
      vertex 148 81.6461 0
      vertex 148 81.6461 4.8
    endloop
  endfacet
  facet normal -1 0 0
    outer loop
      vertex 148 83.8461 0
      vertex 148 81.6461 4.8
      vertex 148 83.8461 4.8
    endloop
  endfacet
  facet normal 0 1 0
    outer loop
      vertex 148 81.6461 0
      vertex 141 81.6461 0
      vertex 141 81.6461 4.8
    endloop
  endfacet
  facet normal 0 1 -0
    outer loop
      vertex 148 81.6461 0
      vertex 141 81.6461 4.8
      vertex 148 81.6461 4.8
    endloop
  endfacet
  facet normal 1 0 0
    outer loop
      vertex 141 81.6461 0
      vertex 141 83.8461 0
      vertex 141 83.8461 4.8
    endloop
  endfacet
  facet normal 1 0 0
    outer loop
      vertex 141 81.6461 0
      vertex 141 83.8461 4.8
      vertex 141 81.6461 4.8
    endloop
  endfacet
  facet normal 0 0 1
    outer loop
      vertex 127.953 46.9231 0
      vertex 129.547 39.7609 0
      vertex 131.453 40.8609 0
    endloop
  endfacet
  facet normal 0 0 1
    outer loop
      vertex 127.953 46.9231 0
      vertex 126.047 45.8231 0
      vertex 129.547 39.7609 0
    endloop
  endfacet
  facet normal 0 0 -1
    outer loop
      vertex 127.953 46.9231 4.8
      vertex 131.453 40.8609 4.8
      vertex 129.547 39.7609 4.8
    endloop
  endfacet
  facet normal 0 -0 -1
    outer loop
      vertex 127.953 46.9231 4.8
      vertex 129.547 39.7609 4.8
      vertex 126.047 45.8231 4.8
    endloop
  endfacet
  facet normal -0.866026 -0.499999 0
    outer loop
      vertex 127.953 46.9231 0
      vertex 131.453 40.8609 0
      vertex 131.453 40.8609 4.8
    endloop
  endfacet
  facet normal -0.866026 -0.499999 0
    outer loop
      vertex 127.953 46.9231 0
      vertex 131.453 40.8609 4.8
      vertex 127.953 46.9231 4.8
    endloop
  endfacet
  facet normal -0.499999 0.866026 0
    outer loop
      vertex 131.453 40.8609 0
      vertex 129.547 39.7609 0
      vertex 129.547 39.7609 4.8
    endloop
  endfacet
  facet normal -0.499999 0.866026 0
    outer loop
      vertex 131.453 40.8609 0
      vertex 129.547 39.7609 4.8
      vertex 131.453 40.8609 4.8
    endloop
  endfacet
  facet normal 0.866026 0.499999 0
    outer loop
      vertex 129.547 39.7609 0
      vertex 126.047 45.8231 0
      vertex 126.047 45.8231 4.8
    endloop
  endfacet
  facet normal 0.866026 0.499999 -0
    outer loop
      vertex 129.547 39.7609 0
      vertex 126.047 45.8231 4.8
      vertex 129.547 39.7609 4.8
    endloop
  endfacet
  facet normal 0.499999 -0.866026 0
    outer loop
      vertex 126.047 45.8231 0
      vertex 127.953 46.9231 0
      vertex 127.953 46.9231 4.8
    endloop
  endfacet
  facet normal 0.499999 -0.866026 0
    outer loop
      vertex 126.047 45.8231 0
      vertex 127.953 46.9231 4.8
      vertex 126.047 45.8231 4.8
    endloop
  endfacet
  facet normal 0 0 1
    outer loop
      vertex 85.9526 83.2961 0
      vertex 87.5474 76.134 0
      vertex 89.4526 77.234 0
    endloop
  endfacet
  facet normal 0 0 1
    outer loop
      vertex 85.9526 83.2961 0
      vertex 84.0474 82.1961 0
      vertex 87.5474 76.134 0
    endloop
  endfacet
  facet normal 0 0 -1
    outer loop
      vertex 85.9526 83.2961 4.8
      vertex 89.4526 77.234 4.8
      vertex 87.5474 76.134 4.8
    endloop
  endfacet
  facet normal 0 -0 -1
    outer loop
      vertex 85.9526 83.2961 4.8
      vertex 87.5474 76.134 4.8
      vertex 84.0474 82.1961 4.8
    endloop
  endfacet
  facet normal -0.866023 -0.500005 0
    outer loop
      vertex 85.9526 83.2961 0
      vertex 89.4526 77.234 0
      vertex 89.4526 77.234 4.8
    endloop
  endfacet
  facet normal -0.866023 -0.500005 0
    outer loop
      vertex 85.9526 83.2961 0
      vertex 89.4526 77.234 4.8
      vertex 85.9526 83.2961 4.8
    endloop
  endfacet
  facet normal -0.500005 0.866023 0
    outer loop
      vertex 89.4526 77.234 0
      vertex 87.5474 76.134 0
      vertex 87.5474 76.134 4.8
    endloop
  endfacet
  facet normal -0.500005 0.866023 0
    outer loop
      vertex 89.4526 77.234 0
      vertex 87.5474 76.134 4.8
      vertex 89.4526 77.234 4.8
    endloop
  endfacet
  facet normal 0.866023 0.500005 0
    outer loop
      vertex 87.5474 76.134 0
      vertex 84.0474 82.1961 0
      vertex 84.0474 82.1961 4.8
    endloop
  endfacet
  facet normal 0.866023 0.500005 -0
    outer loop
      vertex 87.5474 76.134 0
      vertex 84.0474 82.1961 4.8
      vertex 87.5474 76.134 4.8
    endloop
  endfacet
  facet normal 0.500005 -0.866023 0
    outer loop
      vertex 84.0474 82.1961 0
      vertex 85.9526 83.2961 0
      vertex 85.9526 83.2961 4.8
    endloop
  endfacet
  facet normal 0.500005 -0.866023 0
    outer loop
      vertex 84.0474 82.1961 0
      vertex 85.9526 83.2961 4.8
      vertex 84.0474 82.1961 4.8
    endloop
  endfacet
  facet normal 0 0 1
    outer loop
      vertex 85.9526 22.6744 0
      vertex 87.5474 15.5122 0
      vertex 89.4526 16.6122 0
    endloop
  endfacet
  facet normal 0 0 1
    outer loop
      vertex 85.9526 22.6744 0
      vertex 84.0474 21.5744 0
      vertex 87.5474 15.5122 0
    endloop
  endfacet
  facet normal 0 0 -1
    outer loop
      vertex 85.9526 22.6744 4.8
      vertex 89.4526 16.6122 4.8
      vertex 87.5474 15.5122 4.8
    endloop
  endfacet
  facet normal 0 -0 -1
    outer loop
      vertex 85.9526 22.6744 4.8
      vertex 87.5474 15.5122 4.8
      vertex 84.0474 21.5744 4.8
    endloop
  endfacet
  facet normal -0.866026 -0.499999 0
    outer loop
      vertex 85.9526 22.6744 0
      vertex 89.4526 16.6122 0
      vertex 89.4526 16.6122 4.8
    endloop
  endfacet
  facet normal -0.866026 -0.499999 0
    outer loop
      vertex 85.9526 22.6744 0
      vertex 89.4526 16.6122 4.8
      vertex 85.9526 22.6744 4.8
    endloop
  endfacet
  facet normal -0.499999 0.866026 0
    outer loop
      vertex 89.4526 16.6122 0
      vertex 87.5474 15.5122 0
      vertex 87.5474 15.5122 4.8
    endloop
  endfacet
  facet normal -0.499999 0.866026 0
    outer loop
      vertex 89.4526 16.6122 0
      vertex 87.5474 15.5122 4.8
      vertex 89.4526 16.6122 4.8
    endloop
  endfacet
  facet normal 0.866026 0.499999 0
    outer loop
      vertex 87.5474 15.5122 0
      vertex 84.0474 21.5744 0
      vertex 84.0474 21.5744 4.8
    endloop
  endfacet
  facet normal 0.866026 0.499999 -0
    outer loop
      vertex 87.5474 15.5122 0
      vertex 84.0474 21.5744 4.8
      vertex 87.5474 15.5122 4.8
    endloop
  endfacet
  facet normal 0.499999 -0.866026 0
    outer loop
      vertex 84.0474 21.5744 0
      vertex 85.9526 22.6744 0
      vertex 85.9526 22.6744 4.8
    endloop
  endfacet
  facet normal 0.499999 -0.866026 0
    outer loop
      vertex 84.0474 21.5744 0
      vertex 85.9526 22.6744 4.8
      vertex 84.0474 21.5744 4.8
    endloop
  endfacet
  facet normal -0 0 1
    outer loop
      vertex 105.047 95.4207 0
      vertex 107.027 94.4498 0
      vertex 105.122 95.5502 0
    endloop
  endfacet
  facet normal 0 0 1
    outer loop
      vertex 105.047 95.4207 0
      vertex 106.953 94.3203 0
      vertex 107.027 94.4498 0
    endloop
  endfacet
  facet normal 0 0 -1
    outer loop
      vertex 105.047 95.4207 4.8
      vertex 105.122 95.5502 4.8
      vertex 107.027 94.4498 4.8
    endloop
  endfacet
  facet normal 0 0 -1
    outer loop
      vertex 105.047 95.4207 4.8
      vertex 107.027 94.4498 4.8
      vertex 106.953 94.3203 4.8
    endloop
  endfacet
  facet normal 0.865929 -0.500166 0
    outer loop
      vertex 105.047 95.4207 0
      vertex 105.122 95.5502 0
      vertex 105.122 95.5502 4.8
    endloop
  endfacet
  facet normal 0.865929 -0.500166 0
    outer loop
      vertex 105.047 95.4207 0
      vertex 105.122 95.5502 4.8
      vertex 105.047 95.4207 4.8
    endloop
  endfacet
  facet normal -0.500166 -0.865929 0
    outer loop
      vertex 105.122 95.5502 0
      vertex 107.027 94.4498 0
      vertex 107.027 94.4498 4.8
    endloop
  endfacet
  facet normal -0.500166 -0.865929 0
    outer loop
      vertex 105.122 95.5502 0
      vertex 107.027 94.4498 4.8
      vertex 105.122 95.5502 4.8
    endloop
  endfacet
  facet normal -0.865929 0.500166 0
    outer loop
      vertex 107.027 94.4498 0
      vertex 106.953 94.3203 0
      vertex 106.953 94.3203 4.8
    endloop
  endfacet
  facet normal -0.865929 0.500166 0
    outer loop
      vertex 107.027 94.4498 0
      vertex 106.953 94.3203 4.8
      vertex 107.027 94.4498 4.8
    endloop
  endfacet
  facet normal 0.500166 0.865929 0
    outer loop
      vertex 106.953 94.3203 0
      vertex 105.047 95.4207 0
      vertex 105.047 95.4207 4.8
    endloop
  endfacet
  facet normal 0.500166 0.865929 -0
    outer loop
      vertex 106.953 94.3203 0
      vertex 105.047 95.4207 4.8
      vertex 106.953 94.3203 4.8
    endloop
  endfacet
  facet normal 0 0 1
    outer loop
      vertex 147.047 59.0474 0
      vertex 152.453 64.0096 0
      vertex 150.547 65.1096 0
    endloop
  endfacet
  facet normal -0 0 1
    outer loop
      vertex 147.047 59.0474 0
      vertex 148.953 57.9474 0
      vertex 152.453 64.0096 0
    endloop
  endfacet
  facet normal 0 0 -1
    outer loop
      vertex 147.047 59.0474 4.8
      vertex 150.547 65.1096 4.8
      vertex 152.453 64.0096 4.8
    endloop
  endfacet
  facet normal 0 0 -1
    outer loop
      vertex 147.047 59.0474 4.8
      vertex 152.453 64.0096 4.8
      vertex 148.953 57.9474 4.8
    endloop
  endfacet
  facet normal 0.866026 -0.499999 0
    outer loop
      vertex 147.047 59.0474 0
      vertex 150.547 65.1096 0
      vertex 150.547 65.1096 4.8
    endloop
  endfacet
  facet normal 0.866026 -0.499999 0
    outer loop
      vertex 147.047 59.0474 0
      vertex 150.547 65.1096 4.8
      vertex 147.047 59.0474 4.8
    endloop
  endfacet
  facet normal -0.499999 -0.866026 0
    outer loop
      vertex 150.547 65.1096 0
      vertex 152.453 64.0096 0
      vertex 152.453 64.0096 4.8
    endloop
  endfacet
  facet normal -0.499999 -0.866026 0
    outer loop
      vertex 150.547 65.1096 0
      vertex 152.453 64.0096 4.8
      vertex 150.547 65.1096 4.8
    endloop
  endfacet
  facet normal -0.866026 0.499999 0
    outer loop
      vertex 152.453 64.0096 0
      vertex 148.953 57.9474 0
      vertex 148.953 57.9474 4.8
    endloop
  endfacet
  facet normal -0.866026 0.499999 0
    outer loop
      vertex 152.453 64.0096 0
      vertex 148.953 57.9474 4.8
      vertex 152.453 64.0096 4.8
    endloop
  endfacet
  facet normal 0.499999 0.866026 0
    outer loop
      vertex 148.953 57.9474 0
      vertex 147.047 59.0474 0
      vertex 147.047 59.0474 4.8
    endloop
  endfacet
  facet normal 0.499999 0.866026 -0
    outer loop
      vertex 148.953 57.9474 0
      vertex 147.047 59.0474 4.8
      vertex 148.953 57.9474 4.8
    endloop
  endfacet
  facet normal 0 0 1
    outer loop
      vertex 21.0474 22.6744 0
      vertex 26.4526 27.6365 0
      vertex 24.5474 28.7365 0
    endloop
  endfacet
  facet normal -0 0 1
    outer loop
      vertex 21.0474 22.6744 0
      vertex 22.9526 21.5744 0
      vertex 26.4526 27.6365 0
    endloop
  endfacet
  facet normal 0 0 -1
    outer loop
      vertex 21.0474 22.6744 4.8
      vertex 24.5474 28.7365 4.8
      vertex 26.4526 27.6365 4.8
    endloop
  endfacet
  facet normal 0 0 -1
    outer loop
      vertex 21.0474 22.6744 4.8
      vertex 26.4526 27.6365 4.8
      vertex 22.9526 21.5744 4.8
    endloop
  endfacet
  facet normal 0.866023 -0.500005 0
    outer loop
      vertex 21.0474 22.6744 0
      vertex 24.5474 28.7365 0
      vertex 24.5474 28.7365 4.8
    endloop
  endfacet
  facet normal 0.866023 -0.500005 0
    outer loop
      vertex 21.0474 22.6744 0
      vertex 24.5474 28.7365 4.8
      vertex 21.0474 22.6744 4.8
    endloop
  endfacet
  facet normal -0.500005 -0.866023 0
    outer loop
      vertex 24.5474 28.7365 0
      vertex 26.4526 27.6365 0
      vertex 26.4526 27.6365 4.8
    endloop
  endfacet
  facet normal -0.500005 -0.866023 0
    outer loop
      vertex 24.5474 28.7365 0
      vertex 26.4526 27.6365 4.8
      vertex 24.5474 28.7365 4.8
    endloop
  endfacet
  facet normal -0.866023 0.500005 0
    outer loop
      vertex 26.4526 27.6365 0
      vertex 22.9526 21.5744 0
      vertex 22.9526 21.5744 4.8
    endloop
  endfacet
  facet normal -0.866023 0.500005 0
    outer loop
      vertex 26.4526 27.6365 0
      vertex 22.9526 21.5744 4.8
      vertex 26.4526 27.6365 4.8
    endloop
  endfacet
  facet normal 0.500005 0.866023 0
    outer loop
      vertex 22.9526 21.5744 0
      vertex 21.0474 22.6744 0
      vertex 21.0474 22.6744 4.8
    endloop
  endfacet
  facet normal 0.500005 0.866023 -0
    outer loop
      vertex 22.9526 21.5744 0
      vertex 21.0474 22.6744 4.8
      vertex 22.9526 21.5744 4.8
    endloop
  endfacet
  facet normal 0 0 1
    outer loop
      vertex 120.878 95.5502 0
      vertex 119.047 94.3203 0
      vertex 120.953 95.4207 0
    endloop
  endfacet
  facet normal 0 0 1
    outer loop
      vertex 120.878 95.5502 0
      vertex 118.973 94.4498 0
      vertex 119.047 94.3203 0
    endloop
  endfacet
  facet normal 0 -0 -1
    outer loop
      vertex 120.878 95.5502 4.8
      vertex 120.953 95.4207 4.8
      vertex 119.047 94.3203 4.8
    endloop
  endfacet
  facet normal 0 0 -1
    outer loop
      vertex 120.878 95.5502 4.8
      vertex 119.047 94.3203 4.8
      vertex 118.973 94.4498 4.8
    endloop
  endfacet
  facet normal -0.865929 -0.500166 0
    outer loop
      vertex 120.878 95.5502 0
      vertex 120.953 95.4207 0
      vertex 120.953 95.4207 4.8
    endloop
  endfacet
  facet normal -0.865929 -0.500166 0
    outer loop
      vertex 120.878 95.5502 0
      vertex 120.953 95.4207 4.8
      vertex 120.878 95.5502 4.8
    endloop
  endfacet
  facet normal -0.500166 0.865929 0
    outer loop
      vertex 120.953 95.4207 0
      vertex 119.047 94.3203 0
      vertex 119.047 94.3203 4.8
    endloop
  endfacet
  facet normal -0.500166 0.865929 0
    outer loop
      vertex 120.953 95.4207 0
      vertex 119.047 94.3203 4.8
      vertex 120.953 95.4207 4.8
    endloop
  endfacet
  facet normal 0.865929 0.500166 0
    outer loop
      vertex 119.047 94.3203 0
      vertex 118.973 94.4498 0
      vertex 118.973 94.4498 4.8
    endloop
  endfacet
  facet normal 0.865929 0.500166 -0
    outer loop
      vertex 119.047 94.3203 0
      vertex 118.973 94.4498 4.8
      vertex 119.047 94.3203 4.8
    endloop
  endfacet
  facet normal 0.500166 -0.865929 0
    outer loop
      vertex 118.973 94.4498 0
      vertex 120.878 95.5502 0
      vertex 120.878 95.5502 4.8
    endloop
  endfacet
  facet normal 0.500166 -0.865929 0
    outer loop
      vertex 118.973 94.4498 0
      vertex 120.878 95.5502 4.8
      vertex 118.973 94.4498 4.8
    endloop
  endfacet
  facet normal -0 0 1
    outer loop
      vertex 99 83.8461 0
      vertex 106 81.6461 0
      vertex 106 83.8461 0
    endloop
  endfacet
  facet normal 0 0 1
    outer loop
      vertex 99 83.8461 0
      vertex 99 81.6461 0
      vertex 106 81.6461 0
    endloop
  endfacet
  facet normal 0 0 -1
    outer loop
      vertex 99 83.8461 4.8
      vertex 106 83.8461 4.8
      vertex 106 81.6461 4.8
    endloop
  endfacet
  facet normal 0 0 -1
    outer loop
      vertex 99 83.8461 4.8
      vertex 106 81.6461 4.8
      vertex 99 81.6461 4.8
    endloop
  endfacet
  facet normal 0 -1 0
    outer loop
      vertex 99 83.8461 0
      vertex 106 83.8461 0
      vertex 106 83.8461 4.8
    endloop
  endfacet
  facet normal 0 -1 0
    outer loop
      vertex 99 83.8461 0
      vertex 106 83.8461 4.8
      vertex 99 83.8461 4.8
    endloop
  endfacet
  facet normal -1 0 0
    outer loop
      vertex 106 83.8461 0
      vertex 106 81.6461 0
      vertex 106 81.6461 4.8
    endloop
  endfacet
  facet normal -1 0 0
    outer loop
      vertex 106 83.8461 0
      vertex 106 81.6461 4.8
      vertex 106 83.8461 4.8
    endloop
  endfacet
  facet normal 0 1 0
    outer loop
      vertex 106 81.6461 0
      vertex 99 81.6461 0
      vertex 99 81.6461 4.8
    endloop
  endfacet
  facet normal 0 1 -0
    outer loop
      vertex 106 81.6461 0
      vertex 99 81.6461 4.8
      vertex 106 81.6461 4.8
    endloop
  endfacet
  facet normal 1 0 0
    outer loop
      vertex 99 81.6461 0
      vertex 99 83.8461 0
      vertex 99 83.8461 4.8
    endloop
  endfacet
  facet normal 1 0 0
    outer loop
      vertex 99 81.6461 0
      vertex 99 83.8461 4.8
      vertex 99 81.6461 4.8
    endloop
  endfacet
  facet normal 0 0 1
    outer loop
      vertex 127.953 71.1718 0
      vertex 129.547 64.0096 0
      vertex 131.453 65.1096 0
    endloop
  endfacet
  facet normal 0 0 1
    outer loop
      vertex 127.953 71.1718 0
      vertex 126.047 70.0718 0
      vertex 129.547 64.0096 0
    endloop
  endfacet
  facet normal 0 0 -1
    outer loop
      vertex 127.953 71.1718 4.8
      vertex 131.453 65.1096 4.8
      vertex 129.547 64.0096 4.8
    endloop
  endfacet
  facet normal 0 -0 -1
    outer loop
      vertex 127.953 71.1718 4.8
      vertex 129.547 64.0096 4.8
      vertex 126.047 70.0718 4.8
    endloop
  endfacet
  facet normal -0.866026 -0.499999 0
    outer loop
      vertex 127.953 71.1718 0
      vertex 131.453 65.1096 0
      vertex 131.453 65.1096 4.8
    endloop
  endfacet
  facet normal -0.866026 -0.499999 0
    outer loop
      vertex 127.953 71.1718 0
      vertex 131.453 65.1096 4.8
      vertex 127.953 71.1718 4.8
    endloop
  endfacet
  facet normal -0.499999 0.866026 0
    outer loop
      vertex 131.453 65.1096 0
      vertex 129.547 64.0096 0
      vertex 129.547 64.0096 4.8
    endloop
  endfacet
  facet normal -0.499999 0.866026 0
    outer loop
      vertex 131.453 65.1096 0
      vertex 129.547 64.0096 4.8
      vertex 131.453 65.1096 4.8
    endloop
  endfacet
  facet normal 0.866026 0.499999 0
    outer loop
      vertex 129.547 64.0096 0
      vertex 126.047 70.0718 0
      vertex 126.047 70.0718 4.8
    endloop
  endfacet
  facet normal 0.866026 0.499999 -0
    outer loop
      vertex 129.547 64.0096 0
      vertex 126.047 70.0718 4.8
      vertex 129.547 64.0096 4.8
    endloop
  endfacet
  facet normal 0.499999 -0.866026 0
    outer loop
      vertex 126.047 70.0718 0
      vertex 127.953 71.1718 0
      vertex 127.953 71.1718 4.8
    endloop
  endfacet
  facet normal 0.499999 -0.866026 0
    outer loop
      vertex 126.047 70.0718 0
      vertex 127.953 71.1718 4.8
      vertex 126.047 70.0718 4.8
    endloop
  endfacet
  facet normal 0 0 1
    outer loop
      vertex 105.047 59.0474 0
      vertex 110.453 64.0096 0
      vertex 108.547 65.1096 0
    endloop
  endfacet
  facet normal -0 0 1
    outer loop
      vertex 105.047 59.0474 0
      vertex 106.953 57.9474 0
      vertex 110.453 64.0096 0
    endloop
  endfacet
  facet normal 0 0 -1
    outer loop
      vertex 105.047 59.0474 4.8
      vertex 108.547 65.1096 4.8
      vertex 110.453 64.0096 4.8
    endloop
  endfacet
  facet normal 0 0 -1
    outer loop
      vertex 105.047 59.0474 4.8
      vertex 110.453 64.0096 4.8
      vertex 106.953 57.9474 4.8
    endloop
  endfacet
  facet normal 0.866026 -0.499999 0
    outer loop
      vertex 105.047 59.0474 0
      vertex 108.547 65.1096 0
      vertex 108.547 65.1096 4.8
    endloop
  endfacet
  facet normal 0.866026 -0.499999 0
    outer loop
      vertex 105.047 59.0474 0
      vertex 108.547 65.1096 4.8
      vertex 105.047 59.0474 4.8
    endloop
  endfacet
  facet normal -0.499999 -0.866026 0
    outer loop
      vertex 108.547 65.1096 0
      vertex 110.453 64.0096 0
      vertex 110.453 64.0096 4.8
    endloop
  endfacet
  facet normal -0.499999 -0.866026 0
    outer loop
      vertex 108.547 65.1096 0
      vertex 110.453 64.0096 4.8
      vertex 108.547 65.1096 4.8
    endloop
  endfacet
  facet normal -0.866026 0.499999 0
    outer loop
      vertex 110.453 64.0096 0
      vertex 106.953 57.9474 0
      vertex 106.953 57.9474 4.8
    endloop
  endfacet
  facet normal -0.866026 0.499999 0
    outer loop
      vertex 110.453 64.0096 0
      vertex 106.953 57.9474 4.8
      vertex 110.453 64.0096 4.8
    endloop
  endfacet
  facet normal 0.499999 0.866026 0
    outer loop
      vertex 106.953 57.9474 0
      vertex 105.047 59.0474 0
      vertex 105.047 59.0474 4.8
    endloop
  endfacet
  facet normal 0.499999 0.866026 -0
    outer loop
      vertex 106.953 57.9474 0
      vertex 105.047 59.0474 4.8
      vertex 106.953 57.9474 4.8
    endloop
  endfacet
  facet normal -0 0 1
    outer loop
      vertex 172.5 77.784 0
      vertex 175.7 75.584 0
      vertex 175.7 77.784 0
    endloop
  endfacet
  facet normal 0 0 1
    outer loop
      vertex 172.5 77.784 0
      vertex 172.5 75.584 0
      vertex 175.7 75.584 0
    endloop
  endfacet
  facet normal 0 0 -1
    outer loop
      vertex 172.5 77.784 4.8
      vertex 175.7 77.784 4.8
      vertex 175.7 75.584 4.8
    endloop
  endfacet
  facet normal 0 0 -1
    outer loop
      vertex 172.5 77.784 4.8
      vertex 175.7 75.584 4.8
      vertex 172.5 75.584 4.8
    endloop
  endfacet
  facet normal 0 -1 0
    outer loop
      vertex 172.5 77.784 0
      vertex 175.7 77.784 0
      vertex 175.7 77.784 4.8
    endloop
  endfacet
  facet normal 0 -1 0
    outer loop
      vertex 172.5 77.784 0
      vertex 175.7 77.784 4.8
      vertex 172.5 77.784 4.8
    endloop
  endfacet
  facet normal -1 0 0
    outer loop
      vertex 175.7 77.784 0
      vertex 175.7 75.584 0
      vertex 175.7 75.584 4.8
    endloop
  endfacet
  facet normal -1 0 0
    outer loop
      vertex 175.7 77.784 0
      vertex 175.7 75.584 4.8
      vertex 175.7 77.784 4.8
    endloop
  endfacet
  facet normal 0 1 0
    outer loop
      vertex 175.7 75.584 0
      vertex 172.5 75.584 0
      vertex 172.5 75.584 4.8
    endloop
  endfacet
  facet normal 0 1 -0
    outer loop
      vertex 175.7 75.584 0
      vertex 172.5 75.584 4.8
      vertex 175.7 75.584 4.8
    endloop
  endfacet
  facet normal 1 0 0
    outer loop
      vertex 172.5 75.584 0
      vertex 172.5 77.784 0
      vertex 172.5 77.784 4.8
    endloop
  endfacet
  facet normal 1 0 0
    outer loop
      vertex 172.5 75.584 0
      vertex 172.5 77.784 4.8
      vertex 172.5 75.584 4.8
    endloop
  endfacet
  facet normal 0 0 1
    outer loop
      vertex 126.047 10.55 0
      vertex 131.453 15.5122 0
      vertex 129.547 16.6122 0
    endloop
  endfacet
  facet normal -0 0 1
    outer loop
      vertex 126.047 10.55 0
      vertex 127.953 9.45 0
      vertex 131.453 15.5122 0
    endloop
  endfacet
  facet normal 0 0 -1
    outer loop
      vertex 126.047 10.55 4.8
      vertex 129.547 16.6122 4.8
      vertex 131.453 15.5122 4.8
    endloop
  endfacet
  facet normal 0 0 -1
    outer loop
      vertex 126.047 10.55 4.8
      vertex 131.453 15.5122 4.8
      vertex 127.953 9.45 4.8
    endloop
  endfacet
  facet normal 0.866026 -0.499999 0
    outer loop
      vertex 126.047 10.55 0
      vertex 129.547 16.6122 0
      vertex 129.547 16.6122 4.8
    endloop
  endfacet
  facet normal 0.866026 -0.499999 0
    outer loop
      vertex 126.047 10.55 0
      vertex 129.547 16.6122 4.8
      vertex 126.047 10.55 4.8
    endloop
  endfacet
  facet normal -0.499999 -0.866026 0
    outer loop
      vertex 129.547 16.6122 0
      vertex 131.453 15.5122 0
      vertex 131.453 15.5122 4.8
    endloop
  endfacet
  facet normal -0.499999 -0.866026 0
    outer loop
      vertex 129.547 16.6122 0
      vertex 131.453 15.5122 4.8
      vertex 129.547 16.6122 4.8
    endloop
  endfacet
  facet normal -0.866026 0.499999 0
    outer loop
      vertex 131.453 15.5122 0
      vertex 127.953 9.45 0
      vertex 127.953 9.45 4.8
    endloop
  endfacet
  facet normal -0.866026 0.499999 0
    outer loop
      vertex 131.453 15.5122 0
      vertex 127.953 9.45 4.8
      vertex 131.453 15.5122 4.8
    endloop
  endfacet
  facet normal 0.499999 0.866026 0
    outer loop
      vertex 127.953 9.45 0
      vertex 126.047 10.55 0
      vertex 126.047 10.55 4.8
    endloop
  endfacet
  facet normal 0.499999 0.866026 -0
    outer loop
      vertex 127.953 9.45 0
      vertex 126.047 10.55 4.8
      vertex 127.953 9.45 4.8
    endloop
  endfacet
  facet normal 0 0 1
    outer loop
      vertex 159.453 16.6122 0
      vertex 161.047 9.45 0
      vertex 162.953 10.55 0
    endloop
  endfacet
  facet normal 0 0 1
    outer loop
      vertex 159.453 16.6122 0
      vertex 157.547 15.5122 0
      vertex 161.047 9.45 0
    endloop
  endfacet
  facet normal 0 0 -1
    outer loop
      vertex 159.453 16.6122 4.8
      vertex 162.953 10.55 4.8
      vertex 161.047 9.45 4.8
    endloop
  endfacet
  facet normal 0 -0 -1
    outer loop
      vertex 159.453 16.6122 4.8
      vertex 161.047 9.45 4.8
      vertex 157.547 15.5122 4.8
    endloop
  endfacet
  facet normal -0.866026 -0.499999 0
    outer loop
      vertex 159.453 16.6122 0
      vertex 162.953 10.55 0
      vertex 162.953 10.55 4.8
    endloop
  endfacet
  facet normal -0.866026 -0.499999 0
    outer loop
      vertex 159.453 16.6122 0
      vertex 162.953 10.55 4.8
      vertex 159.453 16.6122 4.8
    endloop
  endfacet
  facet normal -0.499999 0.866026 0
    outer loop
      vertex 162.953 10.55 0
      vertex 161.047 9.45 0
      vertex 161.047 9.45 4.8
    endloop
  endfacet
  facet normal -0.499999 0.866026 0
    outer loop
      vertex 162.953 10.55 0
      vertex 161.047 9.45 4.8
      vertex 162.953 10.55 4.8
    endloop
  endfacet
  facet normal 0.866026 0.499999 0
    outer loop
      vertex 161.047 9.45 0
      vertex 157.547 15.5122 0
      vertex 157.547 15.5122 4.8
    endloop
  endfacet
  facet normal 0.866026 0.499999 -0
    outer loop
      vertex 161.047 9.45 0
      vertex 157.547 15.5122 4.8
      vertex 161.047 9.45 4.8
    endloop
  endfacet
  facet normal 0.499999 -0.866026 0
    outer loop
      vertex 157.547 15.5122 0
      vertex 159.453 16.6122 0
      vertex 159.453 16.6122 4.8
    endloop
  endfacet
  facet normal 0.499999 -0.866026 0
    outer loop
      vertex 157.547 15.5122 0
      vertex 159.453 16.6122 4.8
      vertex 157.547 15.5122 4.8
    endloop
  endfacet
  facet normal -0 0 1
    outer loop
      vertex 78 47.4731 0
      vertex 85 45.2731 0
      vertex 85 47.4731 0
    endloop
  endfacet
  facet normal 0 0 1
    outer loop
      vertex 78 47.4731 0
      vertex 78 45.2731 0
      vertex 85 45.2731 0
    endloop
  endfacet
  facet normal 0 0 -1
    outer loop
      vertex 78 47.4731 4.8
      vertex 85 47.4731 4.8
      vertex 85 45.2731 4.8
    endloop
  endfacet
  facet normal 0 0 -1
    outer loop
      vertex 78 47.4731 4.8
      vertex 85 45.2731 4.8
      vertex 78 45.2731 4.8
    endloop
  endfacet
  facet normal 0 -1 0
    outer loop
      vertex 78 47.4731 0
      vertex 85 47.4731 0
      vertex 85 47.4731 4.8
    endloop
  endfacet
  facet normal 0 -1 0
    outer loop
      vertex 78 47.4731 0
      vertex 85 47.4731 4.8
      vertex 78 47.4731 4.8
    endloop
  endfacet
  facet normal -1 0 0
    outer loop
      vertex 85 47.4731 0
      vertex 85 45.2731 0
      vertex 85 45.2731 4.8
    endloop
  endfacet
  facet normal -1 0 0
    outer loop
      vertex 85 47.4731 0
      vertex 85 45.2731 4.8
      vertex 85 47.4731 4.8
    endloop
  endfacet
  facet normal 0 1 0
    outer loop
      vertex 85 45.2731 0
      vertex 78 45.2731 0
      vertex 78 45.2731 4.8
    endloop
  endfacet
  facet normal 0 1 -0
    outer loop
      vertex 85 45.2731 0
      vertex 78 45.2731 4.8
      vertex 85 45.2731 4.8
    endloop
  endfacet
  facet normal 1 0 0
    outer loop
      vertex 78 45.2731 0
      vertex 78 47.4731 0
      vertex 78 47.4731 4.8
    endloop
  endfacet
  facet normal 1 0 0
    outer loop
      vertex 78 45.2731 0
      vertex 78 47.4731 4.8
      vertex 78 45.2731 4.8
    endloop
  endfacet
  facet normal 0 0 1
    outer loop
      vertex 52.5474 16.6122 0
      vertex 57.9526 21.5744 0
      vertex 56.0474 22.6744 0
    endloop
  endfacet
  facet normal -0 0 1
    outer loop
      vertex 52.5474 16.6122 0
      vertex 54.4526 15.5122 0
      vertex 57.9526 21.5744 0
    endloop
  endfacet
  facet normal 0 0 -1
    outer loop
      vertex 52.5474 16.6122 4.8
      vertex 56.0474 22.6744 4.8
      vertex 57.9526 21.5744 4.8
    endloop
  endfacet
  facet normal 0 0 -1
    outer loop
      vertex 52.5474 16.6122 4.8
      vertex 57.9526 21.5744 4.8
      vertex 54.4526 15.5122 4.8
    endloop
  endfacet
  facet normal 0.866026 -0.499999 0
    outer loop
      vertex 52.5474 16.6122 0
      vertex 56.0474 22.6744 0
      vertex 56.0474 22.6744 4.8
    endloop
  endfacet
  facet normal 0.866026 -0.499999 0
    outer loop
      vertex 52.5474 16.6122 0
      vertex 56.0474 22.6744 4.8
      vertex 52.5474 16.6122 4.8
    endloop
  endfacet
  facet normal -0.499999 -0.866026 0
    outer loop
      vertex 56.0474 22.6744 0
      vertex 57.9526 21.5744 0
      vertex 57.9526 21.5744 4.8
    endloop
  endfacet
  facet normal -0.499999 -0.866026 0
    outer loop
      vertex 56.0474 22.6744 0
      vertex 57.9526 21.5744 4.8
      vertex 56.0474 22.6744 4.8
    endloop
  endfacet
  facet normal -0.866026 0.499999 0
    outer loop
      vertex 57.9526 21.5744 0
      vertex 54.4526 15.5122 0
      vertex 54.4526 15.5122 4.8
    endloop
  endfacet
  facet normal -0.866026 0.499999 0
    outer loop
      vertex 57.9526 21.5744 0
      vertex 54.4526 15.5122 4.8
      vertex 57.9526 21.5744 4.8
    endloop
  endfacet
  facet normal 0.499999 0.866026 0
    outer loop
      vertex 54.4526 15.5122 0
      vertex 52.5474 16.6122 0
      vertex 52.5474 16.6122 4.8
    endloop
  endfacet
  facet normal 0.499999 0.866026 -0
    outer loop
      vertex 54.4526 15.5122 0
      vertex 52.5474 16.6122 4.8
      vertex 54.4526 15.5122 4.8
    endloop
  endfacet
  facet normal 0 0 1
    outer loop
      vertex 33.4526 28.7365 0
      vertex 35.0474 21.5744 0
      vertex 36.9526 22.6744 0
    endloop
  endfacet
  facet normal 0 0 1
    outer loop
      vertex 33.4526 28.7365 0
      vertex 31.5474 27.6365 0
      vertex 35.0474 21.5744 0
    endloop
  endfacet
  facet normal 0 0 -1
    outer loop
      vertex 33.4526 28.7365 4.8
      vertex 36.9526 22.6744 4.8
      vertex 35.0474 21.5744 4.8
    endloop
  endfacet
  facet normal 0 -0 -1
    outer loop
      vertex 33.4526 28.7365 4.8
      vertex 35.0474 21.5744 4.8
      vertex 31.5474 27.6365 4.8
    endloop
  endfacet
  facet normal -0.866023 -0.500005 0
    outer loop
      vertex 33.4526 28.7365 0
      vertex 36.9526 22.6744 0
      vertex 36.9526 22.6744 4.8
    endloop
  endfacet
  facet normal -0.866023 -0.500005 0
    outer loop
      vertex 33.4526 28.7365 0
      vertex 36.9526 22.6744 4.8
      vertex 33.4526 28.7365 4.8
    endloop
  endfacet
  facet normal -0.500005 0.866023 0
    outer loop
      vertex 36.9526 22.6744 0
      vertex 35.0474 21.5744 0
      vertex 35.0474 21.5744 4.8
    endloop
  endfacet
  facet normal -0.500005 0.866023 0
    outer loop
      vertex 36.9526 22.6744 0
      vertex 35.0474 21.5744 4.8
      vertex 36.9526 22.6744 4.8
    endloop
  endfacet
  facet normal 0.866023 0.500005 0
    outer loop
      vertex 35.0474 21.5744 0
      vertex 31.5474 27.6365 0
      vertex 31.5474 27.6365 4.8
    endloop
  endfacet
  facet normal 0.866023 0.500005 -0
    outer loop
      vertex 35.0474 21.5744 0
      vertex 31.5474 27.6365 4.8
      vertex 35.0474 21.5744 4.8
    endloop
  endfacet
  facet normal 0.500005 -0.866023 0
    outer loop
      vertex 31.5474 27.6365 0
      vertex 33.4526 28.7365 0
      vertex 33.4526 28.7365 4.8
    endloop
  endfacet
  facet normal 0.500005 -0.866023 0
    outer loop
      vertex 31.5474 27.6365 0
      vertex 33.4526 28.7365 4.8
      vertex 31.5474 27.6365 4.8
    endloop
  endfacet
  facet normal 0 0 1
    outer loop
      vertex 147.047 34.7987 0
      vertex 152.453 39.7609 0
      vertex 150.547 40.8609 0
    endloop
  endfacet
  facet normal -0 0 1
    outer loop
      vertex 147.047 34.7987 0
      vertex 148.953 33.6987 0
      vertex 152.453 39.7609 0
    endloop
  endfacet
  facet normal 0 0 -1
    outer loop
      vertex 147.047 34.7987 4.8
      vertex 150.547 40.8609 4.8
      vertex 152.453 39.7609 4.8
    endloop
  endfacet
  facet normal 0 0 -1
    outer loop
      vertex 147.047 34.7987 4.8
      vertex 152.453 39.7609 4.8
      vertex 148.953 33.6987 4.8
    endloop
  endfacet
  facet normal 0.866026 -0.499999 0
    outer loop
      vertex 147.047 34.7987 0
      vertex 150.547 40.8609 0
      vertex 150.547 40.8609 4.8
    endloop
  endfacet
  facet normal 0.866026 -0.499999 0
    outer loop
      vertex 147.047 34.7987 0
      vertex 150.547 40.8609 4.8
      vertex 147.047 34.7987 4.8
    endloop
  endfacet
  facet normal -0.499999 -0.866026 0
    outer loop
      vertex 150.547 40.8609 0
      vertex 152.453 39.7609 0
      vertex 152.453 39.7609 4.8
    endloop
  endfacet
  facet normal -0.499999 -0.866026 0
    outer loop
      vertex 150.547 40.8609 0
      vertex 152.453 39.7609 4.8
      vertex 150.547 40.8609 4.8
    endloop
  endfacet
  facet normal -0.866026 0.499999 0
    outer loop
      vertex 152.453 39.7609 0
      vertex 148.953 33.6987 0
      vertex 148.953 33.6987 4.8
    endloop
  endfacet
  facet normal -0.866026 0.499999 0
    outer loop
      vertex 152.453 39.7609 0
      vertex 148.953 33.6987 4.8
      vertex 152.453 39.7609 4.8
    endloop
  endfacet
  facet normal 0.499999 0.866026 0
    outer loop
      vertex 148.953 33.6987 0
      vertex 147.047 34.7987 0
      vertex 147.047 34.7987 4.8
    endloop
  endfacet
  facet normal 0.499999 0.866026 -0
    outer loop
      vertex 148.953 33.6987 0
      vertex 147.047 34.7987 4.8
      vertex 148.953 33.6987 4.8
    endloop
  endfacet
  facet normal 0 0 1
    outer loop
      vertex 21.0474 10.55 0
      vertex 26.4526 15.5122 0
      vertex 24.5474 16.6122 0
    endloop
  endfacet
  facet normal -0 0 1
    outer loop
      vertex 21.0474 10.55 0
      vertex 22.9526 9.45 0
      vertex 26.4526 15.5122 0
    endloop
  endfacet
  facet normal 0 0 -1
    outer loop
      vertex 21.0474 10.55 4.8
      vertex 24.5474 16.6122 4.8
      vertex 26.4526 15.5122 4.8
    endloop
  endfacet
  facet normal 0 0 -1
    outer loop
      vertex 21.0474 10.55 4.8
      vertex 26.4526 15.5122 4.8
      vertex 22.9526 9.45 4.8
    endloop
  endfacet
  facet normal 0.866026 -0.499999 0
    outer loop
      vertex 21.0474 10.55 0
      vertex 24.5474 16.6122 0
      vertex 24.5474 16.6122 4.8
    endloop
  endfacet
  facet normal 0.866026 -0.499999 0
    outer loop
      vertex 21.0474 10.55 0
      vertex 24.5474 16.6122 4.8
      vertex 21.0474 10.55 4.8
    endloop
  endfacet
  facet normal -0.499999 -0.866026 0
    outer loop
      vertex 24.5474 16.6122 0
      vertex 26.4526 15.5122 0
      vertex 26.4526 15.5122 4.8
    endloop
  endfacet
  facet normal -0.499999 -0.866026 0
    outer loop
      vertex 24.5474 16.6122 0
      vertex 26.4526 15.5122 4.8
      vertex 24.5474 16.6122 4.8
    endloop
  endfacet
  facet normal -0.866026 0.499999 0
    outer loop
      vertex 26.4526 15.5122 0
      vertex 22.9526 9.45 0
      vertex 22.9526 9.45 4.8
    endloop
  endfacet
  facet normal -0.866026 0.499999 0
    outer loop
      vertex 26.4526 15.5122 0
      vertex 22.9526 9.45 4.8
      vertex 26.4526 15.5122 4.8
    endloop
  endfacet
  facet normal 0.499999 0.866026 0
    outer loop
      vertex 22.9526 9.45 0
      vertex 21.0474 10.55 0
      vertex 21.0474 10.55 4.8
    endloop
  endfacet
  facet normal 0.499999 0.866026 -0
    outer loop
      vertex 22.9526 9.45 0
      vertex 21.0474 10.55 4.8
      vertex 22.9526 9.45 4.8
    endloop
  endfacet
  facet normal 0 0 1
    outer loop
      vertex 15.8777 95.5502 0
      vertex 14.0475 94.3203 0
      vertex 15.9525 95.4207 0
    endloop
  endfacet
  facet normal 0 0 1
    outer loop
      vertex 15.8777 95.5502 0
      vertex 13.9727 94.4498 0
      vertex 14.0475 94.3203 0
    endloop
  endfacet
  facet normal 0 -0 -1
    outer loop
      vertex 15.8777 95.5502 4.8
      vertex 15.9525 95.4207 4.8
      vertex 14.0475 94.3203 4.8
    endloop
  endfacet
  facet normal 0 0 -1
    outer loop
      vertex 15.8777 95.5502 4.8
      vertex 14.0475 94.3203 4.8
      vertex 13.9727 94.4498 4.8
    endloop
  endfacet
  facet normal -0.865929 -0.500166 0
    outer loop
      vertex 15.8777 95.5502 0
      vertex 15.9525 95.4207 0
      vertex 15.9525 95.4207 4.8
    endloop
  endfacet
  facet normal -0.865929 -0.500166 0
    outer loop
      vertex 15.8777 95.5502 0
      vertex 15.9525 95.4207 4.8
      vertex 15.8777 95.5502 4.8
    endloop
  endfacet
  facet normal -0.500166 0.865929 0
    outer loop
      vertex 15.9525 95.4207 0
      vertex 14.0475 94.3203 0
      vertex 14.0475 94.3203 4.8
    endloop
  endfacet
  facet normal -0.500166 0.865929 0
    outer loop
      vertex 15.9525 95.4207 0
      vertex 14.0475 94.3203 4.8
      vertex 15.9525 95.4207 4.8
    endloop
  endfacet
  facet normal 0.865929 0.500166 0
    outer loop
      vertex 14.0475 94.3203 0
      vertex 13.9727 94.4498 0
      vertex 13.9727 94.4498 4.8
    endloop
  endfacet
  facet normal 0.865929 0.500166 -0
    outer loop
      vertex 14.0475 94.3203 0
      vertex 13.9727 94.4498 4.8
      vertex 14.0475 94.3203 4.8
    endloop
  endfacet
  facet normal 0.500166 -0.865929 0
    outer loop
      vertex 13.9727 94.4498 0
      vertex 15.8777 95.5502 0
      vertex 15.8777 95.5502 4.8
    endloop
  endfacet
  facet normal 0.500166 -0.865929 0
    outer loop
      vertex 13.9727 94.4498 0
      vertex 15.8777 95.5502 4.8
      vertex 13.9727 94.4498 4.8
    endloop
  endfacet
  facet normal 0 0 1
    outer loop
      vertex 159.453 52.9852 0
      vertex 161.047 45.8231 0
      vertex 162.953 46.9231 0
    endloop
  endfacet
  facet normal 0 0 1
    outer loop
      vertex 159.453 52.9852 0
      vertex 157.547 51.8852 0
      vertex 161.047 45.8231 0
    endloop
  endfacet
  facet normal 0 0 -1
    outer loop
      vertex 159.453 52.9852 4.8
      vertex 162.953 46.9231 4.8
      vertex 161.047 45.8231 4.8
    endloop
  endfacet
  facet normal 0 -0 -1
    outer loop
      vertex 159.453 52.9852 4.8
      vertex 161.047 45.8231 4.8
      vertex 157.547 51.8852 4.8
    endloop
  endfacet
  facet normal -0.866023 -0.500005 0
    outer loop
      vertex 159.453 52.9852 0
      vertex 162.953 46.9231 0
      vertex 162.953 46.9231 4.8
    endloop
  endfacet
  facet normal -0.866023 -0.500005 0
    outer loop
      vertex 159.453 52.9852 0
      vertex 162.953 46.9231 4.8
      vertex 159.453 52.9852 4.8
    endloop
  endfacet
  facet normal -0.500005 0.866023 0
    outer loop
      vertex 162.953 46.9231 0
      vertex 161.047 45.8231 0
      vertex 161.047 45.8231 4.8
    endloop
  endfacet
  facet normal -0.500005 0.866023 0
    outer loop
      vertex 162.953 46.9231 0
      vertex 161.047 45.8231 4.8
      vertex 162.953 46.9231 4.8
    endloop
  endfacet
  facet normal 0.866023 0.500005 0
    outer loop
      vertex 161.047 45.8231 0
      vertex 157.547 51.8852 0
      vertex 157.547 51.8852 4.8
    endloop
  endfacet
  facet normal 0.866023 0.500005 -0
    outer loop
      vertex 161.047 45.8231 0
      vertex 157.547 51.8852 4.8
      vertex 161.047 45.8231 4.8
    endloop
  endfacet
  facet normal 0.500005 -0.866023 0
    outer loop
      vertex 157.547 51.8852 0
      vertex 159.453 52.9852 0
      vertex 159.453 52.9852 4.8
    endloop
  endfacet
  facet normal 0.500005 -0.866023 0
    outer loop
      vertex 157.547 51.8852 0
      vertex 159.453 52.9852 4.8
      vertex 157.547 51.8852 4.8
    endloop
  endfacet
  facet normal 0 0 1
    outer loop
      vertex 33.4526 40.8609 0
      vertex 35.0474 33.6987 0
      vertex 36.9526 34.7987 0
    endloop
  endfacet
  facet normal 0 0 1
    outer loop
      vertex 33.4526 40.8609 0
      vertex 31.5474 39.7609 0
      vertex 35.0474 33.6987 0
    endloop
  endfacet
  facet normal 0 0 -1
    outer loop
      vertex 33.4526 40.8609 4.8
      vertex 36.9526 34.7987 4.8
      vertex 35.0474 33.6987 4.8
    endloop
  endfacet
  facet normal 0 -0 -1
    outer loop
      vertex 33.4526 40.8609 4.8
      vertex 35.0474 33.6987 4.8
      vertex 31.5474 39.7609 4.8
    endloop
  endfacet
  facet normal -0.866026 -0.499999 0
    outer loop
      vertex 33.4526 40.8609 0
      vertex 36.9526 34.7987 0
      vertex 36.9526 34.7987 4.8
    endloop
  endfacet
  facet normal -0.866026 -0.499999 0
    outer loop
      vertex 33.4526 40.8609 0
      vertex 36.9526 34.7987 4.8
      vertex 33.4526 40.8609 4.8
    endloop
  endfacet
  facet normal -0.499999 0.866026 0
    outer loop
      vertex 36.9526 34.7987 0
      vertex 35.0474 33.6987 0
      vertex 35.0474 33.6987 4.8
    endloop
  endfacet
  facet normal -0.499999 0.866026 0
    outer loop
      vertex 36.9526 34.7987 0
      vertex 35.0474 33.6987 4.8
      vertex 36.9526 34.7987 4.8
    endloop
  endfacet
  facet normal 0.866026 0.499999 0
    outer loop
      vertex 35.0474 33.6987 0
      vertex 31.5474 39.7609 0
      vertex 31.5474 39.7609 4.8
    endloop
  endfacet
  facet normal 0.866026 0.499999 -0
    outer loop
      vertex 35.0474 33.6987 0
      vertex 31.5474 39.7609 4.8
      vertex 35.0474 33.6987 4.8
    endloop
  endfacet
  facet normal 0.499999 -0.866026 0
    outer loop
      vertex 31.5474 39.7609 0
      vertex 33.4526 40.8609 0
      vertex 33.4526 40.8609 4.8
    endloop
  endfacet
  facet normal 0.499999 -0.866026 0
    outer loop
      vertex 31.5474 39.7609 0
      vertex 33.4526 40.8609 4.8
      vertex 31.5474 39.7609 4.8
    endloop
  endfacet
  facet normal 0 0 1
    outer loop
      vertex 136.547 28.7365 0
      vertex 141.953 33.6987 0
      vertex 140.047 34.7987 0
    endloop
  endfacet
  facet normal -0 0 1
    outer loop
      vertex 136.547 28.7365 0
      vertex 138.453 27.6365 0
      vertex 141.953 33.6987 0
    endloop
  endfacet
  facet normal 0 0 -1
    outer loop
      vertex 136.547 28.7365 4.8
      vertex 140.047 34.7987 4.8
      vertex 141.953 33.6987 4.8
    endloop
  endfacet
  facet normal 0 0 -1
    outer loop
      vertex 136.547 28.7365 4.8
      vertex 141.953 33.6987 4.8
      vertex 138.453 27.6365 4.8
    endloop
  endfacet
  facet normal 0.866026 -0.499999 0
    outer loop
      vertex 136.547 28.7365 0
      vertex 140.047 34.7987 0
      vertex 140.047 34.7987 4.8
    endloop
  endfacet
  facet normal 0.866026 -0.499999 0
    outer loop
      vertex 136.547 28.7365 0
      vertex 140.047 34.7987 4.8
      vertex 136.547 28.7365 4.8
    endloop
  endfacet
  facet normal -0.499999 -0.866026 0
    outer loop
      vertex 140.047 34.7987 0
      vertex 141.953 33.6987 0
      vertex 141.953 33.6987 4.8
    endloop
  endfacet
  facet normal -0.499999 -0.866026 0
    outer loop
      vertex 140.047 34.7987 0
      vertex 141.953 33.6987 4.8
      vertex 140.047 34.7987 4.8
    endloop
  endfacet
  facet normal -0.866026 0.499999 0
    outer loop
      vertex 141.953 33.6987 0
      vertex 138.453 27.6365 0
      vertex 138.453 27.6365 4.8
    endloop
  endfacet
  facet normal -0.866026 0.499999 0
    outer loop
      vertex 141.953 33.6987 0
      vertex 138.453 27.6365 4.8
      vertex 141.953 33.6987 4.8
    endloop
  endfacet
  facet normal 0.499999 0.866026 0
    outer loop
      vertex 138.453 27.6365 0
      vertex 136.547 28.7365 0
      vertex 136.547 28.7365 4.8
    endloop
  endfacet
  facet normal 0.499999 0.866026 -0
    outer loop
      vertex 138.453 27.6365 0
      vertex 136.547 28.7365 4.8
      vertex 138.453 27.6365 4.8
    endloop
  endfacet
  facet normal -0 0 1
    outer loop
      vertex 8 77.784 0
      vertex 11.5 75.584 0
      vertex 11.5 77.784 0
    endloop
  endfacet
  facet normal 0 0 1
    outer loop
      vertex 8 77.784 0
      vertex 8 75.584 0
      vertex 11.5 75.584 0
    endloop
  endfacet
  facet normal 0 0 -1
    outer loop
      vertex 8 77.784 4.8
      vertex 11.5 77.784 4.8
      vertex 11.5 75.584 4.8
    endloop
  endfacet
  facet normal 0 0 -1
    outer loop
      vertex 8 77.784 4.8
      vertex 11.5 75.584 4.8
      vertex 8 75.584 4.8
    endloop
  endfacet
  facet normal 0 -1 0
    outer loop
      vertex 8 77.784 0
      vertex 11.5 77.784 0
      vertex 11.5 77.784 4.8
    endloop
  endfacet
  facet normal 0 -1 0
    outer loop
      vertex 8 77.784 0
      vertex 11.5 77.784 4.8
      vertex 8 77.784 4.8
    endloop
  endfacet
  facet normal -1 0 0
    outer loop
      vertex 11.5 77.784 0
      vertex 11.5 75.584 0
      vertex 11.5 75.584 4.8
    endloop
  endfacet
  facet normal -1 0 0
    outer loop
      vertex 11.5 77.784 0
      vertex 11.5 75.584 4.8
      vertex 11.5 77.784 4.8
    endloop
  endfacet
  facet normal 0 1 0
    outer loop
      vertex 11.5 75.584 0
      vertex 8 75.584 0
      vertex 8 75.584 4.8
    endloop
  endfacet
  facet normal 0 1 -0
    outer loop
      vertex 11.5 75.584 0
      vertex 8 75.584 4.8
      vertex 11.5 75.584 4.8
    endloop
  endfacet
  facet normal 1 0 0
    outer loop
      vertex 8 75.584 0
      vertex 8 77.784 0
      vertex 8 77.784 4.8
    endloop
  endfacet
  facet normal 1 0 0
    outer loop
      vertex 8 75.584 0
      vertex 8 77.784 4.8
      vertex 8 75.584 4.8
    endloop
  endfacet
  facet normal -0 0 1
    outer loop
      vertex 25.5 29.2865 0
      vertex 32.5 27.0865 0
      vertex 32.5 29.2865 0
    endloop
  endfacet
  facet normal 0 0 1
    outer loop
      vertex 25.5 29.2865 0
      vertex 25.5 27.0865 0
      vertex 32.5 27.0865 0
    endloop
  endfacet
  facet normal 0 0 -1
    outer loop
      vertex 25.5 29.2865 4.8
      vertex 32.5 29.2865 4.8
      vertex 32.5 27.0865 4.8
    endloop
  endfacet
  facet normal 0 0 -1
    outer loop
      vertex 25.5 29.2865 4.8
      vertex 32.5 27.0865 4.8
      vertex 25.5 27.0865 4.8
    endloop
  endfacet
  facet normal 0 -1 0
    outer loop
      vertex 25.5 29.2865 0
      vertex 32.5 29.2865 0
      vertex 32.5 29.2865 4.8
    endloop
  endfacet
  facet normal 0 -1 0
    outer loop
      vertex 25.5 29.2865 0
      vertex 32.5 29.2865 4.8
      vertex 25.5 29.2865 4.8
    endloop
  endfacet
  facet normal -1 0 0
    outer loop
      vertex 32.5 29.2865 0
      vertex 32.5 27.0865 0
      vertex 32.5 27.0865 4.8
    endloop
  endfacet
  facet normal -1 0 0
    outer loop
      vertex 32.5 29.2865 0
      vertex 32.5 27.0865 4.8
      vertex 32.5 29.2865 4.8
    endloop
  endfacet
  facet normal 0 1 0
    outer loop
      vertex 32.5 27.0865 0
      vertex 25.5 27.0865 0
      vertex 25.5 27.0865 4.8
    endloop
  endfacet
  facet normal 0 1 -0
    outer loop
      vertex 32.5 27.0865 0
      vertex 25.5 27.0865 4.8
      vertex 32.5 27.0865 4.8
    endloop
  endfacet
  facet normal 1 0 0
    outer loop
      vertex 25.5 27.0865 0
      vertex 25.5 29.2865 0
      vertex 25.5 29.2865 4.8
    endloop
  endfacet
  facet normal 1 0 0
    outer loop
      vertex 25.5 27.0865 0
      vertex 25.5 29.2865 4.8
      vertex 25.5 27.0865 4.8
    endloop
  endfacet
  facet normal 0 0 1
    outer loop
      vertex 42.0474 34.7987 0
      vertex 47.4526 39.7609 0
      vertex 45.5474 40.8609 0
    endloop
  endfacet
  facet normal -0 0 1
    outer loop
      vertex 42.0474 34.7987 0
      vertex 43.9526 33.6987 0
      vertex 47.4526 39.7609 0
    endloop
  endfacet
  facet normal 0 0 -1
    outer loop
      vertex 42.0474 34.7987 4.8
      vertex 45.5474 40.8609 4.8
      vertex 47.4526 39.7609 4.8
    endloop
  endfacet
  facet normal 0 0 -1
    outer loop
      vertex 42.0474 34.7987 4.8
      vertex 47.4526 39.7609 4.8
      vertex 43.9526 33.6987 4.8
    endloop
  endfacet
  facet normal 0.866026 -0.499999 0
    outer loop
      vertex 42.0474 34.7987 0
      vertex 45.5474 40.8609 0
      vertex 45.5474 40.8609 4.8
    endloop
  endfacet
  facet normal 0.866026 -0.499999 0
    outer loop
      vertex 42.0474 34.7987 0
      vertex 45.5474 40.8609 4.8
      vertex 42.0474 34.7987 4.8
    endloop
  endfacet
  facet normal -0.499999 -0.866026 0
    outer loop
      vertex 45.5474 40.8609 0
      vertex 47.4526 39.7609 0
      vertex 47.4526 39.7609 4.8
    endloop
  endfacet
  facet normal -0.499999 -0.866026 0
    outer loop
      vertex 45.5474 40.8609 0
      vertex 47.4526 39.7609 4.8
      vertex 45.5474 40.8609 4.8
    endloop
  endfacet
  facet normal -0.866026 0.499999 0
    outer loop
      vertex 47.4526 39.7609 0
      vertex 43.9526 33.6987 0
      vertex 43.9526 33.6987 4.8
    endloop
  endfacet
  facet normal -0.866026 0.499999 0
    outer loop
      vertex 47.4526 39.7609 0
      vertex 43.9526 33.6987 4.8
      vertex 47.4526 39.7609 4.8
    endloop
  endfacet
  facet normal 0.499999 0.866026 0
    outer loop
      vertex 43.9526 33.6987 0
      vertex 42.0474 34.7987 0
      vertex 42.0474 34.7987 4.8
    endloop
  endfacet
  facet normal 0.499999 0.866026 -0
    outer loop
      vertex 43.9526 33.6987 0
      vertex 42.0474 34.7987 4.8
      vertex 43.9526 33.6987 4.8
    endloop
  endfacet
  facet normal -0 0 1
    outer loop
      vertex 67.5 65.6596 0
      vertex 74.5 63.4596 0
      vertex 74.5 65.6596 0
    endloop
  endfacet
  facet normal 0 0 1
    outer loop
      vertex 67.5 65.6596 0
      vertex 67.5 63.4596 0
      vertex 74.5 63.4596 0
    endloop
  endfacet
  facet normal 0 0 -1
    outer loop
      vertex 67.5 65.6596 4.8
      vertex 74.5 65.6596 4.8
      vertex 74.5 63.4596 4.8
    endloop
  endfacet
  facet normal 0 0 -1
    outer loop
      vertex 67.5 65.6596 4.8
      vertex 74.5 63.4596 4.8
      vertex 67.5 63.4596 4.8
    endloop
  endfacet
  facet normal 0 -1 0
    outer loop
      vertex 67.5 65.6596 0
      vertex 74.5 65.6596 0
      vertex 74.5 65.6596 4.8
    endloop
  endfacet
  facet normal 0 -1 0
    outer loop
      vertex 67.5 65.6596 0
      vertex 74.5 65.6596 4.8
      vertex 67.5 65.6596 4.8
    endloop
  endfacet
  facet normal -1 0 0
    outer loop
      vertex 74.5 65.6596 0
      vertex 74.5 63.4596 0
      vertex 74.5 63.4596 4.8
    endloop
  endfacet
  facet normal -1 0 0
    outer loop
      vertex 74.5 65.6596 0
      vertex 74.5 63.4596 4.8
      vertex 74.5 65.6596 4.8
    endloop
  endfacet
  facet normal 0 1 0
    outer loop
      vertex 74.5 63.4596 0
      vertex 67.5 63.4596 0
      vertex 67.5 63.4596 4.8
    endloop
  endfacet
  facet normal 0 1 -0
    outer loop
      vertex 74.5 63.4596 0
      vertex 67.5 63.4596 4.8
      vertex 74.5 63.4596 4.8
    endloop
  endfacet
  facet normal 1 0 0
    outer loop
      vertex 67.5 63.4596 0
      vertex 67.5 65.6596 0
      vertex 67.5 65.6596 4.8
    endloop
  endfacet
  facet normal 1 0 0
    outer loop
      vertex 67.5 63.4596 0
      vertex 67.5 65.6596 4.8
      vertex 67.5 63.4596 4.8
    endloop
  endfacet
  facet normal 0 0 1
    outer loop
      vertex 169.953 95.4205 0
      vertex 171.547 88.2583 0
      vertex 173.453 89.3583 0
    endloop
  endfacet
  facet normal 0 0 1
    outer loop
      vertex 169.953 95.4205 0
      vertex 168.047 94.3205 0
      vertex 171.547 88.2583 0
    endloop
  endfacet
  facet normal 0 0 -1
    outer loop
      vertex 169.953 95.4205 4.8
      vertex 173.453 89.3583 4.8
      vertex 171.547 88.2583 4.8
    endloop
  endfacet
  facet normal 0 -0 -1
    outer loop
      vertex 169.953 95.4205 4.8
      vertex 171.547 88.2583 4.8
      vertex 168.047 94.3205 4.8
    endloop
  endfacet
  facet normal -0.866026 -0.499999 0
    outer loop
      vertex 169.953 95.4205 0
      vertex 173.453 89.3583 0
      vertex 173.453 89.3583 4.8
    endloop
  endfacet
  facet normal -0.866026 -0.499999 0
    outer loop
      vertex 169.953 95.4205 0
      vertex 173.453 89.3583 4.8
      vertex 169.953 95.4205 4.8
    endloop
  endfacet
  facet normal -0.499999 0.866026 0
    outer loop
      vertex 173.453 89.3583 0
      vertex 171.547 88.2583 0
      vertex 171.547 88.2583 4.8
    endloop
  endfacet
  facet normal -0.499999 0.866026 0
    outer loop
      vertex 173.453 89.3583 0
      vertex 171.547 88.2583 4.8
      vertex 173.453 89.3583 4.8
    endloop
  endfacet
  facet normal 0.866026 0.499999 0
    outer loop
      vertex 171.547 88.2583 0
      vertex 168.047 94.3205 0
      vertex 168.047 94.3205 4.8
    endloop
  endfacet
  facet normal 0.866026 0.499999 -0
    outer loop
      vertex 171.547 88.2583 0
      vertex 168.047 94.3205 4.8
      vertex 171.547 88.2583 4.8
    endloop
  endfacet
  facet normal 0.499999 -0.866026 0
    outer loop
      vertex 168.047 94.3205 0
      vertex 169.953 95.4205 0
      vertex 169.953 95.4205 4.8
    endloop
  endfacet
  facet normal 0.499999 -0.866026 0
    outer loop
      vertex 168.047 94.3205 0
      vertex 169.953 95.4205 4.8
      vertex 168.047 94.3205 4.8
    endloop
  endfacet
  facet normal -0 0 1
    outer loop
      vertex 120 23.2244 0
      vertex 127 21.0244 0
      vertex 127 23.2244 0
    endloop
  endfacet
  facet normal 0 0 1
    outer loop
      vertex 120 23.2244 0
      vertex 120 21.0244 0
      vertex 127 21.0244 0
    endloop
  endfacet
  facet normal 0 0 -1
    outer loop
      vertex 120 23.2244 4.8
      vertex 127 23.2244 4.8
      vertex 127 21.0244 4.8
    endloop
  endfacet
  facet normal 0 0 -1
    outer loop
      vertex 120 23.2244 4.8
      vertex 127 21.0244 4.8
      vertex 120 21.0244 4.8
    endloop
  endfacet
  facet normal 0 -1 0
    outer loop
      vertex 120 23.2244 0
      vertex 127 23.2244 0
      vertex 127 23.2244 4.8
    endloop
  endfacet
  facet normal 0 -1 0
    outer loop
      vertex 120 23.2244 0
      vertex 127 23.2244 4.8
      vertex 120 23.2244 4.8
    endloop
  endfacet
  facet normal -1 0 0
    outer loop
      vertex 127 23.2244 0
      vertex 127 21.0244 0
      vertex 127 21.0244 4.8
    endloop
  endfacet
  facet normal -1 0 0
    outer loop
      vertex 127 23.2244 0
      vertex 127 21.0244 4.8
      vertex 127 23.2244 4.8
    endloop
  endfacet
  facet normal 0 1 0
    outer loop
      vertex 127 21.0244 0
      vertex 120 21.0244 0
      vertex 120 21.0244 4.8
    endloop
  endfacet
  facet normal 0 1 -0
    outer loop
      vertex 127 21.0244 0
      vertex 120 21.0244 4.8
      vertex 127 21.0244 4.8
    endloop
  endfacet
  facet normal 1 0 0
    outer loop
      vertex 120 21.0244 0
      vertex 120 23.2244 0
      vertex 120 23.2244 4.8
    endloop
  endfacet
  facet normal 1 0 0
    outer loop
      vertex 120 21.0244 0
      vertex 120 23.2244 4.8
      vertex 120 21.0244 4.8
    endloop
  endfacet
  facet normal -0 0 1
    outer loop
      vertex 141 11.1 0
      vertex 148 8.9 0
      vertex 148 11.1 0
    endloop
  endfacet
  facet normal 0 0 1
    outer loop
      vertex 141 11.1 0
      vertex 141 8.9 0
      vertex 148 8.9 0
    endloop
  endfacet
  facet normal 0 0 -1
    outer loop
      vertex 141 11.1 4.8
      vertex 148 11.1 4.8
      vertex 148 8.9 4.8
    endloop
  endfacet
  facet normal 0 0 -1
    outer loop
      vertex 141 11.1 4.8
      vertex 148 8.9 4.8
      vertex 141 8.9 4.8
    endloop
  endfacet
  facet normal 0 -1 0
    outer loop
      vertex 141 11.1 0
      vertex 148 11.1 0
      vertex 148 11.1 4.8
    endloop
  endfacet
  facet normal 0 -1 0
    outer loop
      vertex 141 11.1 0
      vertex 148 11.1 4.8
      vertex 141 11.1 4.8
    endloop
  endfacet
  facet normal -1 0 0
    outer loop
      vertex 148 11.1 0
      vertex 148 8.9 0
      vertex 148 8.9 4.8
    endloop
  endfacet
  facet normal -1 0 0
    outer loop
      vertex 148 11.1 0
      vertex 148 8.9 4.8
      vertex 148 11.1 4.8
    endloop
  endfacet
  facet normal 0 1 0
    outer loop
      vertex 148 8.9 0
      vertex 141 8.9 0
      vertex 141 8.9 4.8
    endloop
  endfacet
  facet normal 0 1 -0
    outer loop
      vertex 148 8.9 0
      vertex 141 8.9 4.8
      vertex 148 8.9 4.8
    endloop
  endfacet
  facet normal 1 0 0
    outer loop
      vertex 141 8.9 0
      vertex 141 11.1 0
      vertex 141 11.1 4.8
    endloop
  endfacet
  facet normal 1 0 0
    outer loop
      vertex 141 8.9 0
      vertex 141 11.1 4.8
      vertex 141 8.9 4.8
    endloop
  endfacet
  facet normal 0 0 1
    outer loop
      vertex 96.4526 40.8609 0
      vertex 98.0474 33.6987 0
      vertex 99.9526 34.7987 0
    endloop
  endfacet
  facet normal 0 0 1
    outer loop
      vertex 96.4526 40.8609 0
      vertex 94.5474 39.7609 0
      vertex 98.0474 33.6987 0
    endloop
  endfacet
  facet normal 0 0 -1
    outer loop
      vertex 96.4526 40.8609 4.8
      vertex 99.9526 34.7987 4.8
      vertex 98.0474 33.6987 4.8
    endloop
  endfacet
  facet normal 0 -0 -1
    outer loop
      vertex 96.4526 40.8609 4.8
      vertex 98.0474 33.6987 4.8
      vertex 94.5474 39.7609 4.8
    endloop
  endfacet
  facet normal -0.866026 -0.499999 0
    outer loop
      vertex 96.4526 40.8609 0
      vertex 99.9526 34.7987 0
      vertex 99.9526 34.7987 4.8
    endloop
  endfacet
  facet normal -0.866026 -0.499999 0
    outer loop
      vertex 96.4526 40.8609 0
      vertex 99.9526 34.7987 4.8
      vertex 96.4526 40.8609 4.8
    endloop
  endfacet
  facet normal -0.499999 0.866026 0
    outer loop
      vertex 99.9526 34.7987 0
      vertex 98.0474 33.6987 0
      vertex 98.0474 33.6987 4.8
    endloop
  endfacet
  facet normal -0.499999 0.866026 0
    outer loop
      vertex 99.9526 34.7987 0
      vertex 98.0474 33.6987 4.8
      vertex 99.9526 34.7987 4.8
    endloop
  endfacet
  facet normal 0.866026 0.499999 0
    outer loop
      vertex 98.0474 33.6987 0
      vertex 94.5474 39.7609 0
      vertex 94.5474 39.7609 4.8
    endloop
  endfacet
  facet normal 0.866026 0.499999 -0
    outer loop
      vertex 98.0474 33.6987 0
      vertex 94.5474 39.7609 4.8
      vertex 98.0474 33.6987 4.8
    endloop
  endfacet
  facet normal 0.499999 -0.866026 0
    outer loop
      vertex 94.5474 39.7609 0
      vertex 96.4526 40.8609 0
      vertex 96.4526 40.8609 4.8
    endloop
  endfacet
  facet normal 0.499999 -0.866026 0
    outer loop
      vertex 94.5474 39.7609 0
      vertex 96.4526 40.8609 4.8
      vertex 94.5474 39.7609 4.8
    endloop
  endfacet
  facet normal -0 0 1
    outer loop
      vertex 130.5 53.5352 0
      vertex 137.5 51.3352 0
      vertex 137.5 53.5352 0
    endloop
  endfacet
  facet normal 0 0 1
    outer loop
      vertex 130.5 53.5352 0
      vertex 130.5 51.3352 0
      vertex 137.5 51.3352 0
    endloop
  endfacet
  facet normal 0 0 -1
    outer loop
      vertex 130.5 53.5352 4.8
      vertex 137.5 53.5352 4.8
      vertex 137.5 51.3352 4.8
    endloop
  endfacet
  facet normal 0 0 -1
    outer loop
      vertex 130.5 53.5352 4.8
      vertex 137.5 51.3352 4.8
      vertex 130.5 51.3352 4.8
    endloop
  endfacet
  facet normal 0 -1 0
    outer loop
      vertex 130.5 53.5352 0
      vertex 137.5 53.5352 0
      vertex 137.5 53.5352 4.8
    endloop
  endfacet
  facet normal 0 -1 0
    outer loop
      vertex 130.5 53.5352 0
      vertex 137.5 53.5352 4.8
      vertex 130.5 53.5352 4.8
    endloop
  endfacet
  facet normal -1 0 0
    outer loop
      vertex 137.5 53.5352 0
      vertex 137.5 51.3352 0
      vertex 137.5 51.3352 4.8
    endloop
  endfacet
  facet normal -1 0 0
    outer loop
      vertex 137.5 53.5352 0
      vertex 137.5 51.3352 4.8
      vertex 137.5 53.5352 4.8
    endloop
  endfacet
  facet normal 0 1 0
    outer loop
      vertex 137.5 51.3352 0
      vertex 130.5 51.3352 0
      vertex 130.5 51.3352 4.8
    endloop
  endfacet
  facet normal 0 1 -0
    outer loop
      vertex 137.5 51.3352 0
      vertex 130.5 51.3352 4.8
      vertex 137.5 51.3352 4.8
    endloop
  endfacet
  facet normal 1 0 0
    outer loop
      vertex 130.5 51.3352 0
      vertex 130.5 53.5352 0
      vertex 130.5 53.5352 4.8
    endloop
  endfacet
  facet normal 1 0 0
    outer loop
      vertex 130.5 51.3352 0
      vertex 130.5 53.5352 4.8
      vertex 130.5 51.3352 4.8
    endloop
  endfacet
  facet normal 0 0 1
    outer loop
      vertex 31.5474 16.6122 0
      vertex 36.9526 21.5744 0
      vertex 35.0474 22.6744 0
    endloop
  endfacet
  facet normal -0 0 1
    outer loop
      vertex 31.5474 16.6122 0
      vertex 33.4526 15.5122 0
      vertex 36.9526 21.5744 0
    endloop
  endfacet
  facet normal 0 0 -1
    outer loop
      vertex 31.5474 16.6122 4.8
      vertex 35.0474 22.6744 4.8
      vertex 36.9526 21.5744 4.8
    endloop
  endfacet
  facet normal 0 0 -1
    outer loop
      vertex 31.5474 16.6122 4.8
      vertex 36.9526 21.5744 4.8
      vertex 33.4526 15.5122 4.8
    endloop
  endfacet
  facet normal 0.866026 -0.499999 0
    outer loop
      vertex 31.5474 16.6122 0
      vertex 35.0474 22.6744 0
      vertex 35.0474 22.6744 4.8
    endloop
  endfacet
  facet normal 0.866026 -0.499999 0
    outer loop
      vertex 31.5474 16.6122 0
      vertex 35.0474 22.6744 4.8
      vertex 31.5474 16.6122 4.8
    endloop
  endfacet
  facet normal -0.499999 -0.866026 0
    outer loop
      vertex 35.0474 22.6744 0
      vertex 36.9526 21.5744 0
      vertex 36.9526 21.5744 4.8
    endloop
  endfacet
  facet normal -0.499999 -0.866026 0
    outer loop
      vertex 35.0474 22.6744 0
      vertex 36.9526 21.5744 4.8
      vertex 35.0474 22.6744 4.8
    endloop
  endfacet
  facet normal -0.866026 0.499999 0
    outer loop
      vertex 36.9526 21.5744 0
      vertex 33.4526 15.5122 0
      vertex 33.4526 15.5122 4.8
    endloop
  endfacet
  facet normal -0.866026 0.499999 0
    outer loop
      vertex 36.9526 21.5744 0
      vertex 33.4526 15.5122 4.8
      vertex 36.9526 21.5744 4.8
    endloop
  endfacet
  facet normal 0.499999 0.866026 0
    outer loop
      vertex 33.4526 15.5122 0
      vertex 31.5474 16.6122 0
      vertex 31.5474 16.6122 4.8
    endloop
  endfacet
  facet normal 0.499999 0.866026 -0
    outer loop
      vertex 33.4526 15.5122 0
      vertex 31.5474 16.6122 4.8
      vertex 33.4526 15.5122 4.8
    endloop
  endfacet
  facet normal 0 0 1
    outer loop
      vertex 43.9526 95.4205 0
      vertex 45.5474 88.2583 0
      vertex 47.4526 89.3583 0
    endloop
  endfacet
  facet normal 0 0 1
    outer loop
      vertex 43.9526 95.4205 0
      vertex 42.0474 94.3205 0
      vertex 45.5474 88.2583 0
    endloop
  endfacet
  facet normal 0 0 -1
    outer loop
      vertex 43.9526 95.4205 4.8
      vertex 47.4526 89.3583 4.8
      vertex 45.5474 88.2583 4.8
    endloop
  endfacet
  facet normal 0 -0 -1
    outer loop
      vertex 43.9526 95.4205 4.8
      vertex 45.5474 88.2583 4.8
      vertex 42.0474 94.3205 4.8
    endloop
  endfacet
  facet normal -0.866026 -0.499999 0
    outer loop
      vertex 43.9526 95.4205 0
      vertex 47.4526 89.3583 0
      vertex 47.4526 89.3583 4.8
    endloop
  endfacet
  facet normal -0.866026 -0.499999 0
    outer loop
      vertex 43.9526 95.4205 0
      vertex 47.4526 89.3583 4.8
      vertex 43.9526 95.4205 4.8
    endloop
  endfacet
  facet normal -0.499999 0.866026 0
    outer loop
      vertex 47.4526 89.3583 0
      vertex 45.5474 88.2583 0
      vertex 45.5474 88.2583 4.8
    endloop
  endfacet
  facet normal -0.499999 0.866026 0
    outer loop
      vertex 47.4526 89.3583 0
      vertex 45.5474 88.2583 4.8
      vertex 47.4526 89.3583 4.8
    endloop
  endfacet
  facet normal 0.866026 0.499999 0
    outer loop
      vertex 45.5474 88.2583 0
      vertex 42.0474 94.3205 0
      vertex 42.0474 94.3205 4.8
    endloop
  endfacet
  facet normal 0.866026 0.499999 -0
    outer loop
      vertex 45.5474 88.2583 0
      vertex 42.0474 94.3205 4.8
      vertex 45.5474 88.2583 4.8
    endloop
  endfacet
  facet normal 0.499999 -0.866026 0
    outer loop
      vertex 42.0474 94.3205 0
      vertex 43.9526 95.4205 0
      vertex 43.9526 95.4205 4.8
    endloop
  endfacet
  facet normal 0.499999 -0.866026 0
    outer loop
      vertex 42.0474 94.3205 0
      vertex 43.9526 95.4205 4.8
      vertex 42.0474 94.3205 4.8
    endloop
  endfacet
  facet normal -0 0 1
    outer loop
      vertex 8 41.4109 0
      vertex 11.5 39.2109 0
      vertex 11.5 41.4109 0
    endloop
  endfacet
  facet normal 0 0 1
    outer loop
      vertex 8 41.4109 0
      vertex 8 39.2109 0
      vertex 11.5 39.2109 0
    endloop
  endfacet
  facet normal 0 0 -1
    outer loop
      vertex 8 41.4109 4.8
      vertex 11.5 41.4109 4.8
      vertex 11.5 39.2109 4.8
    endloop
  endfacet
  facet normal 0 0 -1
    outer loop
      vertex 8 41.4109 4.8
      vertex 11.5 39.2109 4.8
      vertex 8 39.2109 4.8
    endloop
  endfacet
  facet normal 0 -1 0
    outer loop
      vertex 8 41.4109 0
      vertex 11.5 41.4109 0
      vertex 11.5 41.4109 4.8
    endloop
  endfacet
  facet normal 0 -1 0
    outer loop
      vertex 8 41.4109 0
      vertex 11.5 41.4109 4.8
      vertex 8 41.4109 4.8
    endloop
  endfacet
  facet normal -1 0 0
    outer loop
      vertex 11.5 41.4109 0
      vertex 11.5 39.2109 0
      vertex 11.5 39.2109 4.8
    endloop
  endfacet
  facet normal -1 0 0
    outer loop
      vertex 11.5 41.4109 0
      vertex 11.5 39.2109 4.8
      vertex 11.5 41.4109 4.8
    endloop
  endfacet
  facet normal 0 1 0
    outer loop
      vertex 11.5 39.2109 0
      vertex 8 39.2109 0
      vertex 8 39.2109 4.8
    endloop
  endfacet
  facet normal 0 1 -0
    outer loop
      vertex 11.5 39.2109 0
      vertex 8 39.2109 4.8
      vertex 11.5 39.2109 4.8
    endloop
  endfacet
  facet normal 1 0 0
    outer loop
      vertex 8 39.2109 0
      vertex 8 41.4109 0
      vertex 8 41.4109 4.8
    endloop
  endfacet
  facet normal 1 0 0
    outer loop
      vertex 8 39.2109 0
      vertex 8 41.4109 4.8
      vertex 8 39.2109 4.8
    endloop
  endfacet
  facet normal -0 0 1
    outer loop
      vertex 147.047 95.4207 0
      vertex 149.027 94.4498 0
      vertex 147.122 95.5502 0
    endloop
  endfacet
  facet normal 0 0 1
    outer loop
      vertex 147.047 95.4207 0
      vertex 148.953 94.3203 0
      vertex 149.027 94.4498 0
    endloop
  endfacet
  facet normal 0 0 -1
    outer loop
      vertex 147.047 95.4207 4.8
      vertex 147.122 95.5502 4.8
      vertex 149.027 94.4498 4.8
    endloop
  endfacet
  facet normal 0 0 -1
    outer loop
      vertex 147.047 95.4207 4.8
      vertex 149.027 94.4498 4.8
      vertex 148.953 94.3203 4.8
    endloop
  endfacet
  facet normal 0.865929 -0.500166 0
    outer loop
      vertex 147.047 95.4207 0
      vertex 147.122 95.5502 0
      vertex 147.122 95.5502 4.8
    endloop
  endfacet
  facet normal 0.865929 -0.500166 0
    outer loop
      vertex 147.047 95.4207 0
      vertex 147.122 95.5502 4.8
      vertex 147.047 95.4207 4.8
    endloop
  endfacet
  facet normal -0.500166 -0.865929 0
    outer loop
      vertex 147.122 95.5502 0
      vertex 149.027 94.4498 0
      vertex 149.027 94.4498 4.8
    endloop
  endfacet
  facet normal -0.500166 -0.865929 0
    outer loop
      vertex 147.122 95.5502 0
      vertex 149.027 94.4498 4.8
      vertex 147.122 95.5502 4.8
    endloop
  endfacet
  facet normal -0.865929 0.500166 0
    outer loop
      vertex 149.027 94.4498 0
      vertex 148.953 94.3203 0
      vertex 148.953 94.3203 4.8
    endloop
  endfacet
  facet normal -0.865929 0.500166 0
    outer loop
      vertex 149.027 94.4498 0
      vertex 148.953 94.3203 4.8
      vertex 149.027 94.4498 4.8
    endloop
  endfacet
  facet normal 0.500166 0.865929 0
    outer loop
      vertex 148.953 94.3203 0
      vertex 147.047 95.4207 0
      vertex 147.047 95.4207 4.8
    endloop
  endfacet
  facet normal 0.500166 0.865929 -0
    outer loop
      vertex 148.953 94.3203 0
      vertex 147.047 95.4207 4.8
      vertex 148.953 94.3203 4.8
    endloop
  endfacet
  facet normal 0 0 1
    outer loop
      vertex 52.5474 28.7365 0
      vertex 57.9526 33.6987 0
      vertex 56.0474 34.7987 0
    endloop
  endfacet
  facet normal -0 0 1
    outer loop
      vertex 52.5474 28.7365 0
      vertex 54.4526 27.6365 0
      vertex 57.9526 33.6987 0
    endloop
  endfacet
  facet normal 0 0 -1
    outer loop
      vertex 52.5474 28.7365 4.8
      vertex 56.0474 34.7987 4.8
      vertex 57.9526 33.6987 4.8
    endloop
  endfacet
  facet normal 0 0 -1
    outer loop
      vertex 52.5474 28.7365 4.8
      vertex 57.9526 33.6987 4.8
      vertex 54.4526 27.6365 4.8
    endloop
  endfacet
  facet normal 0.866026 -0.499999 0
    outer loop
      vertex 52.5474 28.7365 0
      vertex 56.0474 34.7987 0
      vertex 56.0474 34.7987 4.8
    endloop
  endfacet
  facet normal 0.866026 -0.499999 0
    outer loop
      vertex 52.5474 28.7365 0
      vertex 56.0474 34.7987 4.8
      vertex 52.5474 28.7365 4.8
    endloop
  endfacet
  facet normal -0.499999 -0.866026 0
    outer loop
      vertex 56.0474 34.7987 0
      vertex 57.9526 33.6987 0
      vertex 57.9526 33.6987 4.8
    endloop
  endfacet
  facet normal -0.499999 -0.866026 0
    outer loop
      vertex 56.0474 34.7987 0
      vertex 57.9526 33.6987 4.8
      vertex 56.0474 34.7987 4.8
    endloop
  endfacet
  facet normal -0.866026 0.499999 0
    outer loop
      vertex 57.9526 33.6987 0
      vertex 54.4526 27.6365 0
      vertex 54.4526 27.6365 4.8
    endloop
  endfacet
  facet normal -0.866026 0.499999 0
    outer loop
      vertex 57.9526 33.6987 0
      vertex 54.4526 27.6365 4.8
      vertex 57.9526 33.6987 4.8
    endloop
  endfacet
  facet normal 0.499999 0.866026 0
    outer loop
      vertex 54.4526 27.6365 0
      vertex 52.5474 28.7365 0
      vertex 52.5474 28.7365 4.8
    endloop
  endfacet
  facet normal 0.499999 0.866026 -0
    outer loop
      vertex 54.4526 27.6365 0
      vertex 52.5474 28.7365 4.8
      vertex 54.4526 27.6365 4.8
    endloop
  endfacet
  facet normal 0 0 1
    outer loop
      vertex 96.4526 28.7365 0
      vertex 98.0474 21.5744 0
      vertex 99.9526 22.6744 0
    endloop
  endfacet
  facet normal 0 0 1
    outer loop
      vertex 96.4526 28.7365 0
      vertex 94.5474 27.6365 0
      vertex 98.0474 21.5744 0
    endloop
  endfacet
  facet normal 0 0 -1
    outer loop
      vertex 96.4526 28.7365 4.8
      vertex 99.9526 22.6744 4.8
      vertex 98.0474 21.5744 4.8
    endloop
  endfacet
  facet normal 0 -0 -1
    outer loop
      vertex 96.4526 28.7365 4.8
      vertex 98.0474 21.5744 4.8
      vertex 94.5474 27.6365 4.8
    endloop
  endfacet
  facet normal -0.866023 -0.500005 0
    outer loop
      vertex 96.4526 28.7365 0
      vertex 99.9526 22.6744 0
      vertex 99.9526 22.6744 4.8
    endloop
  endfacet
  facet normal -0.866023 -0.500005 0
    outer loop
      vertex 96.4526 28.7365 0
      vertex 99.9526 22.6744 4.8
      vertex 96.4526 28.7365 4.8
    endloop
  endfacet
  facet normal -0.500005 0.866023 0
    outer loop
      vertex 99.9526 22.6744 0
      vertex 98.0474 21.5744 0
      vertex 98.0474 21.5744 4.8
    endloop
  endfacet
  facet normal -0.500005 0.866023 0
    outer loop
      vertex 99.9526 22.6744 0
      vertex 98.0474 21.5744 4.8
      vertex 99.9526 22.6744 4.8
    endloop
  endfacet
  facet normal 0.866023 0.500005 0
    outer loop
      vertex 98.0474 21.5744 0
      vertex 94.5474 27.6365 0
      vertex 94.5474 27.6365 4.8
    endloop
  endfacet
  facet normal 0.866023 0.500005 -0
    outer loop
      vertex 98.0474 21.5744 0
      vertex 94.5474 27.6365 4.8
      vertex 98.0474 21.5744 4.8
    endloop
  endfacet
  facet normal 0.500005 -0.866023 0
    outer loop
      vertex 94.5474 27.6365 0
      vertex 96.4526 28.7365 0
      vertex 96.4526 28.7365 4.8
    endloop
  endfacet
  facet normal 0.500005 -0.866023 0
    outer loop
      vertex 94.5474 27.6365 0
      vertex 96.4526 28.7365 4.8
      vertex 94.5474 27.6365 4.8
    endloop
  endfacet
  facet normal 0 0 1
    outer loop
      vertex 148.953 71.1718 0
      vertex 150.547 64.0096 0
      vertex 152.453 65.1096 0
    endloop
  endfacet
  facet normal 0 0 1
    outer loop
      vertex 148.953 71.1718 0
      vertex 147.047 70.0718 0
      vertex 150.547 64.0096 0
    endloop
  endfacet
  facet normal 0 0 -1
    outer loop
      vertex 148.953 71.1718 4.8
      vertex 152.453 65.1096 4.8
      vertex 150.547 64.0096 4.8
    endloop
  endfacet
  facet normal 0 -0 -1
    outer loop
      vertex 148.953 71.1718 4.8
      vertex 150.547 64.0096 4.8
      vertex 147.047 70.0718 4.8
    endloop
  endfacet
  facet normal -0.866026 -0.499999 0
    outer loop
      vertex 148.953 71.1718 0
      vertex 152.453 65.1096 0
      vertex 152.453 65.1096 4.8
    endloop
  endfacet
  facet normal -0.866026 -0.499999 0
    outer loop
      vertex 148.953 71.1718 0
      vertex 152.453 65.1096 4.8
      vertex 148.953 71.1718 4.8
    endloop
  endfacet
  facet normal -0.499999 0.866026 0
    outer loop
      vertex 152.453 65.1096 0
      vertex 150.547 64.0096 0
      vertex 150.547 64.0096 4.8
    endloop
  endfacet
  facet normal -0.499999 0.866026 0
    outer loop
      vertex 152.453 65.1096 0
      vertex 150.547 64.0096 4.8
      vertex 152.453 65.1096 4.8
    endloop
  endfacet
  facet normal 0.866026 0.499999 0
    outer loop
      vertex 150.547 64.0096 0
      vertex 147.047 70.0718 0
      vertex 147.047 70.0718 4.8
    endloop
  endfacet
  facet normal 0.866026 0.499999 -0
    outer loop
      vertex 150.547 64.0096 0
      vertex 147.047 70.0718 4.8
      vertex 150.547 64.0096 4.8
    endloop
  endfacet
  facet normal 0.499999 -0.866026 0
    outer loop
      vertex 147.047 70.0718 0
      vertex 148.953 71.1718 0
      vertex 148.953 71.1718 4.8
    endloop
  endfacet
  facet normal 0.499999 -0.866026 0
    outer loop
      vertex 147.047 70.0718 0
      vertex 148.953 71.1718 4.8
      vertex 147.047 70.0718 4.8
    endloop
  endfacet
  facet normal -0 0 1
    outer loop
      vertex 172.5 89.9083 0
      vertex 175.7 87.7083 0
      vertex 175.7 89.9083 0
    endloop
  endfacet
  facet normal 0 0 1
    outer loop
      vertex 172.5 89.9083 0
      vertex 172.5 87.7083 0
      vertex 175.7 87.7083 0
    endloop
  endfacet
  facet normal 0 0 -1
    outer loop
      vertex 172.5 89.9083 4.8
      vertex 175.7 89.9083 4.8
      vertex 175.7 87.7083 4.8
    endloop
  endfacet
  facet normal 0 0 -1
    outer loop
      vertex 172.5 89.9083 4.8
      vertex 175.7 87.7083 4.8
      vertex 172.5 87.7083 4.8
    endloop
  endfacet
  facet normal 0 -1 0
    outer loop
      vertex 172.5 89.9083 0
      vertex 175.7 89.9083 0
      vertex 175.7 89.9083 4.8
    endloop
  endfacet
  facet normal 0 -1 0
    outer loop
      vertex 172.5 89.9083 0
      vertex 175.7 89.9083 4.8
      vertex 172.5 89.9083 4.8
    endloop
  endfacet
  facet normal -1 0 0
    outer loop
      vertex 175.7 89.9083 0
      vertex 175.7 87.7083 0
      vertex 175.7 87.7083 4.8
    endloop
  endfacet
  facet normal -1 0 0
    outer loop
      vertex 175.7 89.9083 0
      vertex 175.7 87.7083 4.8
      vertex 175.7 89.9083 4.8
    endloop
  endfacet
  facet normal 0 1 0
    outer loop
      vertex 175.7 87.7083 0
      vertex 172.5 87.7083 0
      vertex 172.5 87.7083 4.8
    endloop
  endfacet
  facet normal 0 1 -0
    outer loop
      vertex 175.7 87.7083 0
      vertex 172.5 87.7083 4.8
      vertex 175.7 87.7083 4.8
    endloop
  endfacet
  facet normal 1 0 0
    outer loop
      vertex 172.5 87.7083 0
      vertex 172.5 89.9083 0
      vertex 172.5 89.9083 4.8
    endloop
  endfacet
  facet normal 1 0 0
    outer loop
      vertex 172.5 87.7083 0
      vertex 172.5 89.9083 4.8
      vertex 172.5 87.7083 4.8
    endloop
  endfacet
  facet normal 0 0 1
    outer loop
      vertex 94.5474 52.9852 0
      vertex 99.9526 57.9474 0
      vertex 98.0474 59.0474 0
    endloop
  endfacet
  facet normal -0 0 1
    outer loop
      vertex 94.5474 52.9852 0
      vertex 96.4526 51.8852 0
      vertex 99.9526 57.9474 0
    endloop
  endfacet
  facet normal 0 0 -1
    outer loop
      vertex 94.5474 52.9852 4.8
      vertex 98.0474 59.0474 4.8
      vertex 99.9526 57.9474 4.8
    endloop
  endfacet
  facet normal 0 0 -1
    outer loop
      vertex 94.5474 52.9852 4.8
      vertex 99.9526 57.9474 4.8
      vertex 96.4526 51.8852 4.8
    endloop
  endfacet
  facet normal 0.866026 -0.499999 0
    outer loop
      vertex 94.5474 52.9852 0
      vertex 98.0474 59.0474 0
      vertex 98.0474 59.0474 4.8
    endloop
  endfacet
  facet normal 0.866026 -0.499999 0
    outer loop
      vertex 94.5474 52.9852 0
      vertex 98.0474 59.0474 4.8
      vertex 94.5474 52.9852 4.8
    endloop
  endfacet
  facet normal -0.499999 -0.866026 0
    outer loop
      vertex 98.0474 59.0474 0
      vertex 99.9526 57.9474 0
      vertex 99.9526 57.9474 4.8
    endloop
  endfacet
  facet normal -0.499999 -0.866026 0
    outer loop
      vertex 98.0474 59.0474 0
      vertex 99.9526 57.9474 4.8
      vertex 98.0474 59.0474 4.8
    endloop
  endfacet
  facet normal -0.866026 0.499999 0
    outer loop
      vertex 99.9526 57.9474 0
      vertex 96.4526 51.8852 0
      vertex 96.4526 51.8852 4.8
    endloop
  endfacet
  facet normal -0.866026 0.499999 0
    outer loop
      vertex 99.9526 57.9474 0
      vertex 96.4526 51.8852 4.8
      vertex 99.9526 57.9474 4.8
    endloop
  endfacet
  facet normal 0.499999 0.866026 0
    outer loop
      vertex 96.4526 51.8852 0
      vertex 94.5474 52.9852 0
      vertex 94.5474 52.9852 4.8
    endloop
  endfacet
  facet normal 0.499999 0.866026 -0
    outer loop
      vertex 96.4526 51.8852 0
      vertex 94.5474 52.9852 4.8
      vertex 96.4526 51.8852 4.8
    endloop
  endfacet
  facet normal -0 0 1
    outer loop
      vertex 88.5 17.1622 0
      vertex 95.5 14.9622 0
      vertex 95.5 17.1622 0
    endloop
  endfacet
  facet normal 0 0 1
    outer loop
      vertex 88.5 17.1622 0
      vertex 88.5 14.9622 0
      vertex 95.5 14.9622 0
    endloop
  endfacet
  facet normal 0 0 -1
    outer loop
      vertex 88.5 17.1622 4.8
      vertex 95.5 17.1622 4.8
      vertex 95.5 14.9622 4.8
    endloop
  endfacet
  facet normal 0 0 -1
    outer loop
      vertex 88.5 17.1622 4.8
      vertex 95.5 14.9622 4.8
      vertex 88.5 14.9622 4.8
    endloop
  endfacet
  facet normal 0 -1 0
    outer loop
      vertex 88.5 17.1622 0
      vertex 95.5 17.1622 0
      vertex 95.5 17.1622 4.8
    endloop
  endfacet
  facet normal 0 -1 0
    outer loop
      vertex 88.5 17.1622 0
      vertex 95.5 17.1622 4.8
      vertex 88.5 17.1622 4.8
    endloop
  endfacet
  facet normal -1 0 0
    outer loop
      vertex 95.5 17.1622 0
      vertex 95.5 14.9622 0
      vertex 95.5 14.9622 4.8
    endloop
  endfacet
  facet normal -1 0 0
    outer loop
      vertex 95.5 17.1622 0
      vertex 95.5 14.9622 4.8
      vertex 95.5 17.1622 4.8
    endloop
  endfacet
  facet normal 0 1 0
    outer loop
      vertex 95.5 14.9622 0
      vertex 88.5 14.9622 0
      vertex 88.5 14.9622 4.8
    endloop
  endfacet
  facet normal 0 1 -0
    outer loop
      vertex 95.5 14.9622 0
      vertex 88.5 14.9622 4.8
      vertex 95.5 14.9622 4.8
    endloop
  endfacet
  facet normal 1 0 0
    outer loop
      vertex 88.5 14.9622 0
      vertex 88.5 17.1622 0
      vertex 88.5 17.1622 4.8
    endloop
  endfacet
  facet normal 1 0 0
    outer loop
      vertex 88.5 14.9622 0
      vertex 88.5 17.1622 4.8
      vertex 88.5 14.9622 4.8
    endloop
  endfacet
  facet normal 0 0 1
    outer loop
      vertex 159.453 65.1096 0
      vertex 161.047 57.9474 0
      vertex 162.953 59.0474 0
    endloop
  endfacet
  facet normal 0 0 1
    outer loop
      vertex 159.453 65.1096 0
      vertex 157.547 64.0096 0
      vertex 161.047 57.9474 0
    endloop
  endfacet
  facet normal 0 0 -1
    outer loop
      vertex 159.453 65.1096 4.8
      vertex 162.953 59.0474 4.8
      vertex 161.047 57.9474 4.8
    endloop
  endfacet
  facet normal 0 -0 -1
    outer loop
      vertex 159.453 65.1096 4.8
      vertex 161.047 57.9474 4.8
      vertex 157.547 64.0096 4.8
    endloop
  endfacet
  facet normal -0.866026 -0.499999 0
    outer loop
      vertex 159.453 65.1096 0
      vertex 162.953 59.0474 0
      vertex 162.953 59.0474 4.8
    endloop
  endfacet
  facet normal -0.866026 -0.499999 0
    outer loop
      vertex 159.453 65.1096 0
      vertex 162.953 59.0474 4.8
      vertex 159.453 65.1096 4.8
    endloop
  endfacet
  facet normal -0.499999 0.866026 0
    outer loop
      vertex 162.953 59.0474 0
      vertex 161.047 57.9474 0
      vertex 161.047 57.9474 4.8
    endloop
  endfacet
  facet normal -0.499999 0.866026 0
    outer loop
      vertex 162.953 59.0474 0
      vertex 161.047 57.9474 4.8
      vertex 162.953 59.0474 4.8
    endloop
  endfacet
  facet normal 0.866026 0.499999 0
    outer loop
      vertex 161.047 57.9474 0
      vertex 157.547 64.0096 0
      vertex 157.547 64.0096 4.8
    endloop
  endfacet
  facet normal 0.866026 0.499999 -0
    outer loop
      vertex 161.047 57.9474 0
      vertex 157.547 64.0096 4.8
      vertex 161.047 57.9474 4.8
    endloop
  endfacet
  facet normal 0.499999 -0.866026 0
    outer loop
      vertex 157.547 64.0096 0
      vertex 159.453 65.1096 0
      vertex 159.453 65.1096 4.8
    endloop
  endfacet
  facet normal 0.499999 -0.866026 0
    outer loop
      vertex 157.547 64.0096 0
      vertex 159.453 65.1096 4.8
      vertex 157.547 64.0096 4.8
    endloop
  endfacet
  facet normal 0 0 1
    outer loop
      vertex 115.547 28.7365 0
      vertex 120.953 33.6987 0
      vertex 119.047 34.7987 0
    endloop
  endfacet
  facet normal -0 0 1
    outer loop
      vertex 115.547 28.7365 0
      vertex 117.453 27.6365 0
      vertex 120.953 33.6987 0
    endloop
  endfacet
  facet normal 0 0 -1
    outer loop
      vertex 115.547 28.7365 4.8
      vertex 119.047 34.7987 4.8
      vertex 120.953 33.6987 4.8
    endloop
  endfacet
  facet normal 0 0 -1
    outer loop
      vertex 115.547 28.7365 4.8
      vertex 120.953 33.6987 4.8
      vertex 117.453 27.6365 4.8
    endloop
  endfacet
  facet normal 0.866026 -0.499999 0
    outer loop
      vertex 115.547 28.7365 0
      vertex 119.047 34.7987 0
      vertex 119.047 34.7987 4.8
    endloop
  endfacet
  facet normal 0.866026 -0.499999 0
    outer loop
      vertex 115.547 28.7365 0
      vertex 119.047 34.7987 4.8
      vertex 115.547 28.7365 4.8
    endloop
  endfacet
  facet normal -0.499999 -0.866026 0
    outer loop
      vertex 119.047 34.7987 0
      vertex 120.953 33.6987 0
      vertex 120.953 33.6987 4.8
    endloop
  endfacet
  facet normal -0.499999 -0.866026 0
    outer loop
      vertex 119.047 34.7987 0
      vertex 120.953 33.6987 4.8
      vertex 119.047 34.7987 4.8
    endloop
  endfacet
  facet normal -0.866026 0.499999 0
    outer loop
      vertex 120.953 33.6987 0
      vertex 117.453 27.6365 0
      vertex 117.453 27.6365 4.8
    endloop
  endfacet
  facet normal -0.866026 0.499999 0
    outer loop
      vertex 120.953 33.6987 0
      vertex 117.453 27.6365 4.8
      vertex 120.953 33.6987 4.8
    endloop
  endfacet
  facet normal 0.499999 0.866026 0
    outer loop
      vertex 117.453 27.6365 0
      vertex 115.547 28.7365 0
      vertex 115.547 28.7365 4.8
    endloop
  endfacet
  facet normal 0.499999 0.866026 -0
    outer loop
      vertex 117.453 27.6365 0
      vertex 115.547 28.7365 4.8
      vertex 117.453 27.6365 4.8
    endloop
  endfacet
  facet normal 0 0 1
    outer loop
      vertex 10.5474 77.234 0
      vertex 15.9526 82.1961 0
      vertex 14.0474 83.2961 0
    endloop
  endfacet
  facet normal -0 0 1
    outer loop
      vertex 10.5474 77.234 0
      vertex 12.4526 76.134 0
      vertex 15.9526 82.1961 0
    endloop
  endfacet
  facet normal 0 0 -1
    outer loop
      vertex 10.5474 77.234 4.8
      vertex 14.0474 83.2961 4.8
      vertex 15.9526 82.1961 4.8
    endloop
  endfacet
  facet normal 0 0 -1
    outer loop
      vertex 10.5474 77.234 4.8
      vertex 15.9526 82.1961 4.8
      vertex 12.4526 76.134 4.8
    endloop
  endfacet
  facet normal 0.866023 -0.500005 0
    outer loop
      vertex 10.5474 77.234 0
      vertex 14.0474 83.2961 0
      vertex 14.0474 83.2961 4.8
    endloop
  endfacet
  facet normal 0.866023 -0.500005 0
    outer loop
      vertex 10.5474 77.234 0
      vertex 14.0474 83.2961 4.8
      vertex 10.5474 77.234 4.8
    endloop
  endfacet
  facet normal -0.500005 -0.866023 0
    outer loop
      vertex 14.0474 83.2961 0
      vertex 15.9526 82.1961 0
      vertex 15.9526 82.1961 4.8
    endloop
  endfacet
  facet normal -0.500005 -0.866023 0
    outer loop
      vertex 14.0474 83.2961 0
      vertex 15.9526 82.1961 4.8
      vertex 14.0474 83.2961 4.8
    endloop
  endfacet
  facet normal -0.866023 0.500005 0
    outer loop
      vertex 15.9526 82.1961 0
      vertex 12.4526 76.134 0
      vertex 12.4526 76.134 4.8
    endloop
  endfacet
  facet normal -0.866023 0.500005 0
    outer loop
      vertex 15.9526 82.1961 0
      vertex 12.4526 76.134 4.8
      vertex 15.9526 82.1961 4.8
    endloop
  endfacet
  facet normal 0.500005 0.866023 0
    outer loop
      vertex 12.4526 76.134 0
      vertex 10.5474 77.234 0
      vertex 10.5474 77.234 4.8
    endloop
  endfacet
  facet normal 0.500005 0.866023 -0
    outer loop
      vertex 12.4526 76.134 0
      vertex 10.5474 77.234 4.8
      vertex 12.4526 76.134 4.8
    endloop
  endfacet
  facet normal 0 0 1
    outer loop
      vertex 52.5474 40.8609 0
      vertex 57.9526 45.8231 0
      vertex 56.0474 46.9231 0
    endloop
  endfacet
  facet normal -0 0 1
    outer loop
      vertex 52.5474 40.8609 0
      vertex 54.4526 39.7609 0
      vertex 57.9526 45.8231 0
    endloop
  endfacet
  facet normal 0 0 -1
    outer loop
      vertex 52.5474 40.8609 4.8
      vertex 56.0474 46.9231 4.8
      vertex 57.9526 45.8231 4.8
    endloop
  endfacet
  facet normal 0 0 -1
    outer loop
      vertex 52.5474 40.8609 4.8
      vertex 57.9526 45.8231 4.8
      vertex 54.4526 39.7609 4.8
    endloop
  endfacet
  facet normal 0.866026 -0.499999 0
    outer loop
      vertex 52.5474 40.8609 0
      vertex 56.0474 46.9231 0
      vertex 56.0474 46.9231 4.8
    endloop
  endfacet
  facet normal 0.866026 -0.499999 0
    outer loop
      vertex 52.5474 40.8609 0
      vertex 56.0474 46.9231 4.8
      vertex 52.5474 40.8609 4.8
    endloop
  endfacet
  facet normal -0.499999 -0.866026 0
    outer loop
      vertex 56.0474 46.9231 0
      vertex 57.9526 45.8231 0
      vertex 57.9526 45.8231 4.8
    endloop
  endfacet
  facet normal -0.499999 -0.866026 0
    outer loop
      vertex 56.0474 46.9231 0
      vertex 57.9526 45.8231 4.8
      vertex 56.0474 46.9231 4.8
    endloop
  endfacet
  facet normal -0.866026 0.499999 0
    outer loop
      vertex 57.9526 45.8231 0
      vertex 54.4526 39.7609 0
      vertex 54.4526 39.7609 4.8
    endloop
  endfacet
  facet normal -0.866026 0.499999 0
    outer loop
      vertex 57.9526 45.8231 0
      vertex 54.4526 39.7609 4.8
      vertex 57.9526 45.8231 4.8
    endloop
  endfacet
  facet normal 0.499999 0.866026 0
    outer loop
      vertex 54.4526 39.7609 0
      vertex 52.5474 40.8609 0
      vertex 52.5474 40.8609 4.8
    endloop
  endfacet
  facet normal 0.499999 0.866026 -0
    outer loop
      vertex 54.4526 39.7609 0
      vertex 52.5474 40.8609 4.8
      vertex 54.4526 39.7609 4.8
    endloop
  endfacet
  facet normal 0 0 1
    outer loop
      vertex 117.453 16.6122 0
      vertex 119.047 9.45 0
      vertex 120.953 10.55 0
    endloop
  endfacet
  facet normal 0 0 1
    outer loop
      vertex 117.453 16.6122 0
      vertex 115.547 15.5122 0
      vertex 119.047 9.45 0
    endloop
  endfacet
  facet normal 0 0 -1
    outer loop
      vertex 117.453 16.6122 4.8
      vertex 120.953 10.55 4.8
      vertex 119.047 9.45 4.8
    endloop
  endfacet
  facet normal 0 -0 -1
    outer loop
      vertex 117.453 16.6122 4.8
      vertex 119.047 9.45 4.8
      vertex 115.547 15.5122 4.8
    endloop
  endfacet
  facet normal -0.866026 -0.499999 0
    outer loop
      vertex 117.453 16.6122 0
      vertex 120.953 10.55 0
      vertex 120.953 10.55 4.8
    endloop
  endfacet
  facet normal -0.866026 -0.499999 0
    outer loop
      vertex 117.453 16.6122 0
      vertex 120.953 10.55 4.8
      vertex 117.453 16.6122 4.8
    endloop
  endfacet
  facet normal -0.499999 0.866026 0
    outer loop
      vertex 120.953 10.55 0
      vertex 119.047 9.45 0
      vertex 119.047 9.45 4.8
    endloop
  endfacet
  facet normal -0.499999 0.866026 0
    outer loop
      vertex 120.953 10.55 0
      vertex 119.047 9.45 4.8
      vertex 120.953 10.55 4.8
    endloop
  endfacet
  facet normal 0.866026 0.499999 0
    outer loop
      vertex 119.047 9.45 0
      vertex 115.547 15.5122 0
      vertex 115.547 15.5122 4.8
    endloop
  endfacet
  facet normal 0.866026 0.499999 -0
    outer loop
      vertex 119.047 9.45 0
      vertex 115.547 15.5122 4.8
      vertex 119.047 9.45 4.8
    endloop
  endfacet
  facet normal 0.499999 -0.866026 0
    outer loop
      vertex 115.547 15.5122 0
      vertex 117.453 16.6122 0
      vertex 117.453 16.6122 4.8
    endloop
  endfacet
  facet normal 0.499999 -0.866026 0
    outer loop
      vertex 115.547 15.5122 0
      vertex 117.453 16.6122 4.8
      vertex 115.547 15.5122 4.8
    endloop
  endfacet
  facet normal 0 0 1
    outer loop
      vertex 75.4526 77.234 0
      vertex 77.0474 70.0718 0
      vertex 78.9526 71.1718 0
    endloop
  endfacet
  facet normal 0 0 1
    outer loop
      vertex 75.4526 77.234 0
      vertex 73.5474 76.134 0
      vertex 77.0474 70.0718 0
    endloop
  endfacet
  facet normal 0 0 -1
    outer loop
      vertex 75.4526 77.234 4.8
      vertex 78.9526 71.1718 4.8
      vertex 77.0474 70.0718 4.8
    endloop
  endfacet
  facet normal 0 -0 -1
    outer loop
      vertex 75.4526 77.234 4.8
      vertex 77.0474 70.0718 4.8
      vertex 73.5474 76.134 4.8
    endloop
  endfacet
  facet normal -0.866026 -0.499999 0
    outer loop
      vertex 75.4526 77.234 0
      vertex 78.9526 71.1718 0
      vertex 78.9526 71.1718 4.8
    endloop
  endfacet
  facet normal -0.866026 -0.499999 0
    outer loop
      vertex 75.4526 77.234 0
      vertex 78.9526 71.1718 4.8
      vertex 75.4526 77.234 4.8
    endloop
  endfacet
  facet normal -0.499999 0.866026 0
    outer loop
      vertex 78.9526 71.1718 0
      vertex 77.0474 70.0718 0
      vertex 77.0474 70.0718 4.8
    endloop
  endfacet
  facet normal -0.499999 0.866026 0
    outer loop
      vertex 78.9526 71.1718 0
      vertex 77.0474 70.0718 4.8
      vertex 78.9526 71.1718 4.8
    endloop
  endfacet
  facet normal 0.866026 0.499999 0
    outer loop
      vertex 77.0474 70.0718 0
      vertex 73.5474 76.134 0
      vertex 73.5474 76.134 4.8
    endloop
  endfacet
  facet normal 0.866026 0.499999 -0
    outer loop
      vertex 77.0474 70.0718 0
      vertex 73.5474 76.134 4.8
      vertex 77.0474 70.0718 4.8
    endloop
  endfacet
  facet normal 0.499999 -0.866026 0
    outer loop
      vertex 73.5474 76.134 0
      vertex 75.4526 77.234 0
      vertex 75.4526 77.234 4.8
    endloop
  endfacet
  facet normal 0.499999 -0.866026 0
    outer loop
      vertex 73.5474 76.134 0
      vertex 75.4526 77.234 4.8
      vertex 73.5474 76.134 4.8
    endloop
  endfacet
  facet normal -0 0 1
    outer loop
      vertex 25.5 77.784 0
      vertex 32.5 75.584 0
      vertex 32.5 77.784 0
    endloop
  endfacet
  facet normal 0 0 1
    outer loop
      vertex 25.5 77.784 0
      vertex 25.5 75.584 0
      vertex 32.5 75.584 0
    endloop
  endfacet
  facet normal 0 0 -1
    outer loop
      vertex 25.5 77.784 4.8
      vertex 32.5 77.784 4.8
      vertex 32.5 75.584 4.8
    endloop
  endfacet
  facet normal 0 0 -1
    outer loop
      vertex 25.5 77.784 4.8
      vertex 32.5 75.584 4.8
      vertex 25.5 75.584 4.8
    endloop
  endfacet
  facet normal 0 -1 0
    outer loop
      vertex 25.5 77.784 0
      vertex 32.5 77.784 0
      vertex 32.5 77.784 4.8
    endloop
  endfacet
  facet normal 0 -1 0
    outer loop
      vertex 25.5 77.784 0
      vertex 32.5 77.784 4.8
      vertex 25.5 77.784 4.8
    endloop
  endfacet
  facet normal -1 0 0
    outer loop
      vertex 32.5 77.784 0
      vertex 32.5 75.584 0
      vertex 32.5 75.584 4.8
    endloop
  endfacet
  facet normal -1 0 0
    outer loop
      vertex 32.5 77.784 0
      vertex 32.5 75.584 4.8
      vertex 32.5 77.784 4.8
    endloop
  endfacet
  facet normal 0 1 0
    outer loop
      vertex 32.5 75.584 0
      vertex 25.5 75.584 0
      vertex 25.5 75.584 4.8
    endloop
  endfacet
  facet normal 0 1 -0
    outer loop
      vertex 32.5 75.584 0
      vertex 25.5 75.584 4.8
      vertex 32.5 75.584 4.8
    endloop
  endfacet
  facet normal 1 0 0
    outer loop
      vertex 25.5 75.584 0
      vertex 25.5 77.784 0
      vertex 25.5 77.784 4.8
    endloop
  endfacet
  facet normal 1 0 0
    outer loop
      vertex 25.5 75.584 0
      vertex 25.5 77.784 4.8
      vertex 25.5 75.584 4.8
    endloop
  endfacet
  facet normal 0 0 1
    outer loop
      vertex 42.0474 71.1718 0
      vertex 47.4526 76.134 0
      vertex 45.5474 77.234 0
    endloop
  endfacet
  facet normal -0 0 1
    outer loop
      vertex 42.0474 71.1718 0
      vertex 43.9526 70.0718 0
      vertex 47.4526 76.134 0
    endloop
  endfacet
  facet normal 0 0 -1
    outer loop
      vertex 42.0474 71.1718 4.8
      vertex 45.5474 77.234 4.8
      vertex 47.4526 76.134 4.8
    endloop
  endfacet
  facet normal 0 0 -1
    outer loop
      vertex 42.0474 71.1718 4.8
      vertex 47.4526 76.134 4.8
      vertex 43.9526 70.0718 4.8
    endloop
  endfacet
  facet normal 0.866026 -0.499999 0
    outer loop
      vertex 42.0474 71.1718 0
      vertex 45.5474 77.234 0
      vertex 45.5474 77.234 4.8
    endloop
  endfacet
  facet normal 0.866026 -0.499999 0
    outer loop
      vertex 42.0474 71.1718 0
      vertex 45.5474 77.234 4.8
      vertex 42.0474 71.1718 4.8
    endloop
  endfacet
  facet normal -0.499999 -0.866026 0
    outer loop
      vertex 45.5474 77.234 0
      vertex 47.4526 76.134 0
      vertex 47.4526 76.134 4.8
    endloop
  endfacet
  facet normal -0.499999 -0.866026 0
    outer loop
      vertex 45.5474 77.234 0
      vertex 47.4526 76.134 4.8
      vertex 45.5474 77.234 4.8
    endloop
  endfacet
  facet normal -0.866026 0.499999 0
    outer loop
      vertex 47.4526 76.134 0
      vertex 43.9526 70.0718 0
      vertex 43.9526 70.0718 4.8
    endloop
  endfacet
  facet normal -0.866026 0.499999 0
    outer loop
      vertex 47.4526 76.134 0
      vertex 43.9526 70.0718 4.8
      vertex 47.4526 76.134 4.8
    endloop
  endfacet
  facet normal 0.499999 0.866026 0
    outer loop
      vertex 43.9526 70.0718 0
      vertex 42.0474 71.1718 0
      vertex 42.0474 71.1718 4.8
    endloop
  endfacet
  facet normal 0.499999 0.866026 -0
    outer loop
      vertex 43.9526 70.0718 0
      vertex 42.0474 71.1718 4.8
      vertex 43.9526 70.0718 4.8
    endloop
  endfacet
  facet normal -0 0 1
    outer loop
      vertex 88.5 89.9083 0
      vertex 95.5 87.7083 0
      vertex 95.5 89.9083 0
    endloop
  endfacet
  facet normal 0 0 1
    outer loop
      vertex 88.5 89.9083 0
      vertex 88.5 87.7083 0
      vertex 95.5 87.7083 0
    endloop
  endfacet
  facet normal 0 0 -1
    outer loop
      vertex 88.5 89.9083 4.8
      vertex 95.5 89.9083 4.8
      vertex 95.5 87.7083 4.8
    endloop
  endfacet
  facet normal 0 0 -1
    outer loop
      vertex 88.5 89.9083 4.8
      vertex 95.5 87.7083 4.8
      vertex 88.5 87.7083 4.8
    endloop
  endfacet
  facet normal 0 -1 0
    outer loop
      vertex 88.5 89.9083 0
      vertex 95.5 89.9083 0
      vertex 95.5 89.9083 4.8
    endloop
  endfacet
  facet normal 0 -1 0
    outer loop
      vertex 88.5 89.9083 0
      vertex 95.5 89.9083 4.8
      vertex 88.5 89.9083 4.8
    endloop
  endfacet
  facet normal -1 0 0
    outer loop
      vertex 95.5 89.9083 0
      vertex 95.5 87.7083 0
      vertex 95.5 87.7083 4.8
    endloop
  endfacet
  facet normal -1 0 0
    outer loop
      vertex 95.5 89.9083 0
      vertex 95.5 87.7083 4.8
      vertex 95.5 89.9083 4.8
    endloop
  endfacet
  facet normal 0 1 0
    outer loop
      vertex 95.5 87.7083 0
      vertex 88.5 87.7083 0
      vertex 88.5 87.7083 4.8
    endloop
  endfacet
  facet normal 0 1 -0
    outer loop
      vertex 95.5 87.7083 0
      vertex 88.5 87.7083 4.8
      vertex 95.5 87.7083 4.8
    endloop
  endfacet
  facet normal 1 0 0
    outer loop
      vertex 88.5 87.7083 0
      vertex 88.5 89.9083 0
      vertex 88.5 89.9083 4.8
    endloop
  endfacet
  facet normal 1 0 0
    outer loop
      vertex 88.5 87.7083 0
      vertex 88.5 89.9083 4.8
      vertex 88.5 87.7083 4.8
    endloop
  endfacet
  facet normal 0 0 1
    outer loop
      vertex 31.5474 65.1096 0
      vertex 36.9526 70.0718 0
      vertex 35.0474 71.1718 0
    endloop
  endfacet
  facet normal -0 0 1
    outer loop
      vertex 31.5474 65.1096 0
      vertex 33.4526 64.0096 0
      vertex 36.9526 70.0718 0
    endloop
  endfacet
  facet normal 0 0 -1
    outer loop
      vertex 31.5474 65.1096 4.8
      vertex 35.0474 71.1718 4.8
      vertex 36.9526 70.0718 4.8
    endloop
  endfacet
  facet normal 0 0 -1
    outer loop
      vertex 31.5474 65.1096 4.8
      vertex 36.9526 70.0718 4.8
      vertex 33.4526 64.0096 4.8
    endloop
  endfacet
  facet normal 0.866026 -0.499999 0
    outer loop
      vertex 31.5474 65.1096 0
      vertex 35.0474 71.1718 0
      vertex 35.0474 71.1718 4.8
    endloop
  endfacet
  facet normal 0.866026 -0.499999 0
    outer loop
      vertex 31.5474 65.1096 0
      vertex 35.0474 71.1718 4.8
      vertex 31.5474 65.1096 4.8
    endloop
  endfacet
  facet normal -0.499999 -0.866026 0
    outer loop
      vertex 35.0474 71.1718 0
      vertex 36.9526 70.0718 0
      vertex 36.9526 70.0718 4.8
    endloop
  endfacet
  facet normal -0.499999 -0.866026 0
    outer loop
      vertex 35.0474 71.1718 0
      vertex 36.9526 70.0718 4.8
      vertex 35.0474 71.1718 4.8
    endloop
  endfacet
  facet normal -0.866026 0.499999 0
    outer loop
      vertex 36.9526 70.0718 0
      vertex 33.4526 64.0096 0
      vertex 33.4526 64.0096 4.8
    endloop
  endfacet
  facet normal -0.866026 0.499999 0
    outer loop
      vertex 36.9526 70.0718 0
      vertex 33.4526 64.0096 4.8
      vertex 36.9526 70.0718 4.8
    endloop
  endfacet
  facet normal 0.499999 0.866026 0
    outer loop
      vertex 33.4526 64.0096 0
      vertex 31.5474 65.1096 0
      vertex 31.5474 65.1096 4.8
    endloop
  endfacet
  facet normal 0.499999 0.866026 -0
    outer loop
      vertex 33.4526 64.0096 0
      vertex 31.5474 65.1096 4.8
      vertex 33.4526 64.0096 4.8
    endloop
  endfacet
  facet normal 0 0 1
    outer loop
      vertex 136.547 40.8609 0
      vertex 141.953 45.8231 0
      vertex 140.047 46.9231 0
    endloop
  endfacet
  facet normal -0 0 1
    outer loop
      vertex 136.547 40.8609 0
      vertex 138.453 39.7609 0
      vertex 141.953 45.8231 0
    endloop
  endfacet
  facet normal 0 0 -1
    outer loop
      vertex 136.547 40.8609 4.8
      vertex 140.047 46.9231 4.8
      vertex 141.953 45.8231 4.8
    endloop
  endfacet
  facet normal 0 0 -1
    outer loop
      vertex 136.547 40.8609 4.8
      vertex 141.953 45.8231 4.8
      vertex 138.453 39.7609 4.8
    endloop
  endfacet
  facet normal 0.866026 -0.499999 0
    outer loop
      vertex 136.547 40.8609 0
      vertex 140.047 46.9231 0
      vertex 140.047 46.9231 4.8
    endloop
  endfacet
  facet normal 0.866026 -0.499999 0
    outer loop
      vertex 136.547 40.8609 0
      vertex 140.047 46.9231 4.8
      vertex 136.547 40.8609 4.8
    endloop
  endfacet
  facet normal -0.499999 -0.866026 0
    outer loop
      vertex 140.047 46.9231 0
      vertex 141.953 45.8231 0
      vertex 141.953 45.8231 4.8
    endloop
  endfacet
  facet normal -0.499999 -0.866026 0
    outer loop
      vertex 140.047 46.9231 0
      vertex 141.953 45.8231 4.8
      vertex 140.047 46.9231 4.8
    endloop
  endfacet
  facet normal -0.866026 0.499999 0
    outer loop
      vertex 141.953 45.8231 0
      vertex 138.453 39.7609 0
      vertex 138.453 39.7609 4.8
    endloop
  endfacet
  facet normal -0.866026 0.499999 0
    outer loop
      vertex 141.953 45.8231 0
      vertex 138.453 39.7609 4.8
      vertex 141.953 45.8231 4.8
    endloop
  endfacet
  facet normal 0.499999 0.866026 0
    outer loop
      vertex 138.453 39.7609 0
      vertex 136.547 40.8609 0
      vertex 136.547 40.8609 4.8
    endloop
  endfacet
  facet normal 0.499999 0.866026 -0
    outer loop
      vertex 138.453 39.7609 0
      vertex 136.547 40.8609 4.8
      vertex 138.453 39.7609 4.8
    endloop
  endfacet
  facet normal 0 0 1
    outer loop
      vertex 147.047 46.9231 0
      vertex 152.453 51.8852 0
      vertex 150.547 52.9852 0
    endloop
  endfacet
  facet normal -0 0 1
    outer loop
      vertex 147.047 46.9231 0
      vertex 148.953 45.8231 0
      vertex 152.453 51.8852 0
    endloop
  endfacet
  facet normal 0 0 -1
    outer loop
      vertex 147.047 46.9231 4.8
      vertex 150.547 52.9852 4.8
      vertex 152.453 51.8852 4.8
    endloop
  endfacet
  facet normal 0 0 -1
    outer loop
      vertex 147.047 46.9231 4.8
      vertex 152.453 51.8852 4.8
      vertex 148.953 45.8231 4.8
    endloop
  endfacet
  facet normal 0.866023 -0.500005 0
    outer loop
      vertex 147.047 46.9231 0
      vertex 150.547 52.9852 0
      vertex 150.547 52.9852 4.8
    endloop
  endfacet
  facet normal 0.866023 -0.500005 0
    outer loop
      vertex 147.047 46.9231 0
      vertex 150.547 52.9852 4.8
      vertex 147.047 46.9231 4.8
    endloop
  endfacet
  facet normal -0.500005 -0.866023 0
    outer loop
      vertex 150.547 52.9852 0
      vertex 152.453 51.8852 0
      vertex 152.453 51.8852 4.8
    endloop
  endfacet
  facet normal -0.500005 -0.866023 0
    outer loop
      vertex 150.547 52.9852 0
      vertex 152.453 51.8852 4.8
      vertex 150.547 52.9852 4.8
    endloop
  endfacet
  facet normal -0.866023 0.500005 0
    outer loop
      vertex 152.453 51.8852 0
      vertex 148.953 45.8231 0
      vertex 148.953 45.8231 4.8
    endloop
  endfacet
  facet normal -0.866023 0.500005 0
    outer loop
      vertex 152.453 51.8852 0
      vertex 148.953 45.8231 4.8
      vertex 152.453 51.8852 4.8
    endloop
  endfacet
  facet normal 0.500005 0.866023 0
    outer loop
      vertex 148.953 45.8231 0
      vertex 147.047 46.9231 0
      vertex 147.047 46.9231 4.8
    endloop
  endfacet
  facet normal 0.500005 0.866023 -0
    outer loop
      vertex 148.953 45.8231 0
      vertex 147.047 46.9231 4.8
      vertex 148.953 45.8231 4.8
    endloop
  endfacet
  facet normal 0 0 1
    outer loop
      vertex 75.4526 52.9852 0
      vertex 77.0474 45.8231 0
      vertex 78.9526 46.9231 0
    endloop
  endfacet
  facet normal 0 0 1
    outer loop
      vertex 75.4526 52.9852 0
      vertex 73.5474 51.8852 0
      vertex 77.0474 45.8231 0
    endloop
  endfacet
  facet normal 0 0 -1
    outer loop
      vertex 75.4526 52.9852 4.8
      vertex 78.9526 46.9231 4.8
      vertex 77.0474 45.8231 4.8
    endloop
  endfacet
  facet normal 0 -0 -1
    outer loop
      vertex 75.4526 52.9852 4.8
      vertex 77.0474 45.8231 4.8
      vertex 73.5474 51.8852 4.8
    endloop
  endfacet
  facet normal -0.866023 -0.500005 0
    outer loop
      vertex 75.4526 52.9852 0
      vertex 78.9526 46.9231 0
      vertex 78.9526 46.9231 4.8
    endloop
  endfacet
  facet normal -0.866023 -0.500005 0
    outer loop
      vertex 75.4526 52.9852 0
      vertex 78.9526 46.9231 4.8
      vertex 75.4526 52.9852 4.8
    endloop
  endfacet
  facet normal -0.500005 0.866023 0
    outer loop
      vertex 78.9526 46.9231 0
      vertex 77.0474 45.8231 0
      vertex 77.0474 45.8231 4.8
    endloop
  endfacet
  facet normal -0.500005 0.866023 0
    outer loop
      vertex 78.9526 46.9231 0
      vertex 77.0474 45.8231 4.8
      vertex 78.9526 46.9231 4.8
    endloop
  endfacet
  facet normal 0.866023 0.500005 0
    outer loop
      vertex 77.0474 45.8231 0
      vertex 73.5474 51.8852 0
      vertex 73.5474 51.8852 4.8
    endloop
  endfacet
  facet normal 0.866023 0.500005 -0
    outer loop
      vertex 77.0474 45.8231 0
      vertex 73.5474 51.8852 4.8
      vertex 77.0474 45.8231 4.8
    endloop
  endfacet
  facet normal 0.500005 -0.866023 0
    outer loop
      vertex 73.5474 51.8852 0
      vertex 75.4526 52.9852 0
      vertex 75.4526 52.9852 4.8
    endloop
  endfacet
  facet normal 0.500005 -0.866023 0
    outer loop
      vertex 73.5474 51.8852 0
      vertex 75.4526 52.9852 4.8
      vertex 73.5474 51.8852 4.8
    endloop
  endfacet
  facet normal -0 0 1
    outer loop
      vertex 46.5 53.5352 0
      vertex 53.5 51.3352 0
      vertex 53.5 53.5352 0
    endloop
  endfacet
  facet normal 0 0 1
    outer loop
      vertex 46.5 53.5352 0
      vertex 46.5 51.3352 0
      vertex 53.5 51.3352 0
    endloop
  endfacet
  facet normal 0 0 -1
    outer loop
      vertex 46.5 53.5352 4.8
      vertex 53.5 53.5352 4.8
      vertex 53.5 51.3352 4.8
    endloop
  endfacet
  facet normal 0 0 -1
    outer loop
      vertex 46.5 53.5352 4.8
      vertex 53.5 51.3352 4.8
      vertex 46.5 51.3352 4.8
    endloop
  endfacet
  facet normal 0 -1 0
    outer loop
      vertex 46.5 53.5352 0
      vertex 53.5 53.5352 0
      vertex 53.5 53.5352 4.8
    endloop
  endfacet
  facet normal 0 -1 0
    outer loop
      vertex 46.5 53.5352 0
      vertex 53.5 53.5352 4.8
      vertex 46.5 53.5352 4.8
    endloop
  endfacet
  facet normal -1 0 0
    outer loop
      vertex 53.5 53.5352 0
      vertex 53.5 51.3352 0
      vertex 53.5 51.3352 4.8
    endloop
  endfacet
  facet normal -1 0 0
    outer loop
      vertex 53.5 53.5352 0
      vertex 53.5 51.3352 4.8
      vertex 53.5 53.5352 4.8
    endloop
  endfacet
  facet normal 0 1 0
    outer loop
      vertex 53.5 51.3352 0
      vertex 46.5 51.3352 0
      vertex 46.5 51.3352 4.8
    endloop
  endfacet
  facet normal 0 1 -0
    outer loop
      vertex 53.5 51.3352 0
      vertex 46.5 51.3352 4.8
      vertex 53.5 51.3352 4.8
    endloop
  endfacet
  facet normal 1 0 0
    outer loop
      vertex 46.5 51.3352 0
      vertex 46.5 53.5352 0
      vertex 46.5 53.5352 4.8
    endloop
  endfacet
  facet normal 1 0 0
    outer loop
      vertex 46.5 51.3352 0
      vertex 46.5 53.5352 4.8
      vertex 46.5 51.3352 4.8
    endloop
  endfacet
  facet normal -0 0 1
    outer loop
      vertex 151.5 41.4109 0
      vertex 158.5 39.2109 0
      vertex 158.5 41.4109 0
    endloop
  endfacet
  facet normal 0 0 1
    outer loop
      vertex 151.5 41.4109 0
      vertex 151.5 39.2109 0
      vertex 158.5 39.2109 0
    endloop
  endfacet
  facet normal 0 0 -1
    outer loop
      vertex 151.5 41.4109 4.8
      vertex 158.5 41.4109 4.8
      vertex 158.5 39.2109 4.8
    endloop
  endfacet
  facet normal 0 0 -1
    outer loop
      vertex 151.5 41.4109 4.8
      vertex 158.5 39.2109 4.8
      vertex 151.5 39.2109 4.8
    endloop
  endfacet
  facet normal 0 -1 0
    outer loop
      vertex 151.5 41.4109 0
      vertex 158.5 41.4109 0
      vertex 158.5 41.4109 4.8
    endloop
  endfacet
  facet normal 0 -1 0
    outer loop
      vertex 151.5 41.4109 0
      vertex 158.5 41.4109 4.8
      vertex 151.5 41.4109 4.8
    endloop
  endfacet
  facet normal -1 0 0
    outer loop
      vertex 158.5 41.4109 0
      vertex 158.5 39.2109 0
      vertex 158.5 39.2109 4.8
    endloop
  endfacet
  facet normal -1 0 0
    outer loop
      vertex 158.5 41.4109 0
      vertex 158.5 39.2109 4.8
      vertex 158.5 41.4109 4.8
    endloop
  endfacet
  facet normal 0 1 0
    outer loop
      vertex 158.5 39.2109 0
      vertex 151.5 39.2109 0
      vertex 151.5 39.2109 4.8
    endloop
  endfacet
  facet normal 0 1 -0
    outer loop
      vertex 158.5 39.2109 0
      vertex 151.5 39.2109 4.8
      vertex 158.5 39.2109 4.8
    endloop
  endfacet
  facet normal 1 0 0
    outer loop
      vertex 151.5 39.2109 0
      vertex 151.5 41.4109 0
      vertex 151.5 41.4109 4.8
    endloop
  endfacet
  facet normal 1 0 0
    outer loop
      vertex 151.5 39.2109 0
      vertex 151.5 41.4109 4.8
      vertex 151.5 39.2109 4.8
    endloop
  endfacet
  facet normal -0 0 1
    outer loop
      vertex 141 71.7218 0
      vertex 148 69.5218 0
      vertex 148 71.7218 0
    endloop
  endfacet
  facet normal 0 0 1
    outer loop
      vertex 141 71.7218 0
      vertex 141 69.5218 0
      vertex 148 69.5218 0
    endloop
  endfacet
  facet normal 0 0 -1
    outer loop
      vertex 141 71.7218 4.8
      vertex 148 71.7218 4.8
      vertex 148 69.5218 4.8
    endloop
  endfacet
  facet normal 0 0 -1
    outer loop
      vertex 141 71.7218 4.8
      vertex 148 69.5218 4.8
      vertex 141 69.5218 4.8
    endloop
  endfacet
  facet normal 0 -1 0
    outer loop
      vertex 141 71.7218 0
      vertex 148 71.7218 0
      vertex 148 71.7218 4.8
    endloop
  endfacet
  facet normal 0 -1 0
    outer loop
      vertex 141 71.7218 0
      vertex 148 71.7218 4.8
      vertex 141 71.7218 4.8
    endloop
  endfacet
  facet normal -1 0 0
    outer loop
      vertex 148 71.7218 0
      vertex 148 69.5218 0
      vertex 148 69.5218 4.8
    endloop
  endfacet
  facet normal -1 0 0
    outer loop
      vertex 148 71.7218 0
      vertex 148 69.5218 4.8
      vertex 148 71.7218 4.8
    endloop
  endfacet
  facet normal 0 1 0
    outer loop
      vertex 148 69.5218 0
      vertex 141 69.5218 0
      vertex 141 69.5218 4.8
    endloop
  endfacet
  facet normal 0 1 -0
    outer loop
      vertex 148 69.5218 0
      vertex 141 69.5218 4.8
      vertex 148 69.5218 4.8
    endloop
  endfacet
  facet normal 1 0 0
    outer loop
      vertex 141 69.5218 0
      vertex 141 71.7218 0
      vertex 141 71.7218 4.8
    endloop
  endfacet
  facet normal 1 0 0
    outer loop
      vertex 141 69.5218 0
      vertex 141 71.7218 4.8
      vertex 141 69.5218 4.8
    endloop
  endfacet
  facet normal 0 0 1
    outer loop
      vertex 73.5474 89.3583 0
      vertex 78.9526 94.3205 0
      vertex 77.0474 95.4205 0
    endloop
  endfacet
  facet normal -0 0 1
    outer loop
      vertex 73.5474 89.3583 0
      vertex 75.4526 88.2583 0
      vertex 78.9526 94.3205 0
    endloop
  endfacet
  facet normal 0 0 -1
    outer loop
      vertex 73.5474 89.3583 4.8
      vertex 77.0474 95.4205 4.8
      vertex 78.9526 94.3205 4.8
    endloop
  endfacet
  facet normal 0 0 -1
    outer loop
      vertex 73.5474 89.3583 4.8
      vertex 78.9526 94.3205 4.8
      vertex 75.4526 88.2583 4.8
    endloop
  endfacet
  facet normal 0.866026 -0.499999 0
    outer loop
      vertex 73.5474 89.3583 0
      vertex 77.0474 95.4205 0
      vertex 77.0474 95.4205 4.8
    endloop
  endfacet
  facet normal 0.866026 -0.499999 0
    outer loop
      vertex 73.5474 89.3583 0
      vertex 77.0474 95.4205 4.8
      vertex 73.5474 89.3583 4.8
    endloop
  endfacet
  facet normal -0.499999 -0.866026 0
    outer loop
      vertex 77.0474 95.4205 0
      vertex 78.9526 94.3205 0
      vertex 78.9526 94.3205 4.8
    endloop
  endfacet
  facet normal -0.499999 -0.866026 0
    outer loop
      vertex 77.0474 95.4205 0
      vertex 78.9526 94.3205 4.8
      vertex 77.0474 95.4205 4.8
    endloop
  endfacet
  facet normal -0.866026 0.499999 0
    outer loop
      vertex 78.9526 94.3205 0
      vertex 75.4526 88.2583 0
      vertex 75.4526 88.2583 4.8
    endloop
  endfacet
  facet normal -0.866026 0.499999 0
    outer loop
      vertex 78.9526 94.3205 0
      vertex 75.4526 88.2583 4.8
      vertex 78.9526 94.3205 4.8
    endloop
  endfacet
  facet normal 0.499999 0.866026 0
    outer loop
      vertex 75.4526 88.2583 0
      vertex 73.5474 89.3583 0
      vertex 73.5474 89.3583 4.8
    endloop
  endfacet
  facet normal 0.499999 0.866026 -0
    outer loop
      vertex 75.4526 88.2583 0
      vertex 73.5474 89.3583 4.8
      vertex 75.4526 88.2583 4.8
    endloop
  endfacet
  facet normal 0 0 1
    outer loop
      vertex 162.878 95.5502 0
      vertex 161.047 94.3203 0
      vertex 162.953 95.4207 0
    endloop
  endfacet
  facet normal 0 0 1
    outer loop
      vertex 162.878 95.5502 0
      vertex 160.973 94.4498 0
      vertex 161.047 94.3203 0
    endloop
  endfacet
  facet normal 0 -0 -1
    outer loop
      vertex 162.878 95.5502 4.8
      vertex 162.953 95.4207 4.8
      vertex 161.047 94.3203 4.8
    endloop
  endfacet
  facet normal 0 0 -1
    outer loop
      vertex 162.878 95.5502 4.8
      vertex 161.047 94.3203 4.8
      vertex 160.973 94.4498 4.8
    endloop
  endfacet
  facet normal -0.865929 -0.500166 0
    outer loop
      vertex 162.878 95.5502 0
      vertex 162.953 95.4207 0
      vertex 162.953 95.4207 4.8
    endloop
  endfacet
  facet normal -0.865929 -0.500166 0
    outer loop
      vertex 162.878 95.5502 0
      vertex 162.953 95.4207 4.8
      vertex 162.878 95.5502 4.8
    endloop
  endfacet
  facet normal -0.500166 0.865929 0
    outer loop
      vertex 162.953 95.4207 0
      vertex 161.047 94.3203 0
      vertex 161.047 94.3203 4.8
    endloop
  endfacet
  facet normal -0.500166 0.865929 0
    outer loop
      vertex 162.953 95.4207 0
      vertex 161.047 94.3203 4.8
      vertex 162.953 95.4207 4.8
    endloop
  endfacet
  facet normal 0.865929 0.500166 0
    outer loop
      vertex 161.047 94.3203 0
      vertex 160.973 94.4498 0
      vertex 160.973 94.4498 4.8
    endloop
  endfacet
  facet normal 0.865929 0.500166 -0
    outer loop
      vertex 161.047 94.3203 0
      vertex 160.973 94.4498 4.8
      vertex 161.047 94.3203 4.8
    endloop
  endfacet
  facet normal 0.500166 -0.865929 0
    outer loop
      vertex 160.973 94.4498 0
      vertex 162.878 95.5502 0
      vertex 162.878 95.5502 4.8
    endloop
  endfacet
  facet normal 0.500166 -0.865929 0
    outer loop
      vertex 160.973 94.4498 0
      vertex 162.878 95.5502 4.8
      vertex 160.973 94.4498 4.8
    endloop
  endfacet
  facet normal 0 0 1
    outer loop
      vertex 42.0474 46.9231 0
      vertex 47.4526 51.8852 0
      vertex 45.5474 52.9852 0
    endloop
  endfacet
  facet normal -0 0 1
    outer loop
      vertex 42.0474 46.9231 0
      vertex 43.9526 45.8231 0
      vertex 47.4526 51.8852 0
    endloop
  endfacet
  facet normal 0 0 -1
    outer loop
      vertex 42.0474 46.9231 4.8
      vertex 45.5474 52.9852 4.8
      vertex 47.4526 51.8852 4.8
    endloop
  endfacet
  facet normal 0 0 -1
    outer loop
      vertex 42.0474 46.9231 4.8
      vertex 47.4526 51.8852 4.8
      vertex 43.9526 45.8231 4.8
    endloop
  endfacet
  facet normal 0.866023 -0.500005 0
    outer loop
      vertex 42.0474 46.9231 0
      vertex 45.5474 52.9852 0
      vertex 45.5474 52.9852 4.8
    endloop
  endfacet
  facet normal 0.866023 -0.500005 0
    outer loop
      vertex 42.0474 46.9231 0
      vertex 45.5474 52.9852 4.8
      vertex 42.0474 46.9231 4.8
    endloop
  endfacet
  facet normal -0.500005 -0.866023 0
    outer loop
      vertex 45.5474 52.9852 0
      vertex 47.4526 51.8852 0
      vertex 47.4526 51.8852 4.8
    endloop
  endfacet
  facet normal -0.500005 -0.866023 0
    outer loop
      vertex 45.5474 52.9852 0
      vertex 47.4526 51.8852 4.8
      vertex 45.5474 52.9852 4.8
    endloop
  endfacet
  facet normal -0.866023 0.500005 0
    outer loop
      vertex 47.4526 51.8852 0
      vertex 43.9526 45.8231 0
      vertex 43.9526 45.8231 4.8
    endloop
  endfacet
  facet normal -0.866023 0.500005 0
    outer loop
      vertex 47.4526 51.8852 0
      vertex 43.9526 45.8231 4.8
      vertex 47.4526 51.8852 4.8
    endloop
  endfacet
  facet normal 0.500005 0.866023 0
    outer loop
      vertex 43.9526 45.8231 0
      vertex 42.0474 46.9231 0
      vertex 42.0474 46.9231 4.8
    endloop
  endfacet
  facet normal 0.500005 0.866023 -0
    outer loop
      vertex 43.9526 45.8231 0
      vertex 42.0474 46.9231 4.8
      vertex 43.9526 45.8231 4.8
    endloop
  endfacet
  facet normal 0 0 1
    outer loop
      vertex 31.5474 52.9852 0
      vertex 36.9526 57.9474 0
      vertex 35.0474 59.0474 0
    endloop
  endfacet
  facet normal -0 0 1
    outer loop
      vertex 31.5474 52.9852 0
      vertex 33.4526 51.8852 0
      vertex 36.9526 57.9474 0
    endloop
  endfacet
  facet normal 0 0 -1
    outer loop
      vertex 31.5474 52.9852 4.8
      vertex 35.0474 59.0474 4.8
      vertex 36.9526 57.9474 4.8
    endloop
  endfacet
  facet normal 0 0 -1
    outer loop
      vertex 31.5474 52.9852 4.8
      vertex 36.9526 57.9474 4.8
      vertex 33.4526 51.8852 4.8
    endloop
  endfacet
  facet normal 0.866026 -0.499999 0
    outer loop
      vertex 31.5474 52.9852 0
      vertex 35.0474 59.0474 0
      vertex 35.0474 59.0474 4.8
    endloop
  endfacet
  facet normal 0.866026 -0.499999 0
    outer loop
      vertex 31.5474 52.9852 0
      vertex 35.0474 59.0474 4.8
      vertex 31.5474 52.9852 4.8
    endloop
  endfacet
  facet normal -0.499999 -0.866026 0
    outer loop
      vertex 35.0474 59.0474 0
      vertex 36.9526 57.9474 0
      vertex 36.9526 57.9474 4.8
    endloop
  endfacet
  facet normal -0.499999 -0.866026 0
    outer loop
      vertex 35.0474 59.0474 0
      vertex 36.9526 57.9474 4.8
      vertex 35.0474 59.0474 4.8
    endloop
  endfacet
  facet normal -0.866026 0.499999 0
    outer loop
      vertex 36.9526 57.9474 0
      vertex 33.4526 51.8852 0
      vertex 33.4526 51.8852 4.8
    endloop
  endfacet
  facet normal -0.866026 0.499999 0
    outer loop
      vertex 36.9526 57.9474 0
      vertex 33.4526 51.8852 4.8
      vertex 36.9526 57.9474 4.8
    endloop
  endfacet
  facet normal 0.499999 0.866026 0
    outer loop
      vertex 33.4526 51.8852 0
      vertex 31.5474 52.9852 0
      vertex 31.5474 52.9852 4.8
    endloop
  endfacet
  facet normal 0.499999 0.866026 -0
    outer loop
      vertex 33.4526 51.8852 0
      vertex 31.5474 52.9852 4.8
      vertex 33.4526 51.8852 4.8
    endloop
  endfacet
  facet normal 0 0 1
    outer loop
      vertex 43.9526 34.7987 0
      vertex 45.5474 27.6365 0
      vertex 47.4526 28.7365 0
    endloop
  endfacet
  facet normal 0 0 1
    outer loop
      vertex 43.9526 34.7987 0
      vertex 42.0474 33.6987 0
      vertex 45.5474 27.6365 0
    endloop
  endfacet
  facet normal 0 0 -1
    outer loop
      vertex 43.9526 34.7987 4.8
      vertex 47.4526 28.7365 4.8
      vertex 45.5474 27.6365 4.8
    endloop
  endfacet
  facet normal 0 -0 -1
    outer loop
      vertex 43.9526 34.7987 4.8
      vertex 45.5474 27.6365 4.8
      vertex 42.0474 33.6987 4.8
    endloop
  endfacet
  facet normal -0.866026 -0.499999 0
    outer loop
      vertex 43.9526 34.7987 0
      vertex 47.4526 28.7365 0
      vertex 47.4526 28.7365 4.8
    endloop
  endfacet
  facet normal -0.866026 -0.499999 0
    outer loop
      vertex 43.9526 34.7987 0
      vertex 47.4526 28.7365 4.8
      vertex 43.9526 34.7987 4.8
    endloop
  endfacet
  facet normal -0.499999 0.866026 0
    outer loop
      vertex 47.4526 28.7365 0
      vertex 45.5474 27.6365 0
      vertex 45.5474 27.6365 4.8
    endloop
  endfacet
  facet normal -0.499999 0.866026 0
    outer loop
      vertex 47.4526 28.7365 0
      vertex 45.5474 27.6365 4.8
      vertex 47.4526 28.7365 4.8
    endloop
  endfacet
  facet normal 0.866026 0.499999 0
    outer loop
      vertex 45.5474 27.6365 0
      vertex 42.0474 33.6987 0
      vertex 42.0474 33.6987 4.8
    endloop
  endfacet
  facet normal 0.866026 0.499999 -0
    outer loop
      vertex 45.5474 27.6365 0
      vertex 42.0474 33.6987 4.8
      vertex 45.5474 27.6365 4.8
    endloop
  endfacet
  facet normal 0.499999 -0.866026 0
    outer loop
      vertex 42.0474 33.6987 0
      vertex 43.9526 34.7987 0
      vertex 43.9526 34.7987 4.8
    endloop
  endfacet
  facet normal 0.499999 -0.866026 0
    outer loop
      vertex 42.0474 33.6987 0
      vertex 43.9526 34.7987 4.8
      vertex 42.0474 33.6987 4.8
    endloop
  endfacet
  facet normal -0 0 1
    outer loop
      vertex 151.5 17.1622 0
      vertex 158.5 14.9622 0
      vertex 158.5 17.1622 0
    endloop
  endfacet
  facet normal 0 0 1
    outer loop
      vertex 151.5 17.1622 0
      vertex 151.5 14.9622 0
      vertex 158.5 14.9622 0
    endloop
  endfacet
  facet normal 0 0 -1
    outer loop
      vertex 151.5 17.1622 4.8
      vertex 158.5 17.1622 4.8
      vertex 158.5 14.9622 4.8
    endloop
  endfacet
  facet normal 0 0 -1
    outer loop
      vertex 151.5 17.1622 4.8
      vertex 158.5 14.9622 4.8
      vertex 151.5 14.9622 4.8
    endloop
  endfacet
  facet normal 0 -1 0
    outer loop
      vertex 151.5 17.1622 0
      vertex 158.5 17.1622 0
      vertex 158.5 17.1622 4.8
    endloop
  endfacet
  facet normal 0 -1 0
    outer loop
      vertex 151.5 17.1622 0
      vertex 158.5 17.1622 4.8
      vertex 151.5 17.1622 4.8
    endloop
  endfacet
  facet normal -1 0 0
    outer loop
      vertex 158.5 17.1622 0
      vertex 158.5 14.9622 0
      vertex 158.5 14.9622 4.8
    endloop
  endfacet
  facet normal -1 0 0
    outer loop
      vertex 158.5 17.1622 0
      vertex 158.5 14.9622 4.8
      vertex 158.5 17.1622 4.8
    endloop
  endfacet
  facet normal 0 1 0
    outer loop
      vertex 158.5 14.9622 0
      vertex 151.5 14.9622 0
      vertex 151.5 14.9622 4.8
    endloop
  endfacet
  facet normal 0 1 -0
    outer loop
      vertex 158.5 14.9622 0
      vertex 151.5 14.9622 4.8
      vertex 158.5 14.9622 4.8
    endloop
  endfacet
  facet normal 1 0 0
    outer loop
      vertex 151.5 14.9622 0
      vertex 151.5 17.1622 0
      vertex 151.5 17.1622 4.8
    endloop
  endfacet
  facet normal 1 0 0
    outer loop
      vertex 151.5 14.9622 0
      vertex 151.5 17.1622 4.8
      vertex 151.5 14.9622 4.8
    endloop
  endfacet
  facet normal -0 0 1
    outer loop
      vertex 36 95.9705 0
      vertex 43 93.7705 0
      vertex 43 95.9705 0
    endloop
  endfacet
  facet normal 0 0 1
    outer loop
      vertex 36 95.9705 0
      vertex 36 93.7705 0
      vertex 43 93.7705 0
    endloop
  endfacet
  facet normal 0 0 -1
    outer loop
      vertex 36 95.9705 4.8
      vertex 43 95.9705 4.8
      vertex 43 93.7705 4.8
    endloop
  endfacet
  facet normal 0 0 -1
    outer loop
      vertex 36 95.9705 4.8
      vertex 43 93.7705 4.8
      vertex 36 93.7705 4.8
    endloop
  endfacet
  facet normal 0 -1 0
    outer loop
      vertex 36 95.9705 0
      vertex 43 95.9705 0
      vertex 43 95.9705 4.8
    endloop
  endfacet
  facet normal 0 -1 0
    outer loop
      vertex 36 95.9705 0
      vertex 43 95.9705 4.8
      vertex 36 95.9705 4.8
    endloop
  endfacet
  facet normal -1 0 0
    outer loop
      vertex 43 95.9705 0
      vertex 43 93.7705 0
      vertex 43 93.7705 4.8
    endloop
  endfacet
  facet normal -1 0 0
    outer loop
      vertex 43 95.9705 0
      vertex 43 93.7705 4.8
      vertex 43 95.9705 4.8
    endloop
  endfacet
  facet normal 0 1 0
    outer loop
      vertex 43 93.7705 0
      vertex 36 93.7705 0
      vertex 36 93.7705 4.8
    endloop
  endfacet
  facet normal 0 1 -0
    outer loop
      vertex 43 93.7705 0
      vertex 36 93.7705 4.8
      vertex 43 93.7705 4.8
    endloop
  endfacet
  facet normal 1 0 0
    outer loop
      vertex 36 93.7705 0
      vertex 36 95.9705 0
      vertex 36 95.9705 4.8
    endloop
  endfacet
  facet normal 1 0 0
    outer loop
      vertex 36 93.7705 0
      vertex 36 95.9705 4.8
      vertex 36 93.7705 4.8
    endloop
  endfacet
  facet normal -0 0 1
    outer loop
      vertex 172.5 53.5352 0
      vertex 175.7 51.3352 0
      vertex 175.7 53.5352 0
    endloop
  endfacet
  facet normal 0 0 1
    outer loop
      vertex 172.5 53.5352 0
      vertex 172.5 51.3352 0
      vertex 175.7 51.3352 0
    endloop
  endfacet
  facet normal 0 0 -1
    outer loop
      vertex 172.5 53.5352 4.8
      vertex 175.7 53.5352 4.8
      vertex 175.7 51.3352 4.8
    endloop
  endfacet
  facet normal 0 0 -1
    outer loop
      vertex 172.5 53.5352 4.8
      vertex 175.7 51.3352 4.8
      vertex 172.5 51.3352 4.8
    endloop
  endfacet
  facet normal 0 -1 0
    outer loop
      vertex 172.5 53.5352 0
      vertex 175.7 53.5352 0
      vertex 175.7 53.5352 4.8
    endloop
  endfacet
  facet normal 0 -1 0
    outer loop
      vertex 172.5 53.5352 0
      vertex 175.7 53.5352 4.8
      vertex 172.5 53.5352 4.8
    endloop
  endfacet
  facet normal -1 0 0
    outer loop
      vertex 175.7 53.5352 0
      vertex 175.7 51.3352 0
      vertex 175.7 51.3352 4.8
    endloop
  endfacet
  facet normal -1 0 0
    outer loop
      vertex 175.7 53.5352 0
      vertex 175.7 51.3352 4.8
      vertex 175.7 53.5352 4.8
    endloop
  endfacet
  facet normal 0 1 0
    outer loop
      vertex 175.7 51.3352 0
      vertex 172.5 51.3352 0
      vertex 172.5 51.3352 4.8
    endloop
  endfacet
  facet normal 0 1 -0
    outer loop
      vertex 175.7 51.3352 0
      vertex 172.5 51.3352 4.8
      vertex 175.7 51.3352 4.8
    endloop
  endfacet
  facet normal 1 0 0
    outer loop
      vertex 172.5 51.3352 0
      vertex 172.5 53.5352 0
      vertex 172.5 53.5352 4.8
    endloop
  endfacet
  facet normal 1 0 0
    outer loop
      vertex 172.5 51.3352 0
      vertex 172.5 53.5352 4.8
      vertex 172.5 51.3352 4.8
    endloop
  endfacet
  facet normal -0 0 1
    outer loop
      vertex 21.0475 95.4207 0
      vertex 23.0273 94.4498 0
      vertex 21.1223 95.5502 0
    endloop
  endfacet
  facet normal 0 0 1
    outer loop
      vertex 21.0475 95.4207 0
      vertex 22.9525 94.3203 0
      vertex 23.0273 94.4498 0
    endloop
  endfacet
  facet normal 0 0 -1
    outer loop
      vertex 21.0475 95.4207 4.8
      vertex 21.1223 95.5502 4.8
      vertex 23.0273 94.4498 4.8
    endloop
  endfacet
  facet normal 0 0 -1
    outer loop
      vertex 21.0475 95.4207 4.8
      vertex 23.0273 94.4498 4.8
      vertex 22.9525 94.3203 4.8
    endloop
  endfacet
  facet normal 0.865929 -0.500166 0
    outer loop
      vertex 21.0475 95.4207 0
      vertex 21.1223 95.5502 0
      vertex 21.1223 95.5502 4.8
    endloop
  endfacet
  facet normal 0.865929 -0.500166 0
    outer loop
      vertex 21.0475 95.4207 0
      vertex 21.1223 95.5502 4.8
      vertex 21.0475 95.4207 4.8
    endloop
  endfacet
  facet normal -0.500166 -0.865929 0
    outer loop
      vertex 21.1223 95.5502 0
      vertex 23.0273 94.4498 0
      vertex 23.0273 94.4498 4.8
    endloop
  endfacet
  facet normal -0.500166 -0.865929 0
    outer loop
      vertex 21.1223 95.5502 0
      vertex 23.0273 94.4498 4.8
      vertex 21.1223 95.5502 4.8
    endloop
  endfacet
  facet normal -0.865929 0.500166 0
    outer loop
      vertex 23.0273 94.4498 0
      vertex 22.9525 94.3203 0
      vertex 22.9525 94.3203 4.8
    endloop
  endfacet
  facet normal -0.865929 0.500166 0
    outer loop
      vertex 23.0273 94.4498 0
      vertex 22.9525 94.3203 4.8
      vertex 23.0273 94.4498 4.8
    endloop
  endfacet
  facet normal 0.500166 0.865929 0
    outer loop
      vertex 22.9525 94.3203 0
      vertex 21.0475 95.4207 0
      vertex 21.0475 95.4207 4.8
    endloop
  endfacet
  facet normal 0.500166 0.865929 -0
    outer loop
      vertex 22.9525 94.3203 0
      vertex 21.0475 95.4207 4.8
      vertex 22.9525 94.3203 4.8
    endloop
  endfacet
  facet normal 0 0 1
    outer loop
      vertex 85.9526 71.1718 0
      vertex 87.5474 64.0096 0
      vertex 89.4526 65.1096 0
    endloop
  endfacet
  facet normal 0 0 1
    outer loop
      vertex 85.9526 71.1718 0
      vertex 84.0474 70.0718 0
      vertex 87.5474 64.0096 0
    endloop
  endfacet
  facet normal 0 0 -1
    outer loop
      vertex 85.9526 71.1718 4.8
      vertex 89.4526 65.1096 4.8
      vertex 87.5474 64.0096 4.8
    endloop
  endfacet
  facet normal 0 -0 -1
    outer loop
      vertex 85.9526 71.1718 4.8
      vertex 87.5474 64.0096 4.8
      vertex 84.0474 70.0718 4.8
    endloop
  endfacet
  facet normal -0.866026 -0.499999 0
    outer loop
      vertex 85.9526 71.1718 0
      vertex 89.4526 65.1096 0
      vertex 89.4526 65.1096 4.8
    endloop
  endfacet
  facet normal -0.866026 -0.499999 0
    outer loop
      vertex 85.9526 71.1718 0
      vertex 89.4526 65.1096 4.8
      vertex 85.9526 71.1718 4.8
    endloop
  endfacet
  facet normal -0.499999 0.866026 0
    outer loop
      vertex 89.4526 65.1096 0
      vertex 87.5474 64.0096 0
      vertex 87.5474 64.0096 4.8
    endloop
  endfacet
  facet normal -0.499999 0.866026 0
    outer loop
      vertex 89.4526 65.1096 0
      vertex 87.5474 64.0096 4.8
      vertex 89.4526 65.1096 4.8
    endloop
  endfacet
  facet normal 0.866026 0.499999 0
    outer loop
      vertex 87.5474 64.0096 0
      vertex 84.0474 70.0718 0
      vertex 84.0474 70.0718 4.8
    endloop
  endfacet
  facet normal 0.866026 0.499999 -0
    outer loop
      vertex 87.5474 64.0096 0
      vertex 84.0474 70.0718 4.8
      vertex 87.5474 64.0096 4.8
    endloop
  endfacet
  facet normal 0.499999 -0.866026 0
    outer loop
      vertex 84.0474 70.0718 0
      vertex 85.9526 71.1718 0
      vertex 85.9526 71.1718 4.8
    endloop
  endfacet
  facet normal 0.499999 -0.866026 0
    outer loop
      vertex 84.0474 70.0718 0
      vertex 85.9526 71.1718 4.8
      vertex 84.0474 70.0718 4.8
    endloop
  endfacet
  facet normal -0 0 1
    outer loop
      vertex 78 71.7218 0
      vertex 85 69.5218 0
      vertex 85 71.7218 0
    endloop
  endfacet
  facet normal 0 0 1
    outer loop
      vertex 78 71.7218 0
      vertex 78 69.5218 0
      vertex 85 69.5218 0
    endloop
  endfacet
  facet normal 0 0 -1
    outer loop
      vertex 78 71.7218 4.8
      vertex 85 71.7218 4.8
      vertex 85 69.5218 4.8
    endloop
  endfacet
  facet normal 0 0 -1
    outer loop
      vertex 78 71.7218 4.8
      vertex 85 69.5218 4.8
      vertex 78 69.5218 4.8
    endloop
  endfacet
  facet normal 0 -1 0
    outer loop
      vertex 78 71.7218 0
      vertex 85 71.7218 0
      vertex 85 71.7218 4.8
    endloop
  endfacet
  facet normal 0 -1 0
    outer loop
      vertex 78 71.7218 0
      vertex 85 71.7218 4.8
      vertex 78 71.7218 4.8
    endloop
  endfacet
  facet normal -1 0 0
    outer loop
      vertex 85 71.7218 0
      vertex 85 69.5218 0
      vertex 85 69.5218 4.8
    endloop
  endfacet
  facet normal -1 0 0
    outer loop
      vertex 85 71.7218 0
      vertex 85 69.5218 4.8
      vertex 85 71.7218 4.8
    endloop
  endfacet
  facet normal 0 1 0
    outer loop
      vertex 85 69.5218 0
      vertex 78 69.5218 0
      vertex 78 69.5218 4.8
    endloop
  endfacet
  facet normal 0 1 -0
    outer loop
      vertex 85 69.5218 0
      vertex 78 69.5218 4.8
      vertex 85 69.5218 4.8
    endloop
  endfacet
  facet normal 1 0 0
    outer loop
      vertex 78 69.5218 0
      vertex 78 71.7218 0
      vertex 78 71.7218 4.8
    endloop
  endfacet
  facet normal 1 0 0
    outer loop
      vertex 78 69.5218 0
      vertex 78 71.7218 4.8
      vertex 78 69.5218 4.8
    endloop
  endfacet
  facet normal -0 0 1
    outer loop
      vertex 84.0475 95.4207 0
      vertex 86.0273 94.4498 0
      vertex 84.1223 95.5502 0
    endloop
  endfacet
  facet normal 0 0 1
    outer loop
      vertex 84.0475 95.4207 0
      vertex 85.9525 94.3203 0
      vertex 86.0273 94.4498 0
    endloop
  endfacet
  facet normal 0 0 -1
    outer loop
      vertex 84.0475 95.4207 4.8
      vertex 84.1223 95.5502 4.8
      vertex 86.0273 94.4498 4.8
    endloop
  endfacet
  facet normal 0 0 -1
    outer loop
      vertex 84.0475 95.4207 4.8
      vertex 86.0273 94.4498 4.8
      vertex 85.9525 94.3203 4.8
    endloop
  endfacet
  facet normal 0.865929 -0.500166 0
    outer loop
      vertex 84.0475 95.4207 0
      vertex 84.1223 95.5502 0
      vertex 84.1223 95.5502 4.8
    endloop
  endfacet
  facet normal 0.865929 -0.500166 0
    outer loop
      vertex 84.0475 95.4207 0
      vertex 84.1223 95.5502 4.8
      vertex 84.0475 95.4207 4.8
    endloop
  endfacet
  facet normal -0.500166 -0.865929 0
    outer loop
      vertex 84.1223 95.5502 0
      vertex 86.0273 94.4498 0
      vertex 86.0273 94.4498 4.8
    endloop
  endfacet
  facet normal -0.500166 -0.865929 0
    outer loop
      vertex 84.1223 95.5502 0
      vertex 86.0273 94.4498 4.8
      vertex 84.1223 95.5502 4.8
    endloop
  endfacet
  facet normal -0.865929 0.500166 0
    outer loop
      vertex 86.0273 94.4498 0
      vertex 85.9525 94.3203 0
      vertex 85.9525 94.3203 4.8
    endloop
  endfacet
  facet normal -0.865929 0.500166 0
    outer loop
      vertex 86.0273 94.4498 0
      vertex 85.9525 94.3203 4.8
      vertex 86.0273 94.4498 4.8
    endloop
  endfacet
  facet normal 0.500166 0.865929 0
    outer loop
      vertex 85.9525 94.3203 0
      vertex 84.0475 95.4207 0
      vertex 84.0475 95.4207 4.8
    endloop
  endfacet
  facet normal 0.500166 0.865929 -0
    outer loop
      vertex 85.9525 94.3203 0
      vertex 84.0475 95.4207 4.8
      vertex 85.9525 94.3203 4.8
    endloop
  endfacet
  facet normal 0 0 1
    outer loop
      vertex 63.0474 59.0474 0
      vertex 68.4526 64.0096 0
      vertex 66.5474 65.1096 0
    endloop
  endfacet
  facet normal -0 0 1
    outer loop
      vertex 63.0474 59.0474 0
      vertex 64.9526 57.9474 0
      vertex 68.4526 64.0096 0
    endloop
  endfacet
  facet normal 0 0 -1
    outer loop
      vertex 63.0474 59.0474 4.8
      vertex 66.5474 65.1096 4.8
      vertex 68.4526 64.0096 4.8
    endloop
  endfacet
  facet normal 0 0 -1
    outer loop
      vertex 63.0474 59.0474 4.8
      vertex 68.4526 64.0096 4.8
      vertex 64.9526 57.9474 4.8
    endloop
  endfacet
  facet normal 0.866026 -0.499999 0
    outer loop
      vertex 63.0474 59.0474 0
      vertex 66.5474 65.1096 0
      vertex 66.5474 65.1096 4.8
    endloop
  endfacet
  facet normal 0.866026 -0.499999 0
    outer loop
      vertex 63.0474 59.0474 0
      vertex 66.5474 65.1096 4.8
      vertex 63.0474 59.0474 4.8
    endloop
  endfacet
  facet normal -0.499999 -0.866026 0
    outer loop
      vertex 66.5474 65.1096 0
      vertex 68.4526 64.0096 0
      vertex 68.4526 64.0096 4.8
    endloop
  endfacet
  facet normal -0.499999 -0.866026 0
    outer loop
      vertex 66.5474 65.1096 0
      vertex 68.4526 64.0096 4.8
      vertex 66.5474 65.1096 4.8
    endloop
  endfacet
  facet normal -0.866026 0.499999 0
    outer loop
      vertex 68.4526 64.0096 0
      vertex 64.9526 57.9474 0
      vertex 64.9526 57.9474 4.8
    endloop
  endfacet
  facet normal -0.866026 0.499999 0
    outer loop
      vertex 68.4526 64.0096 0
      vertex 64.9526 57.9474 4.8
      vertex 68.4526 64.0096 4.8
    endloop
  endfacet
  facet normal 0.499999 0.866026 0
    outer loop
      vertex 64.9526 57.9474 0
      vertex 63.0474 59.0474 0
      vertex 63.0474 59.0474 4.8
    endloop
  endfacet
  facet normal 0.499999 0.866026 -0
    outer loop
      vertex 64.9526 57.9474 0
      vertex 63.0474 59.0474 4.8
      vertex 64.9526 57.9474 4.8
    endloop
  endfacet
  facet normal -0 0 1
    outer loop
      vertex 162 95.9705 0
      vertex 169 93.7705 0
      vertex 169 95.9705 0
    endloop
  endfacet
  facet normal 0 0 1
    outer loop
      vertex 162 95.9705 0
      vertex 162 93.7705 0
      vertex 169 93.7705 0
    endloop
  endfacet
  facet normal 0 0 -1
    outer loop
      vertex 162 95.9705 4.8
      vertex 169 95.9705 4.8
      vertex 169 93.7705 4.8
    endloop
  endfacet
  facet normal 0 0 -1
    outer loop
      vertex 162 95.9705 4.8
      vertex 169 93.7705 4.8
      vertex 162 93.7705 4.8
    endloop
  endfacet
  facet normal 0 -1 0
    outer loop
      vertex 162 95.9705 0
      vertex 169 95.9705 0
      vertex 169 95.9705 4.8
    endloop
  endfacet
  facet normal 0 -1 0
    outer loop
      vertex 162 95.9705 0
      vertex 169 95.9705 4.8
      vertex 162 95.9705 4.8
    endloop
  endfacet
  facet normal -1 0 0
    outer loop
      vertex 169 95.9705 0
      vertex 169 93.7705 0
      vertex 169 93.7705 4.8
    endloop
  endfacet
  facet normal -1 0 0
    outer loop
      vertex 169 95.9705 0
      vertex 169 93.7705 4.8
      vertex 169 95.9705 4.8
    endloop
  endfacet
  facet normal 0 1 0
    outer loop
      vertex 169 93.7705 0
      vertex 162 93.7705 0
      vertex 162 93.7705 4.8
    endloop
  endfacet
  facet normal 0 1 -0
    outer loop
      vertex 169 93.7705 0
      vertex 162 93.7705 4.8
      vertex 169 93.7705 4.8
    endloop
  endfacet
  facet normal 1 0 0
    outer loop
      vertex 162 93.7705 0
      vertex 162 95.9705 0
      vertex 162 95.9705 4.8
    endloop
  endfacet
  facet normal 1 0 0
    outer loop
      vertex 162 93.7705 0
      vertex 162 95.9705 4.8
      vertex 162 93.7705 4.8
    endloop
  endfacet
  facet normal -0 0 1
    outer loop
      vertex 67.5 41.4109 0
      vertex 74.5 39.2109 0
      vertex 74.5 41.4109 0
    endloop
  endfacet
  facet normal 0 0 1
    outer loop
      vertex 67.5 41.4109 0
      vertex 67.5 39.2109 0
      vertex 74.5 39.2109 0
    endloop
  endfacet
  facet normal 0 0 -1
    outer loop
      vertex 67.5 41.4109 4.8
      vertex 74.5 41.4109 4.8
      vertex 74.5 39.2109 4.8
    endloop
  endfacet
  facet normal 0 0 -1
    outer loop
      vertex 67.5 41.4109 4.8
      vertex 74.5 39.2109 4.8
      vertex 67.5 39.2109 4.8
    endloop
  endfacet
  facet normal 0 -1 0
    outer loop
      vertex 67.5 41.4109 0
      vertex 74.5 41.4109 0
      vertex 74.5 41.4109 4.8
    endloop
  endfacet
  facet normal 0 -1 0
    outer loop
      vertex 67.5 41.4109 0
      vertex 74.5 41.4109 4.8
      vertex 67.5 41.4109 4.8
    endloop
  endfacet
  facet normal -1 0 0
    outer loop
      vertex 74.5 41.4109 0
      vertex 74.5 39.2109 0
      vertex 74.5 39.2109 4.8
    endloop
  endfacet
  facet normal -1 0 0
    outer loop
      vertex 74.5 41.4109 0
      vertex 74.5 39.2109 4.8
      vertex 74.5 41.4109 4.8
    endloop
  endfacet
  facet normal 0 1 0
    outer loop
      vertex 74.5 39.2109 0
      vertex 67.5 39.2109 0
      vertex 67.5 39.2109 4.8
    endloop
  endfacet
  facet normal 0 1 -0
    outer loop
      vertex 74.5 39.2109 0
      vertex 67.5 39.2109 4.8
      vertex 74.5 39.2109 4.8
    endloop
  endfacet
  facet normal 1 0 0
    outer loop
      vertex 67.5 39.2109 0
      vertex 67.5 41.4109 0
      vertex 67.5 41.4109 4.8
    endloop
  endfacet
  facet normal 1 0 0
    outer loop
      vertex 67.5 39.2109 0
      vertex 67.5 41.4109 4.8
      vertex 67.5 39.2109 4.8
    endloop
  endfacet
  facet normal 0 0 1
    outer loop
      vertex 75.4526 16.6122 0
      vertex 77.0474 9.45 0
      vertex 78.9526 10.55 0
    endloop
  endfacet
  facet normal 0 0 1
    outer loop
      vertex 75.4526 16.6122 0
      vertex 73.5474 15.5122 0
      vertex 77.0474 9.45 0
    endloop
  endfacet
  facet normal 0 0 -1
    outer loop
      vertex 75.4526 16.6122 4.8
      vertex 78.9526 10.55 4.8
      vertex 77.0474 9.45 4.8
    endloop
  endfacet
  facet normal 0 -0 -1
    outer loop
      vertex 75.4526 16.6122 4.8
      vertex 77.0474 9.45 4.8
      vertex 73.5474 15.5122 4.8
    endloop
  endfacet
  facet normal -0.866026 -0.499999 0
    outer loop
      vertex 75.4526 16.6122 0
      vertex 78.9526 10.55 0
      vertex 78.9526 10.55 4.8
    endloop
  endfacet
  facet normal -0.866026 -0.499999 0
    outer loop
      vertex 75.4526 16.6122 0
      vertex 78.9526 10.55 4.8
      vertex 75.4526 16.6122 4.8
    endloop
  endfacet
  facet normal -0.499999 0.866026 0
    outer loop
      vertex 78.9526 10.55 0
      vertex 77.0474 9.45 0
      vertex 77.0474 9.45 4.8
    endloop
  endfacet
  facet normal -0.499999 0.866026 0
    outer loop
      vertex 78.9526 10.55 0
      vertex 77.0474 9.45 4.8
      vertex 78.9526 10.55 4.8
    endloop
  endfacet
  facet normal 0.866026 0.499999 0
    outer loop
      vertex 77.0474 9.45 0
      vertex 73.5474 15.5122 0
      vertex 73.5474 15.5122 4.8
    endloop
  endfacet
  facet normal 0.866026 0.499999 -0
    outer loop
      vertex 77.0474 9.45 0
      vertex 73.5474 15.5122 4.8
      vertex 77.0474 9.45 4.8
    endloop
  endfacet
  facet normal 0.499999 -0.866026 0
    outer loop
      vertex 73.5474 15.5122 0
      vertex 75.4526 16.6122 0
      vertex 75.4526 16.6122 4.8
    endloop
  endfacet
  facet normal 0.499999 -0.866026 0
    outer loop
      vertex 73.5474 15.5122 0
      vertex 75.4526 16.6122 4.8
      vertex 73.5474 15.5122 4.8
    endloop
  endfacet
  facet normal 0 0 1
    outer loop
      vertex 12.4526 40.8609 0
      vertex 14.0474 33.6987 0
      vertex 15.9526 34.7987 0
    endloop
  endfacet
  facet normal 0 0 1
    outer loop
      vertex 12.4526 40.8609 0
      vertex 10.5474 39.7609 0
      vertex 14.0474 33.6987 0
    endloop
  endfacet
  facet normal 0 0 -1
    outer loop
      vertex 12.4526 40.8609 4.8
      vertex 15.9526 34.7987 4.8
      vertex 14.0474 33.6987 4.8
    endloop
  endfacet
  facet normal 0 -0 -1
    outer loop
      vertex 12.4526 40.8609 4.8
      vertex 14.0474 33.6987 4.8
      vertex 10.5474 39.7609 4.8
    endloop
  endfacet
  facet normal -0.866026 -0.499999 0
    outer loop
      vertex 12.4526 40.8609 0
      vertex 15.9526 34.7987 0
      vertex 15.9526 34.7987 4.8
    endloop
  endfacet
  facet normal -0.866026 -0.499999 0
    outer loop
      vertex 12.4526 40.8609 0
      vertex 15.9526 34.7987 4.8
      vertex 12.4526 40.8609 4.8
    endloop
  endfacet
  facet normal -0.499999 0.866026 0
    outer loop
      vertex 15.9526 34.7987 0
      vertex 14.0474 33.6987 0
      vertex 14.0474 33.6987 4.8
    endloop
  endfacet
  facet normal -0.499999 0.866026 0
    outer loop
      vertex 15.9526 34.7987 0
      vertex 14.0474 33.6987 4.8
      vertex 15.9526 34.7987 4.8
    endloop
  endfacet
  facet normal 0.866026 0.499999 0
    outer loop
      vertex 14.0474 33.6987 0
      vertex 10.5474 39.7609 0
      vertex 10.5474 39.7609 4.8
    endloop
  endfacet
  facet normal 0.866026 0.499999 -0
    outer loop
      vertex 14.0474 33.6987 0
      vertex 10.5474 39.7609 4.8
      vertex 14.0474 33.6987 4.8
    endloop
  endfacet
  facet normal 0.499999 -0.866026 0
    outer loop
      vertex 10.5474 39.7609 0
      vertex 12.4526 40.8609 0
      vertex 12.4526 40.8609 4.8
    endloop
  endfacet
  facet normal 0.499999 -0.866026 0
    outer loop
      vertex 10.5474 39.7609 0
      vertex 12.4526 40.8609 4.8
      vertex 10.5474 39.7609 4.8
    endloop
  endfacet
  facet normal -0 0 1
    outer loop
      vertex 141 95.9705 0
      vertex 148 93.7705 0
      vertex 148 95.9705 0
    endloop
  endfacet
  facet normal 0 0 1
    outer loop
      vertex 141 95.9705 0
      vertex 141 93.7705 0
      vertex 148 93.7705 0
    endloop
  endfacet
  facet normal 0 0 -1
    outer loop
      vertex 141 95.9705 4.8
      vertex 148 95.9705 4.8
      vertex 148 93.7705 4.8
    endloop
  endfacet
  facet normal 0 0 -1
    outer loop
      vertex 141 95.9705 4.8
      vertex 148 93.7705 4.8
      vertex 141 93.7705 4.8
    endloop
  endfacet
  facet normal 0 -1 0
    outer loop
      vertex 141 95.9705 0
      vertex 148 95.9705 0
      vertex 148 95.9705 4.8
    endloop
  endfacet
  facet normal 0 -1 0
    outer loop
      vertex 141 95.9705 0
      vertex 148 95.9705 4.8
      vertex 141 95.9705 4.8
    endloop
  endfacet
  facet normal -1 0 0
    outer loop
      vertex 148 95.9705 0
      vertex 148 93.7705 0
      vertex 148 93.7705 4.8
    endloop
  endfacet
  facet normal -1 0 0
    outer loop
      vertex 148 95.9705 0
      vertex 148 93.7705 4.8
      vertex 148 95.9705 4.8
    endloop
  endfacet
  facet normal 0 1 0
    outer loop
      vertex 148 93.7705 0
      vertex 141 93.7705 0
      vertex 141 93.7705 4.8
    endloop
  endfacet
  facet normal 0 1 -0
    outer loop
      vertex 148 93.7705 0
      vertex 141 93.7705 4.8
      vertex 148 93.7705 4.8
    endloop
  endfacet
  facet normal 1 0 0
    outer loop
      vertex 141 93.7705 0
      vertex 141 95.9705 0
      vertex 141 95.9705 4.8
    endloop
  endfacet
  facet normal 1 0 0
    outer loop
      vertex 141 93.7705 0
      vertex 141 95.9705 4.8
      vertex 141 93.7705 4.8
    endloop
  endfacet
  facet normal 0 0 1
    outer loop
      vertex 12.4526 65.1096 0
      vertex 14.0474 57.9474 0
      vertex 15.9526 59.0474 0
    endloop
  endfacet
  facet normal 0 0 1
    outer loop
      vertex 12.4526 65.1096 0
      vertex 10.5474 64.0096 0
      vertex 14.0474 57.9474 0
    endloop
  endfacet
  facet normal 0 0 -1
    outer loop
      vertex 12.4526 65.1096 4.8
      vertex 15.9526 59.0474 4.8
      vertex 14.0474 57.9474 4.8
    endloop
  endfacet
  facet normal 0 -0 -1
    outer loop
      vertex 12.4526 65.1096 4.8
      vertex 14.0474 57.9474 4.8
      vertex 10.5474 64.0096 4.8
    endloop
  endfacet
  facet normal -0.866026 -0.499999 0
    outer loop
      vertex 12.4526 65.1096 0
      vertex 15.9526 59.0474 0
      vertex 15.9526 59.0474 4.8
    endloop
  endfacet
  facet normal -0.866026 -0.499999 0
    outer loop
      vertex 12.4526 65.1096 0
      vertex 15.9526 59.0474 4.8
      vertex 12.4526 65.1096 4.8
    endloop
  endfacet
  facet normal -0.499999 0.866026 0
    outer loop
      vertex 15.9526 59.0474 0
      vertex 14.0474 57.9474 0
      vertex 14.0474 57.9474 4.8
    endloop
  endfacet
  facet normal -0.499999 0.866026 0
    outer loop
      vertex 15.9526 59.0474 0
      vertex 14.0474 57.9474 4.8
      vertex 15.9526 59.0474 4.8
    endloop
  endfacet
  facet normal 0.866026 0.499999 0
    outer loop
      vertex 14.0474 57.9474 0
      vertex 10.5474 64.0096 0
      vertex 10.5474 64.0096 4.8
    endloop
  endfacet
  facet normal 0.866026 0.499999 -0
    outer loop
      vertex 14.0474 57.9474 0
      vertex 10.5474 64.0096 4.8
      vertex 14.0474 57.9474 4.8
    endloop
  endfacet
  facet normal 0.499999 -0.866026 0
    outer loop
      vertex 10.5474 64.0096 0
      vertex 12.4526 65.1096 0
      vertex 12.4526 65.1096 4.8
    endloop
  endfacet
  facet normal 0.499999 -0.866026 0
    outer loop
      vertex 10.5474 64.0096 0
      vertex 12.4526 65.1096 4.8
      vertex 10.5474 64.0096 4.8
    endloop
  endfacet
  facet normal 0 0 1
    outer loop
      vertex 42.0474 22.6744 0
      vertex 47.4526 27.6365 0
      vertex 45.5474 28.7365 0
    endloop
  endfacet
  facet normal -0 0 1
    outer loop
      vertex 42.0474 22.6744 0
      vertex 43.9526 21.5744 0
      vertex 47.4526 27.6365 0
    endloop
  endfacet
  facet normal 0 0 -1
    outer loop
      vertex 42.0474 22.6744 4.8
      vertex 45.5474 28.7365 4.8
      vertex 47.4526 27.6365 4.8
    endloop
  endfacet
  facet normal 0 0 -1
    outer loop
      vertex 42.0474 22.6744 4.8
      vertex 47.4526 27.6365 4.8
      vertex 43.9526 21.5744 4.8
    endloop
  endfacet
  facet normal 0.866023 -0.500005 0
    outer loop
      vertex 42.0474 22.6744 0
      vertex 45.5474 28.7365 0
      vertex 45.5474 28.7365 4.8
    endloop
  endfacet
  facet normal 0.866023 -0.500005 0
    outer loop
      vertex 42.0474 22.6744 0
      vertex 45.5474 28.7365 4.8
      vertex 42.0474 22.6744 4.8
    endloop
  endfacet
  facet normal -0.500005 -0.866023 0
    outer loop
      vertex 45.5474 28.7365 0
      vertex 47.4526 27.6365 0
      vertex 47.4526 27.6365 4.8
    endloop
  endfacet
  facet normal -0.500005 -0.866023 0
    outer loop
      vertex 45.5474 28.7365 0
      vertex 47.4526 27.6365 4.8
      vertex 45.5474 28.7365 4.8
    endloop
  endfacet
  facet normal -0.866023 0.500005 0
    outer loop
      vertex 47.4526 27.6365 0
      vertex 43.9526 21.5744 0
      vertex 43.9526 21.5744 4.8
    endloop
  endfacet
  facet normal -0.866023 0.500005 0
    outer loop
      vertex 47.4526 27.6365 0
      vertex 43.9526 21.5744 4.8
      vertex 47.4526 27.6365 4.8
    endloop
  endfacet
  facet normal 0.500005 0.866023 0
    outer loop
      vertex 43.9526 21.5744 0
      vertex 42.0474 22.6744 0
      vertex 42.0474 22.6744 4.8
    endloop
  endfacet
  facet normal 0.500005 0.866023 -0
    outer loop
      vertex 43.9526 21.5744 0
      vertex 42.0474 22.6744 4.8
      vertex 43.9526 21.5744 4.8
    endloop
  endfacet
  facet normal -0 0 1
    outer loop
      vertex 109.5 29.2865 0
      vertex 116.5 27.0865 0
      vertex 116.5 29.2865 0
    endloop
  endfacet
  facet normal 0 0 1
    outer loop
      vertex 109.5 29.2865 0
      vertex 109.5 27.0865 0
      vertex 116.5 27.0865 0
    endloop
  endfacet
  facet normal 0 0 -1
    outer loop
      vertex 109.5 29.2865 4.8
      vertex 116.5 29.2865 4.8
      vertex 116.5 27.0865 4.8
    endloop
  endfacet
  facet normal 0 0 -1
    outer loop
      vertex 109.5 29.2865 4.8
      vertex 116.5 27.0865 4.8
      vertex 109.5 27.0865 4.8
    endloop
  endfacet
  facet normal 0 -1 0
    outer loop
      vertex 109.5 29.2865 0
      vertex 116.5 29.2865 0
      vertex 116.5 29.2865 4.8
    endloop
  endfacet
  facet normal 0 -1 0
    outer loop
      vertex 109.5 29.2865 0
      vertex 116.5 29.2865 4.8
      vertex 109.5 29.2865 4.8
    endloop
  endfacet
  facet normal -1 0 0
    outer loop
      vertex 116.5 29.2865 0
      vertex 116.5 27.0865 0
      vertex 116.5 27.0865 4.8
    endloop
  endfacet
  facet normal -1 0 0
    outer loop
      vertex 116.5 29.2865 0
      vertex 116.5 27.0865 4.8
      vertex 116.5 29.2865 4.8
    endloop
  endfacet
  facet normal 0 1 0
    outer loop
      vertex 116.5 27.0865 0
      vertex 109.5 27.0865 0
      vertex 109.5 27.0865 4.8
    endloop
  endfacet
  facet normal 0 1 -0
    outer loop
      vertex 116.5 27.0865 0
      vertex 109.5 27.0865 4.8
      vertex 116.5 27.0865 4.8
    endloop
  endfacet
  facet normal 1 0 0
    outer loop
      vertex 109.5 27.0865 0
      vertex 109.5 29.2865 0
      vertex 109.5 29.2865 4.8
    endloop
  endfacet
  facet normal 1 0 0
    outer loop
      vertex 109.5 27.0865 0
      vertex 109.5 29.2865 4.8
      vertex 109.5 27.0865 4.8
    endloop
  endfacet
  facet normal 0 0 1
    outer loop
      vertex 42.0474 83.2961 0
      vertex 47.4526 88.2583 0
      vertex 45.5474 89.3583 0
    endloop
  endfacet
  facet normal -0 0 1
    outer loop
      vertex 42.0474 83.2961 0
      vertex 43.9526 82.1961 0
      vertex 47.4526 88.2583 0
    endloop
  endfacet
  facet normal 0 0 -1
    outer loop
      vertex 42.0474 83.2961 4.8
      vertex 45.5474 89.3583 4.8
      vertex 47.4526 88.2583 4.8
    endloop
  endfacet
  facet normal 0 0 -1
    outer loop
      vertex 42.0474 83.2961 4.8
      vertex 47.4526 88.2583 4.8
      vertex 43.9526 82.1961 4.8
    endloop
  endfacet
  facet normal 0.866026 -0.499999 0
    outer loop
      vertex 42.0474 83.2961 0
      vertex 45.5474 89.3583 0
      vertex 45.5474 89.3583 4.8
    endloop
  endfacet
  facet normal 0.866026 -0.499999 0
    outer loop
      vertex 42.0474 83.2961 0
      vertex 45.5474 89.3583 4.8
      vertex 42.0474 83.2961 4.8
    endloop
  endfacet
  facet normal -0.499999 -0.866026 0
    outer loop
      vertex 45.5474 89.3583 0
      vertex 47.4526 88.2583 0
      vertex 47.4526 88.2583 4.8
    endloop
  endfacet
  facet normal -0.499999 -0.866026 0
    outer loop
      vertex 45.5474 89.3583 0
      vertex 47.4526 88.2583 4.8
      vertex 45.5474 89.3583 4.8
    endloop
  endfacet
  facet normal -0.866026 0.499999 0
    outer loop
      vertex 47.4526 88.2583 0
      vertex 43.9526 82.1961 0
      vertex 43.9526 82.1961 4.8
    endloop
  endfacet
  facet normal -0.866026 0.499999 0
    outer loop
      vertex 47.4526 88.2583 0
      vertex 43.9526 82.1961 4.8
      vertex 47.4526 88.2583 4.8
    endloop
  endfacet
  facet normal 0.499999 0.866026 0
    outer loop
      vertex 43.9526 82.1961 0
      vertex 42.0474 83.2961 0
      vertex 42.0474 83.2961 4.8
    endloop
  endfacet
  facet normal 0.499999 0.866026 -0
    outer loop
      vertex 43.9526 82.1961 0
      vertex 42.0474 83.2961 4.8
      vertex 43.9526 82.1961 4.8
    endloop
  endfacet
  facet normal 0 0 1
    outer loop
      vertex 138.453 16.6122 0
      vertex 140.047 9.45 0
      vertex 141.953 10.55 0
    endloop
  endfacet
  facet normal 0 0 1
    outer loop
      vertex 138.453 16.6122 0
      vertex 136.547 15.5122 0
      vertex 140.047 9.45 0
    endloop
  endfacet
  facet normal 0 0 -1
    outer loop
      vertex 138.453 16.6122 4.8
      vertex 141.953 10.55 4.8
      vertex 140.047 9.45 4.8
    endloop
  endfacet
  facet normal 0 -0 -1
    outer loop
      vertex 138.453 16.6122 4.8
      vertex 140.047 9.45 4.8
      vertex 136.547 15.5122 4.8
    endloop
  endfacet
  facet normal -0.866026 -0.499999 0
    outer loop
      vertex 138.453 16.6122 0
      vertex 141.953 10.55 0
      vertex 141.953 10.55 4.8
    endloop
  endfacet
  facet normal -0.866026 -0.499999 0
    outer loop
      vertex 138.453 16.6122 0
      vertex 141.953 10.55 4.8
      vertex 138.453 16.6122 4.8
    endloop
  endfacet
  facet normal -0.499999 0.866026 0
    outer loop
      vertex 141.953 10.55 0
      vertex 140.047 9.45 0
      vertex 140.047 9.45 4.8
    endloop
  endfacet
  facet normal -0.499999 0.866026 0
    outer loop
      vertex 141.953 10.55 0
      vertex 140.047 9.45 4.8
      vertex 141.953 10.55 4.8
    endloop
  endfacet
  facet normal 0.866026 0.499999 0
    outer loop
      vertex 140.047 9.45 0
      vertex 136.547 15.5122 0
      vertex 136.547 15.5122 4.8
    endloop
  endfacet
  facet normal 0.866026 0.499999 -0
    outer loop
      vertex 140.047 9.45 0
      vertex 136.547 15.5122 4.8
      vertex 140.047 9.45 4.8
    endloop
  endfacet
  facet normal 0.499999 -0.866026 0
    outer loop
      vertex 136.547 15.5122 0
      vertex 138.453 16.6122 0
      vertex 138.453 16.6122 4.8
    endloop
  endfacet
  facet normal 0.499999 -0.866026 0
    outer loop
      vertex 136.547 15.5122 0
      vertex 138.453 16.6122 4.8
      vertex 136.547 15.5122 4.8
    endloop
  endfacet
  facet normal -0 0 1
    outer loop
      vertex 8 65.6596 0
      vertex 11.5 63.4596 0
      vertex 11.5 65.6596 0
    endloop
  endfacet
  facet normal 0 0 1
    outer loop
      vertex 8 65.6596 0
      vertex 8 63.4596 0
      vertex 11.5 63.4596 0
    endloop
  endfacet
  facet normal 0 0 -1
    outer loop
      vertex 8 65.6596 4.8
      vertex 11.5 65.6596 4.8
      vertex 11.5 63.4596 4.8
    endloop
  endfacet
  facet normal 0 0 -1
    outer loop
      vertex 8 65.6596 4.8
      vertex 11.5 63.4596 4.8
      vertex 8 63.4596 4.8
    endloop
  endfacet
  facet normal 0 -1 0
    outer loop
      vertex 8 65.6596 0
      vertex 11.5 65.6596 0
      vertex 11.5 65.6596 4.8
    endloop
  endfacet
  facet normal 0 -1 0
    outer loop
      vertex 8 65.6596 0
      vertex 11.5 65.6596 4.8
      vertex 8 65.6596 4.8
    endloop
  endfacet
  facet normal -1 0 0
    outer loop
      vertex 11.5 65.6596 0
      vertex 11.5 63.4596 0
      vertex 11.5 63.4596 4.8
    endloop
  endfacet
  facet normal -1 0 0
    outer loop
      vertex 11.5 65.6596 0
      vertex 11.5 63.4596 4.8
      vertex 11.5 65.6596 4.8
    endloop
  endfacet
  facet normal 0 1 0
    outer loop
      vertex 11.5 63.4596 0
      vertex 8 63.4596 0
      vertex 8 63.4596 4.8
    endloop
  endfacet
  facet normal 0 1 -0
    outer loop
      vertex 11.5 63.4596 0
      vertex 8 63.4596 4.8
      vertex 11.5 63.4596 4.8
    endloop
  endfacet
  facet normal 1 0 0
    outer loop
      vertex 8 63.4596 0
      vertex 8 65.6596 0
      vertex 8 65.6596 4.8
    endloop
  endfacet
  facet normal 1 0 0
    outer loop
      vertex 8 63.4596 0
      vertex 8 65.6596 4.8
      vertex 8 63.4596 4.8
    endloop
  endfacet
  facet normal -0 0 1
    outer loop
      vertex 46.5 77.784 0
      vertex 53.5 75.584 0
      vertex 53.5 77.784 0
    endloop
  endfacet
  facet normal 0 0 1
    outer loop
      vertex 46.5 77.784 0
      vertex 46.5 75.584 0
      vertex 53.5 75.584 0
    endloop
  endfacet
  facet normal 0 0 -1
    outer loop
      vertex 46.5 77.784 4.8
      vertex 53.5 77.784 4.8
      vertex 53.5 75.584 4.8
    endloop
  endfacet
  facet normal 0 0 -1
    outer loop
      vertex 46.5 77.784 4.8
      vertex 53.5 75.584 4.8
      vertex 46.5 75.584 4.8
    endloop
  endfacet
  facet normal 0 -1 0
    outer loop
      vertex 46.5 77.784 0
      vertex 53.5 77.784 0
      vertex 53.5 77.784 4.8
    endloop
  endfacet
  facet normal 0 -1 0
    outer loop
      vertex 46.5 77.784 0
      vertex 53.5 77.784 4.8
      vertex 46.5 77.784 4.8
    endloop
  endfacet
  facet normal -1 0 0
    outer loop
      vertex 53.5 77.784 0
      vertex 53.5 75.584 0
      vertex 53.5 75.584 4.8
    endloop
  endfacet
  facet normal -1 0 0
    outer loop
      vertex 53.5 77.784 0
      vertex 53.5 75.584 4.8
      vertex 53.5 77.784 4.8
    endloop
  endfacet
  facet normal 0 1 0
    outer loop
      vertex 53.5 75.584 0
      vertex 46.5 75.584 0
      vertex 46.5 75.584 4.8
    endloop
  endfacet
  facet normal 0 1 -0
    outer loop
      vertex 53.5 75.584 0
      vertex 46.5 75.584 4.8
      vertex 53.5 75.584 4.8
    endloop
  endfacet
  facet normal 1 0 0
    outer loop
      vertex 46.5 75.584 0
      vertex 46.5 77.784 0
      vertex 46.5 77.784 4.8
    endloop
  endfacet
  facet normal 1 0 0
    outer loop
      vertex 46.5 75.584 0
      vertex 46.5 77.784 4.8
      vertex 46.5 75.584 4.8
    endloop
  endfacet
  facet normal 0 0 1
    outer loop
      vertex 31.5474 77.234 0
      vertex 36.9526 82.1961 0
      vertex 35.0474 83.2961 0
    endloop
  endfacet
  facet normal -0 0 1
    outer loop
      vertex 31.5474 77.234 0
      vertex 33.4526 76.134 0
      vertex 36.9526 82.1961 0
    endloop
  endfacet
  facet normal 0 0 -1
    outer loop
      vertex 31.5474 77.234 4.8
      vertex 35.0474 83.2961 4.8
      vertex 36.9526 82.1961 4.8
    endloop
  endfacet
  facet normal 0 0 -1
    outer loop
      vertex 31.5474 77.234 4.8
      vertex 36.9526 82.1961 4.8
      vertex 33.4526 76.134 4.8
    endloop
  endfacet
  facet normal 0.866023 -0.500005 0
    outer loop
      vertex 31.5474 77.234 0
      vertex 35.0474 83.2961 0
      vertex 35.0474 83.2961 4.8
    endloop
  endfacet
  facet normal 0.866023 -0.500005 0
    outer loop
      vertex 31.5474 77.234 0
      vertex 35.0474 83.2961 4.8
      vertex 31.5474 77.234 4.8
    endloop
  endfacet
  facet normal -0.500005 -0.866023 0
    outer loop
      vertex 35.0474 83.2961 0
      vertex 36.9526 82.1961 0
      vertex 36.9526 82.1961 4.8
    endloop
  endfacet
  facet normal -0.500005 -0.866023 0
    outer loop
      vertex 35.0474 83.2961 0
      vertex 36.9526 82.1961 4.8
      vertex 35.0474 83.2961 4.8
    endloop
  endfacet
  facet normal -0.866023 0.500005 0
    outer loop
      vertex 36.9526 82.1961 0
      vertex 33.4526 76.134 0
      vertex 33.4526 76.134 4.8
    endloop
  endfacet
  facet normal -0.866023 0.500005 0
    outer loop
      vertex 36.9526 82.1961 0
      vertex 33.4526 76.134 4.8
      vertex 36.9526 82.1961 4.8
    endloop
  endfacet
  facet normal 0.500005 0.866023 0
    outer loop
      vertex 33.4526 76.134 0
      vertex 31.5474 77.234 0
      vertex 31.5474 77.234 4.8
    endloop
  endfacet
  facet normal 0.500005 0.866023 -0
    outer loop
      vertex 33.4526 76.134 0
      vertex 31.5474 77.234 4.8
      vertex 33.4526 76.134 4.8
    endloop
  endfacet
  facet normal 0 0 1
    outer loop
      vertex 84.0474 46.9231 0
      vertex 89.4526 51.8852 0
      vertex 87.5474 52.9852 0
    endloop
  endfacet
  facet normal -0 0 1
    outer loop
      vertex 84.0474 46.9231 0
      vertex 85.9526 45.8231 0
      vertex 89.4526 51.8852 0
    endloop
  endfacet
  facet normal 0 0 -1
    outer loop
      vertex 84.0474 46.9231 4.8
      vertex 87.5474 52.9852 4.8
      vertex 89.4526 51.8852 4.8
    endloop
  endfacet
  facet normal 0 0 -1
    outer loop
      vertex 84.0474 46.9231 4.8
      vertex 89.4526 51.8852 4.8
      vertex 85.9526 45.8231 4.8
    endloop
  endfacet
  facet normal 0.866023 -0.500005 0
    outer loop
      vertex 84.0474 46.9231 0
      vertex 87.5474 52.9852 0
      vertex 87.5474 52.9852 4.8
    endloop
  endfacet
  facet normal 0.866023 -0.500005 0
    outer loop
      vertex 84.0474 46.9231 0
      vertex 87.5474 52.9852 4.8
      vertex 84.0474 46.9231 4.8
    endloop
  endfacet
  facet normal -0.500005 -0.866023 0
    outer loop
      vertex 87.5474 52.9852 0
      vertex 89.4526 51.8852 0
      vertex 89.4526 51.8852 4.8
    endloop
  endfacet
  facet normal -0.500005 -0.866023 0
    outer loop
      vertex 87.5474 52.9852 0
      vertex 89.4526 51.8852 4.8
      vertex 87.5474 52.9852 4.8
    endloop
  endfacet
  facet normal -0.866023 0.500005 0
    outer loop
      vertex 89.4526 51.8852 0
      vertex 85.9526 45.8231 0
      vertex 85.9526 45.8231 4.8
    endloop
  endfacet
  facet normal -0.866023 0.500005 0
    outer loop
      vertex 89.4526 51.8852 0
      vertex 85.9526 45.8231 4.8
      vertex 89.4526 51.8852 4.8
    endloop
  endfacet
  facet normal 0.500005 0.866023 0
    outer loop
      vertex 85.9526 45.8231 0
      vertex 84.0474 46.9231 0
      vertex 84.0474 46.9231 4.8
    endloop
  endfacet
  facet normal 0.500005 0.866023 -0
    outer loop
      vertex 85.9526 45.8231 0
      vertex 84.0474 46.9231 4.8
      vertex 85.9526 45.8231 4.8
    endloop
  endfacet
  facet normal 0 0 1
    outer loop
      vertex 168.047 71.1718 0
      vertex 173.453 76.134 0
      vertex 171.547 77.234 0
    endloop
  endfacet
  facet normal -0 0 1
    outer loop
      vertex 168.047 71.1718 0
      vertex 169.953 70.0718 0
      vertex 173.453 76.134 0
    endloop
  endfacet
  facet normal 0 0 -1
    outer loop
      vertex 168.047 71.1718 4.8
      vertex 171.547 77.234 4.8
      vertex 173.453 76.134 4.8
    endloop
  endfacet
  facet normal 0 0 -1
    outer loop
      vertex 168.047 71.1718 4.8
      vertex 173.453 76.134 4.8
      vertex 169.953 70.0718 4.8
    endloop
  endfacet
  facet normal 0.866026 -0.499999 0
    outer loop
      vertex 168.047 71.1718 0
      vertex 171.547 77.234 0
      vertex 171.547 77.234 4.8
    endloop
  endfacet
  facet normal 0.866026 -0.499999 0
    outer loop
      vertex 168.047 71.1718 0
      vertex 171.547 77.234 4.8
      vertex 168.047 71.1718 4.8
    endloop
  endfacet
  facet normal -0.499999 -0.866026 0
    outer loop
      vertex 171.547 77.234 0
      vertex 173.453 76.134 0
      vertex 173.453 76.134 4.8
    endloop
  endfacet
  facet normal -0.499999 -0.866026 0
    outer loop
      vertex 171.547 77.234 0
      vertex 173.453 76.134 4.8
      vertex 171.547 77.234 4.8
    endloop
  endfacet
  facet normal -0.866026 0.499999 0
    outer loop
      vertex 173.453 76.134 0
      vertex 169.953 70.0718 0
      vertex 169.953 70.0718 4.8
    endloop
  endfacet
  facet normal -0.866026 0.499999 0
    outer loop
      vertex 173.453 76.134 0
      vertex 169.953 70.0718 4.8
      vertex 173.453 76.134 4.8
    endloop
  endfacet
  facet normal 0.499999 0.866026 0
    outer loop
      vertex 169.953 70.0718 0
      vertex 168.047 71.1718 0
      vertex 168.047 71.1718 4.8
    endloop
  endfacet
  facet normal 0.499999 0.866026 -0
    outer loop
      vertex 169.953 70.0718 0
      vertex 168.047 71.1718 4.8
      vertex 169.953 70.0718 4.8
    endloop
  endfacet
  facet normal 0 0 1
    outer loop
      vertex 85.9526 34.7987 0
      vertex 87.5474 27.6365 0
      vertex 89.4526 28.7365 0
    endloop
  endfacet
  facet normal 0 0 1
    outer loop
      vertex 85.9526 34.7987 0
      vertex 84.0474 33.6987 0
      vertex 87.5474 27.6365 0
    endloop
  endfacet
  facet normal 0 0 -1
    outer loop
      vertex 85.9526 34.7987 4.8
      vertex 89.4526 28.7365 4.8
      vertex 87.5474 27.6365 4.8
    endloop
  endfacet
  facet normal 0 -0 -1
    outer loop
      vertex 85.9526 34.7987 4.8
      vertex 87.5474 27.6365 4.8
      vertex 84.0474 33.6987 4.8
    endloop
  endfacet
  facet normal -0.866026 -0.499999 0
    outer loop
      vertex 85.9526 34.7987 0
      vertex 89.4526 28.7365 0
      vertex 89.4526 28.7365 4.8
    endloop
  endfacet
  facet normal -0.866026 -0.499999 0
    outer loop
      vertex 85.9526 34.7987 0
      vertex 89.4526 28.7365 4.8
      vertex 85.9526 34.7987 4.8
    endloop
  endfacet
  facet normal -0.499999 0.866026 0
    outer loop
      vertex 89.4526 28.7365 0
      vertex 87.5474 27.6365 0
      vertex 87.5474 27.6365 4.8
    endloop
  endfacet
  facet normal -0.499999 0.866026 0
    outer loop
      vertex 89.4526 28.7365 0
      vertex 87.5474 27.6365 4.8
      vertex 89.4526 28.7365 4.8
    endloop
  endfacet
  facet normal 0.866026 0.499999 0
    outer loop
      vertex 87.5474 27.6365 0
      vertex 84.0474 33.6987 0
      vertex 84.0474 33.6987 4.8
    endloop
  endfacet
  facet normal 0.866026 0.499999 -0
    outer loop
      vertex 87.5474 27.6365 0
      vertex 84.0474 33.6987 4.8
      vertex 87.5474 27.6365 4.8
    endloop
  endfacet
  facet normal 0.499999 -0.866026 0
    outer loop
      vertex 84.0474 33.6987 0
      vertex 85.9526 34.7987 0
      vertex 85.9526 34.7987 4.8
    endloop
  endfacet
  facet normal 0.499999 -0.866026 0
    outer loop
      vertex 84.0474 33.6987 0
      vertex 85.9526 34.7987 4.8
      vertex 84.0474 33.6987 4.8
    endloop
  endfacet
  facet normal 0 0 1
    outer loop
      vertex 147.047 10.55 0
      vertex 152.453 15.5122 0
      vertex 150.547 16.6122 0
    endloop
  endfacet
  facet normal -0 0 1
    outer loop
      vertex 147.047 10.55 0
      vertex 148.953 9.45 0
      vertex 152.453 15.5122 0
    endloop
  endfacet
  facet normal 0 0 -1
    outer loop
      vertex 147.047 10.55 4.8
      vertex 150.547 16.6122 4.8
      vertex 152.453 15.5122 4.8
    endloop
  endfacet
  facet normal 0 0 -1
    outer loop
      vertex 147.047 10.55 4.8
      vertex 152.453 15.5122 4.8
      vertex 148.953 9.45 4.8
    endloop
  endfacet
  facet normal 0.866026 -0.499999 0
    outer loop
      vertex 147.047 10.55 0
      vertex 150.547 16.6122 0
      vertex 150.547 16.6122 4.8
    endloop
  endfacet
  facet normal 0.866026 -0.499999 0
    outer loop
      vertex 147.047 10.55 0
      vertex 150.547 16.6122 4.8
      vertex 147.047 10.55 4.8
    endloop
  endfacet
  facet normal -0.499999 -0.866026 0
    outer loop
      vertex 150.547 16.6122 0
      vertex 152.453 15.5122 0
      vertex 152.453 15.5122 4.8
    endloop
  endfacet
  facet normal -0.499999 -0.866026 0
    outer loop
      vertex 150.547 16.6122 0
      vertex 152.453 15.5122 4.8
      vertex 150.547 16.6122 4.8
    endloop
  endfacet
  facet normal -0.866026 0.499999 0
    outer loop
      vertex 152.453 15.5122 0
      vertex 148.953 9.45 0
      vertex 148.953 9.45 4.8
    endloop
  endfacet
  facet normal -0.866026 0.499999 0
    outer loop
      vertex 152.453 15.5122 0
      vertex 148.953 9.45 4.8
      vertex 152.453 15.5122 4.8
    endloop
  endfacet
  facet normal 0.499999 0.866026 0
    outer loop
      vertex 148.953 9.45 0
      vertex 147.047 10.55 0
      vertex 147.047 10.55 4.8
    endloop
  endfacet
  facet normal 0.499999 0.866026 -0
    outer loop
      vertex 148.953 9.45 0
      vertex 147.047 10.55 4.8
      vertex 148.953 9.45 4.8
    endloop
  endfacet
  facet normal 0 0 1
    outer loop
      vertex 84.0474 34.7987 0
      vertex 89.4526 39.7609 0
      vertex 87.5474 40.8609 0
    endloop
  endfacet
  facet normal -0 0 1
    outer loop
      vertex 84.0474 34.7987 0
      vertex 85.9526 33.6987 0
      vertex 89.4526 39.7609 0
    endloop
  endfacet
  facet normal 0 0 -1
    outer loop
      vertex 84.0474 34.7987 4.8
      vertex 87.5474 40.8609 4.8
      vertex 89.4526 39.7609 4.8
    endloop
  endfacet
  facet normal 0 0 -1
    outer loop
      vertex 84.0474 34.7987 4.8
      vertex 89.4526 39.7609 4.8
      vertex 85.9526 33.6987 4.8
    endloop
  endfacet
  facet normal 0.866026 -0.499999 0
    outer loop
      vertex 84.0474 34.7987 0
      vertex 87.5474 40.8609 0
      vertex 87.5474 40.8609 4.8
    endloop
  endfacet
  facet normal 0.866026 -0.499999 0
    outer loop
      vertex 84.0474 34.7987 0
      vertex 87.5474 40.8609 4.8
      vertex 84.0474 34.7987 4.8
    endloop
  endfacet
  facet normal -0.499999 -0.866026 0
    outer loop
      vertex 87.5474 40.8609 0
      vertex 89.4526 39.7609 0
      vertex 89.4526 39.7609 4.8
    endloop
  endfacet
  facet normal -0.499999 -0.866026 0
    outer loop
      vertex 87.5474 40.8609 0
      vertex 89.4526 39.7609 4.8
      vertex 87.5474 40.8609 4.8
    endloop
  endfacet
  facet normal -0.866026 0.499999 0
    outer loop
      vertex 89.4526 39.7609 0
      vertex 85.9526 33.6987 0
      vertex 85.9526 33.6987 4.8
    endloop
  endfacet
  facet normal -0.866026 0.499999 0
    outer loop
      vertex 89.4526 39.7609 0
      vertex 85.9526 33.6987 4.8
      vertex 89.4526 39.7609 4.8
    endloop
  endfacet
  facet normal 0.499999 0.866026 0
    outer loop
      vertex 85.9526 33.6987 0
      vertex 84.0474 34.7987 0
      vertex 84.0474 34.7987 4.8
    endloop
  endfacet
  facet normal 0.499999 0.866026 -0
    outer loop
      vertex 85.9526 33.6987 0
      vertex 84.0474 34.7987 4.8
      vertex 85.9526 33.6987 4.8
    endloop
  endfacet
  facet normal 0 0 1
    outer loop
      vertex 12.4526 28.7365 0
      vertex 14.0474 21.5744 0
      vertex 15.9526 22.6744 0
    endloop
  endfacet
  facet normal 0 0 1
    outer loop
      vertex 12.4526 28.7365 0
      vertex 10.5474 27.6365 0
      vertex 14.0474 21.5744 0
    endloop
  endfacet
  facet normal 0 0 -1
    outer loop
      vertex 12.4526 28.7365 4.8
      vertex 15.9526 22.6744 4.8
      vertex 14.0474 21.5744 4.8
    endloop
  endfacet
  facet normal 0 -0 -1
    outer loop
      vertex 12.4526 28.7365 4.8
      vertex 14.0474 21.5744 4.8
      vertex 10.5474 27.6365 4.8
    endloop
  endfacet
  facet normal -0.866023 -0.500005 0
    outer loop
      vertex 12.4526 28.7365 0
      vertex 15.9526 22.6744 0
      vertex 15.9526 22.6744 4.8
    endloop
  endfacet
  facet normal -0.866023 -0.500005 0
    outer loop
      vertex 12.4526 28.7365 0
      vertex 15.9526 22.6744 4.8
      vertex 12.4526 28.7365 4.8
    endloop
  endfacet
  facet normal -0.500005 0.866023 0
    outer loop
      vertex 15.9526 22.6744 0
      vertex 14.0474 21.5744 0
      vertex 14.0474 21.5744 4.8
    endloop
  endfacet
  facet normal -0.500005 0.866023 0
    outer loop
      vertex 15.9526 22.6744 0
      vertex 14.0474 21.5744 4.8
      vertex 15.9526 22.6744 4.8
    endloop
  endfacet
  facet normal 0.866023 0.500005 0
    outer loop
      vertex 14.0474 21.5744 0
      vertex 10.5474 27.6365 0
      vertex 10.5474 27.6365 4.8
    endloop
  endfacet
  facet normal 0.866023 0.500005 -0
    outer loop
      vertex 14.0474 21.5744 0
      vertex 10.5474 27.6365 4.8
      vertex 14.0474 21.5744 4.8
    endloop
  endfacet
  facet normal 0.500005 -0.866023 0
    outer loop
      vertex 10.5474 27.6365 0
      vertex 12.4526 28.7365 0
      vertex 12.4526 28.7365 4.8
    endloop
  endfacet
  facet normal 0.500005 -0.866023 0
    outer loop
      vertex 10.5474 27.6365 0
      vertex 12.4526 28.7365 4.8
      vertex 10.5474 27.6365 4.8
    endloop
  endfacet
  facet normal 0 0 1
    outer loop
      vertex 94.5474 77.234 0
      vertex 99.9526 82.1961 0
      vertex 98.0474 83.2961 0
    endloop
  endfacet
  facet normal -0 0 1
    outer loop
      vertex 94.5474 77.234 0
      vertex 96.4526 76.134 0
      vertex 99.9526 82.1961 0
    endloop
  endfacet
  facet normal 0 0 -1
    outer loop
      vertex 94.5474 77.234 4.8
      vertex 98.0474 83.2961 4.8
      vertex 99.9526 82.1961 4.8
    endloop
  endfacet
  facet normal 0 0 -1
    outer loop
      vertex 94.5474 77.234 4.8
      vertex 99.9526 82.1961 4.8
      vertex 96.4526 76.134 4.8
    endloop
  endfacet
  facet normal 0.866023 -0.500005 0
    outer loop
      vertex 94.5474 77.234 0
      vertex 98.0474 83.2961 0
      vertex 98.0474 83.2961 4.8
    endloop
  endfacet
  facet normal 0.866023 -0.500005 0
    outer loop
      vertex 94.5474 77.234 0
      vertex 98.0474 83.2961 4.8
      vertex 94.5474 77.234 4.8
    endloop
  endfacet
  facet normal -0.500005 -0.866023 0
    outer loop
      vertex 98.0474 83.2961 0
      vertex 99.9526 82.1961 0
      vertex 99.9526 82.1961 4.8
    endloop
  endfacet
  facet normal -0.500005 -0.866023 0
    outer loop
      vertex 98.0474 83.2961 0
      vertex 99.9526 82.1961 4.8
      vertex 98.0474 83.2961 4.8
    endloop
  endfacet
  facet normal -0.866023 0.500005 0
    outer loop
      vertex 99.9526 82.1961 0
      vertex 96.4526 76.134 0
      vertex 96.4526 76.134 4.8
    endloop
  endfacet
  facet normal -0.866023 0.500005 0
    outer loop
      vertex 99.9526 82.1961 0
      vertex 96.4526 76.134 4.8
      vertex 99.9526 82.1961 4.8
    endloop
  endfacet
  facet normal 0.500005 0.866023 0
    outer loop
      vertex 96.4526 76.134 0
      vertex 94.5474 77.234 0
      vertex 94.5474 77.234 4.8
    endloop
  endfacet
  facet normal 0.500005 0.866023 -0
    outer loop
      vertex 96.4526 76.134 0
      vertex 94.5474 77.234 4.8
      vertex 96.4526 76.134 4.8
    endloop
  endfacet
  facet normal 0 0 1
    outer loop
      vertex 10.5474 16.6122 0
      vertex 15.9526 21.5744 0
      vertex 14.0474 22.6744 0
    endloop
  endfacet
  facet normal -0 0 1
    outer loop
      vertex 10.5474 16.6122 0
      vertex 12.4526 15.5122 0
      vertex 15.9526 21.5744 0
    endloop
  endfacet
  facet normal 0 0 -1
    outer loop
      vertex 10.5474 16.6122 4.8
      vertex 14.0474 22.6744 4.8
      vertex 15.9526 21.5744 4.8
    endloop
  endfacet
  facet normal 0 0 -1
    outer loop
      vertex 10.5474 16.6122 4.8
      vertex 15.9526 21.5744 4.8
      vertex 12.4526 15.5122 4.8
    endloop
  endfacet
  facet normal 0.866026 -0.499999 0
    outer loop
      vertex 10.5474 16.6122 0
      vertex 14.0474 22.6744 0
      vertex 14.0474 22.6744 4.8
    endloop
  endfacet
  facet normal 0.866026 -0.499999 0
    outer loop
      vertex 10.5474 16.6122 0
      vertex 14.0474 22.6744 4.8
      vertex 10.5474 16.6122 4.8
    endloop
  endfacet
  facet normal -0.499999 -0.866026 0
    outer loop
      vertex 14.0474 22.6744 0
      vertex 15.9526 21.5744 0
      vertex 15.9526 21.5744 4.8
    endloop
  endfacet
  facet normal -0.499999 -0.866026 0
    outer loop
      vertex 14.0474 22.6744 0
      vertex 15.9526 21.5744 4.8
      vertex 14.0474 22.6744 4.8
    endloop
  endfacet
  facet normal -0.866026 0.499999 0
    outer loop
      vertex 15.9526 21.5744 0
      vertex 12.4526 15.5122 0
      vertex 12.4526 15.5122 4.8
    endloop
  endfacet
  facet normal -0.866026 0.499999 0
    outer loop
      vertex 15.9526 21.5744 0
      vertex 12.4526 15.5122 4.8
      vertex 15.9526 21.5744 4.8
    endloop
  endfacet
  facet normal 0.499999 0.866026 0
    outer loop
      vertex 12.4526 15.5122 0
      vertex 10.5474 16.6122 0
      vertex 10.5474 16.6122 4.8
    endloop
  endfacet
  facet normal 0.499999 0.866026 -0
    outer loop
      vertex 12.4526 15.5122 0
      vertex 10.5474 16.6122 4.8
      vertex 12.4526 15.5122 4.8
    endloop
  endfacet
  facet normal 0 0 1
    outer loop
      vertex 54.4526 89.3583 0
      vertex 56.0474 82.1961 0
      vertex 57.9526 83.2961 0
    endloop
  endfacet
  facet normal 0 0 1
    outer loop
      vertex 54.4526 89.3583 0
      vertex 52.5474 88.2583 0
      vertex 56.0474 82.1961 0
    endloop
  endfacet
  facet normal 0 0 -1
    outer loop
      vertex 54.4526 89.3583 4.8
      vertex 57.9526 83.2961 4.8
      vertex 56.0474 82.1961 4.8
    endloop
  endfacet
  facet normal 0 -0 -1
    outer loop
      vertex 54.4526 89.3583 4.8
      vertex 56.0474 82.1961 4.8
      vertex 52.5474 88.2583 4.8
    endloop
  endfacet
  facet normal -0.866026 -0.499999 0
    outer loop
      vertex 54.4526 89.3583 0
      vertex 57.9526 83.2961 0
      vertex 57.9526 83.2961 4.8
    endloop
  endfacet
  facet normal -0.866026 -0.499999 0
    outer loop
      vertex 54.4526 89.3583 0
      vertex 57.9526 83.2961 4.8
      vertex 54.4526 89.3583 4.8
    endloop
  endfacet
  facet normal -0.499999 0.866026 0
    outer loop
      vertex 57.9526 83.2961 0
      vertex 56.0474 82.1961 0
      vertex 56.0474 82.1961 4.8
    endloop
  endfacet
  facet normal -0.499999 0.866026 0
    outer loop
      vertex 57.9526 83.2961 0
      vertex 56.0474 82.1961 4.8
      vertex 57.9526 83.2961 4.8
    endloop
  endfacet
  facet normal 0.866026 0.499999 0
    outer loop
      vertex 56.0474 82.1961 0
      vertex 52.5474 88.2583 0
      vertex 52.5474 88.2583 4.8
    endloop
  endfacet
  facet normal 0.866026 0.499999 -0
    outer loop
      vertex 56.0474 82.1961 0
      vertex 52.5474 88.2583 4.8
      vertex 56.0474 82.1961 4.8
    endloop
  endfacet
  facet normal 0.499999 -0.866026 0
    outer loop
      vertex 52.5474 88.2583 0
      vertex 54.4526 89.3583 0
      vertex 54.4526 89.3583 4.8
    endloop
  endfacet
  facet normal 0.499999 -0.866026 0
    outer loop
      vertex 52.5474 88.2583 0
      vertex 54.4526 89.3583 4.8
      vertex 52.5474 88.2583 4.8
    endloop
  endfacet
  facet normal 0 0 1
    outer loop
      vertex 126.047 71.1718 0
      vertex 131.453 76.134 0
      vertex 129.547 77.234 0
    endloop
  endfacet
  facet normal -0 0 1
    outer loop
      vertex 126.047 71.1718 0
      vertex 127.953 70.0718 0
      vertex 131.453 76.134 0
    endloop
  endfacet
  facet normal 0 0 -1
    outer loop
      vertex 126.047 71.1718 4.8
      vertex 129.547 77.234 4.8
      vertex 131.453 76.134 4.8
    endloop
  endfacet
  facet normal 0 0 -1
    outer loop
      vertex 126.047 71.1718 4.8
      vertex 131.453 76.134 4.8
      vertex 127.953 70.0718 4.8
    endloop
  endfacet
  facet normal 0.866026 -0.499999 0
    outer loop
      vertex 126.047 71.1718 0
      vertex 129.547 77.234 0
      vertex 129.547 77.234 4.8
    endloop
  endfacet
  facet normal 0.866026 -0.499999 0
    outer loop
      vertex 126.047 71.1718 0
      vertex 129.547 77.234 4.8
      vertex 126.047 71.1718 4.8
    endloop
  endfacet
  facet normal -0.499999 -0.866026 0
    outer loop
      vertex 129.547 77.234 0
      vertex 131.453 76.134 0
      vertex 131.453 76.134 4.8
    endloop
  endfacet
  facet normal -0.499999 -0.866026 0
    outer loop
      vertex 129.547 77.234 0
      vertex 131.453 76.134 4.8
      vertex 129.547 77.234 4.8
    endloop
  endfacet
  facet normal -0.866026 0.499999 0
    outer loop
      vertex 131.453 76.134 0
      vertex 127.953 70.0718 0
      vertex 127.953 70.0718 4.8
    endloop
  endfacet
  facet normal -0.866026 0.499999 0
    outer loop
      vertex 131.453 76.134 0
      vertex 127.953 70.0718 4.8
      vertex 131.453 76.134 4.8
    endloop
  endfacet
  facet normal 0.499999 0.866026 0
    outer loop
      vertex 127.953 70.0718 0
      vertex 126.047 71.1718 0
      vertex 126.047 71.1718 4.8
    endloop
  endfacet
  facet normal 0.499999 0.866026 -0
    outer loop
      vertex 127.953 70.0718 0
      vertex 126.047 71.1718 4.8
      vertex 127.953 70.0718 4.8
    endloop
  endfacet
  facet normal -0 0 1
    outer loop
      vertex 99 95.9705 0
      vertex 106 93.7705 0
      vertex 106 95.9705 0
    endloop
  endfacet
  facet normal 0 0 1
    outer loop
      vertex 99 95.9705 0
      vertex 99 93.7705 0
      vertex 106 93.7705 0
    endloop
  endfacet
  facet normal 0 0 -1
    outer loop
      vertex 99 95.9705 4.8
      vertex 106 95.9705 4.8
      vertex 106 93.7705 4.8
    endloop
  endfacet
  facet normal 0 0 -1
    outer loop
      vertex 99 95.9705 4.8
      vertex 106 93.7705 4.8
      vertex 99 93.7705 4.8
    endloop
  endfacet
  facet normal 0 -1 0
    outer loop
      vertex 99 95.9705 0
      vertex 106 95.9705 0
      vertex 106 95.9705 4.8
    endloop
  endfacet
  facet normal 0 -1 0
    outer loop
      vertex 99 95.9705 0
      vertex 106 95.9705 4.8
      vertex 99 95.9705 4.8
    endloop
  endfacet
  facet normal -1 0 0
    outer loop
      vertex 106 95.9705 0
      vertex 106 93.7705 0
      vertex 106 93.7705 4.8
    endloop
  endfacet
  facet normal -1 0 0
    outer loop
      vertex 106 95.9705 0
      vertex 106 93.7705 4.8
      vertex 106 95.9705 4.8
    endloop
  endfacet
  facet normal 0 1 0
    outer loop
      vertex 106 93.7705 0
      vertex 99 93.7705 0
      vertex 99 93.7705 4.8
    endloop
  endfacet
  facet normal 0 1 -0
    outer loop
      vertex 106 93.7705 0
      vertex 99 93.7705 4.8
      vertex 106 93.7705 4.8
    endloop
  endfacet
  facet normal 1 0 0
    outer loop
      vertex 99 93.7705 0
      vertex 99 95.9705 0
      vertex 99 95.9705 4.8
    endloop
  endfacet
  facet normal 1 0 0
    outer loop
      vertex 99 93.7705 0
      vertex 99 95.9705 4.8
      vertex 99 93.7705 4.8
    endloop
  endfacet
  facet normal 0 0 1
    outer loop
      vertex 169.953 59.0474 0
      vertex 171.547 51.8852 0
      vertex 173.453 52.9852 0
    endloop
  endfacet
  facet normal 0 0 1
    outer loop
      vertex 169.953 59.0474 0
      vertex 168.047 57.9474 0
      vertex 171.547 51.8852 0
    endloop
  endfacet
  facet normal 0 0 -1
    outer loop
      vertex 169.953 59.0474 4.8
      vertex 173.453 52.9852 4.8
      vertex 171.547 51.8852 4.8
    endloop
  endfacet
  facet normal 0 -0 -1
    outer loop
      vertex 169.953 59.0474 4.8
      vertex 171.547 51.8852 4.8
      vertex 168.047 57.9474 4.8
    endloop
  endfacet
  facet normal -0.866026 -0.499999 0
    outer loop
      vertex 169.953 59.0474 0
      vertex 173.453 52.9852 0
      vertex 173.453 52.9852 4.8
    endloop
  endfacet
  facet normal -0.866026 -0.499999 0
    outer loop
      vertex 169.953 59.0474 0
      vertex 173.453 52.9852 4.8
      vertex 169.953 59.0474 4.8
    endloop
  endfacet
  facet normal -0.499999 0.866026 0
    outer loop
      vertex 173.453 52.9852 0
      vertex 171.547 51.8852 0
      vertex 171.547 51.8852 4.8
    endloop
  endfacet
  facet normal -0.499999 0.866026 0
    outer loop
      vertex 173.453 52.9852 0
      vertex 171.547 51.8852 4.8
      vertex 173.453 52.9852 4.8
    endloop
  endfacet
  facet normal 0.866026 0.499999 0
    outer loop
      vertex 171.547 51.8852 0
      vertex 168.047 57.9474 0
      vertex 168.047 57.9474 4.8
    endloop
  endfacet
  facet normal 0.866026 0.499999 -0
    outer loop
      vertex 171.547 51.8852 0
      vertex 168.047 57.9474 4.8
      vertex 171.547 51.8852 4.8
    endloop
  endfacet
  facet normal 0.499999 -0.866026 0
    outer loop
      vertex 168.047 57.9474 0
      vertex 169.953 59.0474 0
      vertex 169.953 59.0474 4.8
    endloop
  endfacet
  facet normal 0.499999 -0.866026 0
    outer loop
      vertex 168.047 57.9474 0
      vertex 169.953 59.0474 4.8
      vertex 168.047 57.9474 4.8
    endloop
  endfacet
  facet normal 0 0 1
    outer loop
      vertex 127.953 34.7987 0
      vertex 129.547 27.6365 0
      vertex 131.453 28.7365 0
    endloop
  endfacet
  facet normal 0 0 1
    outer loop
      vertex 127.953 34.7987 0
      vertex 126.047 33.6987 0
      vertex 129.547 27.6365 0
    endloop
  endfacet
  facet normal 0 0 -1
    outer loop
      vertex 127.953 34.7987 4.8
      vertex 131.453 28.7365 4.8
      vertex 129.547 27.6365 4.8
    endloop
  endfacet
  facet normal 0 -0 -1
    outer loop
      vertex 127.953 34.7987 4.8
      vertex 129.547 27.6365 4.8
      vertex 126.047 33.6987 4.8
    endloop
  endfacet
  facet normal -0.866026 -0.499999 0
    outer loop
      vertex 127.953 34.7987 0
      vertex 131.453 28.7365 0
      vertex 131.453 28.7365 4.8
    endloop
  endfacet
  facet normal -0.866026 -0.499999 0
    outer loop
      vertex 127.953 34.7987 0
      vertex 131.453 28.7365 4.8
      vertex 127.953 34.7987 4.8
    endloop
  endfacet
  facet normal -0.499999 0.866026 0
    outer loop
      vertex 131.453 28.7365 0
      vertex 129.547 27.6365 0
      vertex 129.547 27.6365 4.8
    endloop
  endfacet
  facet normal -0.499999 0.866026 0
    outer loop
      vertex 131.453 28.7365 0
      vertex 129.547 27.6365 4.8
      vertex 131.453 28.7365 4.8
    endloop
  endfacet
  facet normal 0.866026 0.499999 0
    outer loop
      vertex 129.547 27.6365 0
      vertex 126.047 33.6987 0
      vertex 126.047 33.6987 4.8
    endloop
  endfacet
  facet normal 0.866026 0.499999 -0
    outer loop
      vertex 129.547 27.6365 0
      vertex 126.047 33.6987 4.8
      vertex 129.547 27.6365 4.8
    endloop
  endfacet
  facet normal 0.499999 -0.866026 0
    outer loop
      vertex 126.047 33.6987 0
      vertex 127.953 34.7987 0
      vertex 127.953 34.7987 4.8
    endloop
  endfacet
  facet normal 0.499999 -0.866026 0
    outer loop
      vertex 126.047 33.6987 0
      vertex 127.953 34.7987 4.8
      vertex 126.047 33.6987 4.8
    endloop
  endfacet
  facet normal 0 0 1
    outer loop
      vertex 36.8777 95.5502 0
      vertex 35.0475 94.3203 0
      vertex 36.9525 95.4207 0
    endloop
  endfacet
  facet normal 0 0 1
    outer loop
      vertex 36.8777 95.5502 0
      vertex 34.9727 94.4498 0
      vertex 35.0475 94.3203 0
    endloop
  endfacet
  facet normal 0 -0 -1
    outer loop
      vertex 36.8777 95.5502 4.8
      vertex 36.9525 95.4207 4.8
      vertex 35.0475 94.3203 4.8
    endloop
  endfacet
  facet normal 0 0 -1
    outer loop
      vertex 36.8777 95.5502 4.8
      vertex 35.0475 94.3203 4.8
      vertex 34.9727 94.4498 4.8
    endloop
  endfacet
  facet normal -0.865929 -0.500166 0
    outer loop
      vertex 36.8777 95.5502 0
      vertex 36.9525 95.4207 0
      vertex 36.9525 95.4207 4.8
    endloop
  endfacet
  facet normal -0.865929 -0.500166 0
    outer loop
      vertex 36.8777 95.5502 0
      vertex 36.9525 95.4207 4.8
      vertex 36.8777 95.5502 4.8
    endloop
  endfacet
  facet normal -0.500166 0.865929 0
    outer loop
      vertex 36.9525 95.4207 0
      vertex 35.0475 94.3203 0
      vertex 35.0475 94.3203 4.8
    endloop
  endfacet
  facet normal -0.500166 0.865929 0
    outer loop
      vertex 36.9525 95.4207 0
      vertex 35.0475 94.3203 4.8
      vertex 36.9525 95.4207 4.8
    endloop
  endfacet
  facet normal 0.865929 0.500166 0
    outer loop
      vertex 35.0475 94.3203 0
      vertex 34.9727 94.4498 0
      vertex 34.9727 94.4498 4.8
    endloop
  endfacet
  facet normal 0.865929 0.500166 -0
    outer loop
      vertex 35.0475 94.3203 0
      vertex 34.9727 94.4498 4.8
      vertex 35.0475 94.3203 4.8
    endloop
  endfacet
  facet normal 0.500166 -0.865929 0
    outer loop
      vertex 34.9727 94.4498 0
      vertex 36.8777 95.5502 0
      vertex 36.8777 95.5502 4.8
    endloop
  endfacet
  facet normal 0.500166 -0.865929 0
    outer loop
      vertex 34.9727 94.4498 0
      vertex 36.8777 95.5502 4.8
      vertex 34.9727 94.4498 4.8
    endloop
  endfacet
  facet normal -0 0 1
    outer loop
      vertex 15 47.4731 0
      vertex 22 45.2731 0
      vertex 22 47.4731 0
    endloop
  endfacet
  facet normal 0 0 1
    outer loop
      vertex 15 47.4731 0
      vertex 15 45.2731 0
      vertex 22 45.2731 0
    endloop
  endfacet
  facet normal 0 0 -1
    outer loop
      vertex 15 47.4731 4.8
      vertex 22 47.4731 4.8
      vertex 22 45.2731 4.8
    endloop
  endfacet
  facet normal 0 0 -1
    outer loop
      vertex 15 47.4731 4.8
      vertex 22 45.2731 4.8
      vertex 15 45.2731 4.8
    endloop
  endfacet
  facet normal 0 -1 0
    outer loop
      vertex 15 47.4731 0
      vertex 22 47.4731 0
      vertex 22 47.4731 4.8
    endloop
  endfacet
  facet normal 0 -1 0
    outer loop
      vertex 15 47.4731 0
      vertex 22 47.4731 4.8
      vertex 15 47.4731 4.8
    endloop
  endfacet
  facet normal -1 0 0
    outer loop
      vertex 22 47.4731 0
      vertex 22 45.2731 0
      vertex 22 45.2731 4.8
    endloop
  endfacet
  facet normal -1 0 0
    outer loop
      vertex 22 47.4731 0
      vertex 22 45.2731 4.8
      vertex 22 47.4731 4.8
    endloop
  endfacet
  facet normal 0 1 0
    outer loop
      vertex 22 45.2731 0
      vertex 15 45.2731 0
      vertex 15 45.2731 4.8
    endloop
  endfacet
  facet normal 0 1 -0
    outer loop
      vertex 22 45.2731 0
      vertex 15 45.2731 4.8
      vertex 22 45.2731 4.8
    endloop
  endfacet
  facet normal 1 0 0
    outer loop
      vertex 15 45.2731 0
      vertex 15 47.4731 0
      vertex 15 47.4731 4.8
    endloop
  endfacet
  facet normal 1 0 0
    outer loop
      vertex 15 45.2731 0
      vertex 15 47.4731 4.8
      vertex 15 45.2731 4.8
    endloop
  endfacet
  facet normal 0 0 1
    outer loop
      vertex 22.9526 59.0474 0
      vertex 24.5474 51.8852 0
      vertex 26.4526 52.9852 0
    endloop
  endfacet
  facet normal 0 0 1
    outer loop
      vertex 22.9526 59.0474 0
      vertex 21.0474 57.9474 0
      vertex 24.5474 51.8852 0
    endloop
  endfacet
  facet normal 0 0 -1
    outer loop
      vertex 22.9526 59.0474 4.8
      vertex 26.4526 52.9852 4.8
      vertex 24.5474 51.8852 4.8
    endloop
  endfacet
  facet normal 0 -0 -1
    outer loop
      vertex 22.9526 59.0474 4.8
      vertex 24.5474 51.8852 4.8
      vertex 21.0474 57.9474 4.8
    endloop
  endfacet
  facet normal -0.866026 -0.499999 0
    outer loop
      vertex 22.9526 59.0474 0
      vertex 26.4526 52.9852 0
      vertex 26.4526 52.9852 4.8
    endloop
  endfacet
  facet normal -0.866026 -0.499999 0
    outer loop
      vertex 22.9526 59.0474 0
      vertex 26.4526 52.9852 4.8
      vertex 22.9526 59.0474 4.8
    endloop
  endfacet
  facet normal -0.499999 0.866026 0
    outer loop
      vertex 26.4526 52.9852 0
      vertex 24.5474 51.8852 0
      vertex 24.5474 51.8852 4.8
    endloop
  endfacet
  facet normal -0.499999 0.866026 0
    outer loop
      vertex 26.4526 52.9852 0
      vertex 24.5474 51.8852 4.8
      vertex 26.4526 52.9852 4.8
    endloop
  endfacet
  facet normal 0.866026 0.499999 0
    outer loop
      vertex 24.5474 51.8852 0
      vertex 21.0474 57.9474 0
      vertex 21.0474 57.9474 4.8
    endloop
  endfacet
  facet normal 0.866026 0.499999 -0
    outer loop
      vertex 24.5474 51.8852 0
      vertex 21.0474 57.9474 4.8
      vertex 24.5474 51.8852 4.8
    endloop
  endfacet
  facet normal 0.499999 -0.866026 0
    outer loop
      vertex 21.0474 57.9474 0
      vertex 22.9526 59.0474 0
      vertex 22.9526 59.0474 4.8
    endloop
  endfacet
  facet normal 0.499999 -0.866026 0
    outer loop
      vertex 21.0474 57.9474 0
      vertex 22.9526 59.0474 4.8
      vertex 21.0474 57.9474 4.8
    endloop
  endfacet
  facet normal 0 0 1
    outer loop
      vertex 157.547 77.234 0
      vertex 162.953 82.1961 0
      vertex 161.047 83.2961 0
    endloop
  endfacet
  facet normal -0 0 1
    outer loop
      vertex 157.547 77.234 0
      vertex 159.453 76.134 0
      vertex 162.953 82.1961 0
    endloop
  endfacet
  facet normal 0 0 -1
    outer loop
      vertex 157.547 77.234 4.8
      vertex 161.047 83.2961 4.8
      vertex 162.953 82.1961 4.8
    endloop
  endfacet
  facet normal 0 0 -1
    outer loop
      vertex 157.547 77.234 4.8
      vertex 162.953 82.1961 4.8
      vertex 159.453 76.134 4.8
    endloop
  endfacet
  facet normal 0.866023 -0.500005 0
    outer loop
      vertex 157.547 77.234 0
      vertex 161.047 83.2961 0
      vertex 161.047 83.2961 4.8
    endloop
  endfacet
  facet normal 0.866023 -0.500005 0
    outer loop
      vertex 157.547 77.234 0
      vertex 161.047 83.2961 4.8
      vertex 157.547 77.234 4.8
    endloop
  endfacet
  facet normal -0.500005 -0.866023 0
    outer loop
      vertex 161.047 83.2961 0
      vertex 162.953 82.1961 0
      vertex 162.953 82.1961 4.8
    endloop
  endfacet
  facet normal -0.500005 -0.866023 0
    outer loop
      vertex 161.047 83.2961 0
      vertex 162.953 82.1961 4.8
      vertex 161.047 83.2961 4.8
    endloop
  endfacet
  facet normal -0.866023 0.500005 0
    outer loop
      vertex 162.953 82.1961 0
      vertex 159.453 76.134 0
      vertex 159.453 76.134 4.8
    endloop
  endfacet
  facet normal -0.866023 0.500005 0
    outer loop
      vertex 162.953 82.1961 0
      vertex 159.453 76.134 4.8
      vertex 162.953 82.1961 4.8
    endloop
  endfacet
  facet normal 0.500005 0.866023 0
    outer loop
      vertex 159.453 76.134 0
      vertex 157.547 77.234 0
      vertex 157.547 77.234 4.8
    endloop
  endfacet
  facet normal 0.500005 0.866023 -0
    outer loop
      vertex 159.453 76.134 0
      vertex 157.547 77.234 4.8
      vertex 159.453 76.134 4.8
    endloop
  endfacet
  facet normal 0 0 1
    outer loop
      vertex 117.453 89.3583 0
      vertex 119.047 82.1961 0
      vertex 120.953 83.2961 0
    endloop
  endfacet
  facet normal 0 0 1
    outer loop
      vertex 117.453 89.3583 0
      vertex 115.547 88.2583 0
      vertex 119.047 82.1961 0
    endloop
  endfacet
  facet normal 0 0 -1
    outer loop
      vertex 117.453 89.3583 4.8
      vertex 120.953 83.2961 4.8
      vertex 119.047 82.1961 4.8
    endloop
  endfacet
  facet normal 0 -0 -1
    outer loop
      vertex 117.453 89.3583 4.8
      vertex 119.047 82.1961 4.8
      vertex 115.547 88.2583 4.8
    endloop
  endfacet
  facet normal -0.866026 -0.499999 0
    outer loop
      vertex 117.453 89.3583 0
      vertex 120.953 83.2961 0
      vertex 120.953 83.2961 4.8
    endloop
  endfacet
  facet normal -0.866026 -0.499999 0
    outer loop
      vertex 117.453 89.3583 0
      vertex 120.953 83.2961 4.8
      vertex 117.453 89.3583 4.8
    endloop
  endfacet
  facet normal -0.499999 0.866026 0
    outer loop
      vertex 120.953 83.2961 0
      vertex 119.047 82.1961 0
      vertex 119.047 82.1961 4.8
    endloop
  endfacet
  facet normal -0.499999 0.866026 0
    outer loop
      vertex 120.953 83.2961 0
      vertex 119.047 82.1961 4.8
      vertex 120.953 83.2961 4.8
    endloop
  endfacet
  facet normal 0.866026 0.499999 0
    outer loop
      vertex 119.047 82.1961 0
      vertex 115.547 88.2583 0
      vertex 115.547 88.2583 4.8
    endloop
  endfacet
  facet normal 0.866026 0.499999 -0
    outer loop
      vertex 119.047 82.1961 0
      vertex 115.547 88.2583 4.8
      vertex 119.047 82.1961 4.8
    endloop
  endfacet
  facet normal 0.499999 -0.866026 0
    outer loop
      vertex 115.547 88.2583 0
      vertex 117.453 89.3583 0
      vertex 117.453 89.3583 4.8
    endloop
  endfacet
  facet normal 0.499999 -0.866026 0
    outer loop
      vertex 115.547 88.2583 0
      vertex 117.453 89.3583 4.8
      vertex 115.547 88.2583 4.8
    endloop
  endfacet
  facet normal 0 0 1
    outer loop
      vertex 75.4526 65.1096 0
      vertex 77.0474 57.9474 0
      vertex 78.9526 59.0474 0
    endloop
  endfacet
  facet normal 0 0 1
    outer loop
      vertex 75.4526 65.1096 0
      vertex 73.5474 64.0096 0
      vertex 77.0474 57.9474 0
    endloop
  endfacet
  facet normal 0 0 -1
    outer loop
      vertex 75.4526 65.1096 4.8
      vertex 78.9526 59.0474 4.8
      vertex 77.0474 57.9474 4.8
    endloop
  endfacet
  facet normal 0 -0 -1
    outer loop
      vertex 75.4526 65.1096 4.8
      vertex 77.0474 57.9474 4.8
      vertex 73.5474 64.0096 4.8
    endloop
  endfacet
  facet normal -0.866026 -0.499999 0
    outer loop
      vertex 75.4526 65.1096 0
      vertex 78.9526 59.0474 0
      vertex 78.9526 59.0474 4.8
    endloop
  endfacet
  facet normal -0.866026 -0.499999 0
    outer loop
      vertex 75.4526 65.1096 0
      vertex 78.9526 59.0474 4.8
      vertex 75.4526 65.1096 4.8
    endloop
  endfacet
  facet normal -0.499999 0.866026 0
    outer loop
      vertex 78.9526 59.0474 0
      vertex 77.0474 57.9474 0
      vertex 77.0474 57.9474 4.8
    endloop
  endfacet
  facet normal -0.499999 0.866026 0
    outer loop
      vertex 78.9526 59.0474 0
      vertex 77.0474 57.9474 4.8
      vertex 78.9526 59.0474 4.8
    endloop
  endfacet
  facet normal 0.866026 0.499999 0
    outer loop
      vertex 77.0474 57.9474 0
      vertex 73.5474 64.0096 0
      vertex 73.5474 64.0096 4.8
    endloop
  endfacet
  facet normal 0.866026 0.499999 -0
    outer loop
      vertex 77.0474 57.9474 0
      vertex 73.5474 64.0096 4.8
      vertex 77.0474 57.9474 4.8
    endloop
  endfacet
  facet normal 0.499999 -0.866026 0
    outer loop
      vertex 73.5474 64.0096 0
      vertex 75.4526 65.1096 0
      vertex 75.4526 65.1096 4.8
    endloop
  endfacet
  facet normal 0.499999 -0.866026 0
    outer loop
      vertex 73.5474 64.0096 0
      vertex 75.4526 65.1096 4.8
      vertex 73.5474 64.0096 4.8
    endloop
  endfacet
  facet normal -0 0 1
    outer loop
      vertex 15 35.3487 0
      vertex 22 33.1487 0
      vertex 22 35.3487 0
    endloop
  endfacet
  facet normal 0 0 1
    outer loop
      vertex 15 35.3487 0
      vertex 15 33.1487 0
      vertex 22 33.1487 0
    endloop
  endfacet
  facet normal 0 0 -1
    outer loop
      vertex 15 35.3487 4.8
      vertex 22 35.3487 4.8
      vertex 22 33.1487 4.8
    endloop
  endfacet
  facet normal 0 0 -1
    outer loop
      vertex 15 35.3487 4.8
      vertex 22 33.1487 4.8
      vertex 15 33.1487 4.8
    endloop
  endfacet
  facet normal 0 -1 0
    outer loop
      vertex 15 35.3487 0
      vertex 22 35.3487 0
      vertex 22 35.3487 4.8
    endloop
  endfacet
  facet normal 0 -1 0
    outer loop
      vertex 15 35.3487 0
      vertex 22 35.3487 4.8
      vertex 15 35.3487 4.8
    endloop
  endfacet
  facet normal -1 0 0
    outer loop
      vertex 22 35.3487 0
      vertex 22 33.1487 0
      vertex 22 33.1487 4.8
    endloop
  endfacet
  facet normal -1 0 0
    outer loop
      vertex 22 35.3487 0
      vertex 22 33.1487 4.8
      vertex 22 35.3487 4.8
    endloop
  endfacet
  facet normal 0 1 0
    outer loop
      vertex 22 33.1487 0
      vertex 15 33.1487 0
      vertex 15 33.1487 4.8
    endloop
  endfacet
  facet normal 0 1 -0
    outer loop
      vertex 22 33.1487 0
      vertex 15 33.1487 4.8
      vertex 22 33.1487 4.8
    endloop
  endfacet
  facet normal 1 0 0
    outer loop
      vertex 15 33.1487 0
      vertex 15 35.3487 0
      vertex 15 35.3487 4.8
    endloop
  endfacet
  facet normal 1 0 0
    outer loop
      vertex 15 33.1487 0
      vertex 15 35.3487 4.8
      vertex 15 33.1487 4.8
    endloop
  endfacet
  facet normal 0 0 1
    outer loop
      vertex 96.4526 89.3583 0
      vertex 98.0474 82.1961 0
      vertex 99.9526 83.2961 0
    endloop
  endfacet
  facet normal 0 0 1
    outer loop
      vertex 96.4526 89.3583 0
      vertex 94.5474 88.2583 0
      vertex 98.0474 82.1961 0
    endloop
  endfacet
  facet normal 0 0 -1
    outer loop
      vertex 96.4526 89.3583 4.8
      vertex 99.9526 83.2961 4.8
      vertex 98.0474 82.1961 4.8
    endloop
  endfacet
  facet normal 0 -0 -1
    outer loop
      vertex 96.4526 89.3583 4.8
      vertex 98.0474 82.1961 4.8
      vertex 94.5474 88.2583 4.8
    endloop
  endfacet
  facet normal -0.866026 -0.499999 0
    outer loop
      vertex 96.4526 89.3583 0
      vertex 99.9526 83.2961 0
      vertex 99.9526 83.2961 4.8
    endloop
  endfacet
  facet normal -0.866026 -0.499999 0
    outer loop
      vertex 96.4526 89.3583 0
      vertex 99.9526 83.2961 4.8
      vertex 96.4526 89.3583 4.8
    endloop
  endfacet
  facet normal -0.499999 0.866026 0
    outer loop
      vertex 99.9526 83.2961 0
      vertex 98.0474 82.1961 0
      vertex 98.0474 82.1961 4.8
    endloop
  endfacet
  facet normal -0.499999 0.866026 0
    outer loop
      vertex 99.9526 83.2961 0
      vertex 98.0474 82.1961 4.8
      vertex 99.9526 83.2961 4.8
    endloop
  endfacet
  facet normal 0.866026 0.499999 0
    outer loop
      vertex 98.0474 82.1961 0
      vertex 94.5474 88.2583 0
      vertex 94.5474 88.2583 4.8
    endloop
  endfacet
  facet normal 0.866026 0.499999 -0
    outer loop
      vertex 98.0474 82.1961 0
      vertex 94.5474 88.2583 4.8
      vertex 98.0474 82.1961 4.8
    endloop
  endfacet
  facet normal 0.499999 -0.866026 0
    outer loop
      vertex 94.5474 88.2583 0
      vertex 96.4526 89.3583 0
      vertex 96.4526 89.3583 4.8
    endloop
  endfacet
  facet normal 0.499999 -0.866026 0
    outer loop
      vertex 94.5474 88.2583 0
      vertex 96.4526 89.3583 4.8
      vertex 94.5474 88.2583 4.8
    endloop
  endfacet
  facet normal 0 0 1
    outer loop
      vertex 127.953 95.4205 0
      vertex 129.547 88.2583 0
      vertex 131.453 89.3583 0
    endloop
  endfacet
  facet normal 0 0 1
    outer loop
      vertex 127.953 95.4205 0
      vertex 126.047 94.3205 0
      vertex 129.547 88.2583 0
    endloop
  endfacet
  facet normal 0 0 -1
    outer loop
      vertex 127.953 95.4205 4.8
      vertex 131.453 89.3583 4.8
      vertex 129.547 88.2583 4.8
    endloop
  endfacet
  facet normal 0 -0 -1
    outer loop
      vertex 127.953 95.4205 4.8
      vertex 129.547 88.2583 4.8
      vertex 126.047 94.3205 4.8
    endloop
  endfacet
  facet normal -0.866026 -0.499999 0
    outer loop
      vertex 127.953 95.4205 0
      vertex 131.453 89.3583 0
      vertex 131.453 89.3583 4.8
    endloop
  endfacet
  facet normal -0.866026 -0.499999 0
    outer loop
      vertex 127.953 95.4205 0
      vertex 131.453 89.3583 4.8
      vertex 127.953 95.4205 4.8
    endloop
  endfacet
  facet normal -0.499999 0.866026 0
    outer loop
      vertex 131.453 89.3583 0
      vertex 129.547 88.2583 0
      vertex 129.547 88.2583 4.8
    endloop
  endfacet
  facet normal -0.499999 0.866026 0
    outer loop
      vertex 131.453 89.3583 0
      vertex 129.547 88.2583 4.8
      vertex 131.453 89.3583 4.8
    endloop
  endfacet
  facet normal 0.866026 0.499999 0
    outer loop
      vertex 129.547 88.2583 0
      vertex 126.047 94.3205 0
      vertex 126.047 94.3205 4.8
    endloop
  endfacet
  facet normal 0.866026 0.499999 -0
    outer loop
      vertex 129.547 88.2583 0
      vertex 126.047 94.3205 4.8
      vertex 129.547 88.2583 4.8
    endloop
  endfacet
  facet normal 0.499999 -0.866026 0
    outer loop
      vertex 126.047 94.3205 0
      vertex 127.953 95.4205 0
      vertex 127.953 95.4205 4.8
    endloop
  endfacet
  facet normal 0.499999 -0.866026 0
    outer loop
      vertex 126.047 94.3205 0
      vertex 127.953 95.4205 4.8
      vertex 126.047 94.3205 4.8
    endloop
  endfacet
  facet normal 0 0 1
    outer loop
      vertex 42.0474 10.55 0
      vertex 47.4526 15.5122 0
      vertex 45.5474 16.6122 0
    endloop
  endfacet
  facet normal -0 0 1
    outer loop
      vertex 42.0474 10.55 0
      vertex 43.9526 9.45 0
      vertex 47.4526 15.5122 0
    endloop
  endfacet
  facet normal 0 0 -1
    outer loop
      vertex 42.0474 10.55 4.8
      vertex 45.5474 16.6122 4.8
      vertex 47.4526 15.5122 4.8
    endloop
  endfacet
  facet normal 0 0 -1
    outer loop
      vertex 42.0474 10.55 4.8
      vertex 47.4526 15.5122 4.8
      vertex 43.9526 9.45 4.8
    endloop
  endfacet
  facet normal 0.866026 -0.499999 0
    outer loop
      vertex 42.0474 10.55 0
      vertex 45.5474 16.6122 0
      vertex 45.5474 16.6122 4.8
    endloop
  endfacet
  facet normal 0.866026 -0.499999 0
    outer loop
      vertex 42.0474 10.55 0
      vertex 45.5474 16.6122 4.8
      vertex 42.0474 10.55 4.8
    endloop
  endfacet
  facet normal -0.499999 -0.866026 0
    outer loop
      vertex 45.5474 16.6122 0
      vertex 47.4526 15.5122 0
      vertex 47.4526 15.5122 4.8
    endloop
  endfacet
  facet normal -0.499999 -0.866026 0
    outer loop
      vertex 45.5474 16.6122 0
      vertex 47.4526 15.5122 4.8
      vertex 45.5474 16.6122 4.8
    endloop
  endfacet
  facet normal -0.866026 0.499999 0
    outer loop
      vertex 47.4526 15.5122 0
      vertex 43.9526 9.45 0
      vertex 43.9526 9.45 4.8
    endloop
  endfacet
  facet normal -0.866026 0.499999 0
    outer loop
      vertex 47.4526 15.5122 0
      vertex 43.9526 9.45 4.8
      vertex 47.4526 15.5122 4.8
    endloop
  endfacet
  facet normal 0.499999 0.866026 0
    outer loop
      vertex 43.9526 9.45 0
      vertex 42.0474 10.55 0
      vertex 42.0474 10.55 4.8
    endloop
  endfacet
  facet normal 0.499999 0.866026 -0
    outer loop
      vertex 43.9526 9.45 0
      vertex 42.0474 10.55 4.8
      vertex 43.9526 9.45 4.8
    endloop
  endfacet
  facet normal -0 0 1
    outer loop
      vertex 130.5 17.1622 0
      vertex 137.5 14.9622 0
      vertex 137.5 17.1622 0
    endloop
  endfacet
  facet normal 0 0 1
    outer loop
      vertex 130.5 17.1622 0
      vertex 130.5 14.9622 0
      vertex 137.5 14.9622 0
    endloop
  endfacet
  facet normal 0 0 -1
    outer loop
      vertex 130.5 17.1622 4.8
      vertex 137.5 17.1622 4.8
      vertex 137.5 14.9622 4.8
    endloop
  endfacet
  facet normal 0 0 -1
    outer loop
      vertex 130.5 17.1622 4.8
      vertex 137.5 14.9622 4.8
      vertex 130.5 14.9622 4.8
    endloop
  endfacet
  facet normal 0 -1 0
    outer loop
      vertex 130.5 17.1622 0
      vertex 137.5 17.1622 0
      vertex 137.5 17.1622 4.8
    endloop
  endfacet
  facet normal 0 -1 0
    outer loop
      vertex 130.5 17.1622 0
      vertex 137.5 17.1622 4.8
      vertex 130.5 17.1622 4.8
    endloop
  endfacet
  facet normal -1 0 0
    outer loop
      vertex 137.5 17.1622 0
      vertex 137.5 14.9622 0
      vertex 137.5 14.9622 4.8
    endloop
  endfacet
  facet normal -1 0 0
    outer loop
      vertex 137.5 17.1622 0
      vertex 137.5 14.9622 4.8
      vertex 137.5 17.1622 4.8
    endloop
  endfacet
  facet normal 0 1 0
    outer loop
      vertex 137.5 14.9622 0
      vertex 130.5 14.9622 0
      vertex 130.5 14.9622 4.8
    endloop
  endfacet
  facet normal 0 1 -0
    outer loop
      vertex 137.5 14.9622 0
      vertex 130.5 14.9622 4.8
      vertex 137.5 14.9622 4.8
    endloop
  endfacet
  facet normal 1 0 0
    outer loop
      vertex 130.5 14.9622 0
      vertex 130.5 17.1622 0
      vertex 130.5 17.1622 4.8
    endloop
  endfacet
  facet normal 1 0 0
    outer loop
      vertex 130.5 14.9622 0
      vertex 130.5 17.1622 4.8
      vertex 130.5 14.9622 4.8
    endloop
  endfacet
  facet normal 0 0 1
    outer loop
      vertex 117.453 52.9852 0
      vertex 119.047 45.8231 0
      vertex 120.953 46.9231 0
    endloop
  endfacet
  facet normal 0 0 1
    outer loop
      vertex 117.453 52.9852 0
      vertex 115.547 51.8852 0
      vertex 119.047 45.8231 0
    endloop
  endfacet
  facet normal 0 0 -1
    outer loop
      vertex 117.453 52.9852 4.8
      vertex 120.953 46.9231 4.8
      vertex 119.047 45.8231 4.8
    endloop
  endfacet
  facet normal 0 -0 -1
    outer loop
      vertex 117.453 52.9852 4.8
      vertex 119.047 45.8231 4.8
      vertex 115.547 51.8852 4.8
    endloop
  endfacet
  facet normal -0.866023 -0.500005 0
    outer loop
      vertex 117.453 52.9852 0
      vertex 120.953 46.9231 0
      vertex 120.953 46.9231 4.8
    endloop
  endfacet
  facet normal -0.866023 -0.500005 0
    outer loop
      vertex 117.453 52.9852 0
      vertex 120.953 46.9231 4.8
      vertex 117.453 52.9852 4.8
    endloop
  endfacet
  facet normal -0.500005 0.866023 0
    outer loop
      vertex 120.953 46.9231 0
      vertex 119.047 45.8231 0
      vertex 119.047 45.8231 4.8
    endloop
  endfacet
  facet normal -0.500005 0.866023 0
    outer loop
      vertex 120.953 46.9231 0
      vertex 119.047 45.8231 4.8
      vertex 120.953 46.9231 4.8
    endloop
  endfacet
  facet normal 0.866023 0.500005 0
    outer loop
      vertex 119.047 45.8231 0
      vertex 115.547 51.8852 0
      vertex 115.547 51.8852 4.8
    endloop
  endfacet
  facet normal 0.866023 0.500005 -0
    outer loop
      vertex 119.047 45.8231 0
      vertex 115.547 51.8852 4.8
      vertex 119.047 45.8231 4.8
    endloop
  endfacet
  facet normal 0.500005 -0.866023 0
    outer loop
      vertex 115.547 51.8852 0
      vertex 117.453 52.9852 0
      vertex 117.453 52.9852 4.8
    endloop
  endfacet
  facet normal 0.500005 -0.866023 0
    outer loop
      vertex 115.547 51.8852 0
      vertex 117.453 52.9852 4.8
      vertex 115.547 51.8852 4.8
    endloop
  endfacet
  facet normal 0 0 1
    outer loop
      vertex 126.047 46.9231 0
      vertex 131.453 51.8852 0
      vertex 129.547 52.9852 0
    endloop
  endfacet
  facet normal -0 0 1
    outer loop
      vertex 126.047 46.9231 0
      vertex 127.953 45.8231 0
      vertex 131.453 51.8852 0
    endloop
  endfacet
  facet normal 0 0 -1
    outer loop
      vertex 126.047 46.9231 4.8
      vertex 129.547 52.9852 4.8
      vertex 131.453 51.8852 4.8
    endloop
  endfacet
  facet normal 0 0 -1
    outer loop
      vertex 126.047 46.9231 4.8
      vertex 131.453 51.8852 4.8
      vertex 127.953 45.8231 4.8
    endloop
  endfacet
  facet normal 0.866023 -0.500005 0
    outer loop
      vertex 126.047 46.9231 0
      vertex 129.547 52.9852 0
      vertex 129.547 52.9852 4.8
    endloop
  endfacet
  facet normal 0.866023 -0.500005 0
    outer loop
      vertex 126.047 46.9231 0
      vertex 129.547 52.9852 4.8
      vertex 126.047 46.9231 4.8
    endloop
  endfacet
  facet normal -0.500005 -0.866023 0
    outer loop
      vertex 129.547 52.9852 0
      vertex 131.453 51.8852 0
      vertex 131.453 51.8852 4.8
    endloop
  endfacet
  facet normal -0.500005 -0.866023 0
    outer loop
      vertex 129.547 52.9852 0
      vertex 131.453 51.8852 4.8
      vertex 129.547 52.9852 4.8
    endloop
  endfacet
  facet normal -0.866023 0.500005 0
    outer loop
      vertex 131.453 51.8852 0
      vertex 127.953 45.8231 0
      vertex 127.953 45.8231 4.8
    endloop
  endfacet
  facet normal -0.866023 0.500005 0
    outer loop
      vertex 131.453 51.8852 0
      vertex 127.953 45.8231 4.8
      vertex 131.453 51.8852 4.8
    endloop
  endfacet
  facet normal 0.500005 0.866023 0
    outer loop
      vertex 127.953 45.8231 0
      vertex 126.047 46.9231 0
      vertex 126.047 46.9231 4.8
    endloop
  endfacet
  facet normal 0.500005 0.866023 -0
    outer loop
      vertex 127.953 45.8231 0
      vertex 126.047 46.9231 4.8
      vertex 127.953 45.8231 4.8
    endloop
  endfacet
  facet normal 0 0 1
    outer loop
      vertex 147.047 22.6744 0
      vertex 152.453 27.6365 0
      vertex 150.547 28.7365 0
    endloop
  endfacet
  facet normal -0 0 1
    outer loop
      vertex 147.047 22.6744 0
      vertex 148.953 21.5744 0
      vertex 152.453 27.6365 0
    endloop
  endfacet
  facet normal 0 0 -1
    outer loop
      vertex 147.047 22.6744 4.8
      vertex 150.547 28.7365 4.8
      vertex 152.453 27.6365 4.8
    endloop
  endfacet
  facet normal 0 0 -1
    outer loop
      vertex 147.047 22.6744 4.8
      vertex 152.453 27.6365 4.8
      vertex 148.953 21.5744 4.8
    endloop
  endfacet
  facet normal 0.866023 -0.500005 0
    outer loop
      vertex 147.047 22.6744 0
      vertex 150.547 28.7365 0
      vertex 150.547 28.7365 4.8
    endloop
  endfacet
  facet normal 0.866023 -0.500005 0
    outer loop
      vertex 147.047 22.6744 0
      vertex 150.547 28.7365 4.8
      vertex 147.047 22.6744 4.8
    endloop
  endfacet
  facet normal -0.500005 -0.866023 0
    outer loop
      vertex 150.547 28.7365 0
      vertex 152.453 27.6365 0
      vertex 152.453 27.6365 4.8
    endloop
  endfacet
  facet normal -0.500005 -0.866023 0
    outer loop
      vertex 150.547 28.7365 0
      vertex 152.453 27.6365 4.8
      vertex 150.547 28.7365 4.8
    endloop
  endfacet
  facet normal -0.866023 0.500005 0
    outer loop
      vertex 152.453 27.6365 0
      vertex 148.953 21.5744 0
      vertex 148.953 21.5744 4.8
    endloop
  endfacet
  facet normal -0.866023 0.500005 0
    outer loop
      vertex 152.453 27.6365 0
      vertex 148.953 21.5744 4.8
      vertex 152.453 27.6365 4.8
    endloop
  endfacet
  facet normal 0.500005 0.866023 0
    outer loop
      vertex 148.953 21.5744 0
      vertex 147.047 22.6744 0
      vertex 147.047 22.6744 4.8
    endloop
  endfacet
  facet normal 0.500005 0.866023 -0
    outer loop
      vertex 148.953 21.5744 0
      vertex 147.047 22.6744 4.8
      vertex 148.953 21.5744 4.8
    endloop
  endfacet
  facet normal -0 0 1
    outer loop
      vertex 109.5 77.784 0
      vertex 116.5 75.584 0
      vertex 116.5 77.784 0
    endloop
  endfacet
  facet normal 0 0 1
    outer loop
      vertex 109.5 77.784 0
      vertex 109.5 75.584 0
      vertex 116.5 75.584 0
    endloop
  endfacet
  facet normal 0 0 -1
    outer loop
      vertex 109.5 77.784 4.8
      vertex 116.5 77.784 4.8
      vertex 116.5 75.584 4.8
    endloop
  endfacet
  facet normal 0 0 -1
    outer loop
      vertex 109.5 77.784 4.8
      vertex 116.5 75.584 4.8
      vertex 109.5 75.584 4.8
    endloop
  endfacet
  facet normal 0 -1 0
    outer loop
      vertex 109.5 77.784 0
      vertex 116.5 77.784 0
      vertex 116.5 77.784 4.8
    endloop
  endfacet
  facet normal 0 -1 0
    outer loop
      vertex 109.5 77.784 0
      vertex 116.5 77.784 4.8
      vertex 109.5 77.784 4.8
    endloop
  endfacet
  facet normal -1 0 0
    outer loop
      vertex 116.5 77.784 0
      vertex 116.5 75.584 0
      vertex 116.5 75.584 4.8
    endloop
  endfacet
  facet normal -1 0 0
    outer loop
      vertex 116.5 77.784 0
      vertex 116.5 75.584 4.8
      vertex 116.5 77.784 4.8
    endloop
  endfacet
  facet normal 0 1 0
    outer loop
      vertex 116.5 75.584 0
      vertex 109.5 75.584 0
      vertex 109.5 75.584 4.8
    endloop
  endfacet
  facet normal 0 1 -0
    outer loop
      vertex 116.5 75.584 0
      vertex 109.5 75.584 4.8
      vertex 116.5 75.584 4.8
    endloop
  endfacet
  facet normal 1 0 0
    outer loop
      vertex 109.5 75.584 0
      vertex 109.5 77.784 0
      vertex 109.5 77.784 4.8
    endloop
  endfacet
  facet normal 1 0 0
    outer loop
      vertex 109.5 75.584 0
      vertex 109.5 77.784 4.8
      vertex 109.5 75.584 4.8
    endloop
  endfacet
  facet normal 0 0 1
    outer loop
      vertex 84.0474 83.2961 0
      vertex 89.4526 88.2583 0
      vertex 87.5474 89.3583 0
    endloop
  endfacet
  facet normal -0 0 1
    outer loop
      vertex 84.0474 83.2961 0
      vertex 85.9526 82.1961 0
      vertex 89.4526 88.2583 0
    endloop
  endfacet
  facet normal 0 0 -1
    outer loop
      vertex 84.0474 83.2961 4.8
      vertex 87.5474 89.3583 4.8
      vertex 89.4526 88.2583 4.8
    endloop
  endfacet
  facet normal 0 0 -1
    outer loop
      vertex 84.0474 83.2961 4.8
      vertex 89.4526 88.2583 4.8
      vertex 85.9526 82.1961 4.8
    endloop
  endfacet
  facet normal 0.866026 -0.499999 0
    outer loop
      vertex 84.0474 83.2961 0
      vertex 87.5474 89.3583 0
      vertex 87.5474 89.3583 4.8
    endloop
  endfacet
  facet normal 0.866026 -0.499999 0
    outer loop
      vertex 84.0474 83.2961 0
      vertex 87.5474 89.3583 4.8
      vertex 84.0474 83.2961 4.8
    endloop
  endfacet
  facet normal -0.499999 -0.866026 0
    outer loop
      vertex 87.5474 89.3583 0
      vertex 89.4526 88.2583 0
      vertex 89.4526 88.2583 4.8
    endloop
  endfacet
  facet normal -0.499999 -0.866026 0
    outer loop
      vertex 87.5474 89.3583 0
      vertex 89.4526 88.2583 4.8
      vertex 87.5474 89.3583 4.8
    endloop
  endfacet
  facet normal -0.866026 0.499999 0
    outer loop
      vertex 89.4526 88.2583 0
      vertex 85.9526 82.1961 0
      vertex 85.9526 82.1961 4.8
    endloop
  endfacet
  facet normal -0.866026 0.499999 0
    outer loop
      vertex 89.4526 88.2583 0
      vertex 85.9526 82.1961 4.8
      vertex 89.4526 88.2583 4.8
    endloop
  endfacet
  facet normal 0.499999 0.866026 0
    outer loop
      vertex 85.9526 82.1961 0
      vertex 84.0474 83.2961 0
      vertex 84.0474 83.2961 4.8
    endloop
  endfacet
  facet normal 0.499999 0.866026 -0
    outer loop
      vertex 85.9526 82.1961 0
      vertex 84.0474 83.2961 4.8
      vertex 85.9526 82.1961 4.8
    endloop
  endfacet
  facet normal 0 0 1
    outer loop
      vertex 147.047 83.2961 0
      vertex 152.453 88.2583 0
      vertex 150.547 89.3583 0
    endloop
  endfacet
  facet normal -0 0 1
    outer loop
      vertex 147.047 83.2961 0
      vertex 148.953 82.1961 0
      vertex 152.453 88.2583 0
    endloop
  endfacet
  facet normal 0 0 -1
    outer loop
      vertex 147.047 83.2961 4.8
      vertex 150.547 89.3583 4.8
      vertex 152.453 88.2583 4.8
    endloop
  endfacet
  facet normal 0 0 -1
    outer loop
      vertex 147.047 83.2961 4.8
      vertex 152.453 88.2583 4.8
      vertex 148.953 82.1961 4.8
    endloop
  endfacet
  facet normal 0.866026 -0.499999 0
    outer loop
      vertex 147.047 83.2961 0
      vertex 150.547 89.3583 0
      vertex 150.547 89.3583 4.8
    endloop
  endfacet
  facet normal 0.866026 -0.499999 0
    outer loop
      vertex 147.047 83.2961 0
      vertex 150.547 89.3583 4.8
      vertex 147.047 83.2961 4.8
    endloop
  endfacet
  facet normal -0.499999 -0.866026 0
    outer loop
      vertex 150.547 89.3583 0
      vertex 152.453 88.2583 0
      vertex 152.453 88.2583 4.8
    endloop
  endfacet
  facet normal -0.499999 -0.866026 0
    outer loop
      vertex 150.547 89.3583 0
      vertex 152.453 88.2583 4.8
      vertex 150.547 89.3583 4.8
    endloop
  endfacet
  facet normal -0.866026 0.499999 0
    outer loop
      vertex 152.453 88.2583 0
      vertex 148.953 82.1961 0
      vertex 148.953 82.1961 4.8
    endloop
  endfacet
  facet normal -0.866026 0.499999 0
    outer loop
      vertex 152.453 88.2583 0
      vertex 148.953 82.1961 4.8
      vertex 152.453 88.2583 4.8
    endloop
  endfacet
  facet normal 0.499999 0.866026 0
    outer loop
      vertex 148.953 82.1961 0
      vertex 147.047 83.2961 0
      vertex 147.047 83.2961 4.8
    endloop
  endfacet
  facet normal 0.499999 0.866026 -0
    outer loop
      vertex 148.953 82.1961 0
      vertex 147.047 83.2961 4.8
      vertex 148.953 82.1961 4.8
    endloop
  endfacet
  facet normal -0 0 1
    outer loop
      vertex 57 23.2244 0
      vertex 64 21.0244 0
      vertex 64 23.2244 0
    endloop
  endfacet
  facet normal 0 0 1
    outer loop
      vertex 57 23.2244 0
      vertex 57 21.0244 0
      vertex 64 21.0244 0
    endloop
  endfacet
  facet normal 0 0 -1
    outer loop
      vertex 57 23.2244 4.8
      vertex 64 23.2244 4.8
      vertex 64 21.0244 4.8
    endloop
  endfacet
  facet normal 0 0 -1
    outer loop
      vertex 57 23.2244 4.8
      vertex 64 21.0244 4.8
      vertex 57 21.0244 4.8
    endloop
  endfacet
  facet normal 0 -1 0
    outer loop
      vertex 57 23.2244 0
      vertex 64 23.2244 0
      vertex 64 23.2244 4.8
    endloop
  endfacet
  facet normal 0 -1 0
    outer loop
      vertex 57 23.2244 0
      vertex 64 23.2244 4.8
      vertex 57 23.2244 4.8
    endloop
  endfacet
  facet normal -1 0 0
    outer loop
      vertex 64 23.2244 0
      vertex 64 21.0244 0
      vertex 64 21.0244 4.8
    endloop
  endfacet
  facet normal -1 0 0
    outer loop
      vertex 64 23.2244 0
      vertex 64 21.0244 4.8
      vertex 64 23.2244 4.8
    endloop
  endfacet
  facet normal 0 1 0
    outer loop
      vertex 64 21.0244 0
      vertex 57 21.0244 0
      vertex 57 21.0244 4.8
    endloop
  endfacet
  facet normal 0 1 -0
    outer loop
      vertex 64 21.0244 0
      vertex 57 21.0244 4.8
      vertex 64 21.0244 4.8
    endloop
  endfacet
  facet normal 1 0 0
    outer loop
      vertex 57 21.0244 0
      vertex 57 23.2244 0
      vertex 57 23.2244 4.8
    endloop
  endfacet
  facet normal 1 0 0
    outer loop
      vertex 57 21.0244 0
      vertex 57 23.2244 4.8
      vertex 57 21.0244 4.8
    endloop
  endfacet
  facet normal 0 0 1
    outer loop
      vertex 43.9526 59.0474 0
      vertex 45.5474 51.8852 0
      vertex 47.4526 52.9852 0
    endloop
  endfacet
  facet normal 0 0 1
    outer loop
      vertex 43.9526 59.0474 0
      vertex 42.0474 57.9474 0
      vertex 45.5474 51.8852 0
    endloop
  endfacet
  facet normal 0 0 -1
    outer loop
      vertex 43.9526 59.0474 4.8
      vertex 47.4526 52.9852 4.8
      vertex 45.5474 51.8852 4.8
    endloop
  endfacet
  facet normal 0 -0 -1
    outer loop
      vertex 43.9526 59.0474 4.8
      vertex 45.5474 51.8852 4.8
      vertex 42.0474 57.9474 4.8
    endloop
  endfacet
  facet normal -0.866026 -0.499999 0
    outer loop
      vertex 43.9526 59.0474 0
      vertex 47.4526 52.9852 0
      vertex 47.4526 52.9852 4.8
    endloop
  endfacet
  facet normal -0.866026 -0.499999 0
    outer loop
      vertex 43.9526 59.0474 0
      vertex 47.4526 52.9852 4.8
      vertex 43.9526 59.0474 4.8
    endloop
  endfacet
  facet normal -0.499999 0.866026 0
    outer loop
      vertex 47.4526 52.9852 0
      vertex 45.5474 51.8852 0
      vertex 45.5474 51.8852 4.8
    endloop
  endfacet
  facet normal -0.499999 0.866026 0
    outer loop
      vertex 47.4526 52.9852 0
      vertex 45.5474 51.8852 4.8
      vertex 47.4526 52.9852 4.8
    endloop
  endfacet
  facet normal 0.866026 0.499999 0
    outer loop
      vertex 45.5474 51.8852 0
      vertex 42.0474 57.9474 0
      vertex 42.0474 57.9474 4.8
    endloop
  endfacet
  facet normal 0.866026 0.499999 -0
    outer loop
      vertex 45.5474 51.8852 0
      vertex 42.0474 57.9474 4.8
      vertex 45.5474 51.8852 4.8
    endloop
  endfacet
  facet normal 0.499999 -0.866026 0
    outer loop
      vertex 42.0474 57.9474 0
      vertex 43.9526 59.0474 0
      vertex 43.9526 59.0474 4.8
    endloop
  endfacet
  facet normal 0.499999 -0.866026 0
    outer loop
      vertex 42.0474 57.9474 0
      vertex 43.9526 59.0474 4.8
      vertex 42.0474 57.9474 4.8
    endloop
  endfacet
  facet normal 0 0 1
    outer loop
      vertex 84.0474 10.55 0
      vertex 89.4526 15.5122 0
      vertex 87.5474 16.6122 0
    endloop
  endfacet
  facet normal -0 0 1
    outer loop
      vertex 84.0474 10.55 0
      vertex 85.9526 9.45 0
      vertex 89.4526 15.5122 0
    endloop
  endfacet
  facet normal 0 0 -1
    outer loop
      vertex 84.0474 10.55 4.8
      vertex 87.5474 16.6122 4.8
      vertex 89.4526 15.5122 4.8
    endloop
  endfacet
  facet normal 0 0 -1
    outer loop
      vertex 84.0474 10.55 4.8
      vertex 89.4526 15.5122 4.8
      vertex 85.9526 9.45 4.8
    endloop
  endfacet
  facet normal 0.866026 -0.499999 0
    outer loop
      vertex 84.0474 10.55 0
      vertex 87.5474 16.6122 0
      vertex 87.5474 16.6122 4.8
    endloop
  endfacet
  facet normal 0.866026 -0.499999 0
    outer loop
      vertex 84.0474 10.55 0
      vertex 87.5474 16.6122 4.8
      vertex 84.0474 10.55 4.8
    endloop
  endfacet
  facet normal -0.499999 -0.866026 0
    outer loop
      vertex 87.5474 16.6122 0
      vertex 89.4526 15.5122 0
      vertex 89.4526 15.5122 4.8
    endloop
  endfacet
  facet normal -0.499999 -0.866026 0
    outer loop
      vertex 87.5474 16.6122 0
      vertex 89.4526 15.5122 4.8
      vertex 87.5474 16.6122 4.8
    endloop
  endfacet
  facet normal -0.866026 0.499999 0
    outer loop
      vertex 89.4526 15.5122 0
      vertex 85.9526 9.45 0
      vertex 85.9526 9.45 4.8
    endloop
  endfacet
  facet normal -0.866026 0.499999 0
    outer loop
      vertex 89.4526 15.5122 0
      vertex 85.9526 9.45 4.8
      vertex 89.4526 15.5122 4.8
    endloop
  endfacet
  facet normal 0.499999 0.866026 0
    outer loop
      vertex 85.9526 9.45 0
      vertex 84.0474 10.55 0
      vertex 84.0474 10.55 4.8
    endloop
  endfacet
  facet normal 0.499999 0.866026 -0
    outer loop
      vertex 85.9526 9.45 0
      vertex 84.0474 10.55 4.8
      vertex 85.9526 9.45 4.8
    endloop
  endfacet
  facet normal 0 0 1
    outer loop
      vertex 94.5474 65.1096 0
      vertex 99.9526 70.0718 0
      vertex 98.0474 71.1718 0
    endloop
  endfacet
  facet normal -0 0 1
    outer loop
      vertex 94.5474 65.1096 0
      vertex 96.4526 64.0096 0
      vertex 99.9526 70.0718 0
    endloop
  endfacet
  facet normal 0 0 -1
    outer loop
      vertex 94.5474 65.1096 4.8
      vertex 98.0474 71.1718 4.8
      vertex 99.9526 70.0718 4.8
    endloop
  endfacet
  facet normal 0 0 -1
    outer loop
      vertex 94.5474 65.1096 4.8
      vertex 99.9526 70.0718 4.8
      vertex 96.4526 64.0096 4.8
    endloop
  endfacet
  facet normal 0.866026 -0.499999 0
    outer loop
      vertex 94.5474 65.1096 0
      vertex 98.0474 71.1718 0
      vertex 98.0474 71.1718 4.8
    endloop
  endfacet
  facet normal 0.866026 -0.499999 0
    outer loop
      vertex 94.5474 65.1096 0
      vertex 98.0474 71.1718 4.8
      vertex 94.5474 65.1096 4.8
    endloop
  endfacet
  facet normal -0.499999 -0.866026 0
    outer loop
      vertex 98.0474 71.1718 0
      vertex 99.9526 70.0718 0
      vertex 99.9526 70.0718 4.8
    endloop
  endfacet
  facet normal -0.499999 -0.866026 0
    outer loop
      vertex 98.0474 71.1718 0
      vertex 99.9526 70.0718 4.8
      vertex 98.0474 71.1718 4.8
    endloop
  endfacet
  facet normal -0.866026 0.499999 0
    outer loop
      vertex 99.9526 70.0718 0
      vertex 96.4526 64.0096 0
      vertex 96.4526 64.0096 4.8
    endloop
  endfacet
  facet normal -0.866026 0.499999 0
    outer loop
      vertex 99.9526 70.0718 0
      vertex 96.4526 64.0096 4.8
      vertex 99.9526 70.0718 4.8
    endloop
  endfacet
  facet normal 0.499999 0.866026 0
    outer loop
      vertex 96.4526 64.0096 0
      vertex 94.5474 65.1096 0
      vertex 94.5474 65.1096 4.8
    endloop
  endfacet
  facet normal 0.499999 0.866026 -0
    outer loop
      vertex 96.4526 64.0096 0
      vertex 94.5474 65.1096 4.8
      vertex 96.4526 64.0096 4.8
    endloop
  endfacet
  facet normal 0 0 1
    outer loop
      vertex 138.453 89.3583 0
      vertex 140.047 82.1961 0
      vertex 141.953 83.2961 0
    endloop
  endfacet
  facet normal 0 0 1
    outer loop
      vertex 138.453 89.3583 0
      vertex 136.547 88.2583 0
      vertex 140.047 82.1961 0
    endloop
  endfacet
  facet normal 0 0 -1
    outer loop
      vertex 138.453 89.3583 4.8
      vertex 141.953 83.2961 4.8
      vertex 140.047 82.1961 4.8
    endloop
  endfacet
  facet normal 0 -0 -1
    outer loop
      vertex 138.453 89.3583 4.8
      vertex 140.047 82.1961 4.8
      vertex 136.547 88.2583 4.8
    endloop
  endfacet
  facet normal -0.866026 -0.499999 0
    outer loop
      vertex 138.453 89.3583 0
      vertex 141.953 83.2961 0
      vertex 141.953 83.2961 4.8
    endloop
  endfacet
  facet normal -0.866026 -0.499999 0
    outer loop
      vertex 138.453 89.3583 0
      vertex 141.953 83.2961 4.8
      vertex 138.453 89.3583 4.8
    endloop
  endfacet
  facet normal -0.499999 0.866026 0
    outer loop
      vertex 141.953 83.2961 0
      vertex 140.047 82.1961 0
      vertex 140.047 82.1961 4.8
    endloop
  endfacet
  facet normal -0.499999 0.866026 0
    outer loop
      vertex 141.953 83.2961 0
      vertex 140.047 82.1961 4.8
      vertex 141.953 83.2961 4.8
    endloop
  endfacet
  facet normal 0.866026 0.499999 0
    outer loop
      vertex 140.047 82.1961 0
      vertex 136.547 88.2583 0
      vertex 136.547 88.2583 4.8
    endloop
  endfacet
  facet normal 0.866026 0.499999 -0
    outer loop
      vertex 140.047 82.1961 0
      vertex 136.547 88.2583 4.8
      vertex 140.047 82.1961 4.8
    endloop
  endfacet
  facet normal 0.499999 -0.866026 0
    outer loop
      vertex 136.547 88.2583 0
      vertex 138.453 89.3583 0
      vertex 138.453 89.3583 4.8
    endloop
  endfacet
  facet normal 0.499999 -0.866026 0
    outer loop
      vertex 136.547 88.2583 0
      vertex 138.453 89.3583 4.8
      vertex 136.547 88.2583 4.8
    endloop
  endfacet
  facet normal -0 0 1
    outer loop
      vertex 36 11.1 0
      vertex 43 8.9 0
      vertex 43 11.1 0
    endloop
  endfacet
  facet normal 0 0 1
    outer loop
      vertex 36 11.1 0
      vertex 36 8.9 0
      vertex 43 8.9 0
    endloop
  endfacet
  facet normal 0 0 -1
    outer loop
      vertex 36 11.1 4.8
      vertex 43 11.1 4.8
      vertex 43 8.9 4.8
    endloop
  endfacet
  facet normal 0 0 -1
    outer loop
      vertex 36 11.1 4.8
      vertex 43 8.9 4.8
      vertex 36 8.9 4.8
    endloop
  endfacet
  facet normal 0 -1 0
    outer loop
      vertex 36 11.1 0
      vertex 43 11.1 0
      vertex 43 11.1 4.8
    endloop
  endfacet
  facet normal 0 -1 0
    outer loop
      vertex 36 11.1 0
      vertex 43 11.1 4.8
      vertex 36 11.1 4.8
    endloop
  endfacet
  facet normal -1 0 0
    outer loop
      vertex 43 11.1 0
      vertex 43 8.9 0
      vertex 43 8.9 4.8
    endloop
  endfacet
  facet normal -1 0 0
    outer loop
      vertex 43 11.1 0
      vertex 43 8.9 4.8
      vertex 43 11.1 4.8
    endloop
  endfacet
  facet normal 0 1 0
    outer loop
      vertex 43 8.9 0
      vertex 36 8.9 0
      vertex 36 8.9 4.8
    endloop
  endfacet
  facet normal 0 1 -0
    outer loop
      vertex 43 8.9 0
      vertex 36 8.9 4.8
      vertex 43 8.9 4.8
    endloop
  endfacet
  facet normal 1 0 0
    outer loop
      vertex 36 8.9 0
      vertex 36 11.1 0
      vertex 36 11.1 4.8
    endloop
  endfacet
  facet normal 1 0 0
    outer loop
      vertex 36 8.9 0
      vertex 36 11.1 4.8
      vertex 36 8.9 4.8
    endloop
  endfacet
  facet normal 0 0 1
    outer loop
      vertex 157.547 16.6122 0
      vertex 162.953 21.5744 0
      vertex 161.047 22.6744 0
    endloop
  endfacet
  facet normal -0 0 1
    outer loop
      vertex 157.547 16.6122 0
      vertex 159.453 15.5122 0
      vertex 162.953 21.5744 0
    endloop
  endfacet
  facet normal 0 0 -1
    outer loop
      vertex 157.547 16.6122 4.8
      vertex 161.047 22.6744 4.8
      vertex 162.953 21.5744 4.8
    endloop
  endfacet
  facet normal 0 0 -1
    outer loop
      vertex 157.547 16.6122 4.8
      vertex 162.953 21.5744 4.8
      vertex 159.453 15.5122 4.8
    endloop
  endfacet
  facet normal 0.866026 -0.499999 0
    outer loop
      vertex 157.547 16.6122 0
      vertex 161.047 22.6744 0
      vertex 161.047 22.6744 4.8
    endloop
  endfacet
  facet normal 0.866026 -0.499999 0
    outer loop
      vertex 157.547 16.6122 0
      vertex 161.047 22.6744 4.8
      vertex 157.547 16.6122 4.8
    endloop
  endfacet
  facet normal -0.499999 -0.866026 0
    outer loop
      vertex 161.047 22.6744 0
      vertex 162.953 21.5744 0
      vertex 162.953 21.5744 4.8
    endloop
  endfacet
  facet normal -0.499999 -0.866026 0
    outer loop
      vertex 161.047 22.6744 0
      vertex 162.953 21.5744 4.8
      vertex 161.047 22.6744 4.8
    endloop
  endfacet
  facet normal -0.866026 0.499999 0
    outer loop
      vertex 162.953 21.5744 0
      vertex 159.453 15.5122 0
      vertex 159.453 15.5122 4.8
    endloop
  endfacet
  facet normal -0.866026 0.499999 0
    outer loop
      vertex 162.953 21.5744 0
      vertex 159.453 15.5122 4.8
      vertex 162.953 21.5744 4.8
    endloop
  endfacet
  facet normal 0.499999 0.866026 0
    outer loop
      vertex 159.453 15.5122 0
      vertex 157.547 16.6122 0
      vertex 157.547 16.6122 4.8
    endloop
  endfacet
  facet normal 0.499999 0.866026 -0
    outer loop
      vertex 159.453 15.5122 0
      vertex 157.547 16.6122 4.8
      vertex 159.453 15.5122 4.8
    endloop
  endfacet
  facet normal 0 0 1
    outer loop
      vertex 54.4526 65.1096 0
      vertex 56.0474 57.9474 0
      vertex 57.9526 59.0474 0
    endloop
  endfacet
  facet normal 0 0 1
    outer loop
      vertex 54.4526 65.1096 0
      vertex 52.5474 64.0096 0
      vertex 56.0474 57.9474 0
    endloop
  endfacet
  facet normal 0 0 -1
    outer loop
      vertex 54.4526 65.1096 4.8
      vertex 57.9526 59.0474 4.8
      vertex 56.0474 57.9474 4.8
    endloop
  endfacet
  facet normal 0 -0 -1
    outer loop
      vertex 54.4526 65.1096 4.8
      vertex 56.0474 57.9474 4.8
      vertex 52.5474 64.0096 4.8
    endloop
  endfacet
  facet normal -0.866026 -0.499999 0
    outer loop
      vertex 54.4526 65.1096 0
      vertex 57.9526 59.0474 0
      vertex 57.9526 59.0474 4.8
    endloop
  endfacet
  facet normal -0.866026 -0.499999 0
    outer loop
      vertex 54.4526 65.1096 0
      vertex 57.9526 59.0474 4.8
      vertex 54.4526 65.1096 4.8
    endloop
  endfacet
  facet normal -0.499999 0.866026 0
    outer loop
      vertex 57.9526 59.0474 0
      vertex 56.0474 57.9474 0
      vertex 56.0474 57.9474 4.8
    endloop
  endfacet
  facet normal -0.499999 0.866026 0
    outer loop
      vertex 57.9526 59.0474 0
      vertex 56.0474 57.9474 4.8
      vertex 57.9526 59.0474 4.8
    endloop
  endfacet
  facet normal 0.866026 0.499999 0
    outer loop
      vertex 56.0474 57.9474 0
      vertex 52.5474 64.0096 0
      vertex 52.5474 64.0096 4.8
    endloop
  endfacet
  facet normal 0.866026 0.499999 -0
    outer loop
      vertex 56.0474 57.9474 0
      vertex 52.5474 64.0096 4.8
      vertex 56.0474 57.9474 4.8
    endloop
  endfacet
  facet normal 0.499999 -0.866026 0
    outer loop
      vertex 52.5474 64.0096 0
      vertex 54.4526 65.1096 0
      vertex 54.4526 65.1096 4.8
    endloop
  endfacet
  facet normal 0.499999 -0.866026 0
    outer loop
      vertex 52.5474 64.0096 0
      vertex 54.4526 65.1096 4.8
      vertex 52.5474 64.0096 4.8
    endloop
  endfacet
  facet normal -0 0 1
    outer loop
      vertex 36 71.7218 0
      vertex 43 69.5218 0
      vertex 43 71.7218 0
    endloop
  endfacet
  facet normal 0 0 1
    outer loop
      vertex 36 71.7218 0
      vertex 36 69.5218 0
      vertex 43 69.5218 0
    endloop
  endfacet
  facet normal 0 0 -1
    outer loop
      vertex 36 71.7218 4.8
      vertex 43 71.7218 4.8
      vertex 43 69.5218 4.8
    endloop
  endfacet
  facet normal 0 0 -1
    outer loop
      vertex 36 71.7218 4.8
      vertex 43 69.5218 4.8
      vertex 36 69.5218 4.8
    endloop
  endfacet
  facet normal 0 -1 0
    outer loop
      vertex 36 71.7218 0
      vertex 43 71.7218 0
      vertex 43 71.7218 4.8
    endloop
  endfacet
  facet normal 0 -1 0
    outer loop
      vertex 36 71.7218 0
      vertex 43 71.7218 4.8
      vertex 36 71.7218 4.8
    endloop
  endfacet
  facet normal -1 0 0
    outer loop
      vertex 43 71.7218 0
      vertex 43 69.5218 0
      vertex 43 69.5218 4.8
    endloop
  endfacet
  facet normal -1 0 0
    outer loop
      vertex 43 71.7218 0
      vertex 43 69.5218 4.8
      vertex 43 71.7218 4.8
    endloop
  endfacet
  facet normal 0 1 0
    outer loop
      vertex 43 69.5218 0
      vertex 36 69.5218 0
      vertex 36 69.5218 4.8
    endloop
  endfacet
  facet normal 0 1 -0
    outer loop
      vertex 43 69.5218 0
      vertex 36 69.5218 4.8
      vertex 43 69.5218 4.8
    endloop
  endfacet
  facet normal 1 0 0
    outer loop
      vertex 36 69.5218 0
      vertex 36 71.7218 0
      vertex 36 71.7218 4.8
    endloop
  endfacet
  facet normal 1 0 0
    outer loop
      vertex 36 69.5218 0
      vertex 36 71.7218 4.8
      vertex 36 69.5218 4.8
    endloop
  endfacet
  facet normal -0 0 1
    outer loop
      vertex 42.0475 95.4207 0
      vertex 44.0273 94.4498 0
      vertex 42.1223 95.5502 0
    endloop
  endfacet
  facet normal 0 0 1
    outer loop
      vertex 42.0475 95.4207 0
      vertex 43.9525 94.3203 0
      vertex 44.0273 94.4498 0
    endloop
  endfacet
  facet normal 0 0 -1
    outer loop
      vertex 42.0475 95.4207 4.8
      vertex 42.1223 95.5502 4.8
      vertex 44.0273 94.4498 4.8
    endloop
  endfacet
  facet normal 0 0 -1
    outer loop
      vertex 42.0475 95.4207 4.8
      vertex 44.0273 94.4498 4.8
      vertex 43.9525 94.3203 4.8
    endloop
  endfacet
  facet normal 0.865929 -0.500166 0
    outer loop
      vertex 42.0475 95.4207 0
      vertex 42.1223 95.5502 0
      vertex 42.1223 95.5502 4.8
    endloop
  endfacet
  facet normal 0.865929 -0.500166 0
    outer loop
      vertex 42.0475 95.4207 0
      vertex 42.1223 95.5502 4.8
      vertex 42.0475 95.4207 4.8
    endloop
  endfacet
  facet normal -0.500166 -0.865929 0
    outer loop
      vertex 42.1223 95.5502 0
      vertex 44.0273 94.4498 0
      vertex 44.0273 94.4498 4.8
    endloop
  endfacet
  facet normal -0.500166 -0.865929 0
    outer loop
      vertex 42.1223 95.5502 0
      vertex 44.0273 94.4498 4.8
      vertex 42.1223 95.5502 4.8
    endloop
  endfacet
  facet normal -0.865929 0.500166 0
    outer loop
      vertex 44.0273 94.4498 0
      vertex 43.9525 94.3203 0
      vertex 43.9525 94.3203 4.8
    endloop
  endfacet
  facet normal -0.865929 0.500166 0
    outer loop
      vertex 44.0273 94.4498 0
      vertex 43.9525 94.3203 4.8
      vertex 44.0273 94.4498 4.8
    endloop
  endfacet
  facet normal 0.500166 0.865929 0
    outer loop
      vertex 43.9525 94.3203 0
      vertex 42.0475 95.4207 0
      vertex 42.0475 95.4207 4.8
    endloop
  endfacet
  facet normal 0.500166 0.865929 -0
    outer loop
      vertex 43.9525 94.3203 0
      vertex 42.0475 95.4207 4.8
      vertex 43.9525 94.3203 4.8
    endloop
  endfacet
  facet normal -0 0 1
    outer loop
      vertex 109.5 89.9083 0
      vertex 116.5 87.7083 0
      vertex 116.5 89.9083 0
    endloop
  endfacet
  facet normal 0 0 1
    outer loop
      vertex 109.5 89.9083 0
      vertex 109.5 87.7083 0
      vertex 116.5 87.7083 0
    endloop
  endfacet
  facet normal 0 0 -1
    outer loop
      vertex 109.5 89.9083 4.8
      vertex 116.5 89.9083 4.8
      vertex 116.5 87.7083 4.8
    endloop
  endfacet
  facet normal 0 0 -1
    outer loop
      vertex 109.5 89.9083 4.8
      vertex 116.5 87.7083 4.8
      vertex 109.5 87.7083 4.8
    endloop
  endfacet
  facet normal 0 -1 0
    outer loop
      vertex 109.5 89.9083 0
      vertex 116.5 89.9083 0
      vertex 116.5 89.9083 4.8
    endloop
  endfacet
  facet normal 0 -1 0
    outer loop
      vertex 109.5 89.9083 0
      vertex 116.5 89.9083 4.8
      vertex 109.5 89.9083 4.8
    endloop
  endfacet
  facet normal -1 0 0
    outer loop
      vertex 116.5 89.9083 0
      vertex 116.5 87.7083 0
      vertex 116.5 87.7083 4.8
    endloop
  endfacet
  facet normal -1 0 0
    outer loop
      vertex 116.5 89.9083 0
      vertex 116.5 87.7083 4.8
      vertex 116.5 89.9083 4.8
    endloop
  endfacet
  facet normal 0 1 0
    outer loop
      vertex 116.5 87.7083 0
      vertex 109.5 87.7083 0
      vertex 109.5 87.7083 4.8
    endloop
  endfacet
  facet normal 0 1 -0
    outer loop
      vertex 116.5 87.7083 0
      vertex 109.5 87.7083 4.8
      vertex 116.5 87.7083 4.8
    endloop
  endfacet
  facet normal 1 0 0
    outer loop
      vertex 109.5 87.7083 0
      vertex 109.5 89.9083 0
      vertex 109.5 89.9083 4.8
    endloop
  endfacet
  facet normal 1 0 0
    outer loop
      vertex 109.5 87.7083 0
      vertex 109.5 89.9083 4.8
      vertex 109.5 87.7083 4.8
    endloop
  endfacet
  facet normal 0 0 1
    outer loop
      vertex 64.9526 46.9231 0
      vertex 66.5474 39.7609 0
      vertex 68.4526 40.8609 0
    endloop
  endfacet
  facet normal 0 0 1
    outer loop
      vertex 64.9526 46.9231 0
      vertex 63.0474 45.8231 0
      vertex 66.5474 39.7609 0
    endloop
  endfacet
  facet normal 0 0 -1
    outer loop
      vertex 64.9526 46.9231 4.8
      vertex 68.4526 40.8609 4.8
      vertex 66.5474 39.7609 4.8
    endloop
  endfacet
  facet normal 0 -0 -1
    outer loop
      vertex 64.9526 46.9231 4.8
      vertex 66.5474 39.7609 4.8
      vertex 63.0474 45.8231 4.8
    endloop
  endfacet
  facet normal -0.866026 -0.499999 0
    outer loop
      vertex 64.9526 46.9231 0
      vertex 68.4526 40.8609 0
      vertex 68.4526 40.8609 4.8
    endloop
  endfacet
  facet normal -0.866026 -0.499999 0
    outer loop
      vertex 64.9526 46.9231 0
      vertex 68.4526 40.8609 4.8
      vertex 64.9526 46.9231 4.8
    endloop
  endfacet
  facet normal -0.499999 0.866026 0
    outer loop
      vertex 68.4526 40.8609 0
      vertex 66.5474 39.7609 0
      vertex 66.5474 39.7609 4.8
    endloop
  endfacet
  facet normal -0.499999 0.866026 0
    outer loop
      vertex 68.4526 40.8609 0
      vertex 66.5474 39.7609 4.8
      vertex 68.4526 40.8609 4.8
    endloop
  endfacet
  facet normal 0.866026 0.499999 0
    outer loop
      vertex 66.5474 39.7609 0
      vertex 63.0474 45.8231 0
      vertex 63.0474 45.8231 4.8
    endloop
  endfacet
  facet normal 0.866026 0.499999 -0
    outer loop
      vertex 66.5474 39.7609 0
      vertex 63.0474 45.8231 4.8
      vertex 66.5474 39.7609 4.8
    endloop
  endfacet
  facet normal 0.499999 -0.866026 0
    outer loop
      vertex 63.0474 45.8231 0
      vertex 64.9526 46.9231 0
      vertex 64.9526 46.9231 4.8
    endloop
  endfacet
  facet normal 0.499999 -0.866026 0
    outer loop
      vertex 63.0474 45.8231 0
      vertex 64.9526 46.9231 4.8
      vertex 63.0474 45.8231 4.8
    endloop
  endfacet
  facet normal 0 0 1
    outer loop
      vertex 54.4526 77.234 0
      vertex 56.0474 70.0718 0
      vertex 57.9526 71.1718 0
    endloop
  endfacet
  facet normal 0 0 1
    outer loop
      vertex 54.4526 77.234 0
      vertex 52.5474 76.134 0
      vertex 56.0474 70.0718 0
    endloop
  endfacet
  facet normal 0 0 -1
    outer loop
      vertex 54.4526 77.234 4.8
      vertex 57.9526 71.1718 4.8
      vertex 56.0474 70.0718 4.8
    endloop
  endfacet
  facet normal 0 -0 -1
    outer loop
      vertex 54.4526 77.234 4.8
      vertex 56.0474 70.0718 4.8
      vertex 52.5474 76.134 4.8
    endloop
  endfacet
  facet normal -0.866026 -0.499999 0
    outer loop
      vertex 54.4526 77.234 0
      vertex 57.9526 71.1718 0
      vertex 57.9526 71.1718 4.8
    endloop
  endfacet
  facet normal -0.866026 -0.499999 0
    outer loop
      vertex 54.4526 77.234 0
      vertex 57.9526 71.1718 4.8
      vertex 54.4526 77.234 4.8
    endloop
  endfacet
  facet normal -0.499999 0.866026 0
    outer loop
      vertex 57.9526 71.1718 0
      vertex 56.0474 70.0718 0
      vertex 56.0474 70.0718 4.8
    endloop
  endfacet
  facet normal -0.499999 0.866026 0
    outer loop
      vertex 57.9526 71.1718 0
      vertex 56.0474 70.0718 4.8
      vertex 57.9526 71.1718 4.8
    endloop
  endfacet
  facet normal 0.866026 0.499999 0
    outer loop
      vertex 56.0474 70.0718 0
      vertex 52.5474 76.134 0
      vertex 52.5474 76.134 4.8
    endloop
  endfacet
  facet normal 0.866026 0.499999 -0
    outer loop
      vertex 56.0474 70.0718 0
      vertex 52.5474 76.134 4.8
      vertex 56.0474 70.0718 4.8
    endloop
  endfacet
  facet normal 0.499999 -0.866026 0
    outer loop
      vertex 52.5474 76.134 0
      vertex 54.4526 77.234 0
      vertex 54.4526 77.234 4.8
    endloop
  endfacet
  facet normal 0.499999 -0.866026 0
    outer loop
      vertex 52.5474 76.134 0
      vertex 54.4526 77.234 4.8
      vertex 52.5474 76.134 4.8
    endloop
  endfacet
  facet normal 0 0 1
    outer loop
      vertex 94.5474 28.7365 0
      vertex 99.9526 33.6987 0
      vertex 98.0474 34.7987 0
    endloop
  endfacet
  facet normal -0 0 1
    outer loop
      vertex 94.5474 28.7365 0
      vertex 96.4526 27.6365 0
      vertex 99.9526 33.6987 0
    endloop
  endfacet
  facet normal 0 0 -1
    outer loop
      vertex 94.5474 28.7365 4.8
      vertex 98.0474 34.7987 4.8
      vertex 99.9526 33.6987 4.8
    endloop
  endfacet
  facet normal 0 0 -1
    outer loop
      vertex 94.5474 28.7365 4.8
      vertex 99.9526 33.6987 4.8
      vertex 96.4526 27.6365 4.8
    endloop
  endfacet
  facet normal 0.866026 -0.499999 0
    outer loop
      vertex 94.5474 28.7365 0
      vertex 98.0474 34.7987 0
      vertex 98.0474 34.7987 4.8
    endloop
  endfacet
  facet normal 0.866026 -0.499999 0
    outer loop
      vertex 94.5474 28.7365 0
      vertex 98.0474 34.7987 4.8
      vertex 94.5474 28.7365 4.8
    endloop
  endfacet
  facet normal -0.499999 -0.866026 0
    outer loop
      vertex 98.0474 34.7987 0
      vertex 99.9526 33.6987 0
      vertex 99.9526 33.6987 4.8
    endloop
  endfacet
  facet normal -0.499999 -0.866026 0
    outer loop
      vertex 98.0474 34.7987 0
      vertex 99.9526 33.6987 4.8
      vertex 98.0474 34.7987 4.8
    endloop
  endfacet
  facet normal -0.866026 0.499999 0
    outer loop
      vertex 99.9526 33.6987 0
      vertex 96.4526 27.6365 0
      vertex 96.4526 27.6365 4.8
    endloop
  endfacet
  facet normal -0.866026 0.499999 0
    outer loop
      vertex 99.9526 33.6987 0
      vertex 96.4526 27.6365 4.8
      vertex 99.9526 33.6987 4.8
    endloop
  endfacet
  facet normal 0.499999 0.866026 0
    outer loop
      vertex 96.4526 27.6365 0
      vertex 94.5474 28.7365 0
      vertex 94.5474 28.7365 4.8
    endloop
  endfacet
  facet normal 0.499999 0.866026 -0
    outer loop
      vertex 96.4526 27.6365 0
      vertex 94.5474 28.7365 4.8
      vertex 96.4526 27.6365 4.8
    endloop
  endfacet
  facet normal 0 0 1
    outer loop
      vertex 117.453 65.1096 0
      vertex 119.047 57.9474 0
      vertex 120.953 59.0474 0
    endloop
  endfacet
  facet normal 0 0 1
    outer loop
      vertex 117.453 65.1096 0
      vertex 115.547 64.0096 0
      vertex 119.047 57.9474 0
    endloop
  endfacet
  facet normal 0 0 -1
    outer loop
      vertex 117.453 65.1096 4.8
      vertex 120.953 59.0474 4.8
      vertex 119.047 57.9474 4.8
    endloop
  endfacet
  facet normal 0 -0 -1
    outer loop
      vertex 117.453 65.1096 4.8
      vertex 119.047 57.9474 4.8
      vertex 115.547 64.0096 4.8
    endloop
  endfacet
  facet normal -0.866026 -0.499999 0
    outer loop
      vertex 117.453 65.1096 0
      vertex 120.953 59.0474 0
      vertex 120.953 59.0474 4.8
    endloop
  endfacet
  facet normal -0.866026 -0.499999 0
    outer loop
      vertex 117.453 65.1096 0
      vertex 120.953 59.0474 4.8
      vertex 117.453 65.1096 4.8
    endloop
  endfacet
  facet normal -0.499999 0.866026 0
    outer loop
      vertex 120.953 59.0474 0
      vertex 119.047 57.9474 0
      vertex 119.047 57.9474 4.8
    endloop
  endfacet
  facet normal -0.499999 0.866026 0
    outer loop
      vertex 120.953 59.0474 0
      vertex 119.047 57.9474 4.8
      vertex 120.953 59.0474 4.8
    endloop
  endfacet
  facet normal 0.866026 0.499999 0
    outer loop
      vertex 119.047 57.9474 0
      vertex 115.547 64.0096 0
      vertex 115.547 64.0096 4.8
    endloop
  endfacet
  facet normal 0.866026 0.499999 -0
    outer loop
      vertex 119.047 57.9474 0
      vertex 115.547 64.0096 4.8
      vertex 119.047 57.9474 4.8
    endloop
  endfacet
  facet normal 0.499999 -0.866026 0
    outer loop
      vertex 115.547 64.0096 0
      vertex 117.453 65.1096 0
      vertex 117.453 65.1096 4.8
    endloop
  endfacet
  facet normal 0.499999 -0.866026 0
    outer loop
      vertex 115.547 64.0096 0
      vertex 117.453 65.1096 4.8
      vertex 115.547 64.0096 4.8
    endloop
  endfacet
  facet normal 0 0 1
    outer loop
      vertex 147.047 71.1718 0
      vertex 152.453 76.134 0
      vertex 150.547 77.234 0
    endloop
  endfacet
  facet normal -0 0 1
    outer loop
      vertex 147.047 71.1718 0
      vertex 148.953 70.0718 0
      vertex 152.453 76.134 0
    endloop
  endfacet
  facet normal 0 0 -1
    outer loop
      vertex 147.047 71.1718 4.8
      vertex 150.547 77.234 4.8
      vertex 152.453 76.134 4.8
    endloop
  endfacet
  facet normal 0 0 -1
    outer loop
      vertex 147.047 71.1718 4.8
      vertex 152.453 76.134 4.8
      vertex 148.953 70.0718 4.8
    endloop
  endfacet
  facet normal 0.866026 -0.499999 0
    outer loop
      vertex 147.047 71.1718 0
      vertex 150.547 77.234 0
      vertex 150.547 77.234 4.8
    endloop
  endfacet
  facet normal 0.866026 -0.499999 0
    outer loop
      vertex 147.047 71.1718 0
      vertex 150.547 77.234 4.8
      vertex 147.047 71.1718 4.8
    endloop
  endfacet
  facet normal -0.499999 -0.866026 0
    outer loop
      vertex 150.547 77.234 0
      vertex 152.453 76.134 0
      vertex 152.453 76.134 4.8
    endloop
  endfacet
  facet normal -0.499999 -0.866026 0
    outer loop
      vertex 150.547 77.234 0
      vertex 152.453 76.134 4.8
      vertex 150.547 77.234 4.8
    endloop
  endfacet
  facet normal -0.866026 0.499999 0
    outer loop
      vertex 152.453 76.134 0
      vertex 148.953 70.0718 0
      vertex 148.953 70.0718 4.8
    endloop
  endfacet
  facet normal -0.866026 0.499999 0
    outer loop
      vertex 152.453 76.134 0
      vertex 148.953 70.0718 4.8
      vertex 152.453 76.134 4.8
    endloop
  endfacet
  facet normal 0.499999 0.866026 0
    outer loop
      vertex 148.953 70.0718 0
      vertex 147.047 71.1718 0
      vertex 147.047 71.1718 4.8
    endloop
  endfacet
  facet normal 0.499999 0.866026 -0
    outer loop
      vertex 148.953 70.0718 0
      vertex 147.047 71.1718 4.8
      vertex 148.953 70.0718 4.8
    endloop
  endfacet
  facet normal -0 0 1
    outer loop
      vertex 57 35.3487 0
      vertex 64 33.1487 0
      vertex 64 35.3487 0
    endloop
  endfacet
  facet normal 0 0 1
    outer loop
      vertex 57 35.3487 0
      vertex 57 33.1487 0
      vertex 64 33.1487 0
    endloop
  endfacet
  facet normal 0 0 -1
    outer loop
      vertex 57 35.3487 4.8
      vertex 64 35.3487 4.8
      vertex 64 33.1487 4.8
    endloop
  endfacet
  facet normal 0 0 -1
    outer loop
      vertex 57 35.3487 4.8
      vertex 64 33.1487 4.8
      vertex 57 33.1487 4.8
    endloop
  endfacet
  facet normal 0 -1 0
    outer loop
      vertex 57 35.3487 0
      vertex 64 35.3487 0
      vertex 64 35.3487 4.8
    endloop
  endfacet
  facet normal 0 -1 0
    outer loop
      vertex 57 35.3487 0
      vertex 64 35.3487 4.8
      vertex 57 35.3487 4.8
    endloop
  endfacet
  facet normal -1 0 0
    outer loop
      vertex 64 35.3487 0
      vertex 64 33.1487 0
      vertex 64 33.1487 4.8
    endloop
  endfacet
  facet normal -1 0 0
    outer loop
      vertex 64 35.3487 0
      vertex 64 33.1487 4.8
      vertex 64 35.3487 4.8
    endloop
  endfacet
  facet normal 0 1 0
    outer loop
      vertex 64 33.1487 0
      vertex 57 33.1487 0
      vertex 57 33.1487 4.8
    endloop
  endfacet
  facet normal 0 1 -0
    outer loop
      vertex 64 33.1487 0
      vertex 57 33.1487 4.8
      vertex 64 33.1487 4.8
    endloop
  endfacet
  facet normal 1 0 0
    outer loop
      vertex 57 33.1487 0
      vertex 57 35.3487 0
      vertex 57 35.3487 4.8
    endloop
  endfacet
  facet normal 1 0 0
    outer loop
      vertex 57 33.1487 0
      vertex 57 35.3487 4.8
      vertex 57 33.1487 4.8
    endloop
  endfacet
  facet normal -0 0 1
    outer loop
      vertex 88.5 29.2865 0
      vertex 95.5 27.0865 0
      vertex 95.5 29.2865 0
    endloop
  endfacet
  facet normal 0 0 1
    outer loop
      vertex 88.5 29.2865 0
      vertex 88.5 27.0865 0
      vertex 95.5 27.0865 0
    endloop
  endfacet
  facet normal 0 0 -1
    outer loop
      vertex 88.5 29.2865 4.8
      vertex 95.5 29.2865 4.8
      vertex 95.5 27.0865 4.8
    endloop
  endfacet
  facet normal 0 0 -1
    outer loop
      vertex 88.5 29.2865 4.8
      vertex 95.5 27.0865 4.8
      vertex 88.5 27.0865 4.8
    endloop
  endfacet
  facet normal 0 -1 0
    outer loop
      vertex 88.5 29.2865 0
      vertex 95.5 29.2865 0
      vertex 95.5 29.2865 4.8
    endloop
  endfacet
  facet normal 0 -1 0
    outer loop
      vertex 88.5 29.2865 0
      vertex 95.5 29.2865 4.8
      vertex 88.5 29.2865 4.8
    endloop
  endfacet
  facet normal -1 0 0
    outer loop
      vertex 95.5 29.2865 0
      vertex 95.5 27.0865 0
      vertex 95.5 27.0865 4.8
    endloop
  endfacet
  facet normal -1 0 0
    outer loop
      vertex 95.5 29.2865 0
      vertex 95.5 27.0865 4.8
      vertex 95.5 29.2865 4.8
    endloop
  endfacet
  facet normal 0 1 0
    outer loop
      vertex 95.5 27.0865 0
      vertex 88.5 27.0865 0
      vertex 88.5 27.0865 4.8
    endloop
  endfacet
  facet normal 0 1 -0
    outer loop
      vertex 95.5 27.0865 0
      vertex 88.5 27.0865 4.8
      vertex 95.5 27.0865 4.8
    endloop
  endfacet
  facet normal 1 0 0
    outer loop
      vertex 88.5 27.0865 0
      vertex 88.5 29.2865 0
      vertex 88.5 29.2865 4.8
    endloop
  endfacet
  facet normal 1 0 0
    outer loop
      vertex 88.5 27.0865 0
      vertex 88.5 29.2865 4.8
      vertex 88.5 27.0865 4.8
    endloop
  endfacet
  facet normal 0 0 1
    outer loop
      vertex 157.547 65.1096 0
      vertex 162.953 70.0718 0
      vertex 161.047 71.1718 0
    endloop
  endfacet
  facet normal -0 0 1
    outer loop
      vertex 157.547 65.1096 0
      vertex 159.453 64.0096 0
      vertex 162.953 70.0718 0
    endloop
  endfacet
  facet normal 0 0 -1
    outer loop
      vertex 157.547 65.1096 4.8
      vertex 161.047 71.1718 4.8
      vertex 162.953 70.0718 4.8
    endloop
  endfacet
  facet normal 0 0 -1
    outer loop
      vertex 157.547 65.1096 4.8
      vertex 162.953 70.0718 4.8
      vertex 159.453 64.0096 4.8
    endloop
  endfacet
  facet normal 0.866026 -0.499999 0
    outer loop
      vertex 157.547 65.1096 0
      vertex 161.047 71.1718 0
      vertex 161.047 71.1718 4.8
    endloop
  endfacet
  facet normal 0.866026 -0.499999 0
    outer loop
      vertex 157.547 65.1096 0
      vertex 161.047 71.1718 4.8
      vertex 157.547 65.1096 4.8
    endloop
  endfacet
  facet normal -0.499999 -0.866026 0
    outer loop
      vertex 161.047 71.1718 0
      vertex 162.953 70.0718 0
      vertex 162.953 70.0718 4.8
    endloop
  endfacet
  facet normal -0.499999 -0.866026 0
    outer loop
      vertex 161.047 71.1718 0
      vertex 162.953 70.0718 4.8
      vertex 161.047 71.1718 4.8
    endloop
  endfacet
  facet normal -0.866026 0.499999 0
    outer loop
      vertex 162.953 70.0718 0
      vertex 159.453 64.0096 0
      vertex 159.453 64.0096 4.8
    endloop
  endfacet
  facet normal -0.866026 0.499999 0
    outer loop
      vertex 162.953 70.0718 0
      vertex 159.453 64.0096 4.8
      vertex 162.953 70.0718 4.8
    endloop
  endfacet
  facet normal 0.499999 0.866026 0
    outer loop
      vertex 159.453 64.0096 0
      vertex 157.547 65.1096 0
      vertex 157.547 65.1096 4.8
    endloop
  endfacet
  facet normal 0.499999 0.866026 -0
    outer loop
      vertex 159.453 64.0096 0
      vertex 157.547 65.1096 4.8
      vertex 159.453 64.0096 4.8
    endloop
  endfacet
  facet normal 0 0 1
    outer loop
      vertex 99.8777 95.5502 0
      vertex 98.0475 94.3203 0
      vertex 99.9525 95.4207 0
    endloop
  endfacet
  facet normal 0 0 1
    outer loop
      vertex 99.8777 95.5502 0
      vertex 97.9727 94.4498 0
      vertex 98.0475 94.3203 0
    endloop
  endfacet
  facet normal 0 -0 -1
    outer loop
      vertex 99.8777 95.5502 4.8
      vertex 99.9525 95.4207 4.8
      vertex 98.0475 94.3203 4.8
    endloop
  endfacet
  facet normal 0 0 -1
    outer loop
      vertex 99.8777 95.5502 4.8
      vertex 98.0475 94.3203 4.8
      vertex 97.9727 94.4498 4.8
    endloop
  endfacet
  facet normal -0.865929 -0.500166 0
    outer loop
      vertex 99.8777 95.5502 0
      vertex 99.9525 95.4207 0
      vertex 99.9525 95.4207 4.8
    endloop
  endfacet
  facet normal -0.865929 -0.500166 0
    outer loop
      vertex 99.8777 95.5502 0
      vertex 99.9525 95.4207 4.8
      vertex 99.8777 95.5502 4.8
    endloop
  endfacet
  facet normal -0.500166 0.865929 0
    outer loop
      vertex 99.9525 95.4207 0
      vertex 98.0475 94.3203 0
      vertex 98.0475 94.3203 4.8
    endloop
  endfacet
  facet normal -0.500166 0.865929 0
    outer loop
      vertex 99.9525 95.4207 0
      vertex 98.0475 94.3203 4.8
      vertex 99.9525 95.4207 4.8
    endloop
  endfacet
  facet normal 0.865929 0.500166 0
    outer loop
      vertex 98.0475 94.3203 0
      vertex 97.9727 94.4498 0
      vertex 97.9727 94.4498 4.8
    endloop
  endfacet
  facet normal 0.865929 0.500166 -0
    outer loop
      vertex 98.0475 94.3203 0
      vertex 97.9727 94.4498 4.8
      vertex 98.0475 94.3203 4.8
    endloop
  endfacet
  facet normal 0.500166 -0.865929 0
    outer loop
      vertex 97.9727 94.4498 0
      vertex 99.8777 95.5502 0
      vertex 99.8777 95.5502 4.8
    endloop
  endfacet
  facet normal 0.500166 -0.865929 0
    outer loop
      vertex 97.9727 94.4498 0
      vertex 99.8777 95.5502 4.8
      vertex 97.9727 94.4498 4.8
    endloop
  endfacet
  facet normal 0 0 1
    outer loop
      vertex 31.5474 40.8609 0
      vertex 36.9526 45.8231 0
      vertex 35.0474 46.9231 0
    endloop
  endfacet
  facet normal -0 0 1
    outer loop
      vertex 31.5474 40.8609 0
      vertex 33.4526 39.7609 0
      vertex 36.9526 45.8231 0
    endloop
  endfacet
  facet normal 0 0 -1
    outer loop
      vertex 31.5474 40.8609 4.8
      vertex 35.0474 46.9231 4.8
      vertex 36.9526 45.8231 4.8
    endloop
  endfacet
  facet normal 0 0 -1
    outer loop
      vertex 31.5474 40.8609 4.8
      vertex 36.9526 45.8231 4.8
      vertex 33.4526 39.7609 4.8
    endloop
  endfacet
  facet normal 0.866026 -0.499999 0
    outer loop
      vertex 31.5474 40.8609 0
      vertex 35.0474 46.9231 0
      vertex 35.0474 46.9231 4.8
    endloop
  endfacet
  facet normal 0.866026 -0.499999 0
    outer loop
      vertex 31.5474 40.8609 0
      vertex 35.0474 46.9231 4.8
      vertex 31.5474 40.8609 4.8
    endloop
  endfacet
  facet normal -0.499999 -0.866026 0
    outer loop
      vertex 35.0474 46.9231 0
      vertex 36.9526 45.8231 0
      vertex 36.9526 45.8231 4.8
    endloop
  endfacet
  facet normal -0.499999 -0.866026 0
    outer loop
      vertex 35.0474 46.9231 0
      vertex 36.9526 45.8231 4.8
      vertex 35.0474 46.9231 4.8
    endloop
  endfacet
  facet normal -0.866026 0.499999 0
    outer loop
      vertex 36.9526 45.8231 0
      vertex 33.4526 39.7609 0
      vertex 33.4526 39.7609 4.8
    endloop
  endfacet
  facet normal -0.866026 0.499999 0
    outer loop
      vertex 36.9526 45.8231 0
      vertex 33.4526 39.7609 4.8
      vertex 36.9526 45.8231 4.8
    endloop
  endfacet
  facet normal 0.499999 0.866026 0
    outer loop
      vertex 33.4526 39.7609 0
      vertex 31.5474 40.8609 0
      vertex 31.5474 40.8609 4.8
    endloop
  endfacet
  facet normal 0.499999 0.866026 -0
    outer loop
      vertex 33.4526 39.7609 0
      vertex 31.5474 40.8609 4.8
      vertex 33.4526 39.7609 4.8
    endloop
  endfacet
  facet normal 0 0 1
    outer loop
      vertex 148.953 59.0474 0
      vertex 150.547 51.8852 0
      vertex 152.453 52.9852 0
    endloop
  endfacet
  facet normal 0 0 1
    outer loop
      vertex 148.953 59.0474 0
      vertex 147.047 57.9474 0
      vertex 150.547 51.8852 0
    endloop
  endfacet
  facet normal 0 0 -1
    outer loop
      vertex 148.953 59.0474 4.8
      vertex 152.453 52.9852 4.8
      vertex 150.547 51.8852 4.8
    endloop
  endfacet
  facet normal 0 -0 -1
    outer loop
      vertex 148.953 59.0474 4.8
      vertex 150.547 51.8852 4.8
      vertex 147.047 57.9474 4.8
    endloop
  endfacet
  facet normal -0.866026 -0.499999 0
    outer loop
      vertex 148.953 59.0474 0
      vertex 152.453 52.9852 0
      vertex 152.453 52.9852 4.8
    endloop
  endfacet
  facet normal -0.866026 -0.499999 0
    outer loop
      vertex 148.953 59.0474 0
      vertex 152.453 52.9852 4.8
      vertex 148.953 59.0474 4.8
    endloop
  endfacet
  facet normal -0.499999 0.866026 0
    outer loop
      vertex 152.453 52.9852 0
      vertex 150.547 51.8852 0
      vertex 150.547 51.8852 4.8
    endloop
  endfacet
  facet normal -0.499999 0.866026 0
    outer loop
      vertex 152.453 52.9852 0
      vertex 150.547 51.8852 4.8
      vertex 152.453 52.9852 4.8
    endloop
  endfacet
  facet normal 0.866026 0.499999 0
    outer loop
      vertex 150.547 51.8852 0
      vertex 147.047 57.9474 0
      vertex 147.047 57.9474 4.8
    endloop
  endfacet
  facet normal 0.866026 0.499999 -0
    outer loop
      vertex 150.547 51.8852 0
      vertex 147.047 57.9474 4.8
      vertex 150.547 51.8852 4.8
    endloop
  endfacet
  facet normal 0.499999 -0.866026 0
    outer loop
      vertex 147.047 57.9474 0
      vertex 148.953 59.0474 0
      vertex 148.953 59.0474 4.8
    endloop
  endfacet
  facet normal 0.499999 -0.866026 0
    outer loop
      vertex 147.047 57.9474 0
      vertex 148.953 59.0474 4.8
      vertex 147.047 57.9474 4.8
    endloop
  endfacet
  facet normal 0 0 1
    outer loop
      vertex 126.047 22.6744 0
      vertex 131.453 27.6365 0
      vertex 129.547 28.7365 0
    endloop
  endfacet
  facet normal -0 0 1
    outer loop
      vertex 126.047 22.6744 0
      vertex 127.953 21.5744 0
      vertex 131.453 27.6365 0
    endloop
  endfacet
  facet normal 0 0 -1
    outer loop
      vertex 126.047 22.6744 4.8
      vertex 129.547 28.7365 4.8
      vertex 131.453 27.6365 4.8
    endloop
  endfacet
  facet normal 0 0 -1
    outer loop
      vertex 126.047 22.6744 4.8
      vertex 131.453 27.6365 4.8
      vertex 127.953 21.5744 4.8
    endloop
  endfacet
  facet normal 0.866023 -0.500005 0
    outer loop
      vertex 126.047 22.6744 0
      vertex 129.547 28.7365 0
      vertex 129.547 28.7365 4.8
    endloop
  endfacet
  facet normal 0.866023 -0.500005 0
    outer loop
      vertex 126.047 22.6744 0
      vertex 129.547 28.7365 4.8
      vertex 126.047 22.6744 4.8
    endloop
  endfacet
  facet normal -0.500005 -0.866023 0
    outer loop
      vertex 129.547 28.7365 0
      vertex 131.453 27.6365 0
      vertex 131.453 27.6365 4.8
    endloop
  endfacet
  facet normal -0.500005 -0.866023 0
    outer loop
      vertex 129.547 28.7365 0
      vertex 131.453 27.6365 4.8
      vertex 129.547 28.7365 4.8
    endloop
  endfacet
  facet normal -0.866023 0.500005 0
    outer loop
      vertex 131.453 27.6365 0
      vertex 127.953 21.5744 0
      vertex 127.953 21.5744 4.8
    endloop
  endfacet
  facet normal -0.866023 0.500005 0
    outer loop
      vertex 131.453 27.6365 0
      vertex 127.953 21.5744 4.8
      vertex 131.453 27.6365 4.8
    endloop
  endfacet
  facet normal 0.500005 0.866023 0
    outer loop
      vertex 127.953 21.5744 0
      vertex 126.047 22.6744 0
      vertex 126.047 22.6744 4.8
    endloop
  endfacet
  facet normal 0.500005 0.866023 -0
    outer loop
      vertex 127.953 21.5744 0
      vertex 126.047 22.6744 4.8
      vertex 127.953 21.5744 4.8
    endloop
  endfacet
  facet normal 0 0 1
    outer loop
      vertex 73.5474 77.234 0
      vertex 78.9526 82.1961 0
      vertex 77.0474 83.2961 0
    endloop
  endfacet
  facet normal -0 0 1
    outer loop
      vertex 73.5474 77.234 0
      vertex 75.4526 76.134 0
      vertex 78.9526 82.1961 0
    endloop
  endfacet
  facet normal 0 0 -1
    outer loop
      vertex 73.5474 77.234 4.8
      vertex 77.0474 83.2961 4.8
      vertex 78.9526 82.1961 4.8
    endloop
  endfacet
  facet normal 0 0 -1
    outer loop
      vertex 73.5474 77.234 4.8
      vertex 78.9526 82.1961 4.8
      vertex 75.4526 76.134 4.8
    endloop
  endfacet
  facet normal 0.866023 -0.500005 0
    outer loop
      vertex 73.5474 77.234 0
      vertex 77.0474 83.2961 0
      vertex 77.0474 83.2961 4.8
    endloop
  endfacet
  facet normal 0.866023 -0.500005 0
    outer loop
      vertex 73.5474 77.234 0
      vertex 77.0474 83.2961 4.8
      vertex 73.5474 77.234 4.8
    endloop
  endfacet
  facet normal -0.500005 -0.866023 0
    outer loop
      vertex 77.0474 83.2961 0
      vertex 78.9526 82.1961 0
      vertex 78.9526 82.1961 4.8
    endloop
  endfacet
  facet normal -0.500005 -0.866023 0
    outer loop
      vertex 77.0474 83.2961 0
      vertex 78.9526 82.1961 4.8
      vertex 77.0474 83.2961 4.8
    endloop
  endfacet
  facet normal -0.866023 0.500005 0
    outer loop
      vertex 78.9526 82.1961 0
      vertex 75.4526 76.134 0
      vertex 75.4526 76.134 4.8
    endloop
  endfacet
  facet normal -0.866023 0.500005 0
    outer loop
      vertex 78.9526 82.1961 0
      vertex 75.4526 76.134 4.8
      vertex 78.9526 82.1961 4.8
    endloop
  endfacet
  facet normal 0.500005 0.866023 0
    outer loop
      vertex 75.4526 76.134 0
      vertex 73.5474 77.234 0
      vertex 73.5474 77.234 4.8
    endloop
  endfacet
  facet normal 0.500005 0.866023 -0
    outer loop
      vertex 75.4526 76.134 0
      vertex 73.5474 77.234 4.8
      vertex 75.4526 76.134 4.8
    endloop
  endfacet
  facet normal -0 0 1
    outer loop
      vertex 120 35.3487 0
      vertex 127 33.1487 0
      vertex 127 35.3487 0
    endloop
  endfacet
  facet normal 0 0 1
    outer loop
      vertex 120 35.3487 0
      vertex 120 33.1487 0
      vertex 127 33.1487 0
    endloop
  endfacet
  facet normal 0 0 -1
    outer loop
      vertex 120 35.3487 4.8
      vertex 127 35.3487 4.8
      vertex 127 33.1487 4.8
    endloop
  endfacet
  facet normal 0 0 -1
    outer loop
      vertex 120 35.3487 4.8
      vertex 127 33.1487 4.8
      vertex 120 33.1487 4.8
    endloop
  endfacet
  facet normal 0 -1 0
    outer loop
      vertex 120 35.3487 0
      vertex 127 35.3487 0
      vertex 127 35.3487 4.8
    endloop
  endfacet
  facet normal 0 -1 0
    outer loop
      vertex 120 35.3487 0
      vertex 127 35.3487 4.8
      vertex 120 35.3487 4.8
    endloop
  endfacet
  facet normal -1 0 0
    outer loop
      vertex 127 35.3487 0
      vertex 127 33.1487 0
      vertex 127 33.1487 4.8
    endloop
  endfacet
  facet normal -1 0 0
    outer loop
      vertex 127 35.3487 0
      vertex 127 33.1487 4.8
      vertex 127 35.3487 4.8
    endloop
  endfacet
  facet normal 0 1 0
    outer loop
      vertex 127 33.1487 0
      vertex 120 33.1487 0
      vertex 120 33.1487 4.8
    endloop
  endfacet
  facet normal 0 1 -0
    outer loop
      vertex 127 33.1487 0
      vertex 120 33.1487 4.8
      vertex 127 33.1487 4.8
    endloop
  endfacet
  facet normal 1 0 0
    outer loop
      vertex 120 33.1487 0
      vertex 120 35.3487 0
      vertex 120 35.3487 4.8
    endloop
  endfacet
  facet normal 1 0 0
    outer loop
      vertex 120 33.1487 0
      vertex 120 35.3487 4.8
      vertex 120 33.1487 4.8
    endloop
  endfacet
  facet normal 0 0 1
    outer loop
      vertex 105.047 34.7987 0
      vertex 110.453 39.7609 0
      vertex 108.547 40.8609 0
    endloop
  endfacet
  facet normal -0 0 1
    outer loop
      vertex 105.047 34.7987 0
      vertex 106.953 33.6987 0
      vertex 110.453 39.7609 0
    endloop
  endfacet
  facet normal 0 0 -1
    outer loop
      vertex 105.047 34.7987 4.8
      vertex 108.547 40.8609 4.8
      vertex 110.453 39.7609 4.8
    endloop
  endfacet
  facet normal 0 0 -1
    outer loop
      vertex 105.047 34.7987 4.8
      vertex 110.453 39.7609 4.8
      vertex 106.953 33.6987 4.8
    endloop
  endfacet
  facet normal 0.866026 -0.499999 0
    outer loop
      vertex 105.047 34.7987 0
      vertex 108.547 40.8609 0
      vertex 108.547 40.8609 4.8
    endloop
  endfacet
  facet normal 0.866026 -0.499999 0
    outer loop
      vertex 105.047 34.7987 0
      vertex 108.547 40.8609 4.8
      vertex 105.047 34.7987 4.8
    endloop
  endfacet
  facet normal -0.499999 -0.866026 0
    outer loop
      vertex 108.547 40.8609 0
      vertex 110.453 39.7609 0
      vertex 110.453 39.7609 4.8
    endloop
  endfacet
  facet normal -0.499999 -0.866026 0
    outer loop
      vertex 108.547 40.8609 0
      vertex 110.453 39.7609 4.8
      vertex 108.547 40.8609 4.8
    endloop
  endfacet
  facet normal -0.866026 0.499999 0
    outer loop
      vertex 110.453 39.7609 0
      vertex 106.953 33.6987 0
      vertex 106.953 33.6987 4.8
    endloop
  endfacet
  facet normal -0.866026 0.499999 0
    outer loop
      vertex 110.453 39.7609 0
      vertex 106.953 33.6987 4.8
      vertex 110.453 39.7609 4.8
    endloop
  endfacet
  facet normal 0.499999 0.866026 0
    outer loop
      vertex 106.953 33.6987 0
      vertex 105.047 34.7987 0
      vertex 105.047 34.7987 4.8
    endloop
  endfacet
  facet normal 0.499999 0.866026 -0
    outer loop
      vertex 106.953 33.6987 0
      vertex 105.047 34.7987 4.8
      vertex 106.953 33.6987 4.8
    endloop
  endfacet
  facet normal -0 0 1
    outer loop
      vertex 141 23.2244 0
      vertex 148 21.0244 0
      vertex 148 23.2244 0
    endloop
  endfacet
  facet normal 0 0 1
    outer loop
      vertex 141 23.2244 0
      vertex 141 21.0244 0
      vertex 148 21.0244 0
    endloop
  endfacet
  facet normal 0 0 -1
    outer loop
      vertex 141 23.2244 4.8
      vertex 148 23.2244 4.8
      vertex 148 21.0244 4.8
    endloop
  endfacet
  facet normal 0 0 -1
    outer loop
      vertex 141 23.2244 4.8
      vertex 148 21.0244 4.8
      vertex 141 21.0244 4.8
    endloop
  endfacet
  facet normal 0 -1 0
    outer loop
      vertex 141 23.2244 0
      vertex 148 23.2244 0
      vertex 148 23.2244 4.8
    endloop
  endfacet
  facet normal 0 -1 0
    outer loop
      vertex 141 23.2244 0
      vertex 148 23.2244 4.8
      vertex 141 23.2244 4.8
    endloop
  endfacet
  facet normal -1 0 0
    outer loop
      vertex 148 23.2244 0
      vertex 148 21.0244 0
      vertex 148 21.0244 4.8
    endloop
  endfacet
  facet normal -1 0 0
    outer loop
      vertex 148 23.2244 0
      vertex 148 21.0244 4.8
      vertex 148 23.2244 4.8
    endloop
  endfacet
  facet normal 0 1 0
    outer loop
      vertex 148 21.0244 0
      vertex 141 21.0244 0
      vertex 141 21.0244 4.8
    endloop
  endfacet
  facet normal 0 1 -0
    outer loop
      vertex 148 21.0244 0
      vertex 141 21.0244 4.8
      vertex 148 21.0244 4.8
    endloop
  endfacet
  facet normal 1 0 0
    outer loop
      vertex 141 21.0244 0
      vertex 141 23.2244 0
      vertex 141 23.2244 4.8
    endloop
  endfacet
  facet normal 1 0 0
    outer loop
      vertex 141 21.0244 0
      vertex 141 23.2244 4.8
      vertex 141 21.0244 4.8
    endloop
  endfacet
  facet normal 0 0 1
    outer loop
      vertex 106.953 83.2961 0
      vertex 108.547 76.134 0
      vertex 110.453 77.234 0
    endloop
  endfacet
  facet normal 0 0 1
    outer loop
      vertex 106.953 83.2961 0
      vertex 105.047 82.1961 0
      vertex 108.547 76.134 0
    endloop
  endfacet
  facet normal 0 0 -1
    outer loop
      vertex 106.953 83.2961 4.8
      vertex 110.453 77.234 4.8
      vertex 108.547 76.134 4.8
    endloop
  endfacet
  facet normal 0 -0 -1
    outer loop
      vertex 106.953 83.2961 4.8
      vertex 108.547 76.134 4.8
      vertex 105.047 82.1961 4.8
    endloop
  endfacet
  facet normal -0.866023 -0.500005 0
    outer loop
      vertex 106.953 83.2961 0
      vertex 110.453 77.234 0
      vertex 110.453 77.234 4.8
    endloop
  endfacet
  facet normal -0.866023 -0.500005 0
    outer loop
      vertex 106.953 83.2961 0
      vertex 110.453 77.234 4.8
      vertex 106.953 83.2961 4.8
    endloop
  endfacet
  facet normal -0.500005 0.866023 0
    outer loop
      vertex 110.453 77.234 0
      vertex 108.547 76.134 0
      vertex 108.547 76.134 4.8
    endloop
  endfacet
  facet normal -0.500005 0.866023 0
    outer loop
      vertex 110.453 77.234 0
      vertex 108.547 76.134 4.8
      vertex 110.453 77.234 4.8
    endloop
  endfacet
  facet normal 0.866023 0.500005 0
    outer loop
      vertex 108.547 76.134 0
      vertex 105.047 82.1961 0
      vertex 105.047 82.1961 4.8
    endloop
  endfacet
  facet normal 0.866023 0.500005 -0
    outer loop
      vertex 108.547 76.134 0
      vertex 105.047 82.1961 4.8
      vertex 108.547 76.134 4.8
    endloop
  endfacet
  facet normal 0.500005 -0.866023 0
    outer loop
      vertex 105.047 82.1961 0
      vertex 106.953 83.2961 0
      vertex 106.953 83.2961 4.8
    endloop
  endfacet
  facet normal 0.500005 -0.866023 0
    outer loop
      vertex 105.047 82.1961 0
      vertex 106.953 83.2961 4.8
      vertex 105.047 82.1961 4.8
    endloop
  endfacet
  facet normal 0 0 1
    outer loop
      vertex 157.547 89.3583 0
      vertex 162.953 94.3205 0
      vertex 161.047 95.4205 0
    endloop
  endfacet
  facet normal -0 0 1
    outer loop
      vertex 157.547 89.3583 0
      vertex 159.453 88.2583 0
      vertex 162.953 94.3205 0
    endloop
  endfacet
  facet normal 0 0 -1
    outer loop
      vertex 157.547 89.3583 4.8
      vertex 161.047 95.4205 4.8
      vertex 162.953 94.3205 4.8
    endloop
  endfacet
  facet normal 0 0 -1
    outer loop
      vertex 157.547 89.3583 4.8
      vertex 162.953 94.3205 4.8
      vertex 159.453 88.2583 4.8
    endloop
  endfacet
  facet normal 0.866026 -0.499999 0
    outer loop
      vertex 157.547 89.3583 0
      vertex 161.047 95.4205 0
      vertex 161.047 95.4205 4.8
    endloop
  endfacet
  facet normal 0.866026 -0.499999 0
    outer loop
      vertex 157.547 89.3583 0
      vertex 161.047 95.4205 4.8
      vertex 157.547 89.3583 4.8
    endloop
  endfacet
  facet normal -0.499999 -0.866026 0
    outer loop
      vertex 161.047 95.4205 0
      vertex 162.953 94.3205 0
      vertex 162.953 94.3205 4.8
    endloop
  endfacet
  facet normal -0.499999 -0.866026 0
    outer loop
      vertex 161.047 95.4205 0
      vertex 162.953 94.3205 4.8
      vertex 161.047 95.4205 4.8
    endloop
  endfacet
  facet normal -0.866026 0.499999 0
    outer loop
      vertex 162.953 94.3205 0
      vertex 159.453 88.2583 0
      vertex 159.453 88.2583 4.8
    endloop
  endfacet
  facet normal -0.866026 0.499999 0
    outer loop
      vertex 162.953 94.3205 0
      vertex 159.453 88.2583 4.8
      vertex 162.953 94.3205 4.8
    endloop
  endfacet
  facet normal 0.499999 0.866026 0
    outer loop
      vertex 159.453 88.2583 0
      vertex 157.547 89.3583 0
      vertex 157.547 89.3583 4.8
    endloop
  endfacet
  facet normal 0.499999 0.866026 -0
    outer loop
      vertex 159.453 88.2583 0
      vertex 157.547 89.3583 4.8
      vertex 159.453 88.2583 4.8
    endloop
  endfacet
  facet normal 0 0 1
    outer loop
      vertex 94.5474 40.8609 0
      vertex 99.9526 45.8231 0
      vertex 98.0474 46.9231 0
    endloop
  endfacet
  facet normal -0 0 1
    outer loop
      vertex 94.5474 40.8609 0
      vertex 96.4526 39.7609 0
      vertex 99.9526 45.8231 0
    endloop
  endfacet
  facet normal 0 0 -1
    outer loop
      vertex 94.5474 40.8609 4.8
      vertex 98.0474 46.9231 4.8
      vertex 99.9526 45.8231 4.8
    endloop
  endfacet
  facet normal 0 0 -1
    outer loop
      vertex 94.5474 40.8609 4.8
      vertex 99.9526 45.8231 4.8
      vertex 96.4526 39.7609 4.8
    endloop
  endfacet
  facet normal 0.866026 -0.499999 0
    outer loop
      vertex 94.5474 40.8609 0
      vertex 98.0474 46.9231 0
      vertex 98.0474 46.9231 4.8
    endloop
  endfacet
  facet normal 0.866026 -0.499999 0
    outer loop
      vertex 94.5474 40.8609 0
      vertex 98.0474 46.9231 4.8
      vertex 94.5474 40.8609 4.8
    endloop
  endfacet
  facet normal -0.499999 -0.866026 0
    outer loop
      vertex 98.0474 46.9231 0
      vertex 99.9526 45.8231 0
      vertex 99.9526 45.8231 4.8
    endloop
  endfacet
  facet normal -0.499999 -0.866026 0
    outer loop
      vertex 98.0474 46.9231 0
      vertex 99.9526 45.8231 4.8
      vertex 98.0474 46.9231 4.8
    endloop
  endfacet
  facet normal -0.866026 0.499999 0
    outer loop
      vertex 99.9526 45.8231 0
      vertex 96.4526 39.7609 0
      vertex 96.4526 39.7609 4.8
    endloop
  endfacet
  facet normal -0.866026 0.499999 0
    outer loop
      vertex 99.9526 45.8231 0
      vertex 96.4526 39.7609 4.8
      vertex 99.9526 45.8231 4.8
    endloop
  endfacet
  facet normal 0.499999 0.866026 0
    outer loop
      vertex 96.4526 39.7609 0
      vertex 94.5474 40.8609 0
      vertex 94.5474 40.8609 4.8
    endloop
  endfacet
  facet normal 0.499999 0.866026 -0
    outer loop
      vertex 96.4526 39.7609 0
      vertex 94.5474 40.8609 4.8
      vertex 96.4526 39.7609 4.8
    endloop
  endfacet
  facet normal 0 0 1
    outer loop
      vertex 64.9526 83.2961 0
      vertex 66.5474 76.134 0
      vertex 68.4526 77.234 0
    endloop
  endfacet
  facet normal 0 0 1
    outer loop
      vertex 64.9526 83.2961 0
      vertex 63.0474 82.1961 0
      vertex 66.5474 76.134 0
    endloop
  endfacet
  facet normal 0 0 -1
    outer loop
      vertex 64.9526 83.2961 4.8
      vertex 68.4526 77.234 4.8
      vertex 66.5474 76.134 4.8
    endloop
  endfacet
  facet normal 0 -0 -1
    outer loop
      vertex 64.9526 83.2961 4.8
      vertex 66.5474 76.134 4.8
      vertex 63.0474 82.1961 4.8
    endloop
  endfacet
  facet normal -0.866023 -0.500005 0
    outer loop
      vertex 64.9526 83.2961 0
      vertex 68.4526 77.234 0
      vertex 68.4526 77.234 4.8
    endloop
  endfacet
  facet normal -0.866023 -0.500005 0
    outer loop
      vertex 64.9526 83.2961 0
      vertex 68.4526 77.234 4.8
      vertex 64.9526 83.2961 4.8
    endloop
  endfacet
  facet normal -0.500005 0.866023 0
    outer loop
      vertex 68.4526 77.234 0
      vertex 66.5474 76.134 0
      vertex 66.5474 76.134 4.8
    endloop
  endfacet
  facet normal -0.500005 0.866023 0
    outer loop
      vertex 68.4526 77.234 0
      vertex 66.5474 76.134 4.8
      vertex 68.4526 77.234 4.8
    endloop
  endfacet
  facet normal 0.866023 0.500005 0
    outer loop
      vertex 66.5474 76.134 0
      vertex 63.0474 82.1961 0
      vertex 63.0474 82.1961 4.8
    endloop
  endfacet
  facet normal 0.866023 0.500005 -0
    outer loop
      vertex 66.5474 76.134 0
      vertex 63.0474 82.1961 4.8
      vertex 66.5474 76.134 4.8
    endloop
  endfacet
  facet normal 0.500005 -0.866023 0
    outer loop
      vertex 63.0474 82.1961 0
      vertex 64.9526 83.2961 0
      vertex 64.9526 83.2961 4.8
    endloop
  endfacet
  facet normal 0.500005 -0.866023 0
    outer loop
      vertex 63.0474 82.1961 0
      vertex 64.9526 83.2961 4.8
      vertex 63.0474 82.1961 4.8
    endloop
  endfacet
  facet normal -0 0 1
    outer loop
      vertex 99 23.2244 0
      vertex 106 21.0244 0
      vertex 106 23.2244 0
    endloop
  endfacet
  facet normal 0 0 1
    outer loop
      vertex 99 23.2244 0
      vertex 99 21.0244 0
      vertex 106 21.0244 0
    endloop
  endfacet
  facet normal 0 0 -1
    outer loop
      vertex 99 23.2244 4.8
      vertex 106 23.2244 4.8
      vertex 106 21.0244 4.8
    endloop
  endfacet
  facet normal 0 0 -1
    outer loop
      vertex 99 23.2244 4.8
      vertex 106 21.0244 4.8
      vertex 99 21.0244 4.8
    endloop
  endfacet
  facet normal 0 -1 0
    outer loop
      vertex 99 23.2244 0
      vertex 106 23.2244 0
      vertex 106 23.2244 4.8
    endloop
  endfacet
  facet normal 0 -1 0
    outer loop
      vertex 99 23.2244 0
      vertex 106 23.2244 4.8
      vertex 99 23.2244 4.8
    endloop
  endfacet
  facet normal -1 0 0
    outer loop
      vertex 106 23.2244 0
      vertex 106 21.0244 0
      vertex 106 21.0244 4.8
    endloop
  endfacet
  facet normal -1 0 0
    outer loop
      vertex 106 23.2244 0
      vertex 106 21.0244 4.8
      vertex 106 23.2244 4.8
    endloop
  endfacet
  facet normal 0 1 0
    outer loop
      vertex 106 21.0244 0
      vertex 99 21.0244 0
      vertex 99 21.0244 4.8
    endloop
  endfacet
  facet normal 0 1 -0
    outer loop
      vertex 106 21.0244 0
      vertex 99 21.0244 4.8
      vertex 106 21.0244 4.8
    endloop
  endfacet
  facet normal 1 0 0
    outer loop
      vertex 99 21.0244 0
      vertex 99 23.2244 0
      vertex 99 23.2244 4.8
    endloop
  endfacet
  facet normal 1 0 0
    outer loop
      vertex 99 21.0244 0
      vertex 99 23.2244 4.8
      vertex 99 21.0244 4.8
    endloop
  endfacet
  facet normal 0 0 1
    outer loop
      vertex 75.4526 40.8609 0
      vertex 77.0474 33.6987 0
      vertex 78.9526 34.7987 0
    endloop
  endfacet
  facet normal 0 0 1
    outer loop
      vertex 75.4526 40.8609 0
      vertex 73.5474 39.7609 0
      vertex 77.0474 33.6987 0
    endloop
  endfacet
  facet normal 0 0 -1
    outer loop
      vertex 75.4526 40.8609 4.8
      vertex 78.9526 34.7987 4.8
      vertex 77.0474 33.6987 4.8
    endloop
  endfacet
  facet normal 0 -0 -1
    outer loop
      vertex 75.4526 40.8609 4.8
      vertex 77.0474 33.6987 4.8
      vertex 73.5474 39.7609 4.8
    endloop
  endfacet
  facet normal -0.866026 -0.499999 0
    outer loop
      vertex 75.4526 40.8609 0
      vertex 78.9526 34.7987 0
      vertex 78.9526 34.7987 4.8
    endloop
  endfacet
  facet normal -0.866026 -0.499999 0
    outer loop
      vertex 75.4526 40.8609 0
      vertex 78.9526 34.7987 4.8
      vertex 75.4526 40.8609 4.8
    endloop
  endfacet
  facet normal -0.499999 0.866026 0
    outer loop
      vertex 78.9526 34.7987 0
      vertex 77.0474 33.6987 0
      vertex 77.0474 33.6987 4.8
    endloop
  endfacet
  facet normal -0.499999 0.866026 0
    outer loop
      vertex 78.9526 34.7987 0
      vertex 77.0474 33.6987 4.8
      vertex 78.9526 34.7987 4.8
    endloop
  endfacet
  facet normal 0.866026 0.499999 0
    outer loop
      vertex 77.0474 33.6987 0
      vertex 73.5474 39.7609 0
      vertex 73.5474 39.7609 4.8
    endloop
  endfacet
  facet normal 0.866026 0.499999 -0
    outer loop
      vertex 77.0474 33.6987 0
      vertex 73.5474 39.7609 4.8
      vertex 77.0474 33.6987 4.8
    endloop
  endfacet
  facet normal 0.499999 -0.866026 0
    outer loop
      vertex 73.5474 39.7609 0
      vertex 75.4526 40.8609 0
      vertex 75.4526 40.8609 4.8
    endloop
  endfacet
  facet normal 0.499999 -0.866026 0
    outer loop
      vertex 73.5474 39.7609 0
      vertex 75.4526 40.8609 4.8
      vertex 73.5474 39.7609 4.8
    endloop
  endfacet
  facet normal -0 0 1
    outer loop
      vertex 130.5 65.6596 0
      vertex 137.5 63.4596 0
      vertex 137.5 65.6596 0
    endloop
  endfacet
  facet normal 0 0 1
    outer loop
      vertex 130.5 65.6596 0
      vertex 130.5 63.4596 0
      vertex 137.5 63.4596 0
    endloop
  endfacet
  facet normal 0 0 -1
    outer loop
      vertex 130.5 65.6596 4.8
      vertex 137.5 65.6596 4.8
      vertex 137.5 63.4596 4.8
    endloop
  endfacet
  facet normal 0 0 -1
    outer loop
      vertex 130.5 65.6596 4.8
      vertex 137.5 63.4596 4.8
      vertex 130.5 63.4596 4.8
    endloop
  endfacet
  facet normal 0 -1 0
    outer loop
      vertex 130.5 65.6596 0
      vertex 137.5 65.6596 0
      vertex 137.5 65.6596 4.8
    endloop
  endfacet
  facet normal 0 -1 0
    outer loop
      vertex 130.5 65.6596 0
      vertex 137.5 65.6596 4.8
      vertex 130.5 65.6596 4.8
    endloop
  endfacet
  facet normal -1 0 0
    outer loop
      vertex 137.5 65.6596 0
      vertex 137.5 63.4596 0
      vertex 137.5 63.4596 4.8
    endloop
  endfacet
  facet normal -1 0 0
    outer loop
      vertex 137.5 65.6596 0
      vertex 137.5 63.4596 4.8
      vertex 137.5 65.6596 4.8
    endloop
  endfacet
  facet normal 0 1 0
    outer loop
      vertex 137.5 63.4596 0
      vertex 130.5 63.4596 0
      vertex 130.5 63.4596 4.8
    endloop
  endfacet
  facet normal 0 1 -0
    outer loop
      vertex 137.5 63.4596 0
      vertex 130.5 63.4596 4.8
      vertex 137.5 63.4596 4.8
    endloop
  endfacet
  facet normal 1 0 0
    outer loop
      vertex 130.5 63.4596 0
      vertex 130.5 65.6596 0
      vertex 130.5 65.6596 4.8
    endloop
  endfacet
  facet normal 1 0 0
    outer loop
      vertex 130.5 63.4596 0
      vertex 130.5 65.6596 4.8
      vertex 130.5 63.4596 4.8
    endloop
  endfacet
  facet normal 0 0 1
    outer loop
      vertex 159.453 40.8609 0
      vertex 161.047 33.6987 0
      vertex 162.953 34.7987 0
    endloop
  endfacet
  facet normal 0 0 1
    outer loop
      vertex 159.453 40.8609 0
      vertex 157.547 39.7609 0
      vertex 161.047 33.6987 0
    endloop
  endfacet
  facet normal 0 0 -1
    outer loop
      vertex 159.453 40.8609 4.8
      vertex 162.953 34.7987 4.8
      vertex 161.047 33.6987 4.8
    endloop
  endfacet
  facet normal 0 -0 -1
    outer loop
      vertex 159.453 40.8609 4.8
      vertex 161.047 33.6987 4.8
      vertex 157.547 39.7609 4.8
    endloop
  endfacet
  facet normal -0.866026 -0.499999 0
    outer loop
      vertex 159.453 40.8609 0
      vertex 162.953 34.7987 0
      vertex 162.953 34.7987 4.8
    endloop
  endfacet
  facet normal -0.866026 -0.499999 0
    outer loop
      vertex 159.453 40.8609 0
      vertex 162.953 34.7987 4.8
      vertex 159.453 40.8609 4.8
    endloop
  endfacet
  facet normal -0.499999 0.866026 0
    outer loop
      vertex 162.953 34.7987 0
      vertex 161.047 33.6987 0
      vertex 161.047 33.6987 4.8
    endloop
  endfacet
  facet normal -0.499999 0.866026 0
    outer loop
      vertex 162.953 34.7987 0
      vertex 161.047 33.6987 4.8
      vertex 162.953 34.7987 4.8
    endloop
  endfacet
  facet normal 0.866026 0.499999 0
    outer loop
      vertex 161.047 33.6987 0
      vertex 157.547 39.7609 0
      vertex 157.547 39.7609 4.8
    endloop
  endfacet
  facet normal 0.866026 0.499999 -0
    outer loop
      vertex 161.047 33.6987 0
      vertex 157.547 39.7609 4.8
      vertex 161.047 33.6987 4.8
    endloop
  endfacet
  facet normal 0.499999 -0.866026 0
    outer loop
      vertex 157.547 39.7609 0
      vertex 159.453 40.8609 0
      vertex 159.453 40.8609 4.8
    endloop
  endfacet
  facet normal 0.499999 -0.866026 0
    outer loop
      vertex 157.547 39.7609 0
      vertex 159.453 40.8609 4.8
      vertex 157.547 39.7609 4.8
    endloop
  endfacet
  facet normal -0 0 1
    outer loop
      vertex 8 89.9083 0
      vertex 11.5 87.7083 0
      vertex 11.5 89.9083 0
    endloop
  endfacet
  facet normal 0 0 1
    outer loop
      vertex 8 89.9083 0
      vertex 8 87.7083 0
      vertex 11.5 87.7083 0
    endloop
  endfacet
  facet normal 0 0 -1
    outer loop
      vertex 8 89.9083 4.8
      vertex 11.5 89.9083 4.8
      vertex 11.5 87.7083 4.8
    endloop
  endfacet
  facet normal 0 0 -1
    outer loop
      vertex 8 89.9083 4.8
      vertex 11.5 87.7083 4.8
      vertex 8 87.7083 4.8
    endloop
  endfacet
  facet normal 0 -1 0
    outer loop
      vertex 8 89.9083 0
      vertex 11.5 89.9083 0
      vertex 11.5 89.9083 4.8
    endloop
  endfacet
  facet normal 0 -1 0
    outer loop
      vertex 8 89.9083 0
      vertex 11.5 89.9083 4.8
      vertex 8 89.9083 4.8
    endloop
  endfacet
  facet normal -1 0 0
    outer loop
      vertex 11.5 89.9083 0
      vertex 11.5 87.7083 0
      vertex 11.5 87.7083 4.8
    endloop
  endfacet
  facet normal -1 0 0
    outer loop
      vertex 11.5 89.9083 0
      vertex 11.5 87.7083 4.8
      vertex 11.5 89.9083 4.8
    endloop
  endfacet
  facet normal 0 1 0
    outer loop
      vertex 11.5 87.7083 0
      vertex 8 87.7083 0
      vertex 8 87.7083 4.8
    endloop
  endfacet
  facet normal 0 1 -0
    outer loop
      vertex 11.5 87.7083 0
      vertex 8 87.7083 4.8
      vertex 11.5 87.7083 4.8
    endloop
  endfacet
  facet normal 1 0 0
    outer loop
      vertex 8 87.7083 0
      vertex 8 89.9083 0
      vertex 8 89.9083 4.8
    endloop
  endfacet
  facet normal 1 0 0
    outer loop
      vertex 8 87.7083 0
      vertex 8 89.9083 4.8
      vertex 8 87.7083 4.8
    endloop
  endfacet
  facet normal -0 0 1
    outer loop
      vertex 99 11.1 0
      vertex 106 8.9 0
      vertex 106 11.1 0
    endloop
  endfacet
  facet normal 0 0 1
    outer loop
      vertex 99 11.1 0
      vertex 99 8.9 0
      vertex 106 8.9 0
    endloop
  endfacet
  facet normal 0 0 -1
    outer loop
      vertex 99 11.1 4.8
      vertex 106 11.1 4.8
      vertex 106 8.9 4.8
    endloop
  endfacet
  facet normal 0 0 -1
    outer loop
      vertex 99 11.1 4.8
      vertex 106 8.9 4.8
      vertex 99 8.9 4.8
    endloop
  endfacet
  facet normal 0 -1 0
    outer loop
      vertex 99 11.1 0
      vertex 106 11.1 0
      vertex 106 11.1 4.8
    endloop
  endfacet
  facet normal 0 -1 0
    outer loop
      vertex 99 11.1 0
      vertex 106 11.1 4.8
      vertex 99 11.1 4.8
    endloop
  endfacet
  facet normal -1 0 0
    outer loop
      vertex 106 11.1 0
      vertex 106 8.9 0
      vertex 106 8.9 4.8
    endloop
  endfacet
  facet normal -1 0 0
    outer loop
      vertex 106 11.1 0
      vertex 106 8.9 4.8
      vertex 106 11.1 4.8
    endloop
  endfacet
  facet normal 0 1 0
    outer loop
      vertex 106 8.9 0
      vertex 99 8.9 0
      vertex 99 8.9 4.8
    endloop
  endfacet
  facet normal 0 1 -0
    outer loop
      vertex 106 8.9 0
      vertex 99 8.9 4.8
      vertex 106 8.9 4.8
    endloop
  endfacet
  facet normal 1 0 0
    outer loop
      vertex 99 8.9 0
      vertex 99 11.1 0
      vertex 99 11.1 4.8
    endloop
  endfacet
  facet normal 1 0 0
    outer loop
      vertex 99 8.9 0
      vertex 99 11.1 4.8
      vertex 99 8.9 4.8
    endloop
  endfacet
  facet normal 0 0 1
    outer loop
      vertex 126.047 83.2961 0
      vertex 131.453 88.2583 0
      vertex 129.547 89.3583 0
    endloop
  endfacet
  facet normal -0 0 1
    outer loop
      vertex 126.047 83.2961 0
      vertex 127.953 82.1961 0
      vertex 131.453 88.2583 0
    endloop
  endfacet
  facet normal 0 0 -1
    outer loop
      vertex 126.047 83.2961 4.8
      vertex 129.547 89.3583 4.8
      vertex 131.453 88.2583 4.8
    endloop
  endfacet
  facet normal 0 0 -1
    outer loop
      vertex 126.047 83.2961 4.8
      vertex 131.453 88.2583 4.8
      vertex 127.953 82.1961 4.8
    endloop
  endfacet
  facet normal 0.866026 -0.499999 0
    outer loop
      vertex 126.047 83.2961 0
      vertex 129.547 89.3583 0
      vertex 129.547 89.3583 4.8
    endloop
  endfacet
  facet normal 0.866026 -0.499999 0
    outer loop
      vertex 126.047 83.2961 0
      vertex 129.547 89.3583 4.8
      vertex 126.047 83.2961 4.8
    endloop
  endfacet
  facet normal -0.499999 -0.866026 0
    outer loop
      vertex 129.547 89.3583 0
      vertex 131.453 88.2583 0
      vertex 131.453 88.2583 4.8
    endloop
  endfacet
  facet normal -0.499999 -0.866026 0
    outer loop
      vertex 129.547 89.3583 0
      vertex 131.453 88.2583 4.8
      vertex 129.547 89.3583 4.8
    endloop
  endfacet
  facet normal -0.866026 0.499999 0
    outer loop
      vertex 131.453 88.2583 0
      vertex 127.953 82.1961 0
      vertex 127.953 82.1961 4.8
    endloop
  endfacet
  facet normal -0.866026 0.499999 0
    outer loop
      vertex 131.453 88.2583 0
      vertex 127.953 82.1961 4.8
      vertex 131.453 88.2583 4.8
    endloop
  endfacet
  facet normal 0.499999 0.866026 0
    outer loop
      vertex 127.953 82.1961 0
      vertex 126.047 83.2961 0
      vertex 126.047 83.2961 4.8
    endloop
  endfacet
  facet normal 0.499999 0.866026 -0
    outer loop
      vertex 127.953 82.1961 0
      vertex 126.047 83.2961 4.8
      vertex 127.953 82.1961 4.8
    endloop
  endfacet
  facet normal -0 0 1
    outer loop
      vertex 151.5 29.2865 0
      vertex 158.5 27.0865 0
      vertex 158.5 29.2865 0
    endloop
  endfacet
  facet normal 0 0 1
    outer loop
      vertex 151.5 29.2865 0
      vertex 151.5 27.0865 0
      vertex 158.5 27.0865 0
    endloop
  endfacet
  facet normal 0 0 -1
    outer loop
      vertex 151.5 29.2865 4.8
      vertex 158.5 29.2865 4.8
      vertex 158.5 27.0865 4.8
    endloop
  endfacet
  facet normal 0 0 -1
    outer loop
      vertex 151.5 29.2865 4.8
      vertex 158.5 27.0865 4.8
      vertex 151.5 27.0865 4.8
    endloop
  endfacet
  facet normal 0 -1 0
    outer loop
      vertex 151.5 29.2865 0
      vertex 158.5 29.2865 0
      vertex 158.5 29.2865 4.8
    endloop
  endfacet
  facet normal 0 -1 0
    outer loop
      vertex 151.5 29.2865 0
      vertex 158.5 29.2865 4.8
      vertex 151.5 29.2865 4.8
    endloop
  endfacet
  facet normal -1 0 0
    outer loop
      vertex 158.5 29.2865 0
      vertex 158.5 27.0865 0
      vertex 158.5 27.0865 4.8
    endloop
  endfacet
  facet normal -1 0 0
    outer loop
      vertex 158.5 29.2865 0
      vertex 158.5 27.0865 4.8
      vertex 158.5 29.2865 4.8
    endloop
  endfacet
  facet normal 0 1 0
    outer loop
      vertex 158.5 27.0865 0
      vertex 151.5 27.0865 0
      vertex 151.5 27.0865 4.8
    endloop
  endfacet
  facet normal 0 1 -0
    outer loop
      vertex 158.5 27.0865 0
      vertex 151.5 27.0865 4.8
      vertex 158.5 27.0865 4.8
    endloop
  endfacet
  facet normal 1 0 0
    outer loop
      vertex 151.5 27.0865 0
      vertex 151.5 29.2865 0
      vertex 151.5 29.2865 4.8
    endloop
  endfacet
  facet normal 1 0 0
    outer loop
      vertex 151.5 27.0865 0
      vertex 151.5 29.2865 4.8
      vertex 151.5 27.0865 4.8
    endloop
  endfacet
  facet normal -0 0 1
    outer loop
      vertex 15 83.8461 0
      vertex 22 81.6461 0
      vertex 22 83.8461 0
    endloop
  endfacet
  facet normal 0 0 1
    outer loop
      vertex 15 83.8461 0
      vertex 15 81.6461 0
      vertex 22 81.6461 0
    endloop
  endfacet
  facet normal 0 0 -1
    outer loop
      vertex 15 83.8461 4.8
      vertex 22 83.8461 4.8
      vertex 22 81.6461 4.8
    endloop
  endfacet
  facet normal 0 0 -1
    outer loop
      vertex 15 83.8461 4.8
      vertex 22 81.6461 4.8
      vertex 15 81.6461 4.8
    endloop
  endfacet
  facet normal 0 -1 0
    outer loop
      vertex 15 83.8461 0
      vertex 22 83.8461 0
      vertex 22 83.8461 4.8
    endloop
  endfacet
  facet normal 0 -1 0
    outer loop
      vertex 15 83.8461 0
      vertex 22 83.8461 4.8
      vertex 15 83.8461 4.8
    endloop
  endfacet
  facet normal -1 0 0
    outer loop
      vertex 22 83.8461 0
      vertex 22 81.6461 0
      vertex 22 81.6461 4.8
    endloop
  endfacet
  facet normal -1 0 0
    outer loop
      vertex 22 83.8461 0
      vertex 22 81.6461 4.8
      vertex 22 83.8461 4.8
    endloop
  endfacet
  facet normal 0 1 0
    outer loop
      vertex 22 81.6461 0
      vertex 15 81.6461 0
      vertex 15 81.6461 4.8
    endloop
  endfacet
  facet normal 0 1 -0
    outer loop
      vertex 22 81.6461 0
      vertex 15 81.6461 4.8
      vertex 22 81.6461 4.8
    endloop
  endfacet
  facet normal 1 0 0
    outer loop
      vertex 15 81.6461 0
      vertex 15 83.8461 0
      vertex 15 83.8461 4.8
    endloop
  endfacet
  facet normal 1 0 0
    outer loop
      vertex 15 81.6461 0
      vertex 15 83.8461 4.8
      vertex 15 81.6461 4.8
    endloop
  endfacet
  facet normal -0 0 1
    outer loop
      vertex 88.5 77.784 0
      vertex 95.5 75.584 0
      vertex 95.5 77.784 0
    endloop
  endfacet
  facet normal 0 0 1
    outer loop
      vertex 88.5 77.784 0
      vertex 88.5 75.584 0
      vertex 95.5 75.584 0
    endloop
  endfacet
  facet normal 0 0 -1
    outer loop
      vertex 88.5 77.784 4.8
      vertex 95.5 77.784 4.8
      vertex 95.5 75.584 4.8
    endloop
  endfacet
  facet normal 0 0 -1
    outer loop
      vertex 88.5 77.784 4.8
      vertex 95.5 75.584 4.8
      vertex 88.5 75.584 4.8
    endloop
  endfacet
  facet normal 0 -1 0
    outer loop
      vertex 88.5 77.784 0
      vertex 95.5 77.784 0
      vertex 95.5 77.784 4.8
    endloop
  endfacet
  facet normal 0 -1 0
    outer loop
      vertex 88.5 77.784 0
      vertex 95.5 77.784 4.8
      vertex 88.5 77.784 4.8
    endloop
  endfacet
  facet normal -1 0 0
    outer loop
      vertex 95.5 77.784 0
      vertex 95.5 75.584 0
      vertex 95.5 75.584 4.8
    endloop
  endfacet
  facet normal -1 0 0
    outer loop
      vertex 95.5 77.784 0
      vertex 95.5 75.584 4.8
      vertex 95.5 77.784 4.8
    endloop
  endfacet
  facet normal 0 1 0
    outer loop
      vertex 95.5 75.584 0
      vertex 88.5 75.584 0
      vertex 88.5 75.584 4.8
    endloop
  endfacet
  facet normal 0 1 -0
    outer loop
      vertex 95.5 75.584 0
      vertex 88.5 75.584 4.8
      vertex 95.5 75.584 4.8
    endloop
  endfacet
  facet normal 1 0 0
    outer loop
      vertex 88.5 75.584 0
      vertex 88.5 77.784 0
      vertex 88.5 77.784 4.8
    endloop
  endfacet
  facet normal 1 0 0
    outer loop
      vertex 88.5 75.584 0
      vertex 88.5 77.784 4.8
      vertex 88.5 75.584 4.8
    endloop
  endfacet
  facet normal 0 0 1
    outer loop
      vertex 64.9526 71.1718 0
      vertex 66.5474 64.0096 0
      vertex 68.4526 65.1096 0
    endloop
  endfacet
  facet normal 0 0 1
    outer loop
      vertex 64.9526 71.1718 0
      vertex 63.0474 70.0718 0
      vertex 66.5474 64.0096 0
    endloop
  endfacet
  facet normal 0 0 -1
    outer loop
      vertex 64.9526 71.1718 4.8
      vertex 68.4526 65.1096 4.8
      vertex 66.5474 64.0096 4.8
    endloop
  endfacet
  facet normal 0 -0 -1
    outer loop
      vertex 64.9526 71.1718 4.8
      vertex 66.5474 64.0096 4.8
      vertex 63.0474 70.0718 4.8
    endloop
  endfacet
  facet normal -0.866026 -0.499999 0
    outer loop
      vertex 64.9526 71.1718 0
      vertex 68.4526 65.1096 0
      vertex 68.4526 65.1096 4.8
    endloop
  endfacet
  facet normal -0.866026 -0.499999 0
    outer loop
      vertex 64.9526 71.1718 0
      vertex 68.4526 65.1096 4.8
      vertex 64.9526 71.1718 4.8
    endloop
  endfacet
  facet normal -0.499999 0.866026 0
    outer loop
      vertex 68.4526 65.1096 0
      vertex 66.5474 64.0096 0
      vertex 66.5474 64.0096 4.8
    endloop
  endfacet
  facet normal -0.499999 0.866026 0
    outer loop
      vertex 68.4526 65.1096 0
      vertex 66.5474 64.0096 4.8
      vertex 68.4526 65.1096 4.8
    endloop
  endfacet
  facet normal 0.866026 0.499999 0
    outer loop
      vertex 66.5474 64.0096 0
      vertex 63.0474 70.0718 0
      vertex 63.0474 70.0718 4.8
    endloop
  endfacet
  facet normal 0.866026 0.499999 -0
    outer loop
      vertex 66.5474 64.0096 0
      vertex 63.0474 70.0718 4.8
      vertex 66.5474 64.0096 4.8
    endloop
  endfacet
  facet normal 0.499999 -0.866026 0
    outer loop
      vertex 63.0474 70.0718 0
      vertex 64.9526 71.1718 0
      vertex 64.9526 71.1718 4.8
    endloop
  endfacet
  facet normal 0.499999 -0.866026 0
    outer loop
      vertex 63.0474 70.0718 0
      vertex 64.9526 71.1718 4.8
      vertex 63.0474 70.0718 4.8
    endloop
  endfacet
  facet normal 0 0 1
    outer loop
      vertex 117.453 77.234 0
      vertex 119.047 70.0718 0
      vertex 120.953 71.1718 0
    endloop
  endfacet
  facet normal 0 0 1
    outer loop
      vertex 117.453 77.234 0
      vertex 115.547 76.134 0
      vertex 119.047 70.0718 0
    endloop
  endfacet
  facet normal 0 0 -1
    outer loop
      vertex 117.453 77.234 4.8
      vertex 120.953 71.1718 4.8
      vertex 119.047 70.0718 4.8
    endloop
  endfacet
  facet normal 0 -0 -1
    outer loop
      vertex 117.453 77.234 4.8
      vertex 119.047 70.0718 4.8
      vertex 115.547 76.134 4.8
    endloop
  endfacet
  facet normal -0.866026 -0.499999 0
    outer loop
      vertex 117.453 77.234 0
      vertex 120.953 71.1718 0
      vertex 120.953 71.1718 4.8
    endloop
  endfacet
  facet normal -0.866026 -0.499999 0
    outer loop
      vertex 117.453 77.234 0
      vertex 120.953 71.1718 4.8
      vertex 117.453 77.234 4.8
    endloop
  endfacet
  facet normal -0.499999 0.866026 0
    outer loop
      vertex 120.953 71.1718 0
      vertex 119.047 70.0718 0
      vertex 119.047 70.0718 4.8
    endloop
  endfacet
  facet normal -0.499999 0.866026 0
    outer loop
      vertex 120.953 71.1718 0
      vertex 119.047 70.0718 4.8
      vertex 120.953 71.1718 4.8
    endloop
  endfacet
  facet normal 0.866026 0.499999 0
    outer loop
      vertex 119.047 70.0718 0
      vertex 115.547 76.134 0
      vertex 115.547 76.134 4.8
    endloop
  endfacet
  facet normal 0.866026 0.499999 -0
    outer loop
      vertex 119.047 70.0718 0
      vertex 115.547 76.134 4.8
      vertex 119.047 70.0718 4.8
    endloop
  endfacet
  facet normal 0.499999 -0.866026 0
    outer loop
      vertex 115.547 76.134 0
      vertex 117.453 77.234 0
      vertex 117.453 77.234 4.8
    endloop
  endfacet
  facet normal 0.499999 -0.866026 0
    outer loop
      vertex 115.547 76.134 0
      vertex 117.453 77.234 4.8
      vertex 115.547 76.134 4.8
    endloop
  endfacet
  facet normal -0 0 1
    outer loop
      vertex 78 83.8461 0
      vertex 85 81.6461 0
      vertex 85 83.8461 0
    endloop
  endfacet
  facet normal 0 0 1
    outer loop
      vertex 78 83.8461 0
      vertex 78 81.6461 0
      vertex 85 81.6461 0
    endloop
  endfacet
  facet normal 0 0 -1
    outer loop
      vertex 78 83.8461 4.8
      vertex 85 83.8461 4.8
      vertex 85 81.6461 4.8
    endloop
  endfacet
  facet normal 0 0 -1
    outer loop
      vertex 78 83.8461 4.8
      vertex 85 81.6461 4.8
      vertex 78 81.6461 4.8
    endloop
  endfacet
  facet normal 0 -1 0
    outer loop
      vertex 78 83.8461 0
      vertex 85 83.8461 0
      vertex 85 83.8461 4.8
    endloop
  endfacet
  facet normal 0 -1 0
    outer loop
      vertex 78 83.8461 0
      vertex 85 83.8461 4.8
      vertex 78 83.8461 4.8
    endloop
  endfacet
  facet normal -1 0 0
    outer loop
      vertex 85 83.8461 0
      vertex 85 81.6461 0
      vertex 85 81.6461 4.8
    endloop
  endfacet
  facet normal -1 0 0
    outer loop
      vertex 85 83.8461 0
      vertex 85 81.6461 4.8
      vertex 85 83.8461 4.8
    endloop
  endfacet
  facet normal 0 1 0
    outer loop
      vertex 85 81.6461 0
      vertex 78 81.6461 0
      vertex 78 81.6461 4.8
    endloop
  endfacet
  facet normal 0 1 -0
    outer loop
      vertex 85 81.6461 0
      vertex 78 81.6461 4.8
      vertex 85 81.6461 4.8
    endloop
  endfacet
  facet normal 1 0 0
    outer loop
      vertex 78 81.6461 0
      vertex 78 83.8461 0
      vertex 78 83.8461 4.8
    endloop
  endfacet
  facet normal 1 0 0
    outer loop
      vertex 78 81.6461 0
      vertex 78 83.8461 4.8
      vertex 78 81.6461 4.8
    endloop
  endfacet
  facet normal 0 0 1
    outer loop
      vertex 75.4526 28.7365 0
      vertex 77.0474 21.5744 0
      vertex 78.9526 22.6744 0
    endloop
  endfacet
  facet normal 0 0 1
    outer loop
      vertex 75.4526 28.7365 0
      vertex 73.5474 27.6365 0
      vertex 77.0474 21.5744 0
    endloop
  endfacet
  facet normal 0 0 -1
    outer loop
      vertex 75.4526 28.7365 4.8
      vertex 78.9526 22.6744 4.8
      vertex 77.0474 21.5744 4.8
    endloop
  endfacet
  facet normal 0 -0 -1
    outer loop
      vertex 75.4526 28.7365 4.8
      vertex 77.0474 21.5744 4.8
      vertex 73.5474 27.6365 4.8
    endloop
  endfacet
  facet normal -0.866023 -0.500005 0
    outer loop
      vertex 75.4526 28.7365 0
      vertex 78.9526 22.6744 0
      vertex 78.9526 22.6744 4.8
    endloop
  endfacet
  facet normal -0.866023 -0.500005 0
    outer loop
      vertex 75.4526 28.7365 0
      vertex 78.9526 22.6744 4.8
      vertex 75.4526 28.7365 4.8
    endloop
  endfacet
  facet normal -0.500005 0.866023 0
    outer loop
      vertex 78.9526 22.6744 0
      vertex 77.0474 21.5744 0
      vertex 77.0474 21.5744 4.8
    endloop
  endfacet
  facet normal -0.500005 0.866023 0
    outer loop
      vertex 78.9526 22.6744 0
      vertex 77.0474 21.5744 4.8
      vertex 78.9526 22.6744 4.8
    endloop
  endfacet
  facet normal 0.866023 0.500005 0
    outer loop
      vertex 77.0474 21.5744 0
      vertex 73.5474 27.6365 0
      vertex 73.5474 27.6365 4.8
    endloop
  endfacet
  facet normal 0.866023 0.500005 -0
    outer loop
      vertex 77.0474 21.5744 0
      vertex 73.5474 27.6365 4.8
      vertex 77.0474 21.5744 4.8
    endloop
  endfacet
  facet normal 0.500005 -0.866023 0
    outer loop
      vertex 73.5474 27.6365 0
      vertex 75.4526 28.7365 0
      vertex 75.4526 28.7365 4.8
    endloop
  endfacet
  facet normal 0.500005 -0.866023 0
    outer loop
      vertex 73.5474 27.6365 0
      vertex 75.4526 28.7365 4.8
      vertex 73.5474 27.6365 4.8
    endloop
  endfacet
  facet normal 0 0 1
    outer loop
      vertex 157.547 52.9852 0
      vertex 162.953 57.9474 0
      vertex 161.047 59.0474 0
    endloop
  endfacet
  facet normal -0 0 1
    outer loop
      vertex 157.547 52.9852 0
      vertex 159.453 51.8852 0
      vertex 162.953 57.9474 0
    endloop
  endfacet
  facet normal 0 0 -1
    outer loop
      vertex 157.547 52.9852 4.8
      vertex 161.047 59.0474 4.8
      vertex 162.953 57.9474 4.8
    endloop
  endfacet
  facet normal 0 0 -1
    outer loop
      vertex 157.547 52.9852 4.8
      vertex 162.953 57.9474 4.8
      vertex 159.453 51.8852 4.8
    endloop
  endfacet
  facet normal 0.866026 -0.499999 0
    outer loop
      vertex 157.547 52.9852 0
      vertex 161.047 59.0474 0
      vertex 161.047 59.0474 4.8
    endloop
  endfacet
  facet normal 0.866026 -0.499999 0
    outer loop
      vertex 157.547 52.9852 0
      vertex 161.047 59.0474 4.8
      vertex 157.547 52.9852 4.8
    endloop
  endfacet
  facet normal -0.499999 -0.866026 0
    outer loop
      vertex 161.047 59.0474 0
      vertex 162.953 57.9474 0
      vertex 162.953 57.9474 4.8
    endloop
  endfacet
  facet normal -0.499999 -0.866026 0
    outer loop
      vertex 161.047 59.0474 0
      vertex 162.953 57.9474 4.8
      vertex 161.047 59.0474 4.8
    endloop
  endfacet
  facet normal -0.866026 0.499999 0
    outer loop
      vertex 162.953 57.9474 0
      vertex 159.453 51.8852 0
      vertex 159.453 51.8852 4.8
    endloop
  endfacet
  facet normal -0.866026 0.499999 0
    outer loop
      vertex 162.953 57.9474 0
      vertex 159.453 51.8852 4.8
      vertex 162.953 57.9474 4.8
    endloop
  endfacet
  facet normal 0.499999 0.866026 0
    outer loop
      vertex 159.453 51.8852 0
      vertex 157.547 52.9852 0
      vertex 157.547 52.9852 4.8
    endloop
  endfacet
  facet normal 0.499999 0.866026 -0
    outer loop
      vertex 159.453 51.8852 0
      vertex 157.547 52.9852 4.8
      vertex 159.453 51.8852 4.8
    endloop
  endfacet
  facet normal 0 0 1
    outer loop
      vertex 106.953 46.9231 0
      vertex 108.547 39.7609 0
      vertex 110.453 40.8609 0
    endloop
  endfacet
  facet normal 0 0 1
    outer loop
      vertex 106.953 46.9231 0
      vertex 105.047 45.8231 0
      vertex 108.547 39.7609 0
    endloop
  endfacet
  facet normal 0 0 -1
    outer loop
      vertex 106.953 46.9231 4.8
      vertex 110.453 40.8609 4.8
      vertex 108.547 39.7609 4.8
    endloop
  endfacet
  facet normal 0 -0 -1
    outer loop
      vertex 106.953 46.9231 4.8
      vertex 108.547 39.7609 4.8
      vertex 105.047 45.8231 4.8
    endloop
  endfacet
  facet normal -0.866026 -0.499999 0
    outer loop
      vertex 106.953 46.9231 0
      vertex 110.453 40.8609 0
      vertex 110.453 40.8609 4.8
    endloop
  endfacet
  facet normal -0.866026 -0.499999 0
    outer loop
      vertex 106.953 46.9231 0
      vertex 110.453 40.8609 4.8
      vertex 106.953 46.9231 4.8
    endloop
  endfacet
  facet normal -0.499999 0.866026 0
    outer loop
      vertex 110.453 40.8609 0
      vertex 108.547 39.7609 0
      vertex 108.547 39.7609 4.8
    endloop
  endfacet
  facet normal -0.499999 0.866026 0
    outer loop
      vertex 110.453 40.8609 0
      vertex 108.547 39.7609 4.8
      vertex 110.453 40.8609 4.8
    endloop
  endfacet
  facet normal 0.866026 0.499999 0
    outer loop
      vertex 108.547 39.7609 0
      vertex 105.047 45.8231 0
      vertex 105.047 45.8231 4.8
    endloop
  endfacet
  facet normal 0.866026 0.499999 -0
    outer loop
      vertex 108.547 39.7609 0
      vertex 105.047 45.8231 4.8
      vertex 108.547 39.7609 4.8
    endloop
  endfacet
  facet normal 0.499999 -0.866026 0
    outer loop
      vertex 105.047 45.8231 0
      vertex 106.953 46.9231 0
      vertex 106.953 46.9231 4.8
    endloop
  endfacet
  facet normal 0.499999 -0.866026 0
    outer loop
      vertex 105.047 45.8231 0
      vertex 106.953 46.9231 4.8
      vertex 105.047 45.8231 4.8
    endloop
  endfacet
  facet normal -0 0 1
    outer loop
      vertex 162 47.4731 0
      vertex 169 45.2731 0
      vertex 169 47.4731 0
    endloop
  endfacet
  facet normal 0 0 1
    outer loop
      vertex 162 47.4731 0
      vertex 162 45.2731 0
      vertex 169 45.2731 0
    endloop
  endfacet
  facet normal 0 0 -1
    outer loop
      vertex 162 47.4731 4.8
      vertex 169 47.4731 4.8
      vertex 169 45.2731 4.8
    endloop
  endfacet
  facet normal 0 0 -1
    outer loop
      vertex 162 47.4731 4.8
      vertex 169 45.2731 4.8
      vertex 162 45.2731 4.8
    endloop
  endfacet
  facet normal 0 -1 0
    outer loop
      vertex 162 47.4731 0
      vertex 169 47.4731 0
      vertex 169 47.4731 4.8
    endloop
  endfacet
  facet normal 0 -1 0
    outer loop
      vertex 162 47.4731 0
      vertex 169 47.4731 4.8
      vertex 162 47.4731 4.8
    endloop
  endfacet
  facet normal -1 0 0
    outer loop
      vertex 169 47.4731 0
      vertex 169 45.2731 0
      vertex 169 45.2731 4.8
    endloop
  endfacet
  facet normal -1 0 0
    outer loop
      vertex 169 47.4731 0
      vertex 169 45.2731 4.8
      vertex 169 47.4731 4.8
    endloop
  endfacet
  facet normal 0 1 0
    outer loop
      vertex 169 45.2731 0
      vertex 162 45.2731 0
      vertex 162 45.2731 4.8
    endloop
  endfacet
  facet normal 0 1 -0
    outer loop
      vertex 169 45.2731 0
      vertex 162 45.2731 4.8
      vertex 169 45.2731 4.8
    endloop
  endfacet
  facet normal 1 0 0
    outer loop
      vertex 162 45.2731 0
      vertex 162 47.4731 0
      vertex 162 47.4731 4.8
    endloop
  endfacet
  facet normal 1 0 0
    outer loop
      vertex 162 45.2731 0
      vertex 162 47.4731 4.8
      vertex 162 45.2731 4.8
    endloop
  endfacet
  facet normal -0 0 1
    outer loop
      vertex 67.5 17.1622 0
      vertex 74.5 14.9622 0
      vertex 74.5 17.1622 0
    endloop
  endfacet
  facet normal 0 0 1
    outer loop
      vertex 67.5 17.1622 0
      vertex 67.5 14.9622 0
      vertex 74.5 14.9622 0
    endloop
  endfacet
  facet normal 0 0 -1
    outer loop
      vertex 67.5 17.1622 4.8
      vertex 74.5 17.1622 4.8
      vertex 74.5 14.9622 4.8
    endloop
  endfacet
  facet normal 0 0 -1
    outer loop
      vertex 67.5 17.1622 4.8
      vertex 74.5 14.9622 4.8
      vertex 67.5 14.9622 4.8
    endloop
  endfacet
  facet normal 0 -1 0
    outer loop
      vertex 67.5 17.1622 0
      vertex 74.5 17.1622 0
      vertex 74.5 17.1622 4.8
    endloop
  endfacet
  facet normal 0 -1 0
    outer loop
      vertex 67.5 17.1622 0
      vertex 74.5 17.1622 4.8
      vertex 67.5 17.1622 4.8
    endloop
  endfacet
  facet normal -1 0 0
    outer loop
      vertex 74.5 17.1622 0
      vertex 74.5 14.9622 0
      vertex 74.5 14.9622 4.8
    endloop
  endfacet
  facet normal -1 0 0
    outer loop
      vertex 74.5 17.1622 0
      vertex 74.5 14.9622 4.8
      vertex 74.5 17.1622 4.8
    endloop
  endfacet
  facet normal 0 1 0
    outer loop
      vertex 74.5 14.9622 0
      vertex 67.5 14.9622 0
      vertex 67.5 14.9622 4.8
    endloop
  endfacet
  facet normal 0 1 -0
    outer loop
      vertex 74.5 14.9622 0
      vertex 67.5 14.9622 4.8
      vertex 74.5 14.9622 4.8
    endloop
  endfacet
  facet normal 1 0 0
    outer loop
      vertex 67.5 14.9622 0
      vertex 67.5 17.1622 0
      vertex 67.5 17.1622 4.8
    endloop
  endfacet
  facet normal 1 0 0
    outer loop
      vertex 67.5 14.9622 0
      vertex 67.5 17.1622 4.8
      vertex 67.5 14.9622 4.8
    endloop
  endfacet
  facet normal -0 0 1
    outer loop
      vertex 57 47.4731 0
      vertex 64 45.2731 0
      vertex 64 47.4731 0
    endloop
  endfacet
  facet normal 0 0 1
    outer loop
      vertex 57 47.4731 0
      vertex 57 45.2731 0
      vertex 64 45.2731 0
    endloop
  endfacet
  facet normal 0 0 -1
    outer loop
      vertex 57 47.4731 4.8
      vertex 64 47.4731 4.8
      vertex 64 45.2731 4.8
    endloop
  endfacet
  facet normal 0 0 -1
    outer loop
      vertex 57 47.4731 4.8
      vertex 64 45.2731 4.8
      vertex 57 45.2731 4.8
    endloop
  endfacet
  facet normal 0 -1 0
    outer loop
      vertex 57 47.4731 0
      vertex 64 47.4731 0
      vertex 64 47.4731 4.8
    endloop
  endfacet
  facet normal 0 -1 0
    outer loop
      vertex 57 47.4731 0
      vertex 64 47.4731 4.8
      vertex 57 47.4731 4.8
    endloop
  endfacet
  facet normal -1 0 0
    outer loop
      vertex 64 47.4731 0
      vertex 64 45.2731 0
      vertex 64 45.2731 4.8
    endloop
  endfacet
  facet normal -1 0 0
    outer loop
      vertex 64 47.4731 0
      vertex 64 45.2731 4.8
      vertex 64 47.4731 4.8
    endloop
  endfacet
  facet normal 0 1 0
    outer loop
      vertex 64 45.2731 0
      vertex 57 45.2731 0
      vertex 57 45.2731 4.8
    endloop
  endfacet
  facet normal 0 1 -0
    outer loop
      vertex 64 45.2731 0
      vertex 57 45.2731 4.8
      vertex 64 45.2731 4.8
    endloop
  endfacet
  facet normal 1 0 0
    outer loop
      vertex 57 45.2731 0
      vertex 57 47.4731 0
      vertex 57 47.4731 4.8
    endloop
  endfacet
  facet normal 1 0 0
    outer loop
      vertex 57 45.2731 0
      vertex 57 47.4731 4.8
      vertex 57 45.2731 4.8
    endloop
  endfacet
  facet normal -0 0 1
    outer loop
      vertex 162 35.3487 0
      vertex 169 33.1487 0
      vertex 169 35.3487 0
    endloop
  endfacet
  facet normal 0 0 1
    outer loop
      vertex 162 35.3487 0
      vertex 162 33.1487 0
      vertex 169 33.1487 0
    endloop
  endfacet
  facet normal 0 0 -1
    outer loop
      vertex 162 35.3487 4.8
      vertex 169 35.3487 4.8
      vertex 169 33.1487 4.8
    endloop
  endfacet
  facet normal 0 0 -1
    outer loop
      vertex 162 35.3487 4.8
      vertex 169 33.1487 4.8
      vertex 162 33.1487 4.8
    endloop
  endfacet
  facet normal 0 -1 0
    outer loop
      vertex 162 35.3487 0
      vertex 169 35.3487 0
      vertex 169 35.3487 4.8
    endloop
  endfacet
  facet normal 0 -1 0
    outer loop
      vertex 162 35.3487 0
      vertex 169 35.3487 4.8
      vertex 162 35.3487 4.8
    endloop
  endfacet
  facet normal -1 0 0
    outer loop
      vertex 169 35.3487 0
      vertex 169 33.1487 0
      vertex 169 33.1487 4.8
    endloop
  endfacet
  facet normal -1 0 0
    outer loop
      vertex 169 35.3487 0
      vertex 169 33.1487 4.8
      vertex 169 35.3487 4.8
    endloop
  endfacet
  facet normal 0 1 0
    outer loop
      vertex 169 33.1487 0
      vertex 162 33.1487 0
      vertex 162 33.1487 4.8
    endloop
  endfacet
  facet normal 0 1 -0
    outer loop
      vertex 169 33.1487 0
      vertex 162 33.1487 4.8
      vertex 169 33.1487 4.8
    endloop
  endfacet
  facet normal 1 0 0
    outer loop
      vertex 162 33.1487 0
      vertex 162 35.3487 0
      vertex 162 35.3487 4.8
    endloop
  endfacet
  facet normal 1 0 0
    outer loop
      vertex 162 33.1487 0
      vertex 162 35.3487 4.8
      vertex 162 33.1487 4.8
    endloop
  endfacet
  facet normal -0 0 1
    outer loop
      vertex 46.5 65.6596 0
      vertex 53.5 63.4596 0
      vertex 53.5 65.6596 0
    endloop
  endfacet
  facet normal 0 0 1
    outer loop
      vertex 46.5 65.6596 0
      vertex 46.5 63.4596 0
      vertex 53.5 63.4596 0
    endloop
  endfacet
  facet normal 0 0 -1
    outer loop
      vertex 46.5 65.6596 4.8
      vertex 53.5 65.6596 4.8
      vertex 53.5 63.4596 4.8
    endloop
  endfacet
  facet normal 0 0 -1
    outer loop
      vertex 46.5 65.6596 4.8
      vertex 53.5 63.4596 4.8
      vertex 46.5 63.4596 4.8
    endloop
  endfacet
  facet normal 0 -1 0
    outer loop
      vertex 46.5 65.6596 0
      vertex 53.5 65.6596 0
      vertex 53.5 65.6596 4.8
    endloop
  endfacet
  facet normal 0 -1 0
    outer loop
      vertex 46.5 65.6596 0
      vertex 53.5 65.6596 4.8
      vertex 46.5 65.6596 4.8
    endloop
  endfacet
  facet normal -1 0 0
    outer loop
      vertex 53.5 65.6596 0
      vertex 53.5 63.4596 0
      vertex 53.5 63.4596 4.8
    endloop
  endfacet
  facet normal -1 0 0
    outer loop
      vertex 53.5 65.6596 0
      vertex 53.5 63.4596 4.8
      vertex 53.5 65.6596 4.8
    endloop
  endfacet
  facet normal 0 1 0
    outer loop
      vertex 53.5 63.4596 0
      vertex 46.5 63.4596 0
      vertex 46.5 63.4596 4.8
    endloop
  endfacet
  facet normal 0 1 -0
    outer loop
      vertex 53.5 63.4596 0
      vertex 46.5 63.4596 4.8
      vertex 53.5 63.4596 4.8
    endloop
  endfacet
  facet normal 1 0 0
    outer loop
      vertex 46.5 63.4596 0
      vertex 46.5 65.6596 0
      vertex 46.5 65.6596 4.8
    endloop
  endfacet
  facet normal 1 0 0
    outer loop
      vertex 46.5 63.4596 0
      vertex 46.5 65.6596 4.8
      vertex 46.5 63.4596 4.8
    endloop
  endfacet
  facet normal 0 0 1
    outer loop
      vertex 148.953 34.7987 0
      vertex 150.547 27.6365 0
      vertex 152.453 28.7365 0
    endloop
  endfacet
  facet normal 0 0 1
    outer loop
      vertex 148.953 34.7987 0
      vertex 147.047 33.6987 0
      vertex 150.547 27.6365 0
    endloop
  endfacet
  facet normal 0 0 -1
    outer loop
      vertex 148.953 34.7987 4.8
      vertex 152.453 28.7365 4.8
      vertex 150.547 27.6365 4.8
    endloop
  endfacet
  facet normal 0 -0 -1
    outer loop
      vertex 148.953 34.7987 4.8
      vertex 150.547 27.6365 4.8
      vertex 147.047 33.6987 4.8
    endloop
  endfacet
  facet normal -0.866026 -0.499999 0
    outer loop
      vertex 148.953 34.7987 0
      vertex 152.453 28.7365 0
      vertex 152.453 28.7365 4.8
    endloop
  endfacet
  facet normal -0.866026 -0.499999 0
    outer loop
      vertex 148.953 34.7987 0
      vertex 152.453 28.7365 4.8
      vertex 148.953 34.7987 4.8
    endloop
  endfacet
  facet normal -0.499999 0.866026 0
    outer loop
      vertex 152.453 28.7365 0
      vertex 150.547 27.6365 0
      vertex 150.547 27.6365 4.8
    endloop
  endfacet
  facet normal -0.499999 0.866026 0
    outer loop
      vertex 152.453 28.7365 0
      vertex 150.547 27.6365 4.8
      vertex 152.453 28.7365 4.8
    endloop
  endfacet
  facet normal 0.866026 0.499999 0
    outer loop
      vertex 150.547 27.6365 0
      vertex 147.047 33.6987 0
      vertex 147.047 33.6987 4.8
    endloop
  endfacet
  facet normal 0.866026 0.499999 -0
    outer loop
      vertex 150.547 27.6365 0
      vertex 147.047 33.6987 4.8
      vertex 150.547 27.6365 4.8
    endloop
  endfacet
  facet normal 0.499999 -0.866026 0
    outer loop
      vertex 147.047 33.6987 0
      vertex 148.953 34.7987 0
      vertex 148.953 34.7987 4.8
    endloop
  endfacet
  facet normal 0.499999 -0.866026 0
    outer loop
      vertex 147.047 33.6987 0
      vertex 148.953 34.7987 4.8
      vertex 147.047 33.6987 4.8
    endloop
  endfacet
  facet normal 0 0 1
    outer loop
      vertex 148.953 95.4205 0
      vertex 150.547 88.2583 0
      vertex 152.453 89.3583 0
    endloop
  endfacet
  facet normal 0 0 1
    outer loop
      vertex 148.953 95.4205 0
      vertex 147.047 94.3205 0
      vertex 150.547 88.2583 0
    endloop
  endfacet
  facet normal 0 0 -1
    outer loop
      vertex 148.953 95.4205 4.8
      vertex 152.453 89.3583 4.8
      vertex 150.547 88.2583 4.8
    endloop
  endfacet
  facet normal 0 -0 -1
    outer loop
      vertex 148.953 95.4205 4.8
      vertex 150.547 88.2583 4.8
      vertex 147.047 94.3205 4.8
    endloop
  endfacet
  facet normal -0.866026 -0.499999 0
    outer loop
      vertex 148.953 95.4205 0
      vertex 152.453 89.3583 0
      vertex 152.453 89.3583 4.8
    endloop
  endfacet
  facet normal -0.866026 -0.499999 0
    outer loop
      vertex 148.953 95.4205 0
      vertex 152.453 89.3583 4.8
      vertex 148.953 95.4205 4.8
    endloop
  endfacet
  facet normal -0.499999 0.866026 0
    outer loop
      vertex 152.453 89.3583 0
      vertex 150.547 88.2583 0
      vertex 150.547 88.2583 4.8
    endloop
  endfacet
  facet normal -0.499999 0.866026 0
    outer loop
      vertex 152.453 89.3583 0
      vertex 150.547 88.2583 4.8
      vertex 152.453 89.3583 4.8
    endloop
  endfacet
  facet normal 0.866026 0.499999 0
    outer loop
      vertex 150.547 88.2583 0
      vertex 147.047 94.3205 0
      vertex 147.047 94.3205 4.8
    endloop
  endfacet
  facet normal 0.866026 0.499999 -0
    outer loop
      vertex 150.547 88.2583 0
      vertex 147.047 94.3205 4.8
      vertex 150.547 88.2583 4.8
    endloop
  endfacet
  facet normal 0.499999 -0.866026 0
    outer loop
      vertex 147.047 94.3205 0
      vertex 148.953 95.4205 0
      vertex 148.953 95.4205 4.8
    endloop
  endfacet
  facet normal 0.499999 -0.866026 0
    outer loop
      vertex 147.047 94.3205 0
      vertex 148.953 95.4205 4.8
      vertex 147.047 94.3205 4.8
    endloop
  endfacet
  facet normal 0 0 1
    outer loop
      vertex 85.9526 59.0474 0
      vertex 87.5474 51.8852 0
      vertex 89.4526 52.9852 0
    endloop
  endfacet
  facet normal 0 0 1
    outer loop
      vertex 85.9526 59.0474 0
      vertex 84.0474 57.9474 0
      vertex 87.5474 51.8852 0
    endloop
  endfacet
  facet normal 0 0 -1
    outer loop
      vertex 85.9526 59.0474 4.8
      vertex 89.4526 52.9852 4.8
      vertex 87.5474 51.8852 4.8
    endloop
  endfacet
  facet normal 0 -0 -1
    outer loop
      vertex 85.9526 59.0474 4.8
      vertex 87.5474 51.8852 4.8
      vertex 84.0474 57.9474 4.8
    endloop
  endfacet
  facet normal -0.866026 -0.499999 0
    outer loop
      vertex 85.9526 59.0474 0
      vertex 89.4526 52.9852 0
      vertex 89.4526 52.9852 4.8
    endloop
  endfacet
  facet normal -0.866026 -0.499999 0
    outer loop
      vertex 85.9526 59.0474 0
      vertex 89.4526 52.9852 4.8
      vertex 85.9526 59.0474 4.8
    endloop
  endfacet
  facet normal -0.499999 0.866026 0
    outer loop
      vertex 89.4526 52.9852 0
      vertex 87.5474 51.8852 0
      vertex 87.5474 51.8852 4.8
    endloop
  endfacet
  facet normal -0.499999 0.866026 0
    outer loop
      vertex 89.4526 52.9852 0
      vertex 87.5474 51.8852 4.8
      vertex 89.4526 52.9852 4.8
    endloop
  endfacet
  facet normal 0.866026 0.499999 0
    outer loop
      vertex 87.5474 51.8852 0
      vertex 84.0474 57.9474 0
      vertex 84.0474 57.9474 4.8
    endloop
  endfacet
  facet normal 0.866026 0.499999 -0
    outer loop
      vertex 87.5474 51.8852 0
      vertex 84.0474 57.9474 4.8
      vertex 87.5474 51.8852 4.8
    endloop
  endfacet
  facet normal 0.499999 -0.866026 0
    outer loop
      vertex 84.0474 57.9474 0
      vertex 85.9526 59.0474 0
      vertex 85.9526 59.0474 4.8
    endloop
  endfacet
  facet normal 0.499999 -0.866026 0
    outer loop
      vertex 84.0474 57.9474 0
      vertex 85.9526 59.0474 4.8
      vertex 84.0474 57.9474 4.8
    endloop
  endfacet
  facet normal -0 0 1
    outer loop
      vertex 120 47.4731 0
      vertex 127 45.2731 0
      vertex 127 47.4731 0
    endloop
  endfacet
  facet normal 0 0 1
    outer loop
      vertex 120 47.4731 0
      vertex 120 45.2731 0
      vertex 127 45.2731 0
    endloop
  endfacet
  facet normal 0 0 -1
    outer loop
      vertex 120 47.4731 4.8
      vertex 127 47.4731 4.8
      vertex 127 45.2731 4.8
    endloop
  endfacet
  facet normal 0 0 -1
    outer loop
      vertex 120 47.4731 4.8
      vertex 127 45.2731 4.8
      vertex 120 45.2731 4.8
    endloop
  endfacet
  facet normal 0 -1 0
    outer loop
      vertex 120 47.4731 0
      vertex 127 47.4731 0
      vertex 127 47.4731 4.8
    endloop
  endfacet
  facet normal 0 -1 0
    outer loop
      vertex 120 47.4731 0
      vertex 127 47.4731 4.8
      vertex 120 47.4731 4.8
    endloop
  endfacet
  facet normal -1 0 0
    outer loop
      vertex 127 47.4731 0
      vertex 127 45.2731 0
      vertex 127 45.2731 4.8
    endloop
  endfacet
  facet normal -1 0 0
    outer loop
      vertex 127 47.4731 0
      vertex 127 45.2731 4.8
      vertex 127 47.4731 4.8
    endloop
  endfacet
  facet normal 0 1 0
    outer loop
      vertex 127 45.2731 0
      vertex 120 45.2731 0
      vertex 120 45.2731 4.8
    endloop
  endfacet
  facet normal 0 1 -0
    outer loop
      vertex 127 45.2731 0
      vertex 120 45.2731 4.8
      vertex 127 45.2731 4.8
    endloop
  endfacet
  facet normal 1 0 0
    outer loop
      vertex 120 45.2731 0
      vertex 120 47.4731 0
      vertex 120 47.4731 4.8
    endloop
  endfacet
  facet normal 1 0 0
    outer loop
      vertex 120 45.2731 0
      vertex 120 47.4731 4.8
      vertex 120 45.2731 4.8
    endloop
  endfacet
  facet normal 0 0 1
    outer loop
      vertex 136.547 89.3583 0
      vertex 141.953 94.3205 0
      vertex 140.047 95.4205 0
    endloop
  endfacet
  facet normal -0 0 1
    outer loop
      vertex 136.547 89.3583 0
      vertex 138.453 88.2583 0
      vertex 141.953 94.3205 0
    endloop
  endfacet
  facet normal 0 0 -1
    outer loop
      vertex 136.547 89.3583 4.8
      vertex 140.047 95.4205 4.8
      vertex 141.953 94.3205 4.8
    endloop
  endfacet
  facet normal 0 0 -1
    outer loop
      vertex 136.547 89.3583 4.8
      vertex 141.953 94.3205 4.8
      vertex 138.453 88.2583 4.8
    endloop
  endfacet
  facet normal 0.866026 -0.499999 0
    outer loop
      vertex 136.547 89.3583 0
      vertex 140.047 95.4205 0
      vertex 140.047 95.4205 4.8
    endloop
  endfacet
  facet normal 0.866026 -0.499999 0
    outer loop
      vertex 136.547 89.3583 0
      vertex 140.047 95.4205 4.8
      vertex 136.547 89.3583 4.8
    endloop
  endfacet
  facet normal -0.499999 -0.866026 0
    outer loop
      vertex 140.047 95.4205 0
      vertex 141.953 94.3205 0
      vertex 141.953 94.3205 4.8
    endloop
  endfacet
  facet normal -0.499999 -0.866026 0
    outer loop
      vertex 140.047 95.4205 0
      vertex 141.953 94.3205 4.8
      vertex 140.047 95.4205 4.8
    endloop
  endfacet
  facet normal -0.866026 0.499999 0
    outer loop
      vertex 141.953 94.3205 0
      vertex 138.453 88.2583 0
      vertex 138.453 88.2583 4.8
    endloop
  endfacet
  facet normal -0.866026 0.499999 0
    outer loop
      vertex 141.953 94.3205 0
      vertex 138.453 88.2583 4.8
      vertex 141.953 94.3205 4.8
    endloop
  endfacet
  facet normal 0.499999 0.866026 0
    outer loop
      vertex 138.453 88.2583 0
      vertex 136.547 89.3583 0
      vertex 136.547 89.3583 4.8
    endloop
  endfacet
  facet normal 0.499999 0.866026 -0
    outer loop
      vertex 138.453 88.2583 0
      vertex 136.547 89.3583 4.8
      vertex 138.453 88.2583 4.8
    endloop
  endfacet
  facet normal -0 0 1
    outer loop
      vertex 36 59.5974 0
      vertex 43 57.3974 0
      vertex 43 59.5974 0
    endloop
  endfacet
  facet normal 0 0 1
    outer loop
      vertex 36 59.5974 0
      vertex 36 57.3974 0
      vertex 43 57.3974 0
    endloop
  endfacet
  facet normal 0 0 -1
    outer loop
      vertex 36 59.5974 4.8
      vertex 43 59.5974 4.8
      vertex 43 57.3974 4.8
    endloop
  endfacet
  facet normal 0 0 -1
    outer loop
      vertex 36 59.5974 4.8
      vertex 43 57.3974 4.8
      vertex 36 57.3974 4.8
    endloop
  endfacet
  facet normal 0 -1 0
    outer loop
      vertex 36 59.5974 0
      vertex 43 59.5974 0
      vertex 43 59.5974 4.8
    endloop
  endfacet
  facet normal 0 -1 0
    outer loop
      vertex 36 59.5974 0
      vertex 43 59.5974 4.8
      vertex 36 59.5974 4.8
    endloop
  endfacet
  facet normal -1 0 0
    outer loop
      vertex 43 59.5974 0
      vertex 43 57.3974 0
      vertex 43 57.3974 4.8
    endloop
  endfacet
  facet normal -1 0 0
    outer loop
      vertex 43 59.5974 0
      vertex 43 57.3974 4.8
      vertex 43 59.5974 4.8
    endloop
  endfacet
  facet normal 0 1 0
    outer loop
      vertex 43 57.3974 0
      vertex 36 57.3974 0
      vertex 36 57.3974 4.8
    endloop
  endfacet
  facet normal 0 1 -0
    outer loop
      vertex 43 57.3974 0
      vertex 36 57.3974 4.8
      vertex 43 57.3974 4.8
    endloop
  endfacet
  facet normal 1 0 0
    outer loop
      vertex 36 57.3974 0
      vertex 36 59.5974 0
      vertex 36 59.5974 4.8
    endloop
  endfacet
  facet normal 1 0 0
    outer loop
      vertex 36 57.3974 0
      vertex 36 59.5974 4.8
      vertex 36 57.3974 4.8
    endloop
  endfacet
  facet normal -0 0 1
    outer loop
      vertex 120 71.7218 0
      vertex 127 69.5218 0
      vertex 127 71.7218 0
    endloop
  endfacet
  facet normal 0 0 1
    outer loop
      vertex 120 71.7218 0
      vertex 120 69.5218 0
      vertex 127 69.5218 0
    endloop
  endfacet
  facet normal 0 0 -1
    outer loop
      vertex 120 71.7218 4.8
      vertex 127 71.7218 4.8
      vertex 127 69.5218 4.8
    endloop
  endfacet
  facet normal 0 0 -1
    outer loop
      vertex 120 71.7218 4.8
      vertex 127 69.5218 4.8
      vertex 120 69.5218 4.8
    endloop
  endfacet
  facet normal 0 -1 0
    outer loop
      vertex 120 71.7218 0
      vertex 127 71.7218 0
      vertex 127 71.7218 4.8
    endloop
  endfacet
  facet normal 0 -1 0
    outer loop
      vertex 120 71.7218 0
      vertex 127 71.7218 4.8
      vertex 120 71.7218 4.8
    endloop
  endfacet
  facet normal -1 0 0
    outer loop
      vertex 127 71.7218 0
      vertex 127 69.5218 0
      vertex 127 69.5218 4.8
    endloop
  endfacet
  facet normal -1 0 0
    outer loop
      vertex 127 71.7218 0
      vertex 127 69.5218 4.8
      vertex 127 71.7218 4.8
    endloop
  endfacet
  facet normal 0 1 0
    outer loop
      vertex 127 69.5218 0
      vertex 120 69.5218 0
      vertex 120 69.5218 4.8
    endloop
  endfacet
  facet normal 0 1 -0
    outer loop
      vertex 127 69.5218 0
      vertex 120 69.5218 4.8
      vertex 127 69.5218 4.8
    endloop
  endfacet
  facet normal 1 0 0
    outer loop
      vertex 120 69.5218 0
      vertex 120 71.7218 0
      vertex 120 71.7218 4.8
    endloop
  endfacet
  facet normal 1 0 0
    outer loop
      vertex 120 69.5218 0
      vertex 120 71.7218 4.8
      vertex 120 69.5218 4.8
    endloop
  endfacet
  facet normal -0 0 1
    outer loop
      vertex 57 83.8461 0
      vertex 64 81.6461 0
      vertex 64 83.8461 0
    endloop
  endfacet
  facet normal 0 0 1
    outer loop
      vertex 57 83.8461 0
      vertex 57 81.6461 0
      vertex 64 81.6461 0
    endloop
  endfacet
  facet normal 0 0 -1
    outer loop
      vertex 57 83.8461 4.8
      vertex 64 83.8461 4.8
      vertex 64 81.6461 4.8
    endloop
  endfacet
  facet normal 0 0 -1
    outer loop
      vertex 57 83.8461 4.8
      vertex 64 81.6461 4.8
      vertex 57 81.6461 4.8
    endloop
  endfacet
  facet normal 0 -1 0
    outer loop
      vertex 57 83.8461 0
      vertex 64 83.8461 0
      vertex 64 83.8461 4.8
    endloop
  endfacet
  facet normal 0 -1 0
    outer loop
      vertex 57 83.8461 0
      vertex 64 83.8461 4.8
      vertex 57 83.8461 4.8
    endloop
  endfacet
  facet normal -1 0 0
    outer loop
      vertex 64 83.8461 0
      vertex 64 81.6461 0
      vertex 64 81.6461 4.8
    endloop
  endfacet
  facet normal -1 0 0
    outer loop
      vertex 64 83.8461 0
      vertex 64 81.6461 4.8
      vertex 64 83.8461 4.8
    endloop
  endfacet
  facet normal 0 1 0
    outer loop
      vertex 64 81.6461 0
      vertex 57 81.6461 0
      vertex 57 81.6461 4.8
    endloop
  endfacet
  facet normal 0 1 -0
    outer loop
      vertex 64 81.6461 0
      vertex 57 81.6461 4.8
      vertex 64 81.6461 4.8
    endloop
  endfacet
  facet normal 1 0 0
    outer loop
      vertex 57 81.6461 0
      vertex 57 83.8461 0
      vertex 57 83.8461 4.8
    endloop
  endfacet
  facet normal 1 0 0
    outer loop
      vertex 57 81.6461 0
      vertex 57 83.8461 4.8
      vertex 57 81.6461 4.8
    endloop
  endfacet
  facet normal -0 0 1
    outer loop
      vertex 162 83.8461 0
      vertex 169 81.6461 0
      vertex 169 83.8461 0
    endloop
  endfacet
  facet normal 0 0 1
    outer loop
      vertex 162 83.8461 0
      vertex 162 81.6461 0
      vertex 169 81.6461 0
    endloop
  endfacet
  facet normal 0 0 -1
    outer loop
      vertex 162 83.8461 4.8
      vertex 169 83.8461 4.8
      vertex 169 81.6461 4.8
    endloop
  endfacet
  facet normal 0 0 -1
    outer loop
      vertex 162 83.8461 4.8
      vertex 169 81.6461 4.8
      vertex 162 81.6461 4.8
    endloop
  endfacet
  facet normal 0 -1 0
    outer loop
      vertex 162 83.8461 0
      vertex 169 83.8461 0
      vertex 169 83.8461 4.8
    endloop
  endfacet
  facet normal 0 -1 0
    outer loop
      vertex 162 83.8461 0
      vertex 169 83.8461 4.8
      vertex 162 83.8461 4.8
    endloop
  endfacet
  facet normal -1 0 0
    outer loop
      vertex 169 83.8461 0
      vertex 169 81.6461 0
      vertex 169 81.6461 4.8
    endloop
  endfacet
  facet normal -1 0 0
    outer loop
      vertex 169 83.8461 0
      vertex 169 81.6461 4.8
      vertex 169 83.8461 4.8
    endloop
  endfacet
  facet normal 0 1 0
    outer loop
      vertex 169 81.6461 0
      vertex 162 81.6461 0
      vertex 162 81.6461 4.8
    endloop
  endfacet
  facet normal 0 1 -0
    outer loop
      vertex 169 81.6461 0
      vertex 162 81.6461 4.8
      vertex 169 81.6461 4.8
    endloop
  endfacet
  facet normal 1 0 0
    outer loop
      vertex 162 81.6461 0
      vertex 162 83.8461 0
      vertex 162 83.8461 4.8
    endloop
  endfacet
  facet normal 1 0 0
    outer loop
      vertex 162 81.6461 0
      vertex 162 83.8461 4.8
      vertex 162 81.6461 4.8
    endloop
  endfacet
  facet normal 0 0 1
    outer loop
      vertex 106.953 22.6744 0
      vertex 108.547 15.5122 0
      vertex 110.453 16.6122 0
    endloop
  endfacet
  facet normal 0 0 1
    outer loop
      vertex 106.953 22.6744 0
      vertex 105.047 21.5744 0
      vertex 108.547 15.5122 0
    endloop
  endfacet
  facet normal 0 0 -1
    outer loop
      vertex 106.953 22.6744 4.8
      vertex 110.453 16.6122 4.8
      vertex 108.547 15.5122 4.8
    endloop
  endfacet
  facet normal 0 -0 -1
    outer loop
      vertex 106.953 22.6744 4.8
      vertex 108.547 15.5122 4.8
      vertex 105.047 21.5744 4.8
    endloop
  endfacet
  facet normal -0.866026 -0.499999 0
    outer loop
      vertex 106.953 22.6744 0
      vertex 110.453 16.6122 0
      vertex 110.453 16.6122 4.8
    endloop
  endfacet
  facet normal -0.866026 -0.499999 0
    outer loop
      vertex 106.953 22.6744 0
      vertex 110.453 16.6122 4.8
      vertex 106.953 22.6744 4.8
    endloop
  endfacet
  facet normal -0.499999 0.866026 0
    outer loop
      vertex 110.453 16.6122 0
      vertex 108.547 15.5122 0
      vertex 108.547 15.5122 4.8
    endloop
  endfacet
  facet normal -0.499999 0.866026 0
    outer loop
      vertex 110.453 16.6122 0
      vertex 108.547 15.5122 4.8
      vertex 110.453 16.6122 4.8
    endloop
  endfacet
  facet normal 0.866026 0.499999 0
    outer loop
      vertex 108.547 15.5122 0
      vertex 105.047 21.5744 0
      vertex 105.047 21.5744 4.8
    endloop
  endfacet
  facet normal 0.866026 0.499999 -0
    outer loop
      vertex 108.547 15.5122 0
      vertex 105.047 21.5744 4.8
      vertex 108.547 15.5122 4.8
    endloop
  endfacet
  facet normal 0.499999 -0.866026 0
    outer loop
      vertex 105.047 21.5744 0
      vertex 106.953 22.6744 0
      vertex 106.953 22.6744 4.8
    endloop
  endfacet
  facet normal 0.499999 -0.866026 0
    outer loop
      vertex 105.047 21.5744 0
      vertex 106.953 22.6744 4.8
      vertex 105.047 21.5744 4.8
    endloop
  endfacet
  facet normal -0 0 1
    outer loop
      vertex 141 59.5974 0
      vertex 148 57.3974 0
      vertex 148 59.5974 0
    endloop
  endfacet
  facet normal 0 0 1
    outer loop
      vertex 141 59.5974 0
      vertex 141 57.3974 0
      vertex 148 57.3974 0
    endloop
  endfacet
  facet normal 0 0 -1
    outer loop
      vertex 141 59.5974 4.8
      vertex 148 59.5974 4.8
      vertex 148 57.3974 4.8
    endloop
  endfacet
  facet normal 0 0 -1
    outer loop
      vertex 141 59.5974 4.8
      vertex 148 57.3974 4.8
      vertex 141 57.3974 4.8
    endloop
  endfacet
  facet normal 0 -1 0
    outer loop
      vertex 141 59.5974 0
      vertex 148 59.5974 0
      vertex 148 59.5974 4.8
    endloop
  endfacet
  facet normal 0 -1 0
    outer loop
      vertex 141 59.5974 0
      vertex 148 59.5974 4.8
      vertex 141 59.5974 4.8
    endloop
  endfacet
  facet normal -1 0 0
    outer loop
      vertex 148 59.5974 0
      vertex 148 57.3974 0
      vertex 148 57.3974 4.8
    endloop
  endfacet
  facet normal -1 0 0
    outer loop
      vertex 148 59.5974 0
      vertex 148 57.3974 4.8
      vertex 148 59.5974 4.8
    endloop
  endfacet
  facet normal 0 1 0
    outer loop
      vertex 148 57.3974 0
      vertex 141 57.3974 0
      vertex 141 57.3974 4.8
    endloop
  endfacet
  facet normal 0 1 -0
    outer loop
      vertex 148 57.3974 0
      vertex 141 57.3974 4.8
      vertex 148 57.3974 4.8
    endloop
  endfacet
  facet normal 1 0 0
    outer loop
      vertex 141 57.3974 0
      vertex 141 59.5974 0
      vertex 141 59.5974 4.8
    endloop
  endfacet
  facet normal 1 0 0
    outer loop
      vertex 141 57.3974 0
      vertex 141 59.5974 4.8
      vertex 141 57.3974 4.8
    endloop
  endfacet
  facet normal 0 0 1
    outer loop
      vertex 127.953 59.0474 0
      vertex 129.547 51.8852 0
      vertex 131.453 52.9852 0
    endloop
  endfacet
  facet normal 0 0 1
    outer loop
      vertex 127.953 59.0474 0
      vertex 126.047 57.9474 0
      vertex 129.547 51.8852 0
    endloop
  endfacet
  facet normal 0 0 -1
    outer loop
      vertex 127.953 59.0474 4.8
      vertex 131.453 52.9852 4.8
      vertex 129.547 51.8852 4.8
    endloop
  endfacet
  facet normal 0 -0 -1
    outer loop
      vertex 127.953 59.0474 4.8
      vertex 129.547 51.8852 4.8
      vertex 126.047 57.9474 4.8
    endloop
  endfacet
  facet normal -0.866026 -0.499999 0
    outer loop
      vertex 127.953 59.0474 0
      vertex 131.453 52.9852 0
      vertex 131.453 52.9852 4.8
    endloop
  endfacet
  facet normal -0.866026 -0.499999 0
    outer loop
      vertex 127.953 59.0474 0
      vertex 131.453 52.9852 4.8
      vertex 127.953 59.0474 4.8
    endloop
  endfacet
  facet normal -0.499999 0.866026 0
    outer loop
      vertex 131.453 52.9852 0
      vertex 129.547 51.8852 0
      vertex 129.547 51.8852 4.8
    endloop
  endfacet
  facet normal -0.499999 0.866026 0
    outer loop
      vertex 131.453 52.9852 0
      vertex 129.547 51.8852 4.8
      vertex 131.453 52.9852 4.8
    endloop
  endfacet
  facet normal 0.866026 0.499999 0
    outer loop
      vertex 129.547 51.8852 0
      vertex 126.047 57.9474 0
      vertex 126.047 57.9474 4.8
    endloop
  endfacet
  facet normal 0.866026 0.499999 -0
    outer loop
      vertex 129.547 51.8852 0
      vertex 126.047 57.9474 4.8
      vertex 129.547 51.8852 4.8
    endloop
  endfacet
  facet normal 0.499999 -0.866026 0
    outer loop
      vertex 126.047 57.9474 0
      vertex 127.953 59.0474 0
      vertex 127.953 59.0474 4.8
    endloop
  endfacet
  facet normal 0.499999 -0.866026 0
    outer loop
      vertex 126.047 57.9474 0
      vertex 127.953 59.0474 4.8
      vertex 126.047 57.9474 4.8
    endloop
  endfacet
  facet normal 0 0 1
    outer loop
      vertex 22.9526 46.9231 0
      vertex 24.5474 39.7609 0
      vertex 26.4526 40.8609 0
    endloop
  endfacet
  facet normal 0 0 1
    outer loop
      vertex 22.9526 46.9231 0
      vertex 21.0474 45.8231 0
      vertex 24.5474 39.7609 0
    endloop
  endfacet
  facet normal 0 0 -1
    outer loop
      vertex 22.9526 46.9231 4.8
      vertex 26.4526 40.8609 4.8
      vertex 24.5474 39.7609 4.8
    endloop
  endfacet
  facet normal 0 -0 -1
    outer loop
      vertex 22.9526 46.9231 4.8
      vertex 24.5474 39.7609 4.8
      vertex 21.0474 45.8231 4.8
    endloop
  endfacet
  facet normal -0.866026 -0.499999 0
    outer loop
      vertex 22.9526 46.9231 0
      vertex 26.4526 40.8609 0
      vertex 26.4526 40.8609 4.8
    endloop
  endfacet
  facet normal -0.866026 -0.499999 0
    outer loop
      vertex 22.9526 46.9231 0
      vertex 26.4526 40.8609 4.8
      vertex 22.9526 46.9231 4.8
    endloop
  endfacet
  facet normal -0.499999 0.866026 0
    outer loop
      vertex 26.4526 40.8609 0
      vertex 24.5474 39.7609 0
      vertex 24.5474 39.7609 4.8
    endloop
  endfacet
  facet normal -0.499999 0.866026 0
    outer loop
      vertex 26.4526 40.8609 0
      vertex 24.5474 39.7609 4.8
      vertex 26.4526 40.8609 4.8
    endloop
  endfacet
  facet normal 0.866026 0.499999 0
    outer loop
      vertex 24.5474 39.7609 0
      vertex 21.0474 45.8231 0
      vertex 21.0474 45.8231 4.8
    endloop
  endfacet
  facet normal 0.866026 0.499999 -0
    outer loop
      vertex 24.5474 39.7609 0
      vertex 21.0474 45.8231 4.8
      vertex 24.5474 39.7609 4.8
    endloop
  endfacet
  facet normal 0.499999 -0.866026 0
    outer loop
      vertex 21.0474 45.8231 0
      vertex 22.9526 46.9231 0
      vertex 22.9526 46.9231 4.8
    endloop
  endfacet
  facet normal 0.499999 -0.866026 0
    outer loop
      vertex 21.0474 45.8231 0
      vertex 22.9526 46.9231 4.8
      vertex 21.0474 45.8231 4.8
    endloop
  endfacet
  facet normal -0 0 1
    outer loop
      vertex 151.5 89.9083 0
      vertex 158.5 87.7083 0
      vertex 158.5 89.9083 0
    endloop
  endfacet
  facet normal 0 0 1
    outer loop
      vertex 151.5 89.9083 0
      vertex 151.5 87.7083 0
      vertex 158.5 87.7083 0
    endloop
  endfacet
  facet normal 0 0 -1
    outer loop
      vertex 151.5 89.9083 4.8
      vertex 158.5 89.9083 4.8
      vertex 158.5 87.7083 4.8
    endloop
  endfacet
  facet normal 0 0 -1
    outer loop
      vertex 151.5 89.9083 4.8
      vertex 158.5 87.7083 4.8
      vertex 151.5 87.7083 4.8
    endloop
  endfacet
  facet normal 0 -1 0
    outer loop
      vertex 151.5 89.9083 0
      vertex 158.5 89.9083 0
      vertex 158.5 89.9083 4.8
    endloop
  endfacet
  facet normal 0 -1 0
    outer loop
      vertex 151.5 89.9083 0
      vertex 158.5 89.9083 4.8
      vertex 151.5 89.9083 4.8
    endloop
  endfacet
  facet normal -1 0 0
    outer loop
      vertex 158.5 89.9083 0
      vertex 158.5 87.7083 0
      vertex 158.5 87.7083 4.8
    endloop
  endfacet
  facet normal -1 0 0
    outer loop
      vertex 158.5 89.9083 0
      vertex 158.5 87.7083 4.8
      vertex 158.5 89.9083 4.8
    endloop
  endfacet
  facet normal 0 1 0
    outer loop
      vertex 158.5 87.7083 0
      vertex 151.5 87.7083 0
      vertex 151.5 87.7083 4.8
    endloop
  endfacet
  facet normal 0 1 -0
    outer loop
      vertex 158.5 87.7083 0
      vertex 151.5 87.7083 4.8
      vertex 158.5 87.7083 4.8
    endloop
  endfacet
  facet normal 1 0 0
    outer loop
      vertex 151.5 87.7083 0
      vertex 151.5 89.9083 0
      vertex 151.5 89.9083 4.8
    endloop
  endfacet
  facet normal 1 0 0
    outer loop
      vertex 151.5 87.7083 0
      vertex 151.5 89.9083 4.8
      vertex 151.5 87.7083 4.8
    endloop
  endfacet
  facet normal 0 0 1
    outer loop
      vertex 10.5474 65.1096 0
      vertex 15.9526 70.0718 0
      vertex 14.0474 71.1718 0
    endloop
  endfacet
  facet normal -0 0 1
    outer loop
      vertex 10.5474 65.1096 0
      vertex 12.4526 64.0096 0
      vertex 15.9526 70.0718 0
    endloop
  endfacet
  facet normal 0 0 -1
    outer loop
      vertex 10.5474 65.1096 4.8
      vertex 14.0474 71.1718 4.8
      vertex 15.9526 70.0718 4.8
    endloop
  endfacet
  facet normal 0 0 -1
    outer loop
      vertex 10.5474 65.1096 4.8
      vertex 15.9526 70.0718 4.8
      vertex 12.4526 64.0096 4.8
    endloop
  endfacet
  facet normal 0.866026 -0.499999 0
    outer loop
      vertex 10.5474 65.1096 0
      vertex 14.0474 71.1718 0
      vertex 14.0474 71.1718 4.8
    endloop
  endfacet
  facet normal 0.866026 -0.499999 0
    outer loop
      vertex 10.5474 65.1096 0
      vertex 14.0474 71.1718 4.8
      vertex 10.5474 65.1096 4.8
    endloop
  endfacet
  facet normal -0.499999 -0.866026 0
    outer loop
      vertex 14.0474 71.1718 0
      vertex 15.9526 70.0718 0
      vertex 15.9526 70.0718 4.8
    endloop
  endfacet
  facet normal -0.499999 -0.866026 0
    outer loop
      vertex 14.0474 71.1718 0
      vertex 15.9526 70.0718 4.8
      vertex 14.0474 71.1718 4.8
    endloop
  endfacet
  facet normal -0.866026 0.499999 0
    outer loop
      vertex 15.9526 70.0718 0
      vertex 12.4526 64.0096 0
      vertex 12.4526 64.0096 4.8
    endloop
  endfacet
  facet normal -0.866026 0.499999 0
    outer loop
      vertex 15.9526 70.0718 0
      vertex 12.4526 64.0096 4.8
      vertex 15.9526 70.0718 4.8
    endloop
  endfacet
  facet normal 0.499999 0.866026 0
    outer loop
      vertex 12.4526 64.0096 0
      vertex 10.5474 65.1096 0
      vertex 10.5474 65.1096 4.8
    endloop
  endfacet
  facet normal 0.499999 0.866026 -0
    outer loop
      vertex 12.4526 64.0096 0
      vertex 10.5474 65.1096 4.8
      vertex 12.4526 64.0096 4.8
    endloop
  endfacet
  facet normal -0 0 1
    outer loop
      vertex 99 59.5974 0
      vertex 106 57.3974 0
      vertex 106 59.5974 0
    endloop
  endfacet
  facet normal 0 0 1
    outer loop
      vertex 99 59.5974 0
      vertex 99 57.3974 0
      vertex 106 57.3974 0
    endloop
  endfacet
  facet normal 0 0 -1
    outer loop
      vertex 99 59.5974 4.8
      vertex 106 59.5974 4.8
      vertex 106 57.3974 4.8
    endloop
  endfacet
  facet normal 0 0 -1
    outer loop
      vertex 99 59.5974 4.8
      vertex 106 57.3974 4.8
      vertex 99 57.3974 4.8
    endloop
  endfacet
  facet normal 0 -1 0
    outer loop
      vertex 99 59.5974 0
      vertex 106 59.5974 0
      vertex 106 59.5974 4.8
    endloop
  endfacet
  facet normal 0 -1 0
    outer loop
      vertex 99 59.5974 0
      vertex 106 59.5974 4.8
      vertex 99 59.5974 4.8
    endloop
  endfacet
  facet normal -1 0 0
    outer loop
      vertex 106 59.5974 0
      vertex 106 57.3974 0
      vertex 106 57.3974 4.8
    endloop
  endfacet
  facet normal -1 0 0
    outer loop
      vertex 106 59.5974 0
      vertex 106 57.3974 4.8
      vertex 106 59.5974 4.8
    endloop
  endfacet
  facet normal 0 1 0
    outer loop
      vertex 106 57.3974 0
      vertex 99 57.3974 0
      vertex 99 57.3974 4.8
    endloop
  endfacet
  facet normal 0 1 -0
    outer loop
      vertex 106 57.3974 0
      vertex 99 57.3974 4.8
      vertex 106 57.3974 4.8
    endloop
  endfacet
  facet normal 1 0 0
    outer loop
      vertex 99 57.3974 0
      vertex 99 59.5974 0
      vertex 99 59.5974 4.8
    endloop
  endfacet
  facet normal 1 0 0
    outer loop
      vertex 99 57.3974 0
      vertex 99 59.5974 4.8
      vertex 99 57.3974 4.8
    endloop
  endfacet
  facet normal -0 0 1
    outer loop
      vertex 8 17.1622 0
      vertex 11.5 14.9622 0
      vertex 11.5 17.1622 0
    endloop
  endfacet
  facet normal 0 0 1
    outer loop
      vertex 8 17.1622 0
      vertex 8 14.9622 0
      vertex 11.5 14.9622 0
    endloop
  endfacet
  facet normal 0 0 -1
    outer loop
      vertex 8 17.1622 4.8
      vertex 11.5 17.1622 4.8
      vertex 11.5 14.9622 4.8
    endloop
  endfacet
  facet normal 0 0 -1
    outer loop
      vertex 8 17.1622 4.8
      vertex 11.5 14.9622 4.8
      vertex 8 14.9622 4.8
    endloop
  endfacet
  facet normal 0 -1 0
    outer loop
      vertex 8 17.1622 0
      vertex 11.5 17.1622 0
      vertex 11.5 17.1622 4.8
    endloop
  endfacet
  facet normal 0 -1 0
    outer loop
      vertex 8 17.1622 0
      vertex 11.5 17.1622 4.8
      vertex 8 17.1622 4.8
    endloop
  endfacet
  facet normal -1 0 0
    outer loop
      vertex 11.5 17.1622 0
      vertex 11.5 14.9622 0
      vertex 11.5 14.9622 4.8
    endloop
  endfacet
  facet normal -1 0 0
    outer loop
      vertex 11.5 17.1622 0
      vertex 11.5 14.9622 4.8
      vertex 11.5 17.1622 4.8
    endloop
  endfacet
  facet normal 0 1 0
    outer loop
      vertex 11.5 14.9622 0
      vertex 8 14.9622 0
      vertex 8 14.9622 4.8
    endloop
  endfacet
  facet normal 0 1 -0
    outer loop
      vertex 11.5 14.9622 0
      vertex 8 14.9622 4.8
      vertex 11.5 14.9622 4.8
    endloop
  endfacet
  facet normal 1 0 0
    outer loop
      vertex 8 14.9622 0
      vertex 8 17.1622 0
      vertex 8 17.1622 4.8
    endloop
  endfacet
  facet normal 1 0 0
    outer loop
      vertex 8 14.9622 0
      vertex 8 17.1622 4.8
      vertex 8 14.9622 4.8
    endloop
  endfacet
  facet normal -0 0 1
    outer loop
      vertex 120 83.8461 0
      vertex 127 81.6461 0
      vertex 127 83.8461 0
    endloop
  endfacet
  facet normal 0 0 1
    outer loop
      vertex 120 83.8461 0
      vertex 120 81.6461 0
      vertex 127 81.6461 0
    endloop
  endfacet
  facet normal 0 0 -1
    outer loop
      vertex 120 83.8461 4.8
      vertex 127 83.8461 4.8
      vertex 127 81.6461 4.8
    endloop
  endfacet
  facet normal 0 0 -1
    outer loop
      vertex 120 83.8461 4.8
      vertex 127 81.6461 4.8
      vertex 120 81.6461 4.8
    endloop
  endfacet
  facet normal 0 -1 0
    outer loop
      vertex 120 83.8461 0
      vertex 127 83.8461 0
      vertex 127 83.8461 4.8
    endloop
  endfacet
  facet normal 0 -1 0
    outer loop
      vertex 120 83.8461 0
      vertex 127 83.8461 4.8
      vertex 120 83.8461 4.8
    endloop
  endfacet
  facet normal -1 0 0
    outer loop
      vertex 127 83.8461 0
      vertex 127 81.6461 0
      vertex 127 81.6461 4.8
    endloop
  endfacet
  facet normal -1 0 0
    outer loop
      vertex 127 83.8461 0
      vertex 127 81.6461 4.8
      vertex 127 83.8461 4.8
    endloop
  endfacet
  facet normal 0 1 0
    outer loop
      vertex 127 81.6461 0
      vertex 120 81.6461 0
      vertex 120 81.6461 4.8
    endloop
  endfacet
  facet normal 0 1 -0
    outer loop
      vertex 127 81.6461 0
      vertex 120 81.6461 4.8
      vertex 127 81.6461 4.8
    endloop
  endfacet
  facet normal 1 0 0
    outer loop
      vertex 120 81.6461 0
      vertex 120 83.8461 0
      vertex 120 83.8461 4.8
    endloop
  endfacet
  facet normal 1 0 0
    outer loop
      vertex 120 81.6461 0
      vertex 120 83.8461 4.8
      vertex 120 81.6461 4.8
    endloop
  endfacet
  facet normal 0 0 1
    outer loop
      vertex 10.5474 28.7365 0
      vertex 15.9526 33.6987 0
      vertex 14.0474 34.7987 0
    endloop
  endfacet
  facet normal -0 0 1
    outer loop
      vertex 10.5474 28.7365 0
      vertex 12.4526 27.6365 0
      vertex 15.9526 33.6987 0
    endloop
  endfacet
  facet normal 0 0 -1
    outer loop
      vertex 10.5474 28.7365 4.8
      vertex 14.0474 34.7987 4.8
      vertex 15.9526 33.6987 4.8
    endloop
  endfacet
  facet normal 0 0 -1
    outer loop
      vertex 10.5474 28.7365 4.8
      vertex 15.9526 33.6987 4.8
      vertex 12.4526 27.6365 4.8
    endloop
  endfacet
  facet normal 0.866026 -0.499999 0
    outer loop
      vertex 10.5474 28.7365 0
      vertex 14.0474 34.7987 0
      vertex 14.0474 34.7987 4.8
    endloop
  endfacet
  facet normal 0.866026 -0.499999 0
    outer loop
      vertex 10.5474 28.7365 0
      vertex 14.0474 34.7987 4.8
      vertex 10.5474 28.7365 4.8
    endloop
  endfacet
  facet normal -0.499999 -0.866026 0
    outer loop
      vertex 14.0474 34.7987 0
      vertex 15.9526 33.6987 0
      vertex 15.9526 33.6987 4.8
    endloop
  endfacet
  facet normal -0.499999 -0.866026 0
    outer loop
      vertex 14.0474 34.7987 0
      vertex 15.9526 33.6987 4.8
      vertex 14.0474 34.7987 4.8
    endloop
  endfacet
  facet normal -0.866026 0.499999 0
    outer loop
      vertex 15.9526 33.6987 0
      vertex 12.4526 27.6365 0
      vertex 12.4526 27.6365 4.8
    endloop
  endfacet
  facet normal -0.866026 0.499999 0
    outer loop
      vertex 15.9526 33.6987 0
      vertex 12.4526 27.6365 4.8
      vertex 15.9526 33.6987 4.8
    endloop
  endfacet
  facet normal 0.499999 0.866026 0
    outer loop
      vertex 12.4526 27.6365 0
      vertex 10.5474 28.7365 0
      vertex 10.5474 28.7365 4.8
    endloop
  endfacet
  facet normal 0.499999 0.866026 -0
    outer loop
      vertex 12.4526 27.6365 0
      vertex 10.5474 28.7365 4.8
      vertex 12.4526 27.6365 4.8
    endloop
  endfacet
  facet normal 0 0 1
    outer loop
      vertex 106.953 71.1718 0
      vertex 108.547 64.0096 0
      vertex 110.453 65.1096 0
    endloop
  endfacet
  facet normal 0 0 1
    outer loop
      vertex 106.953 71.1718 0
      vertex 105.047 70.0718 0
      vertex 108.547 64.0096 0
    endloop
  endfacet
  facet normal 0 0 -1
    outer loop
      vertex 106.953 71.1718 4.8
      vertex 110.453 65.1096 4.8
      vertex 108.547 64.0096 4.8
    endloop
  endfacet
  facet normal 0 -0 -1
    outer loop
      vertex 106.953 71.1718 4.8
      vertex 108.547 64.0096 4.8
      vertex 105.047 70.0718 4.8
    endloop
  endfacet
  facet normal -0.866026 -0.499999 0
    outer loop
      vertex 106.953 71.1718 0
      vertex 110.453 65.1096 0
      vertex 110.453 65.1096 4.8
    endloop
  endfacet
  facet normal -0.866026 -0.499999 0
    outer loop
      vertex 106.953 71.1718 0
      vertex 110.453 65.1096 4.8
      vertex 106.953 71.1718 4.8
    endloop
  endfacet
  facet normal -0.499999 0.866026 0
    outer loop
      vertex 110.453 65.1096 0
      vertex 108.547 64.0096 0
      vertex 108.547 64.0096 4.8
    endloop
  endfacet
  facet normal -0.499999 0.866026 0
    outer loop
      vertex 110.453 65.1096 0
      vertex 108.547 64.0096 4.8
      vertex 110.453 65.1096 4.8
    endloop
  endfacet
  facet normal 0.866026 0.499999 0
    outer loop
      vertex 108.547 64.0096 0
      vertex 105.047 70.0718 0
      vertex 105.047 70.0718 4.8
    endloop
  endfacet
  facet normal 0.866026 0.499999 -0
    outer loop
      vertex 108.547 64.0096 0
      vertex 105.047 70.0718 4.8
      vertex 108.547 64.0096 4.8
    endloop
  endfacet
  facet normal 0.499999 -0.866026 0
    outer loop
      vertex 105.047 70.0718 0
      vertex 106.953 71.1718 0
      vertex 106.953 71.1718 4.8
    endloop
  endfacet
  facet normal 0.499999 -0.866026 0
    outer loop
      vertex 105.047 70.0718 0
      vertex 106.953 71.1718 4.8
      vertex 105.047 70.0718 4.8
    endloop
  endfacet
  facet normal -0 0 1
    outer loop
      vertex 78 59.5974 0
      vertex 85 57.3974 0
      vertex 85 59.5974 0
    endloop
  endfacet
  facet normal 0 0 1
    outer loop
      vertex 78 59.5974 0
      vertex 78 57.3974 0
      vertex 85 57.3974 0
    endloop
  endfacet
  facet normal 0 0 -1
    outer loop
      vertex 78 59.5974 4.8
      vertex 85 59.5974 4.8
      vertex 85 57.3974 4.8
    endloop
  endfacet
  facet normal 0 0 -1
    outer loop
      vertex 78 59.5974 4.8
      vertex 85 57.3974 4.8
      vertex 78 57.3974 4.8
    endloop
  endfacet
  facet normal 0 -1 0
    outer loop
      vertex 78 59.5974 0
      vertex 85 59.5974 0
      vertex 85 59.5974 4.8
    endloop
  endfacet
  facet normal 0 -1 0
    outer loop
      vertex 78 59.5974 0
      vertex 85 59.5974 4.8
      vertex 78 59.5974 4.8
    endloop
  endfacet
  facet normal -1 0 0
    outer loop
      vertex 85 59.5974 0
      vertex 85 57.3974 0
      vertex 85 57.3974 4.8
    endloop
  endfacet
  facet normal -1 0 0
    outer loop
      vertex 85 59.5974 0
      vertex 85 57.3974 4.8
      vertex 85 59.5974 4.8
    endloop
  endfacet
  facet normal 0 1 0
    outer loop
      vertex 85 57.3974 0
      vertex 78 57.3974 0
      vertex 78 57.3974 4.8
    endloop
  endfacet
  facet normal 0 1 -0
    outer loop
      vertex 85 57.3974 0
      vertex 78 57.3974 4.8
      vertex 85 57.3974 4.8
    endloop
  endfacet
  facet normal 1 0 0
    outer loop
      vertex 78 57.3974 0
      vertex 78 59.5974 0
      vertex 78 59.5974 4.8
    endloop
  endfacet
  facet normal 1 0 0
    outer loop
      vertex 78 57.3974 0
      vertex 78 59.5974 4.8
      vertex 78 57.3974 4.8
    endloop
  endfacet
  facet normal -0 0 1
    outer loop
      vertex 109.5 53.5352 0
      vertex 116.5 51.3352 0
      vertex 116.5 53.5352 0
    endloop
  endfacet
  facet normal 0 0 1
    outer loop
      vertex 109.5 53.5352 0
      vertex 109.5 51.3352 0
      vertex 116.5 51.3352 0
    endloop
  endfacet
  facet normal 0 0 -1
    outer loop
      vertex 109.5 53.5352 4.8
      vertex 116.5 53.5352 4.8
      vertex 116.5 51.3352 4.8
    endloop
  endfacet
  facet normal 0 0 -1
    outer loop
      vertex 109.5 53.5352 4.8
      vertex 116.5 51.3352 4.8
      vertex 109.5 51.3352 4.8
    endloop
  endfacet
  facet normal 0 -1 0
    outer loop
      vertex 109.5 53.5352 0
      vertex 116.5 53.5352 0
      vertex 116.5 53.5352 4.8
    endloop
  endfacet
  facet normal 0 -1 0
    outer loop
      vertex 109.5 53.5352 0
      vertex 116.5 53.5352 4.8
      vertex 109.5 53.5352 4.8
    endloop
  endfacet
  facet normal -1 0 0
    outer loop
      vertex 116.5 53.5352 0
      vertex 116.5 51.3352 0
      vertex 116.5 51.3352 4.8
    endloop
  endfacet
  facet normal -1 0 0
    outer loop
      vertex 116.5 53.5352 0
      vertex 116.5 51.3352 4.8
      vertex 116.5 53.5352 4.8
    endloop
  endfacet
  facet normal 0 1 0
    outer loop
      vertex 116.5 51.3352 0
      vertex 109.5 51.3352 0
      vertex 109.5 51.3352 4.8
    endloop
  endfacet
  facet normal 0 1 -0
    outer loop
      vertex 116.5 51.3352 0
      vertex 109.5 51.3352 4.8
      vertex 116.5 51.3352 4.8
    endloop
  endfacet
  facet normal 1 0 0
    outer loop
      vertex 109.5 51.3352 0
      vertex 109.5 53.5352 0
      vertex 109.5 53.5352 4.8
    endloop
  endfacet
  facet normal 1 0 0
    outer loop
      vertex 109.5 51.3352 0
      vertex 109.5 53.5352 4.8
      vertex 109.5 51.3352 4.8
    endloop
  endfacet
  facet normal 0 0 1
    outer loop
      vertex 64.9526 22.6744 0
      vertex 66.5474 15.5122 0
      vertex 68.4526 16.6122 0
    endloop
  endfacet
  facet normal 0 0 1
    outer loop
      vertex 64.9526 22.6744 0
      vertex 63.0474 21.5744 0
      vertex 66.5474 15.5122 0
    endloop
  endfacet
  facet normal 0 0 -1
    outer loop
      vertex 64.9526 22.6744 4.8
      vertex 68.4526 16.6122 4.8
      vertex 66.5474 15.5122 4.8
    endloop
  endfacet
  facet normal 0 -0 -1
    outer loop
      vertex 64.9526 22.6744 4.8
      vertex 66.5474 15.5122 4.8
      vertex 63.0474 21.5744 4.8
    endloop
  endfacet
  facet normal -0.866026 -0.499999 0
    outer loop
      vertex 64.9526 22.6744 0
      vertex 68.4526 16.6122 0
      vertex 68.4526 16.6122 4.8
    endloop
  endfacet
  facet normal -0.866026 -0.499999 0
    outer loop
      vertex 64.9526 22.6744 0
      vertex 68.4526 16.6122 4.8
      vertex 64.9526 22.6744 4.8
    endloop
  endfacet
  facet normal -0.499999 0.866026 0
    outer loop
      vertex 68.4526 16.6122 0
      vertex 66.5474 15.5122 0
      vertex 66.5474 15.5122 4.8
    endloop
  endfacet
  facet normal -0.499999 0.866026 0
    outer loop
      vertex 68.4526 16.6122 0
      vertex 66.5474 15.5122 4.8
      vertex 68.4526 16.6122 4.8
    endloop
  endfacet
  facet normal 0.866026 0.499999 0
    outer loop
      vertex 66.5474 15.5122 0
      vertex 63.0474 21.5744 0
      vertex 63.0474 21.5744 4.8
    endloop
  endfacet
  facet normal 0.866026 0.499999 -0
    outer loop
      vertex 66.5474 15.5122 0
      vertex 63.0474 21.5744 4.8
      vertex 66.5474 15.5122 4.8
    endloop
  endfacet
  facet normal 0.499999 -0.866026 0
    outer loop
      vertex 63.0474 21.5744 0
      vertex 64.9526 22.6744 0
      vertex 64.9526 22.6744 4.8
    endloop
  endfacet
  facet normal 0.499999 -0.866026 0
    outer loop
      vertex 63.0474 21.5744 0
      vertex 64.9526 22.6744 4.8
      vertex 63.0474 21.5744 4.8
    endloop
  endfacet
  facet normal 0 0 1
    outer loop
      vertex 169.953 22.6744 0
      vertex 171.547 15.5122 0
      vertex 173.453 16.6122 0
    endloop
  endfacet
  facet normal 0 0 1
    outer loop
      vertex 169.953 22.6744 0
      vertex 168.047 21.5744 0
      vertex 171.547 15.5122 0
    endloop
  endfacet
  facet normal 0 0 -1
    outer loop
      vertex 169.953 22.6744 4.8
      vertex 173.453 16.6122 4.8
      vertex 171.547 15.5122 4.8
    endloop
  endfacet
  facet normal 0 -0 -1
    outer loop
      vertex 169.953 22.6744 4.8
      vertex 171.547 15.5122 4.8
      vertex 168.047 21.5744 4.8
    endloop
  endfacet
  facet normal -0.866026 -0.499999 0
    outer loop
      vertex 169.953 22.6744 0
      vertex 173.453 16.6122 0
      vertex 173.453 16.6122 4.8
    endloop
  endfacet
  facet normal -0.866026 -0.499999 0
    outer loop
      vertex 169.953 22.6744 0
      vertex 173.453 16.6122 4.8
      vertex 169.953 22.6744 4.8
    endloop
  endfacet
  facet normal -0.499999 0.866026 0
    outer loop
      vertex 173.453 16.6122 0
      vertex 171.547 15.5122 0
      vertex 171.547 15.5122 4.8
    endloop
  endfacet
  facet normal -0.499999 0.866026 0
    outer loop
      vertex 173.453 16.6122 0
      vertex 171.547 15.5122 4.8
      vertex 173.453 16.6122 4.8
    endloop
  endfacet
  facet normal 0.866026 0.499999 0
    outer loop
      vertex 171.547 15.5122 0
      vertex 168.047 21.5744 0
      vertex 168.047 21.5744 4.8
    endloop
  endfacet
  facet normal 0.866026 0.499999 -0
    outer loop
      vertex 171.547 15.5122 0
      vertex 168.047 21.5744 4.8
      vertex 171.547 15.5122 4.8
    endloop
  endfacet
  facet normal 0.499999 -0.866026 0
    outer loop
      vertex 168.047 21.5744 0
      vertex 169.953 22.6744 0
      vertex 169.953 22.6744 4.8
    endloop
  endfacet
  facet normal 0.499999 -0.866026 0
    outer loop
      vertex 168.047 21.5744 0
      vertex 169.953 22.6744 4.8
      vertex 168.047 21.5744 4.8
    endloop
  endfacet
  facet normal 0 0 1
    outer loop
      vertex 73.5474 16.6122 0
      vertex 78.9526 21.5744 0
      vertex 77.0474 22.6744 0
    endloop
  endfacet
  facet normal -0 0 1
    outer loop
      vertex 73.5474 16.6122 0
      vertex 75.4526 15.5122 0
      vertex 78.9526 21.5744 0
    endloop
  endfacet
  facet normal 0 0 -1
    outer loop
      vertex 73.5474 16.6122 4.8
      vertex 77.0474 22.6744 4.8
      vertex 78.9526 21.5744 4.8
    endloop
  endfacet
  facet normal 0 0 -1
    outer loop
      vertex 73.5474 16.6122 4.8
      vertex 78.9526 21.5744 4.8
      vertex 75.4526 15.5122 4.8
    endloop
  endfacet
  facet normal 0.866026 -0.499999 0
    outer loop
      vertex 73.5474 16.6122 0
      vertex 77.0474 22.6744 0
      vertex 77.0474 22.6744 4.8
    endloop
  endfacet
  facet normal 0.866026 -0.499999 0
    outer loop
      vertex 73.5474 16.6122 0
      vertex 77.0474 22.6744 4.8
      vertex 73.5474 16.6122 4.8
    endloop
  endfacet
  facet normal -0.499999 -0.866026 0
    outer loop
      vertex 77.0474 22.6744 0
      vertex 78.9526 21.5744 0
      vertex 78.9526 21.5744 4.8
    endloop
  endfacet
  facet normal -0.499999 -0.866026 0
    outer loop
      vertex 77.0474 22.6744 0
      vertex 78.9526 21.5744 4.8
      vertex 77.0474 22.6744 4.8
    endloop
  endfacet
  facet normal -0.866026 0.499999 0
    outer loop
      vertex 78.9526 21.5744 0
      vertex 75.4526 15.5122 0
      vertex 75.4526 15.5122 4.8
    endloop
  endfacet
  facet normal -0.866026 0.499999 0
    outer loop
      vertex 78.9526 21.5744 0
      vertex 75.4526 15.5122 4.8
      vertex 78.9526 21.5744 4.8
    endloop
  endfacet
  facet normal 0.499999 0.866026 0
    outer loop
      vertex 75.4526 15.5122 0
      vertex 73.5474 16.6122 0
      vertex 73.5474 16.6122 4.8
    endloop
  endfacet
  facet normal 0.499999 0.866026 -0
    outer loop
      vertex 75.4526 15.5122 0
      vertex 73.5474 16.6122 4.8
      vertex 75.4526 15.5122 4.8
    endloop
  endfacet
endsolid honey_front_rail_panel_183_7mm
