solid honey_front_segment_panel_107_4mm
  facet normal 0 0 -1
    outer loop
      vertex 0 0 0
      vertex 107.4 10 0
      vertex 107.4 0 0
    endloop
  endfacet
  facet normal 0 0 -1
    outer loop
      vertex 0 0 0
      vertex 0 10 0
      vertex 107.4 10 0
    endloop
  endfacet
  facet normal 0 0 1
    outer loop
      vertex 0 0 4.8
      vertex 107.4 0 4.8
      vertex 107.4 10 4.8
    endloop
  endfacet
  facet normal 0 0 1
    outer loop
      vertex 0 0 4.8
      vertex 107.4 10 4.8
      vertex 0 10 4.8
    endloop
  endfacet
  facet normal 0 -1 0
    outer loop
      vertex 0 0 0
      vertex 107.4 0 0
      vertex 107.4 0 4.8
    endloop
  endfacet
  facet normal 0 -1 0
    outer loop
      vertex 0 0 0
      vertex 107.4 0 4.8
      vertex 0 0 4.8
    endloop
  endfacet
  facet normal 1 0 0
    outer loop
      vertex 107.4 0 0
      vertex 107.4 10 0
      vertex 107.4 10 4.8
    endloop
  endfacet
  facet normal 1 0 0
    outer loop
      vertex 107.4 0 0
      vertex 107.4 10 4.8
      vertex 107.4 0 4.8
    endloop
  endfacet
  facet normal 0 1 0
    outer loop
      vertex 107.4 10 0
      vertex 0 10 0
      vertex 0 10 4.8
    endloop
  endfacet
  facet normal 0 1 -0
    outer loop
      vertex 107.4 10 0
      vertex 0 10 4.8
      vertex 107.4 10 4.8
    endloop
  endfacet
  facet normal -1 0 0
    outer loop
      vertex 0 10 0
      vertex 0 0 0
      vertex 0 0 4.8
    endloop
  endfacet
  facet normal -1 0 0
    outer loop
      vertex 0 10 0
      vertex 0 0 4.8
      vertex 0 10 4.8
    endloop
  endfacet
  facet normal 0 0 -1
    outer loop
      vertex 0 95 0
      vertex 107.4 105 0
      vertex 107.4 95 0
    endloop
  endfacet
  facet normal 0 0 -1
    outer loop
      vertex 0 95 0
      vertex 0 105 0
      vertex 107.4 105 0
    endloop
  endfacet
  facet normal 0 0 1
    outer loop
      vertex 0 95 4.8
      vertex 107.4 95 4.8
      vertex 107.4 105 4.8
    endloop
  endfacet
  facet normal 0 0 1
    outer loop
      vertex 0 95 4.8
      vertex 107.4 105 4.8
      vertex 0 105 4.8
    endloop
  endfacet
  facet normal 0 -1 0
    outer loop
      vertex 0 95 0
      vertex 107.4 95 0
      vertex 107.4 95 4.8
    endloop
  endfacet
  facet normal 0 -1 0
    outer loop
      vertex 0 95 0
      vertex 107.4 95 4.8
      vertex 0 95 4.8
    endloop
  endfacet
  facet normal 1 0 0
    outer loop
      vertex 107.4 95 0
      vertex 107.4 105 0
      vertex 107.4 105 4.8
    endloop
  endfacet
  facet normal 1 0 0
    outer loop
      vertex 107.4 95 0
      vertex 107.4 105 4.8
      vertex 107.4 95 4.8
    endloop
  endfacet
  facet normal 0 1 0
    outer loop
      vertex 107.4 105 0
      vertex 0 105 0
      vertex 0 105 4.8
    endloop
  endfacet
  facet normal 0 1 -0
    outer loop
      vertex 107.4 105 0
      vertex 0 105 4.8
      vertex 107.4 105 4.8
    endloop
  endfacet
  facet normal -1 0 0
    outer loop
      vertex 0 105 0
      vertex 0 95 0
      vertex 0 95 4.8
    endloop
  endfacet
  facet normal -1 0 0
    outer loop
      vertex 0 105 0
      vertex 0 95 4.8
      vertex 0 105 4.8
    endloop
  endfacet
  facet normal 0 0 -1
    outer loop
      vertex 0 10 0
      vertex 8 95 0
      vertex 8 10 0
    endloop
  endfacet
  facet normal 0 0 -1
    outer loop
      vertex 0 10 0
      vertex 0 95 0
      vertex 8 95 0
    endloop
  endfacet
  facet normal 0 0 1
    outer loop
      vertex 0 10 4.8
      vertex 8 10 4.8
      vertex 8 95 4.8
    endloop
  endfacet
  facet normal 0 0 1
    outer loop
      vertex 0 10 4.8
      vertex 8 95 4.8
      vertex 0 95 4.8
    endloop
  endfacet
  facet normal 0 -1 0
    outer loop
      vertex 0 10 0
      vertex 8 10 0
      vertex 8 10 4.8
    endloop
  endfacet
  facet normal 0 -1 0
    outer loop
      vertex 0 10 0
      vertex 8 10 4.8
      vertex 0 10 4.8
    endloop
  endfacet
  facet normal 1 0 0
    outer loop
      vertex 8 10 0
      vertex 8 95 0
      vertex 8 95 4.8
    endloop
  endfacet
  facet normal 1 0 0
    outer loop
      vertex 8 10 0
      vertex 8 95 4.8
      vertex 8 10 4.8
    endloop
  endfacet
  facet normal 0 1 0
    outer loop
      vertex 8 95 0
      vertex 0 95 0
      vertex 0 95 4.8
    endloop
  endfacet
  facet normal 0 1 -0
    outer loop
      vertex 8 95 0
      vertex 0 95 4.8
      vertex 8 95 4.8
    endloop
  endfacet
  facet normal -1 0 0
    outer loop
      vertex 0 95 0
      vertex 0 10 0
      vertex 0 10 4.8
    endloop
  endfacet
  facet normal -1 0 0
    outer loop
      vertex 0 95 0
      vertex 0 10 4.8
      vertex 0 95 4.8
    endloop
  endfacet
  facet normal 0 0 -1
    outer loop
      vertex 99.4 10 0
      vertex 107.4 95 0
      vertex 107.4 10 0
    endloop
  endfacet
  facet normal 0 0 -1
    outer loop
      vertex 99.4 10 0
      vertex 99.4 95 0
      vertex 107.4 95 0
    endloop
  endfacet
  facet normal 0 0 1
    outer loop
      vertex 99.4 10 4.8
      vertex 107.4 10 4.8
      vertex 107.4 95 4.8
    endloop
  endfacet
  facet normal 0 0 1
    outer loop
      vertex 99.4 10 4.8
      vertex 107.4 95 4.8
      vertex 99.4 95 4.8
    endloop
  endfacet
  facet normal 0 -1 0
    outer loop
      vertex 99.4 10 0
      vertex 107.4 10 0
      vertex 107.4 10 4.8
    endloop
  endfacet
  facet normal 0 -1 0
    outer loop
      vertex 99.4 10 0
      vertex 107.4 10 4.8
      vertex 99.4 10 4.8
    endloop
  endfacet
  facet normal 1 0 0
    outer loop
      vertex 107.4 10 0
      vertex 107.4 95 0
      vertex 107.4 95 4.8
    endloop
  endfacet
  facet normal 1 0 0
    outer loop
      vertex 107.4 10 0
      vertex 107.4 95 4.8
      vertex 107.4 10 4.8
    endloop
  endfacet
  facet normal 0 1 0
    outer loop
      vertex 107.4 95 0
      vertex 99.4 95 0
      vertex 99.4 95 4.8
    endloop
  endfacet
  facet normal 0 1 -0
    outer loop
      vertex 107.4 95 0
      vertex 99.4 95 4.8
      vertex 107.4 95 4.8
    endloop
  endfacet
  facet normal -1 0 0
    outer loop
      vertex 99.4 95 0
      vertex 99.4 10 0
      vertex 99.4 10 4.8
    endloop
  endfacet
  facet normal -1 0 0
    outer loop
      vertex 99.4 95 0
      vertex 99.4 10 4.8
      vertex 99.4 95 4.8
    endloop
  endfacet
  facet normal 0 0 1
    outer loop
      vertex 73.5474 52.9852 0
      vertex 78.9526 57.9474 0
      vertex 77.0474 59.0474 0
    endloop
  endfacet
  facet normal -0 0 1
    outer loop
      vertex 73.5474 52.9852 0
      vertex 75.4526 51.8852 0
      vertex 78.9526 57.9474 0
    endloop
  endfacet
  facet normal 0 0 -1
    outer loop
      vertex 73.5474 52.9852 4.8
      vertex 77.0474 59.0474 4.8
      vertex 78.9526 57.9474 4.8
    endloop
  endfacet
  facet normal 0 0 -1
    outer loop
      vertex 73.5474 52.9852 4.8
      vertex 78.9526 57.9474 4.8
      vertex 75.4526 51.8852 4.8
    endloop
  endfacet
  facet normal 0.866026 -0.499999 0
    outer loop
      vertex 73.5474 52.9852 0
      vertex 77.0474 59.0474 0
      vertex 77.0474 59.0474 4.8
    endloop
  endfacet
  facet normal 0.866026 -0.499999 0
    outer loop
      vertex 73.5474 52.9852 0
      vertex 77.0474 59.0474 4.8
      vertex 73.5474 52.9852 4.8
    endloop
  endfacet
  facet normal -0.499999 -0.866026 0
    outer loop
      vertex 77.0474 59.0474 0
      vertex 78.9526 57.9474 0
      vertex 78.9526 57.9474 4.8
    endloop
  endfacet
  facet normal -0.499999 -0.866026 0
    outer loop
      vertex 77.0474 59.0474 0
      vertex 78.9526 57.9474 4.8
      vertex 77.0474 59.0474 4.8
    endloop
  endfacet
  facet normal -0.866026 0.499999 0
    outer loop
      vertex 78.9526 57.9474 0
      vertex 75.4526 51.8852 0
      vertex 75.4526 51.8852 4.8
    endloop
  endfacet
  facet normal -0.866026 0.499999 0
    outer loop
      vertex 78.9526 57.9474 0
      vertex 75.4526 51.8852 4.8
      vertex 78.9526 57.9474 4.8
    endloop
  endfacet
  facet normal 0.499999 0.866026 0
    outer loop
      vertex 75.4526 51.8852 0
      vertex 73.5474 52.9852 0
      vertex 73.5474 52.9852 4.8
    endloop
  endfacet
  facet normal 0.499999 0.866026 -0
    outer loop
      vertex 75.4526 51.8852 0
      vertex 73.5474 52.9852 4.8
      vertex 75.4526 51.8852 4.8
    endloop
  endfacet
  facet normal -0 0 1
    outer loop
      vertex 15 35.3487 0
      vertex 22 33.1487 0
      vertex 22 35.3487 0
    endloop
  endfacet
  facet normal 0 0 1
    outer loop
      vertex 15 35.3487 0
      vertex 15 33.1487 0
      vertex 22 33.1487 0
    endloop
  endfacet
  facet normal 0 0 -1
    outer loop
      vertex 15 35.3487 4.8
      vertex 22 35.3487 4.8
      vertex 22 33.1487 4.8
    endloop
  endfacet
  facet normal 0 0 -1
    outer loop
      vertex 15 35.3487 4.8
      vertex 22 33.1487 4.8
      vertex 15 33.1487 4.8
    endloop
  endfacet
  facet normal 0 -1 0
    outer loop
      vertex 15 35.3487 0
      vertex 22 35.3487 0
      vertex 22 35.3487 4.8
    endloop
  endfacet
  facet normal 0 -1 0
    outer loop
      vertex 15 35.3487 0
      vertex 22 35.3487 4.8
      vertex 15 35.3487 4.8
    endloop
  endfacet
  facet normal -1 0 0
    outer loop
      vertex 22 35.3487 0
      vertex 22 33.1487 0
      vertex 22 33.1487 4.8
    endloop
  endfacet
  facet normal -1 0 0
    outer loop
      vertex 22 35.3487 0
      vertex 22 33.1487 4.8
      vertex 22 35.3487 4.8
    endloop
  endfacet
  facet normal 0 1 0
    outer loop
      vertex 22 33.1487 0
      vertex 15 33.1487 0
      vertex 15 33.1487 4.8
    endloop
  endfacet
  facet normal 0 1 -0
    outer loop
      vertex 22 33.1487 0
      vertex 15 33.1487 4.8
      vertex 22 33.1487 4.8
    endloop
  endfacet
  facet normal 1 0 0
    outer loop
      vertex 15 33.1487 0
      vertex 15 35.3487 0
      vertex 15 35.3487 4.8
    endloop
  endfacet
  facet normal 1 0 0
    outer loop
      vertex 15 33.1487 0
      vertex 15 35.3487 4.8
      vertex 15 33.1487 4.8
    endloop
  endfacet
  facet normal 0 0 1
    outer loop
      vertex 84.0474 59.0474 0
      vertex 89.4526 64.0096 0
      vertex 87.5474 65.1096 0
    endloop
  endfacet
  facet normal -0 0 1
    outer loop
      vertex 84.0474 59.0474 0
      vertex 85.9526 57.9474 0
      vertex 89.4526 64.0096 0
    endloop
  endfacet
  facet normal 0 0 -1
    outer loop
      vertex 84.0474 59.0474 4.8
      vertex 87.5474 65.1096 4.8
      vertex 89.4526 64.0096 4.8
    endloop
  endfacet
  facet normal 0 0 -1
    outer loop
      vertex 84.0474 59.0474 4.8
      vertex 89.4526 64.0096 4.8
      vertex 85.9526 57.9474 4.8
    endloop
  endfacet
  facet normal 0.866026 -0.499999 0
    outer loop
      vertex 84.0474 59.0474 0
      vertex 87.5474 65.1096 0
      vertex 87.5474 65.1096 4.8
    endloop
  endfacet
  facet normal 0.866026 -0.499999 0
    outer loop
      vertex 84.0474 59.0474 0
      vertex 87.5474 65.1096 4.8
      vertex 84.0474 59.0474 4.8
    endloop
  endfacet
  facet normal -0.499999 -0.866026 0
    outer loop
      vertex 87.5474 65.1096 0
      vertex 89.4526 64.0096 0
      vertex 89.4526 64.0096 4.8
    endloop
  endfacet
  facet normal -0.499999 -0.866026 0
    outer loop
      vertex 87.5474 65.1096 0
      vertex 89.4526 64.0096 4.8
      vertex 87.5474 65.1096 4.8
    endloop
  endfacet
  facet normal -0.866026 0.499999 0
    outer loop
      vertex 89.4526 64.0096 0
      vertex 85.9526 57.9474 0
      vertex 85.9526 57.9474 4.8
    endloop
  endfacet
  facet normal -0.866026 0.499999 0
    outer loop
      vertex 89.4526 64.0096 0
      vertex 85.9526 57.9474 4.8
      vertex 89.4526 64.0096 4.8
    endloop
  endfacet
  facet normal 0.499999 0.866026 0
    outer loop
      vertex 85.9526 57.9474 0
      vertex 84.0474 59.0474 0
      vertex 84.0474 59.0474 4.8
    endloop
  endfacet
  facet normal 0.499999 0.866026 -0
    outer loop
      vertex 85.9526 57.9474 0
      vertex 84.0474 59.0474 4.8
      vertex 85.9526 57.9474 4.8
    endloop
  endfacet
  facet normal 0 0 1
    outer loop
      vertex 52.5474 16.6122 0
      vertex 57.9526 21.5744 0
      vertex 56.0474 22.6744 0
    endloop
  endfacet
  facet normal -0 0 1
    outer loop
      vertex 52.5474 16.6122 0
      vertex 54.4526 15.5122 0
      vertex 57.9526 21.5744 0
    endloop
  endfacet
  facet normal 0 0 -1
    outer loop
      vertex 52.5474 16.6122 4.8
      vertex 56.0474 22.6744 4.8
      vertex 57.9526 21.5744 4.8
    endloop
  endfacet
  facet normal 0 0 -1
    outer loop
      vertex 52.5474 16.6122 4.8
      vertex 57.9526 21.5744 4.8
      vertex 54.4526 15.5122 4.8
    endloop
  endfacet
  facet normal 0.866026 -0.499999 0
    outer loop
      vertex 52.5474 16.6122 0
      vertex 56.0474 22.6744 0
      vertex 56.0474 22.6744 4.8
    endloop
  endfacet
  facet normal 0.866026 -0.499999 0
    outer loop
      vertex 52.5474 16.6122 0
      vertex 56.0474 22.6744 4.8
      vertex 52.5474 16.6122 4.8
    endloop
  endfacet
  facet normal -0.499999 -0.866026 0
    outer loop
      vertex 56.0474 22.6744 0
      vertex 57.9526 21.5744 0
      vertex 57.9526 21.5744 4.8
    endloop
  endfacet
  facet normal -0.499999 -0.866026 0
    outer loop
      vertex 56.0474 22.6744 0
      vertex 57.9526 21.5744 4.8
      vertex 56.0474 22.6744 4.8
    endloop
  endfacet
  facet normal -0.866026 0.499999 0
    outer loop
      vertex 57.9526 21.5744 0
      vertex 54.4526 15.5122 0
      vertex 54.4526 15.5122 4.8
    endloop
  endfacet
  facet normal -0.866026 0.499999 0
    outer loop
      vertex 57.9526 21.5744 0
      vertex 54.4526 15.5122 4.8
      vertex 57.9526 21.5744 4.8
    endloop
  endfacet
  facet normal 0.499999 0.866026 0
    outer loop
      vertex 54.4526 15.5122 0
      vertex 52.5474 16.6122 0
      vertex 52.5474 16.6122 4.8
    endloop
  endfacet
  facet normal 0.499999 0.866026 -0
    outer loop
      vertex 54.4526 15.5122 0
      vertex 52.5474 16.6122 4.8
      vertex 54.4526 15.5122 4.8
    endloop
  endfacet
  facet normal 0 0 1
    outer loop
      vertex 33.4526 16.6122 0
      vertex 35.0474 9.45 0
      vertex 36.9526 10.55 0
    endloop
  endfacet
  facet normal 0 0 1
    outer loop
      vertex 33.4526 16.6122 0
      vertex 31.5474 15.5122 0
      vertex 35.0474 9.45 0
    endloop
  endfacet
  facet normal 0 0 -1
    outer loop
      vertex 33.4526 16.6122 4.8
      vertex 36.9526 10.55 4.8
      vertex 35.0474 9.45 4.8
    endloop
  endfacet
  facet normal 0 -0 -1
    outer loop
      vertex 33.4526 16.6122 4.8
      vertex 35.0474 9.45 4.8
      vertex 31.5474 15.5122 4.8
    endloop
  endfacet
  facet normal -0.866026 -0.499999 0
    outer loop
      vertex 33.4526 16.6122 0
      vertex 36.9526 10.55 0
      vertex 36.9526 10.55 4.8
    endloop
  endfacet
  facet normal -0.866026 -0.499999 0
    outer loop
      vertex 33.4526 16.6122 0
      vertex 36.9526 10.55 4.8
      vertex 33.4526 16.6122 4.8
    endloop
  endfacet
  facet normal -0.499999 0.866026 0
    outer loop
      vertex 36.9526 10.55 0
      vertex 35.0474 9.45 0
      vertex 35.0474 9.45 4.8
    endloop
  endfacet
  facet normal -0.499999 0.866026 0
    outer loop
      vertex 36.9526 10.55 0
      vertex 35.0474 9.45 4.8
      vertex 36.9526 10.55 4.8
    endloop
  endfacet
  facet normal 0.866026 0.499999 0
    outer loop
      vertex 35.0474 9.45 0
      vertex 31.5474 15.5122 0
      vertex 31.5474 15.5122 4.8
    endloop
  endfacet
  facet normal 0.866026 0.499999 -0
    outer loop
      vertex 35.0474 9.45 0
      vertex 31.5474 15.5122 4.8
      vertex 35.0474 9.45 4.8
    endloop
  endfacet
  facet normal 0.499999 -0.866026 0
    outer loop
      vertex 31.5474 15.5122 0
      vertex 33.4526 16.6122 0
      vertex 33.4526 16.6122 4.8
    endloop
  endfacet
  facet normal 0.499999 -0.866026 0
    outer loop
      vertex 31.5474 15.5122 0
      vertex 33.4526 16.6122 4.8
      vertex 31.5474 15.5122 4.8
    endloop
  endfacet
  facet normal 0 0 1
    outer loop
      vertex 10.5474 40.8609 0
      vertex 15.9526 45.8231 0
      vertex 14.0474 46.9231 0
    endloop
  endfacet
  facet normal -0 0 1
    outer loop
      vertex 10.5474 40.8609 0
      vertex 12.4526 39.7609 0
      vertex 15.9526 45.8231 0
    endloop
  endfacet
  facet normal 0 0 -1
    outer loop
      vertex 10.5474 40.8609 4.8
      vertex 14.0474 46.9231 4.8
      vertex 15.9526 45.8231 4.8
    endloop
  endfacet
  facet normal 0 0 -1
    outer loop
      vertex 10.5474 40.8609 4.8
      vertex 15.9526 45.8231 4.8
      vertex 12.4526 39.7609 4.8
    endloop
  endfacet
  facet normal 0.866026 -0.499999 0
    outer loop
      vertex 10.5474 40.8609 0
      vertex 14.0474 46.9231 0
      vertex 14.0474 46.9231 4.8
    endloop
  endfacet
  facet normal 0.866026 -0.499999 0
    outer loop
      vertex 10.5474 40.8609 0
      vertex 14.0474 46.9231 4.8
      vertex 10.5474 40.8609 4.8
    endloop
  endfacet
  facet normal -0.499999 -0.866026 0
    outer loop
      vertex 14.0474 46.9231 0
      vertex 15.9526 45.8231 0
      vertex 15.9526 45.8231 4.8
    endloop
  endfacet
  facet normal -0.499999 -0.866026 0
    outer loop
      vertex 14.0474 46.9231 0
      vertex 15.9526 45.8231 4.8
      vertex 14.0474 46.9231 4.8
    endloop
  endfacet
  facet normal -0.866026 0.499999 0
    outer loop
      vertex 15.9526 45.8231 0
      vertex 12.4526 39.7609 0
      vertex 12.4526 39.7609 4.8
    endloop
  endfacet
  facet normal -0.866026 0.499999 0
    outer loop
      vertex 15.9526 45.8231 0
      vertex 12.4526 39.7609 4.8
      vertex 15.9526 45.8231 4.8
    endloop
  endfacet
  facet normal 0.499999 0.866026 0
    outer loop
      vertex 12.4526 39.7609 0
      vertex 10.5474 40.8609 0
      vertex 10.5474 40.8609 4.8
    endloop
  endfacet
  facet normal 0.499999 0.866026 -0
    outer loop
      vertex 12.4526 39.7609 0
      vertex 10.5474 40.8609 4.8
      vertex 12.4526 39.7609 4.8
    endloop
  endfacet
  facet normal 0 0 1
    outer loop
      vertex 33.4526 28.7365 0
      vertex 35.0474 21.5744 0
      vertex 36.9526 22.6744 0
    endloop
  endfacet
  facet normal 0 0 1
    outer loop
      vertex 33.4526 28.7365 0
      vertex 31.5474 27.6365 0
      vertex 35.0474 21.5744 0
    endloop
  endfacet
  facet normal 0 0 -1
    outer loop
      vertex 33.4526 28.7365 4.8
      vertex 36.9526 22.6744 4.8
      vertex 35.0474 21.5744 4.8
    endloop
  endfacet
  facet normal 0 -0 -1
    outer loop
      vertex 33.4526 28.7365 4.8
      vertex 35.0474 21.5744 4.8
      vertex 31.5474 27.6365 4.8
    endloop
  endfacet
  facet normal -0.866023 -0.500005 0
    outer loop
      vertex 33.4526 28.7365 0
      vertex 36.9526 22.6744 0
      vertex 36.9526 22.6744 4.8
    endloop
  endfacet
  facet normal -0.866023 -0.500005 0
    outer loop
      vertex 33.4526 28.7365 0
      vertex 36.9526 22.6744 4.8
      vertex 33.4526 28.7365 4.8
    endloop
  endfacet
  facet normal -0.500005 0.866023 0
    outer loop
      vertex 36.9526 22.6744 0
      vertex 35.0474 21.5744 0
      vertex 35.0474 21.5744 4.8
    endloop
  endfacet
  facet normal -0.500005 0.866023 0
    outer loop
      vertex 36.9526 22.6744 0
      vertex 35.0474 21.5744 4.8
      vertex 36.9526 22.6744 4.8
    endloop
  endfacet
  facet normal 0.866023 0.500005 0
    outer loop
      vertex 35.0474 21.5744 0
      vertex 31.5474 27.6365 0
      vertex 31.5474 27.6365 4.8
    endloop
  endfacet
  facet normal 0.866023 0.500005 -0
    outer loop
      vertex 35.0474 21.5744 0
      vertex 31.5474 27.6365 4.8
      vertex 35.0474 21.5744 4.8
    endloop
  endfacet
  facet normal 0.500005 -0.866023 0
    outer loop
      vertex 31.5474 27.6365 0
      vertex 33.4526 28.7365 0
      vertex 33.4526 28.7365 4.8
    endloop
  endfacet
  facet normal 0.500005 -0.866023 0
    outer loop
      vertex 31.5474 27.6365 0
      vertex 33.4526 28.7365 4.8
      vertex 31.5474 27.6365 4.8
    endloop
  endfacet
  facet normal 0 0 1
    outer loop
      vertex 33.4526 52.9852 0
      vertex 35.0474 45.8231 0
      vertex 36.9526 46.9231 0
    endloop
  endfacet
  facet normal 0 0 1
    outer loop
      vertex 33.4526 52.9852 0
      vertex 31.5474 51.8852 0
      vertex 35.0474 45.8231 0
    endloop
  endfacet
  facet normal 0 0 -1
    outer loop
      vertex 33.4526 52.9852 4.8
      vertex 36.9526 46.9231 4.8
      vertex 35.0474 45.8231 4.8
    endloop
  endfacet
  facet normal 0 -0 -1
    outer loop
      vertex 33.4526 52.9852 4.8
      vertex 35.0474 45.8231 4.8
      vertex 31.5474 51.8852 4.8
    endloop
  endfacet
  facet normal -0.866023 -0.500005 0
    outer loop
      vertex 33.4526 52.9852 0
      vertex 36.9526 46.9231 0
      vertex 36.9526 46.9231 4.8
    endloop
  endfacet
  facet normal -0.866023 -0.500005 0
    outer loop
      vertex 33.4526 52.9852 0
      vertex 36.9526 46.9231 4.8
      vertex 33.4526 52.9852 4.8
    endloop
  endfacet
  facet normal -0.500005 0.866023 0
    outer loop
      vertex 36.9526 46.9231 0
      vertex 35.0474 45.8231 0
      vertex 35.0474 45.8231 4.8
    endloop
  endfacet
  facet normal -0.500005 0.866023 0
    outer loop
      vertex 36.9526 46.9231 0
      vertex 35.0474 45.8231 4.8
      vertex 36.9526 46.9231 4.8
    endloop
  endfacet
  facet normal 0.866023 0.500005 0
    outer loop
      vertex 35.0474 45.8231 0
      vertex 31.5474 51.8852 0
      vertex 31.5474 51.8852 4.8
    endloop
  endfacet
  facet normal 0.866023 0.500005 -0
    outer loop
      vertex 35.0474 45.8231 0
      vertex 31.5474 51.8852 4.8
      vertex 35.0474 45.8231 4.8
    endloop
  endfacet
  facet normal 0.500005 -0.866023 0
    outer loop
      vertex 31.5474 51.8852 0
      vertex 33.4526 52.9852 0
      vertex 33.4526 52.9852 4.8
    endloop
  endfacet
  facet normal 0.500005 -0.866023 0
    outer loop
      vertex 31.5474 51.8852 0
      vertex 33.4526 52.9852 4.8
      vertex 31.5474 51.8852 4.8
    endloop
  endfacet
  facet normal -0 0 1
    outer loop
      vertex 25.5 53.5352 0
      vertex 32.5 51.3352 0
      vertex 32.5 53.5352 0
    endloop
  endfacet
  facet normal 0 0 1
    outer loop
      vertex 25.5 53.5352 0
      vertex 25.5 51.3352 0
      vertex 32.5 51.3352 0
    endloop
  endfacet
  facet normal 0 0 -1
    outer loop
      vertex 25.5 53.5352 4.8
      vertex 32.5 53.5352 4.8
      vertex 32.5 51.3352 4.8
    endloop
  endfacet
  facet normal 0 0 -1
    outer loop
      vertex 25.5 53.5352 4.8
      vertex 32.5 51.3352 4.8
      vertex 25.5 51.3352 4.8
    endloop
  endfacet
  facet normal 0 -1 0
    outer loop
      vertex 25.5 53.5352 0
      vertex 32.5 53.5352 0
      vertex 32.5 53.5352 4.8
    endloop
  endfacet
  facet normal 0 -1 0
    outer loop
      vertex 25.5 53.5352 0
      vertex 32.5 53.5352 4.8
      vertex 25.5 53.5352 4.8
    endloop
  endfacet
  facet normal -1 0 0
    outer loop
      vertex 32.5 53.5352 0
      vertex 32.5 51.3352 0
      vertex 32.5 51.3352 4.8
    endloop
  endfacet
  facet normal -1 0 0
    outer loop
      vertex 32.5 53.5352 0
      vertex 32.5 51.3352 4.8
      vertex 32.5 53.5352 4.8
    endloop
  endfacet
  facet normal 0 1 0
    outer loop
      vertex 32.5 51.3352 0
      vertex 25.5 51.3352 0
      vertex 25.5 51.3352 4.8
    endloop
  endfacet
  facet normal 0 1 -0
    outer loop
      vertex 32.5 51.3352 0
      vertex 25.5 51.3352 4.8
      vertex 32.5 51.3352 4.8
    endloop
  endfacet
  facet normal 1 0 0
    outer loop
      vertex 25.5 51.3352 0
      vertex 25.5 53.5352 0
      vertex 25.5 53.5352 4.8
    endloop
  endfacet
  facet normal 1 0 0
    outer loop
      vertex 25.5 51.3352 0
      vertex 25.5 53.5352 4.8
      vertex 25.5 51.3352 4.8
    endloop
  endfacet
  facet normal 0 0 1
    outer loop
      vertex 96.4526 89.3583 0
      vertex 98.0474 82.1961 0
      vertex 99.9526 83.2961 0
    endloop
  endfacet
  facet normal 0 0 1
    outer loop
      vertex 96.4526 89.3583 0
      vertex 94.5474 88.2583 0
      vertex 98.0474 82.1961 0
    endloop
  endfacet
  facet normal 0 0 -1
    outer loop
      vertex 96.4526 89.3583 4.8
      vertex 99.9526 83.2961 4.8
      vertex 98.0474 82.1961 4.8
    endloop
  endfacet
  facet normal 0 -0 -1
    outer loop
      vertex 96.4526 89.3583 4.8
      vertex 98.0474 82.1961 4.8
      vertex 94.5474 88.2583 4.8
    endloop
  endfacet
  facet normal -0.866026 -0.499999 0
    outer loop
      vertex 96.4526 89.3583 0
      vertex 99.9526 83.2961 0
      vertex 99.9526 83.2961 4.8
    endloop
  endfacet
  facet normal -0.866026 -0.499999 0
    outer loop
      vertex 96.4526 89.3583 0
      vertex 99.9526 83.2961 4.8
      vertex 96.4526 89.3583 4.8
    endloop
  endfacet
  facet normal -0.499999 0.866026 0
    outer loop
      vertex 99.9526 83.2961 0
      vertex 98.0474 82.1961 0
      vertex 98.0474 82.1961 4.8
    endloop
  endfacet
  facet normal -0.499999 0.866026 0
    outer loop
      vertex 99.9526 83.2961 0
      vertex 98.0474 82.1961 4.8
      vertex 99.9526 83.2961 4.8
    endloop
  endfacet
  facet normal 0.866026 0.499999 0
    outer loop
      vertex 98.0474 82.1961 0
      vertex 94.5474 88.2583 0
      vertex 94.5474 88.2583 4.8
    endloop
  endfacet
  facet normal 0.866026 0.499999 -0
    outer loop
      vertex 98.0474 82.1961 0
      vertex 94.5474 88.2583 4.8
      vertex 98.0474 82.1961 4.8
    endloop
  endfacet
  facet normal 0.499999 -0.866026 0
    outer loop
      vertex 94.5474 88.2583 0
      vertex 96.4526 89.3583 0
      vertex 96.4526 89.3583 4.8
    endloop
  endfacet
  facet normal 0.499999 -0.866026 0
    outer loop
      vertex 94.5474 88.2583 0
      vertex 96.4526 89.3583 4.8
      vertex 94.5474 88.2583 4.8
    endloop
  endfacet
  facet normal 0 0 1
    outer loop
      vertex 12.4526 89.3583 0
      vertex 14.0474 82.1961 0
      vertex 15.9526 83.2961 0
    endloop
  endfacet
  facet normal 0 0 1
    outer loop
      vertex 12.4526 89.3583 0
      vertex 10.5474 88.2583 0
      vertex 14.0474 82.1961 0
    endloop
  endfacet
  facet normal 0 0 -1
    outer loop
      vertex 12.4526 89.3583 4.8
      vertex 15.9526 83.2961 4.8
      vertex 14.0474 82.1961 4.8
    endloop
  endfacet
  facet normal 0 -0 -1
    outer loop
      vertex 12.4526 89.3583 4.8
      vertex 14.0474 82.1961 4.8
      vertex 10.5474 88.2583 4.8
    endloop
  endfacet
  facet normal -0.866026 -0.499999 0
    outer loop
      vertex 12.4526 89.3583 0
      vertex 15.9526 83.2961 0
      vertex 15.9526 83.2961 4.8
    endloop
  endfacet
  facet normal -0.866026 -0.499999 0
    outer loop
      vertex 12.4526 89.3583 0
      vertex 15.9526 83.2961 4.8
      vertex 12.4526 89.3583 4.8
    endloop
  endfacet
  facet normal -0.499999 0.866026 0
    outer loop
      vertex 15.9526 83.2961 0
      vertex 14.0474 82.1961 0
      vertex 14.0474 82.1961 4.8
    endloop
  endfacet
  facet normal -0.499999 0.866026 0
    outer loop
      vertex 15.9526 83.2961 0
      vertex 14.0474 82.1961 4.8
      vertex 15.9526 83.2961 4.8
    endloop
  endfacet
  facet normal 0.866026 0.499999 0
    outer loop
      vertex 14.0474 82.1961 0
      vertex 10.5474 88.2583 0
      vertex 10.5474 88.2583 4.8
    endloop
  endfacet
  facet normal 0.866026 0.499999 -0
    outer loop
      vertex 14.0474 82.1961 0
      vertex 10.5474 88.2583 4.8
      vertex 14.0474 82.1961 4.8
    endloop
  endfacet
  facet normal 0.499999 -0.866026 0
    outer loop
      vertex 10.5474 88.2583 0
      vertex 12.4526 89.3583 0
      vertex 12.4526 89.3583 4.8
    endloop
  endfacet
  facet normal 0.499999 -0.866026 0
    outer loop
      vertex 10.5474 88.2583 0
      vertex 12.4526 89.3583 4.8
      vertex 10.5474 88.2583 4.8
    endloop
  endfacet
  facet normal -0 0 1
    outer loop
      vertex 78 23.2244 0
      vertex 85 21.0244 0
      vertex 85 23.2244 0
    endloop
  endfacet
  facet normal 0 0 1
    outer loop
      vertex 78 23.2244 0
      vertex 78 21.0244 0
      vertex 85 21.0244 0
    endloop
  endfacet
  facet normal 0 0 -1
    outer loop
      vertex 78 23.2244 4.8
      vertex 85 23.2244 4.8
      vertex 85 21.0244 4.8
    endloop
  endfacet
  facet normal 0 0 -1
    outer loop
      vertex 78 23.2244 4.8
      vertex 85 21.0244 4.8
      vertex 78 21.0244 4.8
    endloop
  endfacet
  facet normal 0 -1 0
    outer loop
      vertex 78 23.2244 0
      vertex 85 23.2244 0
      vertex 85 23.2244 4.8
    endloop
  endfacet
  facet normal 0 -1 0
    outer loop
      vertex 78 23.2244 0
      vertex 85 23.2244 4.8
      vertex 78 23.2244 4.8
    endloop
  endfacet
  facet normal -1 0 0
    outer loop
      vertex 85 23.2244 0
      vertex 85 21.0244 0
      vertex 85 21.0244 4.8
    endloop
  endfacet
  facet normal -1 0 0
    outer loop
      vertex 85 23.2244 0
      vertex 85 21.0244 4.8
      vertex 85 23.2244 4.8
    endloop
  endfacet
  facet normal 0 1 0
    outer loop
      vertex 85 21.0244 0
      vertex 78 21.0244 0
      vertex 78 21.0244 4.8
    endloop
  endfacet
  facet normal 0 1 -0
    outer loop
      vertex 85 21.0244 0
      vertex 78 21.0244 4.8
      vertex 85 21.0244 4.8
    endloop
  endfacet
  facet normal 1 0 0
    outer loop
      vertex 78 21.0244 0
      vertex 78 23.2244 0
      vertex 78 23.2244 4.8
    endloop
  endfacet
  facet normal 1 0 0
    outer loop
      vertex 78 21.0244 0
      vertex 78 23.2244 4.8
      vertex 78 21.0244 4.8
    endloop
  endfacet
  facet normal -0 0 1
    outer loop
      vertex 88.5 65.6596 0
      vertex 95.5 63.4596 0
      vertex 95.5 65.6596 0
    endloop
  endfacet
  facet normal 0 0 1
    outer loop
      vertex 88.5 65.6596 0
      vertex 88.5 63.4596 0
      vertex 95.5 63.4596 0
    endloop
  endfacet
  facet normal 0 0 -1
    outer loop
      vertex 88.5 65.6596 4.8
      vertex 95.5 65.6596 4.8
      vertex 95.5 63.4596 4.8
    endloop
  endfacet
  facet normal 0 0 -1
    outer loop
      vertex 88.5 65.6596 4.8
      vertex 95.5 63.4596 4.8
      vertex 88.5 63.4596 4.8
    endloop
  endfacet
  facet normal 0 -1 0
    outer loop
      vertex 88.5 65.6596 0
      vertex 95.5 65.6596 0
      vertex 95.5 65.6596 4.8
    endloop
  endfacet
  facet normal 0 -1 0
    outer loop
      vertex 88.5 65.6596 0
      vertex 95.5 65.6596 4.8
      vertex 88.5 65.6596 4.8
    endloop
  endfacet
  facet normal -1 0 0
    outer loop
      vertex 95.5 65.6596 0
      vertex 95.5 63.4596 0
      vertex 95.5 63.4596 4.8
    endloop
  endfacet
  facet normal -1 0 0
    outer loop
      vertex 95.5 65.6596 0
      vertex 95.5 63.4596 4.8
      vertex 95.5 65.6596 4.8
    endloop
  endfacet
  facet normal 0 1 0
    outer loop
      vertex 95.5 63.4596 0
      vertex 88.5 63.4596 0
      vertex 88.5 63.4596 4.8
    endloop
  endfacet
  facet normal 0 1 -0
    outer loop
      vertex 95.5 63.4596 0
      vertex 88.5 63.4596 4.8
      vertex 95.5 63.4596 4.8
    endloop
  endfacet
  facet normal 1 0 0
    outer loop
      vertex 88.5 63.4596 0
      vertex 88.5 65.6596 0
      vertex 88.5 65.6596 4.8
    endloop
  endfacet
  facet normal 1 0 0
    outer loop
      vertex 88.5 63.4596 0
      vertex 88.5 65.6596 4.8
      vertex 88.5 63.4596 4.8
    endloop
  endfacet
  facet normal -0 0 1
    outer loop
      vertex 78 95.9705 0
      vertex 85 93.7705 0
      vertex 85 95.9705 0
    endloop
  endfacet
  facet normal 0 0 1
    outer loop
      vertex 78 95.9705 0
      vertex 78 93.7705 0
      vertex 85 93.7705 0
    endloop
  endfacet
  facet normal 0 0 -1
    outer loop
      vertex 78 95.9705 4.8
      vertex 85 95.9705 4.8
      vertex 85 93.7705 4.8
    endloop
  endfacet
  facet normal 0 0 -1
    outer loop
      vertex 78 95.9705 4.8
      vertex 85 93.7705 4.8
      vertex 78 93.7705 4.8
    endloop
  endfacet
  facet normal 0 -1 0
    outer loop
      vertex 78 95.9705 0
      vertex 85 95.9705 0
      vertex 85 95.9705 4.8
    endloop
  endfacet
  facet normal 0 -1 0
    outer loop
      vertex 78 95.9705 0
      vertex 85 95.9705 4.8
      vertex 78 95.9705 4.8
    endloop
  endfacet
  facet normal -1 0 0
    outer loop
      vertex 85 95.9705 0
      vertex 85 93.7705 0
      vertex 85 93.7705 4.8
    endloop
  endfacet
  facet normal -1 0 0
    outer loop
      vertex 85 95.9705 0
      vertex 85 93.7705 4.8
      vertex 85 95.9705 4.8
    endloop
  endfacet
  facet normal 0 1 0
    outer loop
      vertex 85 93.7705 0
      vertex 78 93.7705 0
      vertex 78 93.7705 4.8
    endloop
  endfacet
  facet normal 0 1 -0
    outer loop
      vertex 85 93.7705 0
      vertex 78 93.7705 4.8
      vertex 85 93.7705 4.8
    endloop
  endfacet
  facet normal 1 0 0
    outer loop
      vertex 78 93.7705 0
      vertex 78 95.9705 0
      vertex 78 95.9705 4.8
    endloop
  endfacet
  facet normal 1 0 0
    outer loop
      vertex 78 93.7705 0
      vertex 78 95.9705 4.8
      vertex 78 93.7705 4.8
    endloop
  endfacet
  facet normal 0 0 1
    outer loop
      vertex 52.5474 77.234 0
      vertex 57.9526 82.1961 0
      vertex 56.0474 83.2961 0
    endloop
  endfacet
  facet normal -0 0 1
    outer loop
      vertex 52.5474 77.234 0
      vertex 54.4526 76.134 0
      vertex 57.9526 82.1961 0
    endloop
  endfacet
  facet normal 0 0 -1
    outer loop
      vertex 52.5474 77.234 4.8
      vertex 56.0474 83.2961 4.8
      vertex 57.9526 82.1961 4.8
    endloop
  endfacet
  facet normal 0 0 -1
    outer loop
      vertex 52.5474 77.234 4.8
      vertex 57.9526 82.1961 4.8
      vertex 54.4526 76.134 4.8
    endloop
  endfacet
  facet normal 0.866023 -0.500005 0
    outer loop
      vertex 52.5474 77.234 0
      vertex 56.0474 83.2961 0
      vertex 56.0474 83.2961 4.8
    endloop
  endfacet
  facet normal 0.866023 -0.500005 0
    outer loop
      vertex 52.5474 77.234 0
      vertex 56.0474 83.2961 4.8
      vertex 52.5474 77.234 4.8
    endloop
  endfacet
  facet normal -0.500005 -0.866023 0
    outer loop
      vertex 56.0474 83.2961 0
      vertex 57.9526 82.1961 0
      vertex 57.9526 82.1961 4.8
    endloop
  endfacet
  facet normal -0.500005 -0.866023 0
    outer loop
      vertex 56.0474 83.2961 0
      vertex 57.9526 82.1961 4.8
      vertex 56.0474 83.2961 4.8
    endloop
  endfacet
  facet normal -0.866023 0.500005 0
    outer loop
      vertex 57.9526 82.1961 0
      vertex 54.4526 76.134 0
      vertex 54.4526 76.134 4.8
    endloop
  endfacet
  facet normal -0.866023 0.500005 0
    outer loop
      vertex 57.9526 82.1961 0
      vertex 54.4526 76.134 4.8
      vertex 57.9526 82.1961 4.8
    endloop
  endfacet
  facet normal 0.500005 0.866023 0
    outer loop
      vertex 54.4526 76.134 0
      vertex 52.5474 77.234 0
      vertex 52.5474 77.234 4.8
    endloop
  endfacet
  facet normal 0.500005 0.866023 -0
    outer loop
      vertex 54.4526 76.134 0
      vertex 52.5474 77.234 4.8
      vertex 54.4526 76.134 4.8
    endloop
  endfacet
  facet normal 0 0 1
    outer loop
      vertex 54.4526 52.9852 0
      vertex 56.0474 45.8231 0
      vertex 57.9526 46.9231 0
    endloop
  endfacet
  facet normal 0 0 1
    outer loop
      vertex 54.4526 52.9852 0
      vertex 52.5474 51.8852 0
      vertex 56.0474 45.8231 0
    endloop
  endfacet
  facet normal 0 0 -1
    outer loop
      vertex 54.4526 52.9852 4.8
      vertex 57.9526 46.9231 4.8
      vertex 56.0474 45.8231 4.8
    endloop
  endfacet
  facet normal 0 -0 -1
    outer loop
      vertex 54.4526 52.9852 4.8
      vertex 56.0474 45.8231 4.8
      vertex 52.5474 51.8852 4.8
    endloop
  endfacet
  facet normal -0.866023 -0.500005 0
    outer loop
      vertex 54.4526 52.9852 0
      vertex 57.9526 46.9231 0
      vertex 57.9526 46.9231 4.8
    endloop
  endfacet
  facet normal -0.866023 -0.500005 0
    outer loop
      vertex 54.4526 52.9852 0
      vertex 57.9526 46.9231 4.8
      vertex 54.4526 52.9852 4.8
    endloop
  endfacet
  facet normal -0.500005 0.866023 0
    outer loop
      vertex 57.9526 46.9231 0
      vertex 56.0474 45.8231 0
      vertex 56.0474 45.8231 4.8
    endloop
  endfacet
  facet normal -0.500005 0.866023 0
    outer loop
      vertex 57.9526 46.9231 0
      vertex 56.0474 45.8231 4.8
      vertex 57.9526 46.9231 4.8
    endloop
  endfacet
  facet normal 0.866023 0.500005 0
    outer loop
      vertex 56.0474 45.8231 0
      vertex 52.5474 51.8852 0
      vertex 52.5474 51.8852 4.8
    endloop
  endfacet
  facet normal 0.866023 0.500005 -0
    outer loop
      vertex 56.0474 45.8231 0
      vertex 52.5474 51.8852 4.8
      vertex 56.0474 45.8231 4.8
    endloop
  endfacet
  facet normal 0.500005 -0.866023 0
    outer loop
      vertex 52.5474 51.8852 0
      vertex 54.4526 52.9852 0
      vertex 54.4526 52.9852 4.8
    endloop
  endfacet
  facet normal 0.500005 -0.866023 0
    outer loop
      vertex 52.5474 51.8852 0
      vertex 54.4526 52.9852 4.8
      vertex 52.5474 51.8852 4.8
    endloop
  endfacet
  facet normal -0 0 1
    outer loop
      vertex 99 23.2244 0
      vertex 99.4 21.0244 0
      vertex 99.4 23.2244 0
    endloop
  endfacet
  facet normal 0 0 1
    outer loop
      vertex 99 23.2244 0
      vertex 99 21.0244 0
      vertex 99.4 21.0244 0
    endloop
  endfacet
  facet normal 0 0 -1
    outer loop
      vertex 99 23.2244 4.8
      vertex 99.4 23.2244 4.8
      vertex 99.4 21.0244 4.8
    endloop
  endfacet
  facet normal 0 0 -1
    outer loop
      vertex 99 23.2244 4.8
      vertex 99.4 21.0244 4.8
      vertex 99 21.0244 4.8
    endloop
  endfacet
  facet normal 0 -1 0
    outer loop
      vertex 99 23.2244 0
      vertex 99.4 23.2244 0
      vertex 99.4 23.2244 4.8
    endloop
  endfacet
  facet normal 0 -1 0
    outer loop
      vertex 99 23.2244 0
      vertex 99.4 23.2244 4.8
      vertex 99 23.2244 4.8
    endloop
  endfacet
  facet normal -1 0 0
    outer loop
      vertex 99.4 23.2244 0
      vertex 99.4 21.0244 0
      vertex 99.4 21.0244 4.8
    endloop
  endfacet
  facet normal -1 0 0
    outer loop
      vertex 99.4 23.2244 0
      vertex 99.4 21.0244 4.8
      vertex 99.4 23.2244 4.8
    endloop
  endfacet
  facet normal 0 1 0
    outer loop
      vertex 99.4 21.0244 0
      vertex 99 21.0244 0
      vertex 99 21.0244 4.8
    endloop
  endfacet
  facet normal 0 1 -0
    outer loop
      vertex 99.4 21.0244 0
      vertex 99 21.0244 4.8
      vertex 99.4 21.0244 4.8
    endloop
  endfacet
  facet normal 1 0 0
    outer loop
      vertex 99 21.0244 0
      vertex 99 23.2244 0
      vertex 99 23.2244 4.8
    endloop
  endfacet
  facet normal 1 0 0
    outer loop
      vertex 99 21.0244 0
      vertex 99 23.2244 4.8
      vertex 99 21.0244 4.8
    endloop
  endfacet
  facet normal 0 0 1
    outer loop
      vertex 42.0474 10.55 0
      vertex 47.4526 15.5122 0
      vertex 45.5474 16.6122 0
    endloop
  endfacet
  facet normal -0 0 1
    outer loop
      vertex 42.0474 10.55 0
      vertex 43.9526 9.45 0
      vertex 47.4526 15.5122 0
    endloop
  endfacet
  facet normal 0 0 -1
    outer loop
      vertex 42.0474 10.55 4.8
      vertex 45.5474 16.6122 4.8
      vertex 47.4526 15.5122 4.8
    endloop
  endfacet
  facet normal 0 0 -1
    outer loop
      vertex 42.0474 10.55 4.8
      vertex 47.4526 15.5122 4.8
      vertex 43.9526 9.45 4.8
    endloop
  endfacet
  facet normal 0.866026 -0.499999 0
    outer loop
      vertex 42.0474 10.55 0
      vertex 45.5474 16.6122 0
      vertex 45.5474 16.6122 4.8
    endloop
  endfacet
  facet normal 0.866026 -0.499999 0
    outer loop
      vertex 42.0474 10.55 0
      vertex 45.5474 16.6122 4.8
      vertex 42.0474 10.55 4.8
    endloop
  endfacet
  facet normal -0.499999 -0.866026 0
    outer loop
      vertex 45.5474 16.6122 0
      vertex 47.4526 15.5122 0
      vertex 47.4526 15.5122 4.8
    endloop
  endfacet
  facet normal -0.499999 -0.866026 0
    outer loop
      vertex 45.5474 16.6122 0
      vertex 47.4526 15.5122 4.8
      vertex 45.5474 16.6122 4.8
    endloop
  endfacet
  facet normal -0.866026 0.499999 0
    outer loop
      vertex 47.4526 15.5122 0
      vertex 43.9526 9.45 0
      vertex 43.9526 9.45 4.8
    endloop
  endfacet
  facet normal -0.866026 0.499999 0
    outer loop
      vertex 47.4526 15.5122 0
      vertex 43.9526 9.45 4.8
      vertex 47.4526 15.5122 4.8
    endloop
  endfacet
  facet normal 0.499999 0.866026 0
    outer loop
      vertex 43.9526 9.45 0
      vertex 42.0474 10.55 0
      vertex 42.0474 10.55 4.8
    endloop
  endfacet
  facet normal 0.499999 0.866026 -0
    outer loop
      vertex 43.9526 9.45 0
      vertex 42.0474 10.55 4.8
      vertex 43.9526 9.45 4.8
    endloop
  endfacet
  facet normal 0 0 1
    outer loop
      vertex 21.0474 10.55 0
      vertex 26.4526 15.5122 0
      vertex 24.5474 16.6122 0
    endloop
  endfacet
  facet normal -0 0 1
    outer loop
      vertex 21.0474 10.55 0
      vertex 22.9526 9.45 0
      vertex 26.4526 15.5122 0
    endloop
  endfacet
  facet normal 0 0 -1
    outer loop
      vertex 21.0474 10.55 4.8
      vertex 24.5474 16.6122 4.8
      vertex 26.4526 15.5122 4.8
    endloop
  endfacet
  facet normal 0 0 -1
    outer loop
      vertex 21.0474 10.55 4.8
      vertex 26.4526 15.5122 4.8
      vertex 22.9526 9.45 4.8
    endloop
  endfacet
  facet normal 0.866026 -0.499999 0
    outer loop
      vertex 21.0474 10.55 0
      vertex 24.5474 16.6122 0
      vertex 24.5474 16.6122 4.8
    endloop
  endfacet
  facet normal 0.866026 -0.499999 0
    outer loop
      vertex 21.0474 10.55 0
      vertex 24.5474 16.6122 4.8
      vertex 21.0474 10.55 4.8
    endloop
  endfacet
  facet normal -0.499999 -0.866026 0
    outer loop
      vertex 24.5474 16.6122 0
      vertex 26.4526 15.5122 0
      vertex 26.4526 15.5122 4.8
    endloop
  endfacet
  facet normal -0.499999 -0.866026 0
    outer loop
      vertex 24.5474 16.6122 0
      vertex 26.4526 15.5122 4.8
      vertex 24.5474 16.6122 4.8
    endloop
  endfacet
  facet normal -0.866026 0.499999 0
    outer loop
      vertex 26.4526 15.5122 0
      vertex 22.9526 9.45 0
      vertex 22.9526 9.45 4.8
    endloop
  endfacet
  facet normal -0.866026 0.499999 0
    outer loop
      vertex 26.4526 15.5122 0
      vertex 22.9526 9.45 4.8
      vertex 26.4526 15.5122 4.8
    endloop
  endfacet
  facet normal 0.499999 0.866026 0
    outer loop
      vertex 22.9526 9.45 0
      vertex 21.0474 10.55 0
      vertex 21.0474 10.55 4.8
    endloop
  endfacet
  facet normal 0.499999 0.866026 -0
    outer loop
      vertex 22.9526 9.45 0
      vertex 21.0474 10.55 4.8
      vertex 22.9526 9.45 4.8
    endloop
  endfacet
  facet normal -0 0 1
    outer loop
      vertex 57 95.9705 0
      vertex 64 93.7705 0
      vertex 64 95.9705 0
    endloop
  endfacet
  facet normal 0 0 1
    outer loop
      vertex 57 95.9705 0
      vertex 57 93.7705 0
      vertex 64 93.7705 0
    endloop
  endfacet
  facet normal 0 0 -1
    outer loop
      vertex 57 95.9705 4.8
      vertex 64 95.9705 4.8
      vertex 64 93.7705 4.8
    endloop
  endfacet
  facet normal 0 0 -1
    outer loop
      vertex 57 95.9705 4.8
      vertex 64 93.7705 4.8
      vertex 57 93.7705 4.8
    endloop
  endfacet
  facet normal 0 -1 0
    outer loop
      vertex 57 95.9705 0
      vertex 64 95.9705 0
      vertex 64 95.9705 4.8
    endloop
  endfacet
  facet normal 0 -1 0
    outer loop
      vertex 57 95.9705 0
      vertex 64 95.9705 4.8
      vertex 57 95.9705 4.8
    endloop
  endfacet
  facet normal -1 0 0
    outer loop
      vertex 64 95.9705 0
      vertex 64 93.7705 0
      vertex 64 93.7705 4.8
    endloop
  endfacet
  facet normal -1 0 0
    outer loop
      vertex 64 95.9705 0
      vertex 64 93.7705 4.8
      vertex 64 95.9705 4.8
    endloop
  endfacet
  facet normal 0 1 0
    outer loop
      vertex 64 93.7705 0
      vertex 57 93.7705 0
      vertex 57 93.7705 4.8
    endloop
  endfacet
  facet normal 0 1 -0
    outer loop
      vertex 64 93.7705 0
      vertex 57 93.7705 4.8
      vertex 64 93.7705 4.8
    endloop
  endfacet
  facet normal 1 0 0
    outer loop
      vertex 57 93.7705 0
      vertex 57 95.9705 0
      vertex 57 95.9705 4.8
    endloop
  endfacet
  facet normal 1 0 0
    outer loop
      vertex 57 93.7705 0
      vertex 57 95.9705 4.8
      vertex 57 93.7705 4.8
    endloop
  endfacet
  facet normal -0 0 1
    outer loop
      vertex 78 11.1 0
      vertex 85 8.9 0
      vertex 85 11.1 0
    endloop
  endfacet
  facet normal 0 0 1
    outer loop
      vertex 78 11.1 0
      vertex 78 8.9 0
      vertex 85 8.9 0
    endloop
  endfacet
  facet normal 0 0 -1
    outer loop
      vertex 78 11.1 4.8
      vertex 85 11.1 4.8
      vertex 85 8.9 4.8
    endloop
  endfacet
  facet normal 0 0 -1
    outer loop
      vertex 78 11.1 4.8
      vertex 85 8.9 4.8
      vertex 78 8.9 4.8
    endloop
  endfacet
  facet normal 0 -1 0
    outer loop
      vertex 78 11.1 0
      vertex 85 11.1 0
      vertex 85 11.1 4.8
    endloop
  endfacet
  facet normal 0 -1 0
    outer loop
      vertex 78 11.1 0
      vertex 85 11.1 4.8
      vertex 78 11.1 4.8
    endloop
  endfacet
  facet normal -1 0 0
    outer loop
      vertex 85 11.1 0
      vertex 85 8.9 0
      vertex 85 8.9 4.8
    endloop
  endfacet
  facet normal -1 0 0
    outer loop
      vertex 85 11.1 0
      vertex 85 8.9 4.8
      vertex 85 11.1 4.8
    endloop
  endfacet
  facet normal 0 1 0
    outer loop
      vertex 85 8.9 0
      vertex 78 8.9 0
      vertex 78 8.9 4.8
    endloop
  endfacet
  facet normal 0 1 -0
    outer loop
      vertex 85 8.9 0
      vertex 78 8.9 4.8
      vertex 85 8.9 4.8
    endloop
  endfacet
  facet normal 1 0 0
    outer loop
      vertex 78 8.9 0
      vertex 78 11.1 0
      vertex 78 11.1 4.8
    endloop
  endfacet
  facet normal 1 0 0
    outer loop
      vertex 78 8.9 0
      vertex 78 11.1 4.8
      vertex 78 8.9 4.8
    endloop
  endfacet
  facet normal -0 0 1
    outer loop
      vertex 25.5 41.4109 0
      vertex 32.5 39.2109 0
      vertex 32.5 41.4109 0
    endloop
  endfacet
  facet normal 0 0 1
    outer loop
      vertex 25.5 41.4109 0
      vertex 25.5 39.2109 0
      vertex 32.5 39.2109 0
    endloop
  endfacet
  facet normal 0 0 -1
    outer loop
      vertex 25.5 41.4109 4.8
      vertex 32.5 41.4109 4.8
      vertex 32.5 39.2109 4.8
    endloop
  endfacet
  facet normal 0 0 -1
    outer loop
      vertex 25.5 41.4109 4.8
      vertex 32.5 39.2109 4.8
      vertex 25.5 39.2109 4.8
    endloop
  endfacet
  facet normal 0 -1 0
    outer loop
      vertex 25.5 41.4109 0
      vertex 32.5 41.4109 0
      vertex 32.5 41.4109 4.8
    endloop
  endfacet
  facet normal 0 -1 0
    outer loop
      vertex 25.5 41.4109 0
      vertex 32.5 41.4109 4.8
      vertex 25.5 41.4109 4.8
    endloop
  endfacet
  facet normal -1 0 0
    outer loop
      vertex 32.5 41.4109 0
      vertex 32.5 39.2109 0
      vertex 32.5 39.2109 4.8
    endloop
  endfacet
  facet normal -1 0 0
    outer loop
      vertex 32.5 41.4109 0
      vertex 32.5 39.2109 4.8
      vertex 32.5 41.4109 4.8
    endloop
  endfacet
  facet normal 0 1 0
    outer loop
      vertex 32.5 39.2109 0
      vertex 25.5 39.2109 0
      vertex 25.5 39.2109 4.8
    endloop
  endfacet
  facet normal 0 1 -0
    outer loop
      vertex 32.5 39.2109 0
      vertex 25.5 39.2109 4.8
      vertex 32.5 39.2109 4.8
    endloop
  endfacet
  facet normal 1 0 0
    outer loop
      vertex 25.5 39.2109 0
      vertex 25.5 41.4109 0
      vertex 25.5 41.4109 4.8
    endloop
  endfacet
  facet normal 1 0 0
    outer loop
      vertex 25.5 39.2109 0
      vertex 25.5 41.4109 4.8
      vertex 25.5 39.2109 4.8
    endloop
  endfacet
  facet normal -0 0 1
    outer loop
      vertex 88.5 53.5352 0
      vertex 95.5 51.3352 0
      vertex 95.5 53.5352 0
    endloop
  endfacet
  facet normal 0 0 1
    outer loop
      vertex 88.5 53.5352 0
      vertex 88.5 51.3352 0
      vertex 95.5 51.3352 0
    endloop
  endfacet
  facet normal 0 0 -1
    outer loop
      vertex 88.5 53.5352 4.8
      vertex 95.5 53.5352 4.8
      vertex 95.5 51.3352 4.8
    endloop
  endfacet
  facet normal 0 0 -1
    outer loop
      vertex 88.5 53.5352 4.8
      vertex 95.5 51.3352 4.8
      vertex 88.5 51.3352 4.8
    endloop
  endfacet
  facet normal 0 -1 0
    outer loop
      vertex 88.5 53.5352 0
      vertex 95.5 53.5352 0
      vertex 95.5 53.5352 4.8
    endloop
  endfacet
  facet normal 0 -1 0
    outer loop
      vertex 88.5 53.5352 0
      vertex 95.5 53.5352 4.8
      vertex 88.5 53.5352 4.8
    endloop
  endfacet
  facet normal -1 0 0
    outer loop
      vertex 95.5 53.5352 0
      vertex 95.5 51.3352 0
      vertex 95.5 51.3352 4.8
    endloop
  endfacet
  facet normal -1 0 0
    outer loop
      vertex 95.5 53.5352 0
      vertex 95.5 51.3352 4.8
      vertex 95.5 53.5352 4.8
    endloop
  endfacet
  facet normal 0 1 0
    outer loop
      vertex 95.5 51.3352 0
      vertex 88.5 51.3352 0
      vertex 88.5 51.3352 4.8
    endloop
  endfacet
  facet normal 0 1 -0
    outer loop
      vertex 95.5 51.3352 0
      vertex 88.5 51.3352 4.8
      vertex 95.5 51.3352 4.8
    endloop
  endfacet
  facet normal 1 0 0
    outer loop
      vertex 88.5 51.3352 0
      vertex 88.5 53.5352 0
      vertex 88.5 53.5352 4.8
    endloop
  endfacet
  facet normal 1 0 0
    outer loop
      vertex 88.5 51.3352 0
      vertex 88.5 53.5352 4.8
      vertex 88.5 51.3352 4.8
    endloop
  endfacet
  facet normal 0 0 1
    outer loop
      vertex 15.8777 95.5502 0
      vertex 14.0475 94.3203 0
      vertex 15.9525 95.4207 0
    endloop
  endfacet
  facet normal 0 0 1
    outer loop
      vertex 15.8777 95.5502 0
      vertex 13.9727 94.4498 0
      vertex 14.0475 94.3203 0
    endloop
  endfacet
  facet normal 0 -0 -1
    outer loop
      vertex 15.8777 95.5502 4.8
      vertex 15.9525 95.4207 4.8
      vertex 14.0475 94.3203 4.8
    endloop
  endfacet
  facet normal 0 0 -1
    outer loop
      vertex 15.8777 95.5502 4.8
      vertex 14.0475 94.3203 4.8
      vertex 13.9727 94.4498 4.8
    endloop
  endfacet
  facet normal -0.865929 -0.500166 0
    outer loop
      vertex 15.8777 95.5502 0
      vertex 15.9525 95.4207 0
      vertex 15.9525 95.4207 4.8
    endloop
  endfacet
  facet normal -0.865929 -0.500166 0
    outer loop
      vertex 15.8777 95.5502 0
      vertex 15.9525 95.4207 4.8
      vertex 15.8777 95.5502 4.8
    endloop
  endfacet
  facet normal -0.500166 0.865929 0
    outer loop
      vertex 15.9525 95.4207 0
      vertex 14.0475 94.3203 0
      vertex 14.0475 94.3203 4.8
    endloop
  endfacet
  facet normal -0.500166 0.865929 0
    outer loop
      vertex 15.9525 95.4207 0
      vertex 14.0475 94.3203 4.8
      vertex 15.9525 95.4207 4.8
    endloop
  endfacet
  facet normal 0.865929 0.500166 0
    outer loop
      vertex 14.0475 94.3203 0
      vertex 13.9727 94.4498 0
      vertex 13.9727 94.4498 4.8
    endloop
  endfacet
  facet normal 0.865929 0.500166 -0
    outer loop
      vertex 14.0475 94.3203 0
      vertex 13.9727 94.4498 4.8
      vertex 14.0475 94.3203 4.8
    endloop
  endfacet
  facet normal 0.500166 -0.865929 0
    outer loop
      vertex 13.9727 94.4498 0
      vertex 15.8777 95.5502 0
      vertex 15.8777 95.5502 4.8
    endloop
  endfacet
  facet normal 0.500166 -0.865929 0
    outer loop
      vertex 13.9727 94.4498 0
      vertex 15.8777 95.5502 4.8
      vertex 13.9727 94.4498 4.8
    endloop
  endfacet
  facet normal -0 0 1
    outer loop
      vertex 99 11.1 0
      vertex 99.4 8.9 0
      vertex 99.4 11.1 0
    endloop
  endfacet
  facet normal 0 0 1
    outer loop
      vertex 99 11.1 0
      vertex 99 8.9 0
      vertex 99.4 8.9 0
    endloop
  endfacet
  facet normal 0 0 -1
    outer loop
      vertex 99 11.1 4.8
      vertex 99.4 11.1 4.8
      vertex 99.4 8.9 4.8
    endloop
  endfacet
  facet normal 0 0 -1
    outer loop
      vertex 99 11.1 4.8
      vertex 99.4 8.9 4.8
      vertex 99 8.9 4.8
    endloop
  endfacet
  facet normal 0 -1 0
    outer loop
      vertex 99 11.1 0
      vertex 99.4 11.1 0
      vertex 99.4 11.1 4.8
    endloop
  endfacet
  facet normal 0 -1 0
    outer loop
      vertex 99 11.1 0
      vertex 99.4 11.1 4.8
      vertex 99 11.1 4.8
    endloop
  endfacet
  facet normal -1 0 0
    outer loop
      vertex 99.4 11.1 0
      vertex 99.4 8.9 0
      vertex 99.4 8.9 4.8
    endloop
  endfacet
  facet normal -1 0 0
    outer loop
      vertex 99.4 11.1 0
      vertex 99.4 8.9 4.8
      vertex 99.4 11.1 4.8
    endloop
  endfacet
  facet normal 0 1 0
    outer loop
      vertex 99.4 8.9 0
      vertex 99 8.9 0
      vertex 99 8.9 4.8
    endloop
  endfacet
  facet normal 0 1 -0
    outer loop
      vertex 99.4 8.9 0
      vertex 99 8.9 4.8
      vertex 99.4 8.9 4.8
    endloop
  endfacet
  facet normal 1 0 0
    outer loop
      vertex 99 8.9 0
      vertex 99 11.1 0
      vertex 99 11.1 4.8
    endloop
  endfacet
  facet normal 1 0 0
    outer loop
      vertex 99 8.9 0
      vertex 99 11.1 4.8
      vertex 99 8.9 4.8
    endloop
  endfacet
  facet normal -0 0 1
    outer loop
      vertex 67.5 77.784 0
      vertex 74.5 75.584 0
      vertex 74.5 77.784 0
    endloop
  endfacet
  facet normal 0 0 1
    outer loop
      vertex 67.5 77.784 0
      vertex 67.5 75.584 0
      vertex 74.5 75.584 0
    endloop
  endfacet
  facet normal 0 0 -1
    outer loop
      vertex 67.5 77.784 4.8
      vertex 74.5 77.784 4.8
      vertex 74.5 75.584 4.8
    endloop
  endfacet
  facet normal 0 0 -1
    outer loop
      vertex 67.5 77.784 4.8
      vertex 74.5 75.584 4.8
      vertex 67.5 75.584 4.8
    endloop
  endfacet
  facet normal 0 -1 0
    outer loop
      vertex 67.5 77.784 0
      vertex 74.5 77.784 0
      vertex 74.5 77.784 4.8
    endloop
  endfacet
  facet normal 0 -1 0
    outer loop
      vertex 67.5 77.784 0
      vertex 74.5 77.784 4.8
      vertex 67.5 77.784 4.8
    endloop
  endfacet
  facet normal -1 0 0
    outer loop
      vertex 74.5 77.784 0
      vertex 74.5 75.584 0
      vertex 74.5 75.584 4.8
    endloop
  endfacet
  facet normal -1 0 0
    outer loop
      vertex 74.5 77.784 0
      vertex 74.5 75.584 4.8
      vertex 74.5 77.784 4.8
    endloop
  endfacet
  facet normal 0 1 0
    outer loop
      vertex 74.5 75.584 0
      vertex 67.5 75.584 0
      vertex 67.5 75.584 4.8
    endloop
  endfacet
  facet normal 0 1 -0
    outer loop
      vertex 74.5 75.584 0
      vertex 67.5 75.584 4.8
      vertex 74.5 75.584 4.8
    endloop
  endfacet
  facet normal 1 0 0
    outer loop
      vertex 67.5 75.584 0
      vertex 67.5 77.784 0
      vertex 67.5 77.784 4.8
    endloop
  endfacet
  facet normal 1 0 0
    outer loop
      vertex 67.5 75.584 0
      vertex 67.5 77.784 4.8
      vertex 67.5 75.584 4.8
    endloop
  endfacet
  facet normal 0 0 1
    outer loop
      vertex 33.4526 40.8609 0
      vertex 35.0474 33.6987 0
      vertex 36.9526 34.7987 0
    endloop
  endfacet
  facet normal 0 0 1
    outer loop
      vertex 33.4526 40.8609 0
      vertex 31.5474 39.7609 0
      vertex 35.0474 33.6987 0
    endloop
  endfacet
  facet normal 0 0 -1
    outer loop
      vertex 33.4526 40.8609 4.8
      vertex 36.9526 34.7987 4.8
      vertex 35.0474 33.6987 4.8
    endloop
  endfacet
  facet normal 0 -0 -1
    outer loop
      vertex 33.4526 40.8609 4.8
      vertex 35.0474 33.6987 4.8
      vertex 31.5474 39.7609 4.8
    endloop
  endfacet
  facet normal -0.866026 -0.499999 0
    outer loop
      vertex 33.4526 40.8609 0
      vertex 36.9526 34.7987 0
      vertex 36.9526 34.7987 4.8
    endloop
  endfacet
  facet normal -0.866026 -0.499999 0
    outer loop
      vertex 33.4526 40.8609 0
      vertex 36.9526 34.7987 4.8
      vertex 33.4526 40.8609 4.8
    endloop
  endfacet
  facet normal -0.499999 0.866026 0
    outer loop
      vertex 36.9526 34.7987 0
      vertex 35.0474 33.6987 0
      vertex 35.0474 33.6987 4.8
    endloop
  endfacet
  facet normal -0.499999 0.866026 0
    outer loop
      vertex 36.9526 34.7987 0
      vertex 35.0474 33.6987 4.8
      vertex 36.9526 34.7987 4.8
    endloop
  endfacet
  facet normal 0.866026 0.499999 0
    outer loop
      vertex 35.0474 33.6987 0
      vertex 31.5474 39.7609 0
      vertex 31.5474 39.7609 4.8
    endloop
  endfacet
  facet normal 0.866026 0.499999 -0
    outer loop
      vertex 35.0474 33.6987 0
      vertex 31.5474 39.7609 4.8
      vertex 35.0474 33.6987 4.8
    endloop
  endfacet
  facet normal 0.499999 -0.866026 0
    outer loop
      vertex 31.5474 39.7609 0
      vertex 33.4526 40.8609 0
      vertex 33.4526 40.8609 4.8
    endloop
  endfacet
  facet normal 0.499999 -0.866026 0
    outer loop
      vertex 31.5474 39.7609 0
      vertex 33.4526 40.8609 4.8
      vertex 31.5474 39.7609 4.8
    endloop
  endfacet
  facet normal 0 0 1
    outer loop
      vertex 75.4526 89.3583 0
      vertex 77.0474 82.1961 0
      vertex 78.9526 83.2961 0
    endloop
  endfacet
  facet normal 0 0 1
    outer loop
      vertex 75.4526 89.3583 0
      vertex 73.5474 88.2583 0
      vertex 77.0474 82.1961 0
    endloop
  endfacet
  facet normal 0 0 -1
    outer loop
      vertex 75.4526 89.3583 4.8
      vertex 78.9526 83.2961 4.8
      vertex 77.0474 82.1961 4.8
    endloop
  endfacet
  facet normal 0 -0 -1
    outer loop
      vertex 75.4526 89.3583 4.8
      vertex 77.0474 82.1961 4.8
      vertex 73.5474 88.2583 4.8
    endloop
  endfacet
  facet normal -0.866026 -0.499999 0
    outer loop
      vertex 75.4526 89.3583 0
      vertex 78.9526 83.2961 0
      vertex 78.9526 83.2961 4.8
    endloop
  endfacet
  facet normal -0.866026 -0.499999 0
    outer loop
      vertex 75.4526 89.3583 0
      vertex 78.9526 83.2961 4.8
      vertex 75.4526 89.3583 4.8
    endloop
  endfacet
  facet normal -0.499999 0.866026 0
    outer loop
      vertex 78.9526 83.2961 0
      vertex 77.0474 82.1961 0
      vertex 77.0474 82.1961 4.8
    endloop
  endfacet
  facet normal -0.499999 0.866026 0
    outer loop
      vertex 78.9526 83.2961 0
      vertex 77.0474 82.1961 4.8
      vertex 78.9526 83.2961 4.8
    endloop
  endfacet
  facet normal 0.866026 0.499999 0
    outer loop
      vertex 77.0474 82.1961 0
      vertex 73.5474 88.2583 0
      vertex 73.5474 88.2583 4.8
    endloop
  endfacet
  facet normal 0.866026 0.499999 -0
    outer loop
      vertex 77.0474 82.1961 0
      vertex 73.5474 88.2583 4.8
      vertex 77.0474 82.1961 4.8
    endloop
  endfacet
  facet normal 0.499999 -0.866026 0
    outer loop
      vertex 73.5474 88.2583 0
      vertex 75.4526 89.3583 0
      vertex 75.4526 89.3583 4.8
    endloop
  endfacet
  facet normal 0.499999 -0.866026 0
    outer loop
      vertex 73.5474 88.2583 0
      vertex 75.4526 89.3583 4.8
      vertex 73.5474 88.2583 4.8
    endloop
  endfacet
  facet normal -0 0 1
    outer loop
      vertex 15 59.5974 0
      vertex 22 57.3974 0
      vertex 22 59.5974 0
    endloop
  endfacet
  facet normal 0 0 1
    outer loop
      vertex 15 59.5974 0
      vertex 15 57.3974 0
      vertex 22 57.3974 0
    endloop
  endfacet
  facet normal 0 0 -1
    outer loop
      vertex 15 59.5974 4.8
      vertex 22 59.5974 4.8
      vertex 22 57.3974 4.8
    endloop
  endfacet
  facet normal 0 0 -1
    outer loop
      vertex 15 59.5974 4.8
      vertex 22 57.3974 4.8
      vertex 15 57.3974 4.8
    endloop
  endfacet
  facet normal 0 -1 0
    outer loop
      vertex 15 59.5974 0
      vertex 22 59.5974 0
      vertex 22 59.5974 4.8
    endloop
  endfacet
  facet normal 0 -1 0
    outer loop
      vertex 15 59.5974 0
      vertex 22 59.5974 4.8
      vertex 15 59.5974 4.8
    endloop
  endfacet
  facet normal -1 0 0
    outer loop
      vertex 22 59.5974 0
      vertex 22 57.3974 0
      vertex 22 57.3974 4.8
    endloop
  endfacet
  facet normal -1 0 0
    outer loop
      vertex 22 59.5974 0
      vertex 22 57.3974 4.8
      vertex 22 59.5974 4.8
    endloop
  endfacet
  facet normal 0 1 0
    outer loop
      vertex 22 57.3974 0
      vertex 15 57.3974 0
      vertex 15 57.3974 4.8
    endloop
  endfacet
  facet normal 0 1 -0
    outer loop
      vertex 22 57.3974 0
      vertex 15 57.3974 4.8
      vertex 22 57.3974 4.8
    endloop
  endfacet
  facet normal 1 0 0
    outer loop
      vertex 15 57.3974 0
      vertex 15 59.5974 0
      vertex 15 59.5974 4.8
    endloop
  endfacet
  facet normal 1 0 0
    outer loop
      vertex 15 57.3974 0
      vertex 15 59.5974 4.8
      vertex 15 57.3974 4.8
    endloop
  endfacet
  facet normal 0 0 1
    outer loop
      vertex 43.9526 83.2961 0
      vertex 45.5474 76.134 0
      vertex 47.4526 77.234 0
    endloop
  endfacet
  facet normal 0 0 1
    outer loop
      vertex 43.9526 83.2961 0
      vertex 42.0474 82.1961 0
      vertex 45.5474 76.134 0
    endloop
  endfacet
  facet normal 0 0 -1
    outer loop
      vertex 43.9526 83.2961 4.8
      vertex 47.4526 77.234 4.8
      vertex 45.5474 76.134 4.8
    endloop
  endfacet
  facet normal 0 -0 -1
    outer loop
      vertex 43.9526 83.2961 4.8
      vertex 45.5474 76.134 4.8
      vertex 42.0474 82.1961 4.8
    endloop
  endfacet
  facet normal -0.866023 -0.500005 0
    outer loop
      vertex 43.9526 83.2961 0
      vertex 47.4526 77.234 0
      vertex 47.4526 77.234 4.8
    endloop
  endfacet
  facet normal -0.866023 -0.500005 0
    outer loop
      vertex 43.9526 83.2961 0
      vertex 47.4526 77.234 4.8
      vertex 43.9526 83.2961 4.8
    endloop
  endfacet
  facet normal -0.500005 0.866023 0
    outer loop
      vertex 47.4526 77.234 0
      vertex 45.5474 76.134 0
      vertex 45.5474 76.134 4.8
    endloop
  endfacet
  facet normal -0.500005 0.866023 0
    outer loop
      vertex 47.4526 77.234 0
      vertex 45.5474 76.134 4.8
      vertex 47.4526 77.234 4.8
    endloop
  endfacet
  facet normal 0.866023 0.500005 0
    outer loop
      vertex 45.5474 76.134 0
      vertex 42.0474 82.1961 0
      vertex 42.0474 82.1961 4.8
    endloop
  endfacet
  facet normal 0.866023 0.500005 -0
    outer loop
      vertex 45.5474 76.134 0
      vertex 42.0474 82.1961 4.8
      vertex 45.5474 76.134 4.8
    endloop
  endfacet
  facet normal 0.500005 -0.866023 0
    outer loop
      vertex 42.0474 82.1961 0
      vertex 43.9526 83.2961 0
      vertex 43.9526 83.2961 4.8
    endloop
  endfacet
  facet normal 0.500005 -0.866023 0
    outer loop
      vertex 42.0474 82.1961 0
      vertex 43.9526 83.2961 4.8
      vertex 42.0474 82.1961 4.8
    endloop
  endfacet
  facet normal 0 0 1
    outer loop
      vertex 84.0474 83.2961 0
      vertex 89.4526 88.2583 0
      vertex 87.5474 89.3583 0
    endloop
  endfacet
  facet normal -0 0 1
    outer loop
      vertex 84.0474 83.2961 0
      vertex 85.9526 82.1961 0
      vertex 89.4526 88.2583 0
    endloop
  endfacet
  facet normal 0 0 -1
    outer loop
      vertex 84.0474 83.2961 4.8
      vertex 87.5474 89.3583 4.8
      vertex 89.4526 88.2583 4.8
    endloop
  endfacet
  facet normal 0 0 -1
    outer loop
      vertex 84.0474 83.2961 4.8
      vertex 89.4526 88.2583 4.8
      vertex 85.9526 82.1961 4.8
    endloop
  endfacet
  facet normal 0.866026 -0.499999 0
    outer loop
      vertex 84.0474 83.2961 0
      vertex 87.5474 89.3583 0
      vertex 87.5474 89.3583 4.8
    endloop
  endfacet
  facet normal 0.866026 -0.499999 0
    outer loop
      vertex 84.0474 83.2961 0
      vertex 87.5474 89.3583 4.8
      vertex 84.0474 83.2961 4.8
    endloop
  endfacet
  facet normal -0.499999 -0.866026 0
    outer loop
      vertex 87.5474 89.3583 0
      vertex 89.4526 88.2583 0
      vertex 89.4526 88.2583 4.8
    endloop
  endfacet
  facet normal -0.499999 -0.866026 0
    outer loop
      vertex 87.5474 89.3583 0
      vertex 89.4526 88.2583 4.8
      vertex 87.5474 89.3583 4.8
    endloop
  endfacet
  facet normal -0.866026 0.499999 0
    outer loop
      vertex 89.4526 88.2583 0
      vertex 85.9526 82.1961 0
      vertex 85.9526 82.1961 4.8
    endloop
  endfacet
  facet normal -0.866026 0.499999 0
    outer loop
      vertex 89.4526 88.2583 0
      vertex 85.9526 82.1961 4.8
      vertex 89.4526 88.2583 4.8
    endloop
  endfacet
  facet normal 0.499999 0.866026 0
    outer loop
      vertex 85.9526 82.1961 0
      vertex 84.0474 83.2961 0
      vertex 84.0474 83.2961 4.8
    endloop
  endfacet
  facet normal 0.499999 0.866026 -0
    outer loop
      vertex 85.9526 82.1961 0
      vertex 84.0474 83.2961 4.8
      vertex 85.9526 82.1961 4.8
    endloop
  endfacet
  facet normal -0 0 1
    outer loop
      vertex 8 77.784 0
      vertex 11.5 75.584 0
      vertex 11.5 77.784 0
    endloop
  endfacet
  facet normal 0 0 1
    outer loop
      vertex 8 77.784 0
      vertex 8 75.584 0
      vertex 11.5 75.584 0
    endloop
  endfacet
  facet normal 0 0 -1
    outer loop
      vertex 8 77.784 4.8
      vertex 11.5 77.784 4.8
      vertex 11.5 75.584 4.8
    endloop
  endfacet
  facet normal 0 0 -1
    outer loop
      vertex 8 77.784 4.8
      vertex 11.5 75.584 4.8
      vertex 8 75.584 4.8
    endloop
  endfacet
  facet normal 0 -1 0
    outer loop
      vertex 8 77.784 0
      vertex 11.5 77.784 0
      vertex 11.5 77.784 4.8
    endloop
  endfacet
  facet normal 0 -1 0
    outer loop
      vertex 8 77.784 0
      vertex 11.5 77.784 4.8
      vertex 8 77.784 4.8
    endloop
  endfacet
  facet normal -1 0 0
    outer loop
      vertex 11.5 77.784 0
      vertex 11.5 75.584 0
      vertex 11.5 75.584 4.8
    endloop
  endfacet
  facet normal -1 0 0
    outer loop
      vertex 11.5 77.784 0
      vertex 11.5 75.584 4.8
      vertex 11.5 77.784 4.8
    endloop
  endfacet
  facet normal 0 1 0
    outer loop
      vertex 11.5 75.584 0
      vertex 8 75.584 0
      vertex 8 75.584 4.8
    endloop
  endfacet
  facet normal 0 1 -0
    outer loop
      vertex 11.5 75.584 0
      vertex 8 75.584 4.8
      vertex 11.5 75.584 4.8
    endloop
  endfacet
  facet normal 1 0 0
    outer loop
      vertex 8 75.584 0
      vertex 8 77.784 0
      vertex 8 77.784 4.8
    endloop
  endfacet
  facet normal 1 0 0
    outer loop
      vertex 8 75.584 0
      vertex 8 77.784 4.8
      vertex 8 75.584 4.8
    endloop
  endfacet
  facet normal -0 0 1
    outer loop
      vertex 8 53.5352 0
      vertex 11.5 51.3352 0
      vertex 11.5 53.5352 0
    endloop
  endfacet
  facet normal 0 0 1
    outer loop
      vertex 8 53.5352 0
      vertex 8 51.3352 0
      vertex 11.5 51.3352 0
    endloop
  endfacet
  facet normal 0 0 -1
    outer loop
      vertex 8 53.5352 4.8
      vertex 11.5 53.5352 4.8
      vertex 11.5 51.3352 4.8
    endloop
  endfacet
  facet normal 0 0 -1
    outer loop
      vertex 8 53.5352 4.8
      vertex 11.5 51.3352 4.8
      vertex 8 51.3352 4.8
    endloop
  endfacet
  facet normal 0 -1 0
    outer loop
      vertex 8 53.5352 0
      vertex 11.5 53.5352 0
      vertex 11.5 53.5352 4.8
    endloop
  endfacet
  facet normal 0 -1 0
    outer loop
      vertex 8 53.5352 0
      vertex 11.5 53.5352 4.8
      vertex 8 53.5352 4.8
    endloop
  endfacet
  facet normal -1 0 0
    outer loop
      vertex 11.5 53.5352 0
      vertex 11.5 51.3352 0
      vertex 11.5 51.3352 4.8
    endloop
  endfacet
  facet normal -1 0 0
    outer loop
      vertex 11.5 53.5352 0
      vertex 11.5 51.3352 4.8
      vertex 11.5 53.5352 4.8
    endloop
  endfacet
  facet normal 0 1 0
    outer loop
      vertex 11.5 51.3352 0
      vertex 8 51.3352 0
      vertex 8 51.3352 4.8
    endloop
  endfacet
  facet normal 0 1 -0
    outer loop
      vertex 11.5 51.3352 0
      vertex 8 51.3352 4.8
      vertex 11.5 51.3352 4.8
    endloop
  endfacet
  facet normal 1 0 0
    outer loop
      vertex 8 51.3352 0
      vertex 8 53.5352 0
      vertex 8 53.5352 4.8
    endloop
  endfacet
  facet normal 1 0 0
    outer loop
      vertex 8 51.3352 0
      vertex 8 53.5352 4.8
      vertex 8 51.3352 4.8
    endloop
  endfacet
  facet normal 0 0 1
    outer loop
      vertex 63.0474 83.2961 0
      vertex 68.4526 88.2583 0
      vertex 66.5474 89.3583 0
    endloop
  endfacet
  facet normal -0 0 1
    outer loop
      vertex 63.0474 83.2961 0
      vertex 64.9526 82.1961 0
      vertex 68.4526 88.2583 0
    endloop
  endfacet
  facet normal 0 0 -1
    outer loop
      vertex 63.0474 83.2961 4.8
      vertex 66.5474 89.3583 4.8
      vertex 68.4526 88.2583 4.8
    endloop
  endfacet
  facet normal 0 0 -1
    outer loop
      vertex 63.0474 83.2961 4.8
      vertex 68.4526 88.2583 4.8
      vertex 64.9526 82.1961 4.8
    endloop
  endfacet
  facet normal 0.866026 -0.499999 0
    outer loop
      vertex 63.0474 83.2961 0
      vertex 66.5474 89.3583 0
      vertex 66.5474 89.3583 4.8
    endloop
  endfacet
  facet normal 0.866026 -0.499999 0
    outer loop
      vertex 63.0474 83.2961 0
      vertex 66.5474 89.3583 4.8
      vertex 63.0474 83.2961 4.8
    endloop
  endfacet
  facet normal -0.499999 -0.866026 0
    outer loop
      vertex 66.5474 89.3583 0
      vertex 68.4526 88.2583 0
      vertex 68.4526 88.2583 4.8
    endloop
  endfacet
  facet normal -0.499999 -0.866026 0
    outer loop
      vertex 66.5474 89.3583 0
      vertex 68.4526 88.2583 4.8
      vertex 66.5474 89.3583 4.8
    endloop
  endfacet
  facet normal -0.866026 0.499999 0
    outer loop
      vertex 68.4526 88.2583 0
      vertex 64.9526 82.1961 0
      vertex 64.9526 82.1961 4.8
    endloop
  endfacet
  facet normal -0.866026 0.499999 0
    outer loop
      vertex 68.4526 88.2583 0
      vertex 64.9526 82.1961 4.8
      vertex 68.4526 88.2583 4.8
    endloop
  endfacet
  facet normal 0.499999 0.866026 0
    outer loop
      vertex 64.9526 82.1961 0
      vertex 63.0474 83.2961 0
      vertex 63.0474 83.2961 4.8
    endloop
  endfacet
  facet normal 0.499999 0.866026 -0
    outer loop
      vertex 64.9526 82.1961 0
      vertex 63.0474 83.2961 4.8
      vertex 64.9526 82.1961 4.8
    endloop
  endfacet
  facet normal 0 0 1
    outer loop
      vertex 22.9526 83.2961 0
      vertex 24.5474 76.134 0
      vertex 26.4526 77.234 0
    endloop
  endfacet
  facet normal 0 0 1
    outer loop
      vertex 22.9526 83.2961 0
      vertex 21.0474 82.1961 0
      vertex 24.5474 76.134 0
    endloop
  endfacet
  facet normal 0 0 -1
    outer loop
      vertex 22.9526 83.2961 4.8
      vertex 26.4526 77.234 4.8
      vertex 24.5474 76.134 4.8
    endloop
  endfacet
  facet normal 0 -0 -1
    outer loop
      vertex 22.9526 83.2961 4.8
      vertex 24.5474 76.134 4.8
      vertex 21.0474 82.1961 4.8
    endloop
  endfacet
  facet normal -0.866023 -0.500005 0
    outer loop
      vertex 22.9526 83.2961 0
      vertex 26.4526 77.234 0
      vertex 26.4526 77.234 4.8
    endloop
  endfacet
  facet normal -0.866023 -0.500005 0
    outer loop
      vertex 22.9526 83.2961 0
      vertex 26.4526 77.234 4.8
      vertex 22.9526 83.2961 4.8
    endloop
  endfacet
  facet normal -0.500005 0.866023 0
    outer loop
      vertex 26.4526 77.234 0
      vertex 24.5474 76.134 0
      vertex 24.5474 76.134 4.8
    endloop
  endfacet
  facet normal -0.500005 0.866023 0
    outer loop
      vertex 26.4526 77.234 0
      vertex 24.5474 76.134 4.8
      vertex 26.4526 77.234 4.8
    endloop
  endfacet
  facet normal 0.866023 0.500005 0
    outer loop
      vertex 24.5474 76.134 0
      vertex 21.0474 82.1961 0
      vertex 21.0474 82.1961 4.8
    endloop
  endfacet
  facet normal 0.866023 0.500005 -0
    outer loop
      vertex 24.5474 76.134 0
      vertex 21.0474 82.1961 4.8
      vertex 24.5474 76.134 4.8
    endloop
  endfacet
  facet normal 0.500005 -0.866023 0
    outer loop
      vertex 21.0474 82.1961 0
      vertex 22.9526 83.2961 0
      vertex 22.9526 83.2961 4.8
    endloop
  endfacet
  facet normal 0.500005 -0.866023 0
    outer loop
      vertex 21.0474 82.1961 0
      vertex 22.9526 83.2961 4.8
      vertex 21.0474 82.1961 4.8
    endloop
  endfacet
  facet normal -0 0 1
    outer loop
      vertex 25.5 29.2865 0
      vertex 32.5 27.0865 0
      vertex 32.5 29.2865 0
    endloop
  endfacet
  facet normal 0 0 1
    outer loop
      vertex 25.5 29.2865 0
      vertex 25.5 27.0865 0
      vertex 32.5 27.0865 0
    endloop
  endfacet
  facet normal 0 0 -1
    outer loop
      vertex 25.5 29.2865 4.8
      vertex 32.5 29.2865 4.8
      vertex 32.5 27.0865 4.8
    endloop
  endfacet
  facet normal 0 0 -1
    outer loop
      vertex 25.5 29.2865 4.8
      vertex 32.5 27.0865 4.8
      vertex 25.5 27.0865 4.8
    endloop
  endfacet
  facet normal 0 -1 0
    outer loop
      vertex 25.5 29.2865 0
      vertex 32.5 29.2865 0
      vertex 32.5 29.2865 4.8
    endloop
  endfacet
  facet normal 0 -1 0
    outer loop
      vertex 25.5 29.2865 0
      vertex 32.5 29.2865 4.8
      vertex 25.5 29.2865 4.8
    endloop
  endfacet
  facet normal -1 0 0
    outer loop
      vertex 32.5 29.2865 0
      vertex 32.5 27.0865 0
      vertex 32.5 27.0865 4.8
    endloop
  endfacet
  facet normal -1 0 0
    outer loop
      vertex 32.5 29.2865 0
      vertex 32.5 27.0865 4.8
      vertex 32.5 29.2865 4.8
    endloop
  endfacet
  facet normal 0 1 0
    outer loop
      vertex 32.5 27.0865 0
      vertex 25.5 27.0865 0
      vertex 25.5 27.0865 4.8
    endloop
  endfacet
  facet normal 0 1 -0
    outer loop
      vertex 32.5 27.0865 0
      vertex 25.5 27.0865 4.8
      vertex 32.5 27.0865 4.8
    endloop
  endfacet
  facet normal 1 0 0
    outer loop
      vertex 25.5 27.0865 0
      vertex 25.5 29.2865 0
      vertex 25.5 29.2865 4.8
    endloop
  endfacet
  facet normal 1 0 0
    outer loop
      vertex 25.5 27.0865 0
      vertex 25.5 29.2865 4.8
      vertex 25.5 27.0865 4.8
    endloop
  endfacet
  facet normal -0 0 1
    outer loop
      vertex 57 23.2244 0
      vertex 64 21.0244 0
      vertex 64 23.2244 0
    endloop
  endfacet
  facet normal 0 0 1
    outer loop
      vertex 57 23.2244 0
      vertex 57 21.0244 0
      vertex 64 21.0244 0
    endloop
  endfacet
  facet normal 0 0 -1
    outer loop
      vertex 57 23.2244 4.8
      vertex 64 23.2244 4.8
      vertex 64 21.0244 4.8
    endloop
  endfacet
  facet normal 0 0 -1
    outer loop
      vertex 57 23.2244 4.8
      vertex 64 21.0244 4.8
      vertex 57 21.0244 4.8
    endloop
  endfacet
  facet normal 0 -1 0
    outer loop
      vertex 57 23.2244 0
      vertex 64 23.2244 0
      vertex 64 23.2244 4.8
    endloop
  endfacet
  facet normal 0 -1 0
    outer loop
      vertex 57 23.2244 0
      vertex 64 23.2244 4.8
      vertex 57 23.2244 4.8
    endloop
  endfacet
  facet normal -1 0 0
    outer loop
      vertex 64 23.2244 0
      vertex 64 21.0244 0
      vertex 64 21.0244 4.8
    endloop
  endfacet
  facet normal -1 0 0
    outer loop
      vertex 64 23.2244 0
      vertex 64 21.0244 4.8
      vertex 64 23.2244 4.8
    endloop
  endfacet
  facet normal 0 1 0
    outer loop
      vertex 64 21.0244 0
      vertex 57 21.0244 0
      vertex 57 21.0244 4.8
    endloop
  endfacet
  facet normal 0 1 -0
    outer loop
      vertex 64 21.0244 0
      vertex 57 21.0244 4.8
      vertex 64 21.0244 4.8
    endloop
  endfacet
  facet normal 1 0 0
    outer loop
      vertex 57 21.0244 0
      vertex 57 23.2244 0
      vertex 57 23.2244 4.8
    endloop
  endfacet
  facet normal 1 0 0
    outer loop
      vertex 57 21.0244 0
      vertex 57 23.2244 4.8
      vertex 57 21.0244 4.8
    endloop
  endfacet
  facet normal 0 0 1
    outer loop
      vertex 96.4526 77.234 0
      vertex 98.0474 70.0718 0
      vertex 99.9526 71.1718 0
    endloop
  endfacet
  facet normal 0 0 1
    outer loop
      vertex 96.4526 77.234 0
      vertex 94.5474 76.134 0
      vertex 98.0474 70.0718 0
    endloop
  endfacet
  facet normal 0 0 -1
    outer loop
      vertex 96.4526 77.234 4.8
      vertex 99.9526 71.1718 4.8
      vertex 98.0474 70.0718 4.8
    endloop
  endfacet
  facet normal 0 -0 -1
    outer loop
      vertex 96.4526 77.234 4.8
      vertex 98.0474 70.0718 4.8
      vertex 94.5474 76.134 4.8
    endloop
  endfacet
  facet normal -0.866026 -0.499999 0
    outer loop
      vertex 96.4526 77.234 0
      vertex 99.9526 71.1718 0
      vertex 99.9526 71.1718 4.8
    endloop
  endfacet
  facet normal -0.866026 -0.499999 0
    outer loop
      vertex 96.4526 77.234 0
      vertex 99.9526 71.1718 4.8
      vertex 96.4526 77.234 4.8
    endloop
  endfacet
  facet normal -0.499999 0.866026 0
    outer loop
      vertex 99.9526 71.1718 0
      vertex 98.0474 70.0718 0
      vertex 98.0474 70.0718 4.8
    endloop
  endfacet
  facet normal -0.499999 0.866026 0
    outer loop
      vertex 99.9526 71.1718 0
      vertex 98.0474 70.0718 4.8
      vertex 99.9526 71.1718 4.8
    endloop
  endfacet
  facet normal 0.866026 0.499999 0
    outer loop
      vertex 98.0474 70.0718 0
      vertex 94.5474 76.134 0
      vertex 94.5474 76.134 4.8
    endloop
  endfacet
  facet normal 0.866026 0.499999 -0
    outer loop
      vertex 98.0474 70.0718 0
      vertex 94.5474 76.134 4.8
      vertex 98.0474 70.0718 4.8
    endloop
  endfacet
  facet normal 0.499999 -0.866026 0
    outer loop
      vertex 94.5474 76.134 0
      vertex 96.4526 77.234 0
      vertex 96.4526 77.234 4.8
    endloop
  endfacet
  facet normal 0.499999 -0.866026 0
    outer loop
      vertex 94.5474 76.134 0
      vertex 96.4526 77.234 4.8
      vertex 94.5474 76.134 4.8
    endloop
  endfacet
  facet normal 0 0 1
    outer loop
      vertex 42.0474 34.7987 0
      vertex 47.4526 39.7609 0
      vertex 45.5474 40.8609 0
    endloop
  endfacet
  facet normal -0 0 1
    outer loop
      vertex 42.0474 34.7987 0
      vertex 43.9526 33.6987 0
      vertex 47.4526 39.7609 0
    endloop
  endfacet
  facet normal 0 0 -1
    outer loop
      vertex 42.0474 34.7987 4.8
      vertex 45.5474 40.8609 4.8
      vertex 47.4526 39.7609 4.8
    endloop
  endfacet
  facet normal 0 0 -1
    outer loop
      vertex 42.0474 34.7987 4.8
      vertex 47.4526 39.7609 4.8
      vertex 43.9526 33.6987 4.8
    endloop
  endfacet
  facet normal 0.866026 -0.499999 0
    outer loop
      vertex 42.0474 34.7987 0
      vertex 45.5474 40.8609 0
      vertex 45.5474 40.8609 4.8
    endloop
  endfacet
  facet normal 0.866026 -0.499999 0
    outer loop
      vertex 42.0474 34.7987 0
      vertex 45.5474 40.8609 4.8
      vertex 42.0474 34.7987 4.8
    endloop
  endfacet
  facet normal -0.499999 -0.866026 0
    outer loop
      vertex 45.5474 40.8609 0
      vertex 47.4526 39.7609 0
      vertex 47.4526 39.7609 4.8
    endloop
  endfacet
  facet normal -0.499999 -0.866026 0
    outer loop
      vertex 45.5474 40.8609 0
      vertex 47.4526 39.7609 4.8
      vertex 45.5474 40.8609 4.8
    endloop
  endfacet
  facet normal -0.866026 0.499999 0
    outer loop
      vertex 47.4526 39.7609 0
      vertex 43.9526 33.6987 0
      vertex 43.9526 33.6987 4.8
    endloop
  endfacet
  facet normal -0.866026 0.499999 0
    outer loop
      vertex 47.4526 39.7609 0
      vertex 43.9526 33.6987 4.8
      vertex 47.4526 39.7609 4.8
    endloop
  endfacet
  facet normal 0.499999 0.866026 0
    outer loop
      vertex 43.9526 33.6987 0
      vertex 42.0474 34.7987 0
      vertex 42.0474 34.7987 4.8
    endloop
  endfacet
  facet normal 0.499999 0.866026 -0
    outer loop
      vertex 43.9526 33.6987 0
      vertex 42.0474 34.7987 4.8
      vertex 43.9526 33.6987 4.8
    endloop
  endfacet
  facet normal -0 0 1
    outer loop
      vertex 67.5 65.6596 0
      vertex 74.5 63.4596 0
      vertex 74.5 65.6596 0
    endloop
  endfacet
  facet normal 0 0 1
    outer loop
      vertex 67.5 65.6596 0
      vertex 67.5 63.4596 0
      vertex 74.5 63.4596 0
    endloop
  endfacet
  facet normal 0 0 -1
    outer loop
      vertex 67.5 65.6596 4.8
      vertex 74.5 65.6596 4.8
      vertex 74.5 63.4596 4.8
    endloop
  endfacet
  facet normal 0 0 -1
    outer loop
      vertex 67.5 65.6596 4.8
      vertex 74.5 63.4596 4.8
      vertex 67.5 63.4596 4.8
    endloop
  endfacet
  facet normal 0 -1 0
    outer loop
      vertex 67.5 65.6596 0
      vertex 74.5 65.6596 0
      vertex 74.5 65.6596 4.8
    endloop
  endfacet
  facet normal 0 -1 0
    outer loop
      vertex 67.5 65.6596 0
      vertex 74.5 65.6596 4.8
      vertex 67.5 65.6596 4.8
    endloop
  endfacet
  facet normal -1 0 0
    outer loop
      vertex 74.5 65.6596 0
      vertex 74.5 63.4596 0
      vertex 74.5 63.4596 4.8
    endloop
  endfacet
  facet normal -1 0 0
    outer loop
      vertex 74.5 65.6596 0
      vertex 74.5 63.4596 4.8
      vertex 74.5 65.6596 4.8
    endloop
  endfacet
  facet normal 0 1 0
    outer loop
      vertex 74.5 63.4596 0
      vertex 67.5 63.4596 0
      vertex 67.5 63.4596 4.8
    endloop
  endfacet
  facet normal 0 1 -0
    outer loop
      vertex 74.5 63.4596 0
      vertex 67.5 63.4596 4.8
      vertex 74.5 63.4596 4.8
    endloop
  endfacet
  facet normal 1 0 0
    outer loop
      vertex 67.5 63.4596 0
      vertex 67.5 65.6596 0
      vertex 67.5 65.6596 4.8
    endloop
  endfacet
  facet normal 1 0 0
    outer loop
      vertex 67.5 63.4596 0
      vertex 67.5 65.6596 4.8
      vertex 67.5 63.4596 4.8
    endloop
  endfacet
  facet normal 0 0 1
    outer loop
      vertex 96.4526 16.6122 0
      vertex 98.0474 9.45 0
      vertex 99.9526 10.55 0
    endloop
  endfacet
  facet normal 0 0 1
    outer loop
      vertex 96.4526 16.6122 0
      vertex 94.5474 15.5122 0
      vertex 98.0474 9.45 0
    endloop
  endfacet
  facet normal 0 0 -1
    outer loop
      vertex 96.4526 16.6122 4.8
      vertex 99.9526 10.55 4.8
      vertex 98.0474 9.45 4.8
    endloop
  endfacet
  facet normal 0 -0 -1
    outer loop
      vertex 96.4526 16.6122 4.8
      vertex 98.0474 9.45 4.8
      vertex 94.5474 15.5122 4.8
    endloop
  endfacet
  facet normal -0.866026 -0.499999 0
    outer loop
      vertex 96.4526 16.6122 0
      vertex 99.9526 10.55 0
      vertex 99.9526 10.55 4.8
    endloop
  endfacet
  facet normal -0.866026 -0.499999 0
    outer loop
      vertex 96.4526 16.6122 0
      vertex 99.9526 10.55 4.8
      vertex 96.4526 16.6122 4.8
    endloop
  endfacet
  facet normal -0.499999 0.866026 0
    outer loop
      vertex 99.9526 10.55 0
      vertex 98.0474 9.45 0
      vertex 98.0474 9.45 4.8
    endloop
  endfacet
  facet normal -0.499999 0.866026 0
    outer loop
      vertex 99.9526 10.55 0
      vertex 98.0474 9.45 4.8
      vertex 99.9526 10.55 4.8
    endloop
  endfacet
  facet normal 0.866026 0.499999 0
    outer loop
      vertex 98.0474 9.45 0
      vertex 94.5474 15.5122 0
      vertex 94.5474 15.5122 4.8
    endloop
  endfacet
  facet normal 0.866026 0.499999 -0
    outer loop
      vertex 98.0474 9.45 0
      vertex 94.5474 15.5122 4.8
      vertex 98.0474 9.45 4.8
    endloop
  endfacet
  facet normal 0.499999 -0.866026 0
    outer loop
      vertex 94.5474 15.5122 0
      vertex 96.4526 16.6122 0
      vertex 96.4526 16.6122 4.8
    endloop
  endfacet
  facet normal 0.499999 -0.866026 0
    outer loop
      vertex 94.5474 15.5122 0
      vertex 96.4526 16.6122 4.8
      vertex 94.5474 15.5122 4.8
    endloop
  endfacet
  facet normal 0 0 1
    outer loop
      vertex 21.0474 34.7987 0
      vertex 26.4526 39.7609 0
      vertex 24.5474 40.8609 0
    endloop
  endfacet
  facet normal -0 0 1
    outer loop
      vertex 21.0474 34.7987 0
      vertex 22.9526 33.6987 0
      vertex 26.4526 39.7609 0
    endloop
  endfacet
  facet normal 0 0 -1
    outer loop
      vertex 21.0474 34.7987 4.8
      vertex 24.5474 40.8609 4.8
      vertex 26.4526 39.7609 4.8
    endloop
  endfacet
  facet normal 0 0 -1
    outer loop
      vertex 21.0474 34.7987 4.8
      vertex 26.4526 39.7609 4.8
      vertex 22.9526 33.6987 4.8
    endloop
  endfacet
  facet normal 0.866026 -0.499999 0
    outer loop
      vertex 21.0474 34.7987 0
      vertex 24.5474 40.8609 0
      vertex 24.5474 40.8609 4.8
    endloop
  endfacet
  facet normal 0.866026 -0.499999 0
    outer loop
      vertex 21.0474 34.7987 0
      vertex 24.5474 40.8609 4.8
      vertex 21.0474 34.7987 4.8
    endloop
  endfacet
  facet normal -0.499999 -0.866026 0
    outer loop
      vertex 24.5474 40.8609 0
      vertex 26.4526 39.7609 0
      vertex 26.4526 39.7609 4.8
    endloop
  endfacet
  facet normal -0.499999 -0.866026 0
    outer loop
      vertex 24.5474 40.8609 0
      vertex 26.4526 39.7609 4.8
      vertex 24.5474 40.8609 4.8
    endloop
  endfacet
  facet normal -0.866026 0.499999 0
    outer loop
      vertex 26.4526 39.7609 0
      vertex 22.9526 33.6987 0
      vertex 22.9526 33.6987 4.8
    endloop
  endfacet
  facet normal -0.866026 0.499999 0
    outer loop
      vertex 26.4526 39.7609 0
      vertex 22.9526 33.6987 4.8
      vertex 26.4526 39.7609 4.8
    endloop
  endfacet
  facet normal 0.499999 0.866026 0
    outer loop
      vertex 22.9526 33.6987 0
      vertex 21.0474 34.7987 0
      vertex 21.0474 34.7987 4.8
    endloop
  endfacet
  facet normal 0.499999 0.866026 -0
    outer loop
      vertex 22.9526 33.6987 0
      vertex 21.0474 34.7987 4.8
      vertex 22.9526 33.6987 4.8
    endloop
  endfacet
  facet normal 0 0 1
    outer loop
      vertex 54.4526 40.8609 0
      vertex 56.0474 33.6987 0
      vertex 57.9526 34.7987 0
    endloop
  endfacet
  facet normal 0 0 1
    outer loop
      vertex 54.4526 40.8609 0
      vertex 52.5474 39.7609 0
      vertex 56.0474 33.6987 0
    endloop
  endfacet
  facet normal 0 0 -1
    outer loop
      vertex 54.4526 40.8609 4.8
      vertex 57.9526 34.7987 4.8
      vertex 56.0474 33.6987 4.8
    endloop
  endfacet
  facet normal 0 -0 -1
    outer loop
      vertex 54.4526 40.8609 4.8
      vertex 56.0474 33.6987 4.8
      vertex 52.5474 39.7609 4.8
    endloop
  endfacet
  facet normal -0.866026 -0.499999 0
    outer loop
      vertex 54.4526 40.8609 0
      vertex 57.9526 34.7987 0
      vertex 57.9526 34.7987 4.8
    endloop
  endfacet
  facet normal -0.866026 -0.499999 0
    outer loop
      vertex 54.4526 40.8609 0
      vertex 57.9526 34.7987 4.8
      vertex 54.4526 40.8609 4.8
    endloop
  endfacet
  facet normal -0.499999 0.866026 0
    outer loop
      vertex 57.9526 34.7987 0
      vertex 56.0474 33.6987 0
      vertex 56.0474 33.6987 4.8
    endloop
  endfacet
  facet normal -0.499999 0.866026 0
    outer loop
      vertex 57.9526 34.7987 0
      vertex 56.0474 33.6987 4.8
      vertex 57.9526 34.7987 4.8
    endloop
  endfacet
  facet normal 0.866026 0.499999 0
    outer loop
      vertex 56.0474 33.6987 0
      vertex 52.5474 39.7609 0
      vertex 52.5474 39.7609 4.8
    endloop
  endfacet
  facet normal 0.866026 0.499999 -0
    outer loop
      vertex 56.0474 33.6987 0
      vertex 52.5474 39.7609 4.8
      vertex 56.0474 33.6987 4.8
    endloop
  endfacet
  facet normal 0.499999 -0.866026 0
    outer loop
      vertex 52.5474 39.7609 0
      vertex 54.4526 40.8609 0
      vertex 54.4526 40.8609 4.8
    endloop
  endfacet
  facet normal 0.499999 -0.866026 0
    outer loop
      vertex 52.5474 39.7609 0
      vertex 54.4526 40.8609 4.8
      vertex 52.5474 39.7609 4.8
    endloop
  endfacet
  facet normal 0 0 1
    outer loop
      vertex 84.0474 22.6744 0
      vertex 89.4526 27.6365 0
      vertex 87.5474 28.7365 0
    endloop
  endfacet
  facet normal -0 0 1
    outer loop
      vertex 84.0474 22.6744 0
      vertex 85.9526 21.5744 0
      vertex 89.4526 27.6365 0
    endloop
  endfacet
  facet normal 0 0 -1
    outer loop
      vertex 84.0474 22.6744 4.8
      vertex 87.5474 28.7365 4.8
      vertex 89.4526 27.6365 4.8
    endloop
  endfacet
  facet normal 0 0 -1
    outer loop
      vertex 84.0474 22.6744 4.8
      vertex 89.4526 27.6365 4.8
      vertex 85.9526 21.5744 4.8
    endloop
  endfacet
  facet normal 0.866023 -0.500005 0
    outer loop
      vertex 84.0474 22.6744 0
      vertex 87.5474 28.7365 0
      vertex 87.5474 28.7365 4.8
    endloop
  endfacet
  facet normal 0.866023 -0.500005 0
    outer loop
      vertex 84.0474 22.6744 0
      vertex 87.5474 28.7365 4.8
      vertex 84.0474 22.6744 4.8
    endloop
  endfacet
  facet normal -0.500005 -0.866023 0
    outer loop
      vertex 87.5474 28.7365 0
      vertex 89.4526 27.6365 0
      vertex 89.4526 27.6365 4.8
    endloop
  endfacet
  facet normal -0.500005 -0.866023 0
    outer loop
      vertex 87.5474 28.7365 0
      vertex 89.4526 27.6365 4.8
      vertex 87.5474 28.7365 4.8
    endloop
  endfacet
  facet normal -0.866023 0.500005 0
    outer loop
      vertex 89.4526 27.6365 0
      vertex 85.9526 21.5744 0
      vertex 85.9526 21.5744 4.8
    endloop
  endfacet
  facet normal -0.866023 0.500005 0
    outer loop
      vertex 89.4526 27.6365 0
      vertex 85.9526 21.5744 4.8
      vertex 89.4526 27.6365 4.8
    endloop
  endfacet
  facet normal 0.500005 0.866023 0
    outer loop
      vertex 85.9526 21.5744 0
      vertex 84.0474 22.6744 0
      vertex 84.0474 22.6744 4.8
    endloop
  endfacet
  facet normal 0.500005 0.866023 -0
    outer loop
      vertex 85.9526 21.5744 0
      vertex 84.0474 22.6744 4.8
      vertex 85.9526 21.5744 4.8
    endloop
  endfacet
  facet normal 0 0 1
    outer loop
      vertex 43.9526 59.0474 0
      vertex 45.5474 51.8852 0
      vertex 47.4526 52.9852 0
    endloop
  endfacet
  facet normal 0 0 1
    outer loop
      vertex 43.9526 59.0474 0
      vertex 42.0474 57.9474 0
      vertex 45.5474 51.8852 0
    endloop
  endfacet
  facet normal 0 0 -1
    outer loop
      vertex 43.9526 59.0474 4.8
      vertex 47.4526 52.9852 4.8
      vertex 45.5474 51.8852 4.8
    endloop
  endfacet
  facet normal 0 -0 -1
    outer loop
      vertex 43.9526 59.0474 4.8
      vertex 45.5474 51.8852 4.8
      vertex 42.0474 57.9474 4.8
    endloop
  endfacet
  facet normal -0.866026 -0.499999 0
    outer loop
      vertex 43.9526 59.0474 0
      vertex 47.4526 52.9852 0
      vertex 47.4526 52.9852 4.8
    endloop
  endfacet
  facet normal -0.866026 -0.499999 0
    outer loop
      vertex 43.9526 59.0474 0
      vertex 47.4526 52.9852 4.8
      vertex 43.9526 59.0474 4.8
    endloop
  endfacet
  facet normal -0.499999 0.866026 0
    outer loop
      vertex 47.4526 52.9852 0
      vertex 45.5474 51.8852 0
      vertex 45.5474 51.8852 4.8
    endloop
  endfacet
  facet normal -0.499999 0.866026 0
    outer loop
      vertex 47.4526 52.9852 0
      vertex 45.5474 51.8852 4.8
      vertex 47.4526 52.9852 4.8
    endloop
  endfacet
  facet normal 0.866026 0.499999 0
    outer loop
      vertex 45.5474 51.8852 0
      vertex 42.0474 57.9474 0
      vertex 42.0474 57.9474 4.8
    endloop
  endfacet
  facet normal 0.866026 0.499999 -0
    outer loop
      vertex 45.5474 51.8852 0
      vertex 42.0474 57.9474 4.8
      vertex 45.5474 51.8852 4.8
    endloop
  endfacet
  facet normal 0.499999 -0.866026 0
    outer loop
      vertex 42.0474 57.9474 0
      vertex 43.9526 59.0474 0
      vertex 43.9526 59.0474 4.8
    endloop
  endfacet
  facet normal 0.499999 -0.866026 0
    outer loop
      vertex 42.0474 57.9474 0
      vertex 43.9526 59.0474 4.8
      vertex 42.0474 57.9474 4.8
    endloop
  endfacet
  facet normal 0 0 1
    outer loop
      vertex 57.8777 95.5502 0
      vertex 56.0475 94.3203 0
      vertex 57.9525 95.4207 0
    endloop
  endfacet
  facet normal 0 0 1
    outer loop
      vertex 57.8777 95.5502 0
      vertex 55.9727 94.4498 0
      vertex 56.0475 94.3203 0
    endloop
  endfacet
  facet normal 0 -0 -1
    outer loop
      vertex 57.8777 95.5502 4.8
      vertex 57.9525 95.4207 4.8
      vertex 56.0475 94.3203 4.8
    endloop
  endfacet
  facet normal 0 0 -1
    outer loop
      vertex 57.8777 95.5502 4.8
      vertex 56.0475 94.3203 4.8
      vertex 55.9727 94.4498 4.8
    endloop
  endfacet
  facet normal -0.865929 -0.500166 0
    outer loop
      vertex 57.8777 95.5502 0
      vertex 57.9525 95.4207 0
      vertex 57.9525 95.4207 4.8
    endloop
  endfacet
  facet normal -0.865929 -0.500166 0
    outer loop
      vertex 57.8777 95.5502 0
      vertex 57.9525 95.4207 4.8
      vertex 57.8777 95.5502 4.8
    endloop
  endfacet
  facet normal -0.500166 0.865929 0
    outer loop
      vertex 57.9525 95.4207 0
      vertex 56.0475 94.3203 0
      vertex 56.0475 94.3203 4.8
    endloop
  endfacet
  facet normal -0.500166 0.865929 0
    outer loop
      vertex 57.9525 95.4207 0
      vertex 56.0475 94.3203 4.8
      vertex 57.9525 95.4207 4.8
    endloop
  endfacet
  facet normal 0.865929 0.500166 0
    outer loop
      vertex 56.0475 94.3203 0
      vertex 55.9727 94.4498 0
      vertex 55.9727 94.4498 4.8
    endloop
  endfacet
  facet normal 0.865929 0.500166 -0
    outer loop
      vertex 56.0475 94.3203 0
      vertex 55.9727 94.4498 4.8
      vertex 56.0475 94.3203 4.8
    endloop
  endfacet
  facet normal 0.500166 -0.865929 0
    outer loop
      vertex 55.9727 94.4498 0
      vertex 57.8777 95.5502 0
      vertex 57.8777 95.5502 4.8
    endloop
  endfacet
  facet normal 0.500166 -0.865929 0
    outer loop
      vertex 55.9727 94.4498 0
      vertex 57.8777 95.5502 4.8
      vertex 55.9727 94.4498 4.8
    endloop
  endfacet
  facet normal 0 0 1
    outer loop
      vertex 64.9526 34.7987 0
      vertex 66.5474 27.6365 0
      vertex 68.4526 28.7365 0
    endloop
  endfacet
  facet normal 0 0 1
    outer loop
      vertex 64.9526 34.7987 0
      vertex 63.0474 33.6987 0
      vertex 66.5474 27.6365 0
    endloop
  endfacet
  facet normal 0 0 -1
    outer loop
      vertex 64.9526 34.7987 4.8
      vertex 68.4526 28.7365 4.8
      vertex 66.5474 27.6365 4.8
    endloop
  endfacet
  facet normal 0 -0 -1
    outer loop
      vertex 64.9526 34.7987 4.8
      vertex 66.5474 27.6365 4.8
      vertex 63.0474 33.6987 4.8
    endloop
  endfacet
  facet normal -0.866026 -0.499999 0
    outer loop
      vertex 64.9526 34.7987 0
      vertex 68.4526 28.7365 0
      vertex 68.4526 28.7365 4.8
    endloop
  endfacet
  facet normal -0.866026 -0.499999 0
    outer loop
      vertex 64.9526 34.7987 0
      vertex 68.4526 28.7365 4.8
      vertex 64.9526 34.7987 4.8
    endloop
  endfacet
  facet normal -0.499999 0.866026 0
    outer loop
      vertex 68.4526 28.7365 0
      vertex 66.5474 27.6365 0
      vertex 66.5474 27.6365 4.8
    endloop
  endfacet
  facet normal -0.499999 0.866026 0
    outer loop
      vertex 68.4526 28.7365 0
      vertex 66.5474 27.6365 4.8
      vertex 68.4526 28.7365 4.8
    endloop
  endfacet
  facet normal 0.866026 0.499999 0
    outer loop
      vertex 66.5474 27.6365 0
      vertex 63.0474 33.6987 0
      vertex 63.0474 33.6987 4.8
    endloop
  endfacet
  facet normal 0.866026 0.499999 -0
    outer loop
      vertex 66.5474 27.6365 0
      vertex 63.0474 33.6987 4.8
      vertex 66.5474 27.6365 4.8
    endloop
  endfacet
  facet normal 0.499999 -0.866026 0
    outer loop
      vertex 63.0474 33.6987 0
      vertex 64.9526 34.7987 0
      vertex 64.9526 34.7987 4.8
    endloop
  endfacet
  facet normal 0.499999 -0.866026 0
    outer loop
      vertex 63.0474 33.6987 0
      vertex 64.9526 34.7987 4.8
      vertex 63.0474 33.6987 4.8
    endloop
  endfacet
  facet normal 0 0 1
    outer loop
      vertex 84.0474 10.55 0
      vertex 89.4526 15.5122 0
      vertex 87.5474 16.6122 0
    endloop
  endfacet
  facet normal -0 0 1
    outer loop
      vertex 84.0474 10.55 0
      vertex 85.9526 9.45 0
      vertex 89.4526 15.5122 0
    endloop
  endfacet
  facet normal 0 0 -1
    outer loop
      vertex 84.0474 10.55 4.8
      vertex 87.5474 16.6122 4.8
      vertex 89.4526 15.5122 4.8
    endloop
  endfacet
  facet normal 0 0 -1
    outer loop
      vertex 84.0474 10.55 4.8
      vertex 89.4526 15.5122 4.8
      vertex 85.9526 9.45 4.8
    endloop
  endfacet
  facet normal 0.866026 -0.499999 0
    outer loop
      vertex 84.0474 10.55 0
      vertex 87.5474 16.6122 0
      vertex 87.5474 16.6122 4.8
    endloop
  endfacet
  facet normal 0.866026 -0.499999 0
    outer loop
      vertex 84.0474 10.55 0
      vertex 87.5474 16.6122 4.8
      vertex 84.0474 10.55 4.8
    endloop
  endfacet
  facet normal -0.499999 -0.866026 0
    outer loop
      vertex 87.5474 16.6122 0
      vertex 89.4526 15.5122 0
      vertex 89.4526 15.5122 4.8
    endloop
  endfacet
  facet normal -0.499999 -0.866026 0
    outer loop
      vertex 87.5474 16.6122 0
      vertex 89.4526 15.5122 4.8
      vertex 87.5474 16.6122 4.8
    endloop
  endfacet
  facet normal -0.866026 0.499999 0
    outer loop
      vertex 89.4526 15.5122 0
      vertex 85.9526 9.45 0
      vertex 85.9526 9.45 4.8
    endloop
  endfacet
  facet normal -0.866026 0.499999 0
    outer loop
      vertex 89.4526 15.5122 0
      vertex 85.9526 9.45 4.8
      vertex 89.4526 15.5122 4.8
    endloop
  endfacet
  facet normal 0.499999 0.866026 0
    outer loop
      vertex 85.9526 9.45 0
      vertex 84.0474 10.55 0
      vertex 84.0474 10.55 4.8
    endloop
  endfacet
  facet normal 0.499999 0.866026 -0
    outer loop
      vertex 85.9526 9.45 0
      vertex 84.0474 10.55 4.8
      vertex 85.9526 9.45 4.8
    endloop
  endfacet
  facet normal -0 0 1
    outer loop
      vertex 88.5 41.4109 0
      vertex 95.5 39.2109 0
      vertex 95.5 41.4109 0
    endloop
  endfacet
  facet normal 0 0 1
    outer loop
      vertex 88.5 41.4109 0
      vertex 88.5 39.2109 0
      vertex 95.5 39.2109 0
    endloop
  endfacet
  facet normal 0 0 -1
    outer loop
      vertex 88.5 41.4109 4.8
      vertex 95.5 41.4109 4.8
      vertex 95.5 39.2109 4.8
    endloop
  endfacet
  facet normal 0 0 -1
    outer loop
      vertex 88.5 41.4109 4.8
      vertex 95.5 39.2109 4.8
      vertex 88.5 39.2109 4.8
    endloop
  endfacet
  facet normal 0 -1 0
    outer loop
      vertex 88.5 41.4109 0
      vertex 95.5 41.4109 0
      vertex 95.5 41.4109 4.8
    endloop
  endfacet
  facet normal 0 -1 0
    outer loop
      vertex 88.5 41.4109 0
      vertex 95.5 41.4109 4.8
      vertex 88.5 41.4109 4.8
    endloop
  endfacet
  facet normal -1 0 0
    outer loop
      vertex 95.5 41.4109 0
      vertex 95.5 39.2109 0
      vertex 95.5 39.2109 4.8
    endloop
  endfacet
  facet normal -1 0 0
    outer loop
      vertex 95.5 41.4109 0
      vertex 95.5 39.2109 4.8
      vertex 95.5 41.4109 4.8
    endloop
  endfacet
  facet normal 0 1 0
    outer loop
      vertex 95.5 39.2109 0
      vertex 88.5 39.2109 0
      vertex 88.5 39.2109 4.8
    endloop
  endfacet
  facet normal 0 1 -0
    outer loop
      vertex 95.5 39.2109 0
      vertex 88.5 39.2109 4.8
      vertex 95.5 39.2109 4.8
    endloop
  endfacet
  facet normal 1 0 0
    outer loop
      vertex 88.5 39.2109 0
      vertex 88.5 41.4109 0
      vertex 88.5 41.4109 4.8
    endloop
  endfacet
  facet normal 1 0 0
    outer loop
      vertex 88.5 39.2109 0
      vertex 88.5 41.4109 4.8
      vertex 88.5 39.2109 4.8
    endloop
  endfacet
  facet normal 0 0 1
    outer loop
      vertex 94.5474 65.1096 0
      vertex 99.9526 70.0718 0
      vertex 98.0474 71.1718 0
    endloop
  endfacet
  facet normal -0 0 1
    outer loop
      vertex 94.5474 65.1096 0
      vertex 96.4526 64.0096 0
      vertex 99.9526 70.0718 0
    endloop
  endfacet
  facet normal 0 0 -1
    outer loop
      vertex 94.5474 65.1096 4.8
      vertex 98.0474 71.1718 4.8
      vertex 99.9526 70.0718 4.8
    endloop
  endfacet
  facet normal 0 0 -1
    outer loop
      vertex 94.5474 65.1096 4.8
      vertex 99.9526 70.0718 4.8
      vertex 96.4526 64.0096 4.8
    endloop
  endfacet
  facet normal 0.866026 -0.499999 0
    outer loop
      vertex 94.5474 65.1096 0
      vertex 98.0474 71.1718 0
      vertex 98.0474 71.1718 4.8
    endloop
  endfacet
  facet normal 0.866026 -0.499999 0
    outer loop
      vertex 94.5474 65.1096 0
      vertex 98.0474 71.1718 4.8
      vertex 94.5474 65.1096 4.8
    endloop
  endfacet
  facet normal -0.499999 -0.866026 0
    outer loop
      vertex 98.0474 71.1718 0
      vertex 99.9526 70.0718 0
      vertex 99.9526 70.0718 4.8
    endloop
  endfacet
  facet normal -0.499999 -0.866026 0
    outer loop
      vertex 98.0474 71.1718 0
      vertex 99.9526 70.0718 4.8
      vertex 98.0474 71.1718 4.8
    endloop
  endfacet
  facet normal -0.866026 0.499999 0
    outer loop
      vertex 99.9526 70.0718 0
      vertex 96.4526 64.0096 0
      vertex 96.4526 64.0096 4.8
    endloop
  endfacet
  facet normal -0.866026 0.499999 0
    outer loop
      vertex 99.9526 70.0718 0
      vertex 96.4526 64.0096 4.8
      vertex 99.9526 70.0718 4.8
    endloop
  endfacet
  facet normal 0.499999 0.866026 0
    outer loop
      vertex 96.4526 64.0096 0
      vertex 94.5474 65.1096 0
      vertex 94.5474 65.1096 4.8
    endloop
  endfacet
  facet normal 0.499999 0.866026 -0
    outer loop
      vertex 96.4526 64.0096 0
      vertex 94.5474 65.1096 4.8
      vertex 96.4526 64.0096 4.8
    endloop
  endfacet
  facet normal 0 0 1
    outer loop
      vertex 63.0474 34.7987 0
      vertex 68.4526 39.7609 0
      vertex 66.5474 40.8609 0
    endloop
  endfacet
  facet normal -0 0 1
    outer loop
      vertex 63.0474 34.7987 0
      vertex 64.9526 33.6987 0
      vertex 68.4526 39.7609 0
    endloop
  endfacet
  facet normal 0 0 -1
    outer loop
      vertex 63.0474 34.7987 4.8
      vertex 66.5474 40.8609 4.8
      vertex 68.4526 39.7609 4.8
    endloop
  endfacet
  facet normal 0 0 -1
    outer loop
      vertex 63.0474 34.7987 4.8
      vertex 68.4526 39.7609 4.8
      vertex 64.9526 33.6987 4.8
    endloop
  endfacet
  facet normal 0.866026 -0.499999 0
    outer loop
      vertex 63.0474 34.7987 0
      vertex 66.5474 40.8609 0
      vertex 66.5474 40.8609 4.8
    endloop
  endfacet
  facet normal 0.866026 -0.499999 0
    outer loop
      vertex 63.0474 34.7987 0
      vertex 66.5474 40.8609 4.8
      vertex 63.0474 34.7987 4.8
    endloop
  endfacet
  facet normal -0.499999 -0.866026 0
    outer loop
      vertex 66.5474 40.8609 0
      vertex 68.4526 39.7609 0
      vertex 68.4526 39.7609 4.8
    endloop
  endfacet
  facet normal -0.499999 -0.866026 0
    outer loop
      vertex 66.5474 40.8609 0
      vertex 68.4526 39.7609 4.8
      vertex 66.5474 40.8609 4.8
    endloop
  endfacet
  facet normal -0.866026 0.499999 0
    outer loop
      vertex 68.4526 39.7609 0
      vertex 64.9526 33.6987 0
      vertex 64.9526 33.6987 4.8
    endloop
  endfacet
  facet normal -0.866026 0.499999 0
    outer loop
      vertex 68.4526 39.7609 0
      vertex 64.9526 33.6987 4.8
      vertex 68.4526 39.7609 4.8
    endloop
  endfacet
  facet normal 0.499999 0.866026 0
    outer loop
      vertex 64.9526 33.6987 0
      vertex 63.0474 34.7987 0
      vertex 63.0474 34.7987 4.8
    endloop
  endfacet
  facet normal 0.499999 0.866026 -0
    outer loop
      vertex 64.9526 33.6987 0
      vertex 63.0474 34.7987 4.8
      vertex 64.9526 33.6987 4.8
    endloop
  endfacet
  facet normal 0 0 1
    outer loop
      vertex 96.4526 40.8609 0
      vertex 98.0474 33.6987 0
      vertex 99.9526 34.7987 0
    endloop
  endfacet
  facet normal 0 0 1
    outer loop
      vertex 96.4526 40.8609 0
      vertex 94.5474 39.7609 0
      vertex 98.0474 33.6987 0
    endloop
  endfacet
  facet normal 0 0 -1
    outer loop
      vertex 96.4526 40.8609 4.8
      vertex 99.9526 34.7987 4.8
      vertex 98.0474 33.6987 4.8
    endloop
  endfacet
  facet normal 0 -0 -1
    outer loop
      vertex 96.4526 40.8609 4.8
      vertex 98.0474 33.6987 4.8
      vertex 94.5474 39.7609 4.8
    endloop
  endfacet
  facet normal -0.866026 -0.499999 0
    outer loop
      vertex 96.4526 40.8609 0
      vertex 99.9526 34.7987 0
      vertex 99.9526 34.7987 4.8
    endloop
  endfacet
  facet normal -0.866026 -0.499999 0
    outer loop
      vertex 96.4526 40.8609 0
      vertex 99.9526 34.7987 4.8
      vertex 96.4526 40.8609 4.8
    endloop
  endfacet
  facet normal -0.499999 0.866026 0
    outer loop
      vertex 99.9526 34.7987 0
      vertex 98.0474 33.6987 0
      vertex 98.0474 33.6987 4.8
    endloop
  endfacet
  facet normal -0.499999 0.866026 0
    outer loop
      vertex 99.9526 34.7987 0
      vertex 98.0474 33.6987 4.8
      vertex 99.9526 34.7987 4.8
    endloop
  endfacet
  facet normal 0.866026 0.499999 0
    outer loop
      vertex 98.0474 33.6987 0
      vertex 94.5474 39.7609 0
      vertex 94.5474 39.7609 4.8
    endloop
  endfacet
  facet normal 0.866026 0.499999 -0
    outer loop
      vertex 98.0474 33.6987 0
      vertex 94.5474 39.7609 4.8
      vertex 98.0474 33.6987 4.8
    endloop
  endfacet
  facet normal 0.499999 -0.866026 0
    outer loop
      vertex 94.5474 39.7609 0
      vertex 96.4526 40.8609 0
      vertex 96.4526 40.8609 4.8
    endloop
  endfacet
  facet normal 0.499999 -0.866026 0
    outer loop
      vertex 94.5474 39.7609 0
      vertex 96.4526 40.8609 4.8
      vertex 94.5474 39.7609 4.8
    endloop
  endfacet
  facet normal -0 0 1
    outer loop
      vertex 36 11.1 0
      vertex 43 8.9 0
      vertex 43 11.1 0
    endloop
  endfacet
  facet normal 0 0 1
    outer loop
      vertex 36 11.1 0
      vertex 36 8.9 0
      vertex 43 8.9 0
    endloop
  endfacet
  facet normal 0 0 -1
    outer loop
      vertex 36 11.1 4.8
      vertex 43 11.1 4.8
      vertex 43 8.9 4.8
    endloop
  endfacet
  facet normal 0 0 -1
    outer loop
      vertex 36 11.1 4.8
      vertex 43 8.9 4.8
      vertex 36 8.9 4.8
    endloop
  endfacet
  facet normal 0 -1 0
    outer loop
      vertex 36 11.1 0
      vertex 43 11.1 0
      vertex 43 11.1 4.8
    endloop
  endfacet
  facet normal 0 -1 0
    outer loop
      vertex 36 11.1 0
      vertex 43 11.1 4.8
      vertex 36 11.1 4.8
    endloop
  endfacet
  facet normal -1 0 0
    outer loop
      vertex 43 11.1 0
      vertex 43 8.9 0
      vertex 43 8.9 4.8
    endloop
  endfacet
  facet normal -1 0 0
    outer loop
      vertex 43 11.1 0
      vertex 43 8.9 4.8
      vertex 43 11.1 4.8
    endloop
  endfacet
  facet normal 0 1 0
    outer loop
      vertex 43 8.9 0
      vertex 36 8.9 0
      vertex 36 8.9 4.8
    endloop
  endfacet
  facet normal 0 1 -0
    outer loop
      vertex 43 8.9 0
      vertex 36 8.9 4.8
      vertex 43 8.9 4.8
    endloop
  endfacet
  facet normal 1 0 0
    outer loop
      vertex 36 8.9 0
      vertex 36 11.1 0
      vertex 36 11.1 4.8
    endloop
  endfacet
  facet normal 1 0 0
    outer loop
      vertex 36 8.9 0
      vertex 36 11.1 4.8
      vertex 36 8.9 4.8
    endloop
  endfacet
  facet normal 0 0 1
    outer loop
      vertex 33.4526 89.3583 0
      vertex 35.0474 82.1961 0
      vertex 36.9526 83.2961 0
    endloop
  endfacet
  facet normal 0 0 1
    outer loop
      vertex 33.4526 89.3583 0
      vertex 31.5474 88.2583 0
      vertex 35.0474 82.1961 0
    endloop
  endfacet
  facet normal 0 0 -1
    outer loop
      vertex 33.4526 89.3583 4.8
      vertex 36.9526 83.2961 4.8
      vertex 35.0474 82.1961 4.8
    endloop
  endfacet
  facet normal 0 -0 -1
    outer loop
      vertex 33.4526 89.3583 4.8
      vertex 35.0474 82.1961 4.8
      vertex 31.5474 88.2583 4.8
    endloop
  endfacet
  facet normal -0.866026 -0.499999 0
    outer loop
      vertex 33.4526 89.3583 0
      vertex 36.9526 83.2961 0
      vertex 36.9526 83.2961 4.8
    endloop
  endfacet
  facet normal -0.866026 -0.499999 0
    outer loop
      vertex 33.4526 89.3583 0
      vertex 36.9526 83.2961 4.8
      vertex 33.4526 89.3583 4.8
    endloop
  endfacet
  facet normal -0.499999 0.866026 0
    outer loop
      vertex 36.9526 83.2961 0
      vertex 35.0474 82.1961 0
      vertex 35.0474 82.1961 4.8
    endloop
  endfacet
  facet normal -0.499999 0.866026 0
    outer loop
      vertex 36.9526 83.2961 0
      vertex 35.0474 82.1961 4.8
      vertex 36.9526 83.2961 4.8
    endloop
  endfacet
  facet normal 0.866026 0.499999 0
    outer loop
      vertex 35.0474 82.1961 0
      vertex 31.5474 88.2583 0
      vertex 31.5474 88.2583 4.8
    endloop
  endfacet
  facet normal 0.866026 0.499999 -0
    outer loop
      vertex 35.0474 82.1961 0
      vertex 31.5474 88.2583 4.8
      vertex 35.0474 82.1961 4.8
    endloop
  endfacet
  facet normal 0.499999 -0.866026 0
    outer loop
      vertex 31.5474 88.2583 0
      vertex 33.4526 89.3583 0
      vertex 33.4526 89.3583 4.8
    endloop
  endfacet
  facet normal 0.499999 -0.866026 0
    outer loop
      vertex 31.5474 88.2583 0
      vertex 33.4526 89.3583 4.8
      vertex 31.5474 88.2583 4.8
    endloop
  endfacet
  facet normal 0 0 1
    outer loop
      vertex 21.0474 59.0474 0
      vertex 26.4526 64.0096 0
      vertex 24.5474 65.1096 0
    endloop
  endfacet
  facet normal -0 0 1
    outer loop
      vertex 21.0474 59.0474 0
      vertex 22.9526 57.9474 0
      vertex 26.4526 64.0096 0
    endloop
  endfacet
  facet normal 0 0 -1
    outer loop
      vertex 21.0474 59.0474 4.8
      vertex 24.5474 65.1096 4.8
      vertex 26.4526 64.0096 4.8
    endloop
  endfacet
  facet normal 0 0 -1
    outer loop
      vertex 21.0474 59.0474 4.8
      vertex 26.4526 64.0096 4.8
      vertex 22.9526 57.9474 4.8
    endloop
  endfacet
  facet normal 0.866026 -0.499999 0
    outer loop
      vertex 21.0474 59.0474 0
      vertex 24.5474 65.1096 0
      vertex 24.5474 65.1096 4.8
    endloop
  endfacet
  facet normal 0.866026 -0.499999 0
    outer loop
      vertex 21.0474 59.0474 0
      vertex 24.5474 65.1096 4.8
      vertex 21.0474 59.0474 4.8
    endloop
  endfacet
  facet normal -0.499999 -0.866026 0
    outer loop
      vertex 24.5474 65.1096 0
      vertex 26.4526 64.0096 0
      vertex 26.4526 64.0096 4.8
    endloop
  endfacet
  facet normal -0.499999 -0.866026 0
    outer loop
      vertex 24.5474 65.1096 0
      vertex 26.4526 64.0096 4.8
      vertex 24.5474 65.1096 4.8
    endloop
  endfacet
  facet normal -0.866026 0.499999 0
    outer loop
      vertex 26.4526 64.0096 0
      vertex 22.9526 57.9474 0
      vertex 22.9526 57.9474 4.8
    endloop
  endfacet
  facet normal -0.866026 0.499999 0
    outer loop
      vertex 26.4526 64.0096 0
      vertex 22.9526 57.9474 4.8
      vertex 26.4526 64.0096 4.8
    endloop
  endfacet
  facet normal 0.499999 0.866026 0
    outer loop
      vertex 22.9526 57.9474 0
      vertex 21.0474 59.0474 0
      vertex 21.0474 59.0474 4.8
    endloop
  endfacet
  facet normal 0.499999 0.866026 -0
    outer loop
      vertex 22.9526 57.9474 0
      vertex 21.0474 59.0474 4.8
      vertex 22.9526 57.9474 4.8
    endloop
  endfacet
  facet normal 0 0 1
    outer loop
      vertex 85.9526 95.4205 0
      vertex 87.5474 88.2583 0
      vertex 89.4526 89.3583 0
    endloop
  endfacet
  facet normal 0 0 1
    outer loop
      vertex 85.9526 95.4205 0
      vertex 84.0474 94.3205 0
      vertex 87.5474 88.2583 0
    endloop
  endfacet
  facet normal 0 0 -1
    outer loop
      vertex 85.9526 95.4205 4.8
      vertex 89.4526 89.3583 4.8
      vertex 87.5474 88.2583 4.8
    endloop
  endfacet
  facet normal 0 -0 -1
    outer loop
      vertex 85.9526 95.4205 4.8
      vertex 87.5474 88.2583 4.8
      vertex 84.0474 94.3205 4.8
    endloop
  endfacet
  facet normal -0.866026 -0.499999 0
    outer loop
      vertex 85.9526 95.4205 0
      vertex 89.4526 89.3583 0
      vertex 89.4526 89.3583 4.8
    endloop
  endfacet
  facet normal -0.866026 -0.499999 0
    outer loop
      vertex 85.9526 95.4205 0
      vertex 89.4526 89.3583 4.8
      vertex 85.9526 95.4205 4.8
    endloop
  endfacet
  facet normal -0.499999 0.866026 0
    outer loop
      vertex 89.4526 89.3583 0
      vertex 87.5474 88.2583 0
      vertex 87.5474 88.2583 4.8
    endloop
  endfacet
  facet normal -0.499999 0.866026 0
    outer loop
      vertex 89.4526 89.3583 0
      vertex 87.5474 88.2583 4.8
      vertex 89.4526 89.3583 4.8
    endloop
  endfacet
  facet normal 0.866026 0.499999 0
    outer loop
      vertex 87.5474 88.2583 0
      vertex 84.0474 94.3205 0
      vertex 84.0474 94.3205 4.8
    endloop
  endfacet
  facet normal 0.866026 0.499999 -0
    outer loop
      vertex 87.5474 88.2583 0
      vertex 84.0474 94.3205 4.8
      vertex 87.5474 88.2583 4.8
    endloop
  endfacet
  facet normal 0.499999 -0.866026 0
    outer loop
      vertex 84.0474 94.3205 0
      vertex 85.9526 95.4205 0
      vertex 85.9526 95.4205 4.8
    endloop
  endfacet
  facet normal 0.499999 -0.866026 0
    outer loop
      vertex 84.0474 94.3205 0
      vertex 85.9526 95.4205 4.8
      vertex 84.0474 94.3205 4.8
    endloop
  endfacet
  facet normal 0 0 1
    outer loop
      vertex 84.0474 71.1718 0
      vertex 89.4526 76.134 0
      vertex 87.5474 77.234 0
    endloop
  endfacet
  facet normal -0 0 1
    outer loop
      vertex 84.0474 71.1718 0
      vertex 85.9526 70.0718 0
      vertex 89.4526 76.134 0
    endloop
  endfacet
  facet normal 0 0 -1
    outer loop
      vertex 84.0474 71.1718 4.8
      vertex 87.5474 77.234 4.8
      vertex 89.4526 76.134 4.8
    endloop
  endfacet
  facet normal 0 0 -1
    outer loop
      vertex 84.0474 71.1718 4.8
      vertex 89.4526 76.134 4.8
      vertex 85.9526 70.0718 4.8
    endloop
  endfacet
  facet normal 0.866026 -0.499999 0
    outer loop
      vertex 84.0474 71.1718 0
      vertex 87.5474 77.234 0
      vertex 87.5474 77.234 4.8
    endloop
  endfacet
  facet normal 0.866026 -0.499999 0
    outer loop
      vertex 84.0474 71.1718 0
      vertex 87.5474 77.234 4.8
      vertex 84.0474 71.1718 4.8
    endloop
  endfacet
  facet normal -0.499999 -0.866026 0
    outer loop
      vertex 87.5474 77.234 0
      vertex 89.4526 76.134 0
      vertex 89.4526 76.134 4.8
    endloop
  endfacet
  facet normal -0.499999 -0.866026 0
    outer loop
      vertex 87.5474 77.234 0
      vertex 89.4526 76.134 4.8
      vertex 87.5474 77.234 4.8
    endloop
  endfacet
  facet normal -0.866026 0.499999 0
    outer loop
      vertex 89.4526 76.134 0
      vertex 85.9526 70.0718 0
      vertex 85.9526 70.0718 4.8
    endloop
  endfacet
  facet normal -0.866026 0.499999 0
    outer loop
      vertex 89.4526 76.134 0
      vertex 85.9526 70.0718 4.8
      vertex 89.4526 76.134 4.8
    endloop
  endfacet
  facet normal 0.499999 0.866026 0
    outer loop
      vertex 85.9526 70.0718 0
      vertex 84.0474 71.1718 0
      vertex 84.0474 71.1718 4.8
    endloop
  endfacet
  facet normal 0.499999 0.866026 -0
    outer loop
      vertex 85.9526 70.0718 0
      vertex 84.0474 71.1718 4.8
      vertex 85.9526 70.0718 4.8
    endloop
  endfacet
  facet normal -0 0 1
    outer loop
      vertex 99 71.7218 0
      vertex 99.4 69.5218 0
      vertex 99.4 71.7218 0
    endloop
  endfacet
  facet normal 0 0 1
    outer loop
      vertex 99 71.7218 0
      vertex 99 69.5218 0
      vertex 99.4 69.5218 0
    endloop
  endfacet
  facet normal 0 0 -1
    outer loop
      vertex 99 71.7218 4.8
      vertex 99.4 71.7218 4.8
      vertex 99.4 69.5218 4.8
    endloop
  endfacet
  facet normal 0 0 -1
    outer loop
      vertex 99 71.7218 4.8
      vertex 99.4 69.5218 4.8
      vertex 99 69.5218 4.8
    endloop
  endfacet
  facet normal 0 -1 0
    outer loop
      vertex 99 71.7218 0
      vertex 99.4 71.7218 0
      vertex 99.4 71.7218 4.8
    endloop
  endfacet
  facet normal 0 -1 0
    outer loop
      vertex 99 71.7218 0
      vertex 99.4 71.7218 4.8
      vertex 99 71.7218 4.8
    endloop
  endfacet
  facet normal -1 0 0
    outer loop
      vertex 99.4 71.7218 0
      vertex 99.4 69.5218 0
      vertex 99.4 69.5218 4.8
    endloop
  endfacet
  facet normal -1 0 0
    outer loop
      vertex 99.4 71.7218 0
      vertex 99.4 69.5218 4.8
      vertex 99.4 71.7218 4.8
    endloop
  endfacet
  facet normal 0 1 0
    outer loop
      vertex 99.4 69.5218 0
      vertex 99 69.5218 0
      vertex 99 69.5218 4.8
    endloop
  endfacet
  facet normal 0 1 -0
    outer loop
      vertex 99.4 69.5218 0
      vertex 99 69.5218 4.8
      vertex 99.4 69.5218 4.8
    endloop
  endfacet
  facet normal 1 0 0
    outer loop
      vertex 99 69.5218 0
      vertex 99 71.7218 0
      vertex 99 71.7218 4.8
    endloop
  endfacet
  facet normal 1 0 0
    outer loop
      vertex 99 69.5218 0
      vertex 99 71.7218 4.8
      vertex 99 69.5218 4.8
    endloop
  endfacet
  facet normal 0 0 1
    outer loop
      vertex 73.5474 16.6122 0
      vertex 78.9526 21.5744 0
      vertex 77.0474 22.6744 0
    endloop
  endfacet
  facet normal -0 0 1
    outer loop
      vertex 73.5474 16.6122 0
      vertex 75.4526 15.5122 0
      vertex 78.9526 21.5744 0
    endloop
  endfacet
  facet normal 0 0 -1
    outer loop
      vertex 73.5474 16.6122 4.8
      vertex 77.0474 22.6744 4.8
      vertex 78.9526 21.5744 4.8
    endloop
  endfacet
  facet normal 0 0 -1
    outer loop
      vertex 73.5474 16.6122 4.8
      vertex 78.9526 21.5744 4.8
      vertex 75.4526 15.5122 4.8
    endloop
  endfacet
  facet normal 0.866026 -0.499999 0
    outer loop
      vertex 73.5474 16.6122 0
      vertex 77.0474 22.6744 0
      vertex 77.0474 22.6744 4.8
    endloop
  endfacet
  facet normal 0.866026 -0.499999 0
    outer loop
      vertex 73.5474 16.6122 0
      vertex 77.0474 22.6744 4.8
      vertex 73.5474 16.6122 4.8
    endloop
  endfacet
  facet normal -0.499999 -0.866026 0
    outer loop
      vertex 77.0474 22.6744 0
      vertex 78.9526 21.5744 0
      vertex 78.9526 21.5744 4.8
    endloop
  endfacet
  facet normal -0.499999 -0.866026 0
    outer loop
      vertex 77.0474 22.6744 0
      vertex 78.9526 21.5744 4.8
      vertex 77.0474 22.6744 4.8
    endloop
  endfacet
  facet normal -0.866026 0.499999 0
    outer loop
      vertex 78.9526 21.5744 0
      vertex 75.4526 15.5122 0
      vertex 75.4526 15.5122 4.8
    endloop
  endfacet
  facet normal -0.866026 0.499999 0
    outer loop
      vertex 78.9526 21.5744 0
      vertex 75.4526 15.5122 4.8
      vertex 78.9526 21.5744 4.8
    endloop
  endfacet
  facet normal 0.499999 0.866026 0
    outer loop
      vertex 75.4526 15.5122 0
      vertex 73.5474 16.6122 0
      vertex 73.5474 16.6122 4.8
    endloop
  endfacet
  facet normal 0.499999 0.866026 -0
    outer loop
      vertex 75.4526 15.5122 0
      vertex 73.5474 16.6122 4.8
      vertex 75.4526 15.5122 4.8
    endloop
  endfacet
  facet normal 0 0 1
    outer loop
      vertex 22.9526 71.1718 0
      vertex 24.5474 64.0096 0
      vertex 26.4526 65.1096 0
    endloop
  endfacet
  facet normal 0 0 1
    outer loop
      vertex 22.9526 71.1718 0
      vertex 21.0474 70.0718 0
      vertex 24.5474 64.0096 0
    endloop
  endfacet
  facet normal 0 0 -1
    outer loop
      vertex 22.9526 71.1718 4.8
      vertex 26.4526 65.1096 4.8
      vertex 24.5474 64.0096 4.8
    endloop
  endfacet
  facet normal 0 -0 -1
    outer loop
      vertex 22.9526 71.1718 4.8
      vertex 24.5474 64.0096 4.8
      vertex 21.0474 70.0718 4.8
    endloop
  endfacet
  facet normal -0.866026 -0.499999 0
    outer loop
      vertex 22.9526 71.1718 0
      vertex 26.4526 65.1096 0
      vertex 26.4526 65.1096 4.8
    endloop
  endfacet
  facet normal -0.866026 -0.499999 0
    outer loop
      vertex 22.9526 71.1718 0
      vertex 26.4526 65.1096 4.8
      vertex 22.9526 71.1718 4.8
    endloop
  endfacet
  facet normal -0.499999 0.866026 0
    outer loop
      vertex 26.4526 65.1096 0
      vertex 24.5474 64.0096 0
      vertex 24.5474 64.0096 4.8
    endloop
  endfacet
  facet normal -0.499999 0.866026 0
    outer loop
      vertex 26.4526 65.1096 0
      vertex 24.5474 64.0096 4.8
      vertex 26.4526 65.1096 4.8
    endloop
  endfacet
  facet normal 0.866026 0.499999 0
    outer loop
      vertex 24.5474 64.0096 0
      vertex 21.0474 70.0718 0
      vertex 21.0474 70.0718 4.8
    endloop
  endfacet
  facet normal 0.866026 0.499999 -0
    outer loop
      vertex 24.5474 64.0096 0
      vertex 21.0474 70.0718 4.8
      vertex 24.5474 64.0096 4.8
    endloop
  endfacet
  facet normal 0.499999 -0.866026 0
    outer loop
      vertex 21.0474 70.0718 0
      vertex 22.9526 71.1718 0
      vertex 22.9526 71.1718 4.8
    endloop
  endfacet
  facet normal 0.499999 -0.866026 0
    outer loop
      vertex 21.0474 70.0718 0
      vertex 22.9526 71.1718 4.8
      vertex 21.0474 70.0718 4.8
    endloop
  endfacet
  facet normal 0 0 1
    outer loop
      vertex 54.4526 65.1096 0
      vertex 56.0474 57.9474 0
      vertex 57.9526 59.0474 0
    endloop
  endfacet
  facet normal 0 0 1
    outer loop
      vertex 54.4526 65.1096 0
      vertex 52.5474 64.0096 0
      vertex 56.0474 57.9474 0
    endloop
  endfacet
  facet normal 0 0 -1
    outer loop
      vertex 54.4526 65.1096 4.8
      vertex 57.9526 59.0474 4.8
      vertex 56.0474 57.9474 4.8
    endloop
  endfacet
  facet normal 0 -0 -1
    outer loop
      vertex 54.4526 65.1096 4.8
      vertex 56.0474 57.9474 4.8
      vertex 52.5474 64.0096 4.8
    endloop
  endfacet
  facet normal -0.866026 -0.499999 0
    outer loop
      vertex 54.4526 65.1096 0
      vertex 57.9526 59.0474 0
      vertex 57.9526 59.0474 4.8
    endloop
  endfacet
  facet normal -0.866026 -0.499999 0
    outer loop
      vertex 54.4526 65.1096 0
      vertex 57.9526 59.0474 4.8
      vertex 54.4526 65.1096 4.8
    endloop
  endfacet
  facet normal -0.499999 0.866026 0
    outer loop
      vertex 57.9526 59.0474 0
      vertex 56.0474 57.9474 0
      vertex 56.0474 57.9474 4.8
    endloop
  endfacet
  facet normal -0.499999 0.866026 0
    outer loop
      vertex 57.9526 59.0474 0
      vertex 56.0474 57.9474 4.8
      vertex 57.9526 59.0474 4.8
    endloop
  endfacet
  facet normal 0.866026 0.499999 0
    outer loop
      vertex 56.0474 57.9474 0
      vertex 52.5474 64.0096 0
      vertex 52.5474 64.0096 4.8
    endloop
  endfacet
  facet normal 0.866026 0.499999 -0
    outer loop
      vertex 56.0474 57.9474 0
      vertex 52.5474 64.0096 4.8
      vertex 56.0474 57.9474 4.8
    endloop
  endfacet
  facet normal 0.499999 -0.866026 0
    outer loop
      vertex 52.5474 64.0096 0
      vertex 54.4526 65.1096 0
      vertex 54.4526 65.1096 4.8
    endloop
  endfacet
  facet normal 0.499999 -0.866026 0
    outer loop
      vertex 52.5474 64.0096 0
      vertex 54.4526 65.1096 4.8
      vertex 52.5474 64.0096 4.8
    endloop
  endfacet
  facet normal -0 0 1
    outer loop
      vertex 36 71.7218 0
      vertex 43 69.5218 0
      vertex 43 71.7218 0
    endloop
  endfacet
  facet normal 0 0 1
    outer loop
      vertex 36 71.7218 0
      vertex 36 69.5218 0
      vertex 43 69.5218 0
    endloop
  endfacet
  facet normal 0 0 -1
    outer loop
      vertex 36 71.7218 4.8
      vertex 43 71.7218 4.8
      vertex 43 69.5218 4.8
    endloop
  endfacet
  facet normal 0 0 -1
    outer loop
      vertex 36 71.7218 4.8
      vertex 43 69.5218 4.8
      vertex 36 69.5218 4.8
    endloop
  endfacet
  facet normal 0 -1 0
    outer loop
      vertex 36 71.7218 0
      vertex 43 71.7218 0
      vertex 43 71.7218 4.8
    endloop
  endfacet
  facet normal 0 -1 0
    outer loop
      vertex 36 71.7218 0
      vertex 43 71.7218 4.8
      vertex 36 71.7218 4.8
    endloop
  endfacet
  facet normal -1 0 0
    outer loop
      vertex 43 71.7218 0
      vertex 43 69.5218 0
      vertex 43 69.5218 4.8
    endloop
  endfacet
  facet normal -1 0 0
    outer loop
      vertex 43 71.7218 0
      vertex 43 69.5218 4.8
      vertex 43 71.7218 4.8
    endloop
  endfacet
  facet normal 0 1 0
    outer loop
      vertex 43 69.5218 0
      vertex 36 69.5218 0
      vertex 36 69.5218 4.8
    endloop
  endfacet
  facet normal 0 1 -0
    outer loop
      vertex 43 69.5218 0
      vertex 36 69.5218 4.8
      vertex 43 69.5218 4.8
    endloop
  endfacet
  facet normal 1 0 0
    outer loop
      vertex 36 69.5218 0
      vertex 36 71.7218 0
      vertex 36 71.7218 4.8
    endloop
  endfacet
  facet normal 1 0 0
    outer loop
      vertex 36 69.5218 0
      vertex 36 71.7218 4.8
      vertex 36 69.5218 4.8
    endloop
  endfacet
  facet normal 0 0 1
    outer loop
      vertex 31.5474 16.6122 0
      vertex 36.9526 21.5744 0
      vertex 35.0474 22.6744 0
    endloop
  endfacet
  facet normal -0 0 1
    outer loop
      vertex 31.5474 16.6122 0
      vertex 33.4526 15.5122 0
      vertex 36.9526 21.5744 0
    endloop
  endfacet
  facet normal 0 0 -1
    outer loop
      vertex 31.5474 16.6122 4.8
      vertex 35.0474 22.6744 4.8
      vertex 36.9526 21.5744 4.8
    endloop
  endfacet
  facet normal 0 0 -1
    outer loop
      vertex 31.5474 16.6122 4.8
      vertex 36.9526 21.5744 4.8
      vertex 33.4526 15.5122 4.8
    endloop
  endfacet
  facet normal 0.866026 -0.499999 0
    outer loop
      vertex 31.5474 16.6122 0
      vertex 35.0474 22.6744 0
      vertex 35.0474 22.6744 4.8
    endloop
  endfacet
  facet normal 0.866026 -0.499999 0
    outer loop
      vertex 31.5474 16.6122 0
      vertex 35.0474 22.6744 4.8
      vertex 31.5474 16.6122 4.8
    endloop
  endfacet
  facet normal -0.499999 -0.866026 0
    outer loop
      vertex 35.0474 22.6744 0
      vertex 36.9526 21.5744 0
      vertex 36.9526 21.5744 4.8
    endloop
  endfacet
  facet normal -0.499999 -0.866026 0
    outer loop
      vertex 35.0474 22.6744 0
      vertex 36.9526 21.5744 4.8
      vertex 35.0474 22.6744 4.8
    endloop
  endfacet
  facet normal -0.866026 0.499999 0
    outer loop
      vertex 36.9526 21.5744 0
      vertex 33.4526 15.5122 0
      vertex 33.4526 15.5122 4.8
    endloop
  endfacet
  facet normal -0.866026 0.499999 0
    outer loop
      vertex 36.9526 21.5744 0
      vertex 33.4526 15.5122 4.8
      vertex 36.9526 21.5744 4.8
    endloop
  endfacet
  facet normal 0.499999 0.866026 0
    outer loop
      vertex 33.4526 15.5122 0
      vertex 31.5474 16.6122 0
      vertex 31.5474 16.6122 4.8
    endloop
  endfacet
  facet normal 0.499999 0.866026 -0
    outer loop
      vertex 33.4526 15.5122 0
      vertex 31.5474 16.6122 4.8
      vertex 33.4526 15.5122 4.8
    endloop
  endfacet
  facet normal -0 0 1
    outer loop
      vertex 42.0475 95.4207 0
      vertex 44.0273 94.4498 0
      vertex 42.1223 95.5502 0
    endloop
  endfacet
  facet normal 0 0 1
    outer loop
      vertex 42.0475 95.4207 0
      vertex 43.9525 94.3203 0
      vertex 44.0273 94.4498 0
    endloop
  endfacet
  facet normal 0 0 -1
    outer loop
      vertex 42.0475 95.4207 4.8
      vertex 42.1223 95.5502 4.8
      vertex 44.0273 94.4498 4.8
    endloop
  endfacet
  facet normal 0 0 -1
    outer loop
      vertex 42.0475 95.4207 4.8
      vertex 44.0273 94.4498 4.8
      vertex 43.9525 94.3203 4.8
    endloop
  endfacet
  facet normal 0.865929 -0.500166 0
    outer loop
      vertex 42.0475 95.4207 0
      vertex 42.1223 95.5502 0
      vertex 42.1223 95.5502 4.8
    endloop
  endfacet
  facet normal 0.865929 -0.500166 0
    outer loop
      vertex 42.0475 95.4207 0
      vertex 42.1223 95.5502 4.8
      vertex 42.0475 95.4207 4.8
    endloop
  endfacet
  facet normal -0.500166 -0.865929 0
    outer loop
      vertex 42.1223 95.5502 0
      vertex 44.0273 94.4498 0
      vertex 44.0273 94.4498 4.8
    endloop
  endfacet
  facet normal -0.500166 -0.865929 0
    outer loop
      vertex 42.1223 95.5502 0
      vertex 44.0273 94.4498 4.8
      vertex 42.1223 95.5502 4.8
    endloop
  endfacet
  facet normal -0.865929 0.500166 0
    outer loop
      vertex 44.0273 94.4498 0
      vertex 43.9525 94.3203 0
      vertex 43.9525 94.3203 4.8
    endloop
  endfacet
  facet normal -0.865929 0.500166 0
    outer loop
      vertex 44.0273 94.4498 0
      vertex 43.9525 94.3203 4.8
      vertex 44.0273 94.4498 4.8
    endloop
  endfacet
  facet normal 0.500166 0.865929 0
    outer loop
      vertex 43.9525 94.3203 0
      vertex 42.0475 95.4207 0
      vertex 42.0475 95.4207 4.8
    endloop
  endfacet
  facet normal 0.500166 0.865929 -0
    outer loop
      vertex 43.9525 94.3203 0
      vertex 42.0475 95.4207 4.8
      vertex 43.9525 94.3203 4.8
    endloop
  endfacet
  facet normal 0 0 1
    outer loop
      vertex 43.9526 95.4205 0
      vertex 45.5474 88.2583 0
      vertex 47.4526 89.3583 0
    endloop
  endfacet
  facet normal 0 0 1
    outer loop
      vertex 43.9526 95.4205 0
      vertex 42.0474 94.3205 0
      vertex 45.5474 88.2583 0
    endloop
  endfacet
  facet normal 0 0 -1
    outer loop
      vertex 43.9526 95.4205 4.8
      vertex 47.4526 89.3583 4.8
      vertex 45.5474 88.2583 4.8
    endloop
  endfacet
  facet normal 0 -0 -1
    outer loop
      vertex 43.9526 95.4205 4.8
      vertex 45.5474 88.2583 4.8
      vertex 42.0474 94.3205 4.8
    endloop
  endfacet
  facet normal -0.866026 -0.499999 0
    outer loop
      vertex 43.9526 95.4205 0
      vertex 47.4526 89.3583 0
      vertex 47.4526 89.3583 4.8
    endloop
  endfacet
  facet normal -0.866026 -0.499999 0
    outer loop
      vertex 43.9526 95.4205 0
      vertex 47.4526 89.3583 4.8
      vertex 43.9526 95.4205 4.8
    endloop
  endfacet
  facet normal -0.499999 0.866026 0
    outer loop
      vertex 47.4526 89.3583 0
      vertex 45.5474 88.2583 0
      vertex 45.5474 88.2583 4.8
    endloop
  endfacet
  facet normal -0.499999 0.866026 0
    outer loop
      vertex 47.4526 89.3583 0
      vertex 45.5474 88.2583 4.8
      vertex 47.4526 89.3583 4.8
    endloop
  endfacet
  facet normal 0.866026 0.499999 0
    outer loop
      vertex 45.5474 88.2583 0
      vertex 42.0474 94.3205 0
      vertex 42.0474 94.3205 4.8
    endloop
  endfacet
  facet normal 0.866026 0.499999 -0
    outer loop
      vertex 45.5474 88.2583 0
      vertex 42.0474 94.3205 4.8
      vertex 45.5474 88.2583 4.8
    endloop
  endfacet
  facet normal 0.499999 -0.866026 0
    outer loop
      vertex 42.0474 94.3205 0
      vertex 43.9526 95.4205 0
      vertex 43.9526 95.4205 4.8
    endloop
  endfacet
  facet normal 0.499999 -0.866026 0
    outer loop
      vertex 42.0474 94.3205 0
      vertex 43.9526 95.4205 4.8
      vertex 42.0474 94.3205 4.8
    endloop
  endfacet
  facet normal 0 0 1
    outer loop
      vertex 63.0474 10.55 0
      vertex 68.4526 15.5122 0
      vertex 66.5474 16.6122 0
    endloop
  endfacet
  facet normal -0 0 1
    outer loop
      vertex 63.0474 10.55 0
      vertex 64.9526 9.45 0
      vertex 68.4526 15.5122 0
    endloop
  endfacet
  facet normal 0 0 -1
    outer loop
      vertex 63.0474 10.55 4.8
      vertex 66.5474 16.6122 4.8
      vertex 68.4526 15.5122 4.8
    endloop
  endfacet
  facet normal 0 0 -1
    outer loop
      vertex 63.0474 10.55 4.8
      vertex 68.4526 15.5122 4.8
      vertex 64.9526 9.45 4.8
    endloop
  endfacet
  facet normal 0.866026 -0.499999 0
    outer loop
      vertex 63.0474 10.55 0
      vertex 66.5474 16.6122 0
      vertex 66.5474 16.6122 4.8
    endloop
  endfacet
  facet normal 0.866026 -0.499999 0
    outer loop
      vertex 63.0474 10.55 0
      vertex 66.5474 16.6122 4.8
      vertex 63.0474 10.55 4.8
    endloop
  endfacet
  facet normal -0.499999 -0.866026 0
    outer loop
      vertex 66.5474 16.6122 0
      vertex 68.4526 15.5122 0
      vertex 68.4526 15.5122 4.8
    endloop
  endfacet
  facet normal -0.499999 -0.866026 0
    outer loop
      vertex 66.5474 16.6122 0
      vertex 68.4526 15.5122 4.8
      vertex 66.5474 16.6122 4.8
    endloop
  endfacet
  facet normal -0.866026 0.499999 0
    outer loop
      vertex 68.4526 15.5122 0
      vertex 64.9526 9.45 0
      vertex 64.9526 9.45 4.8
    endloop
  endfacet
  facet normal -0.866026 0.499999 0
    outer loop
      vertex 68.4526 15.5122 0
      vertex 64.9526 9.45 4.8
      vertex 68.4526 15.5122 4.8
    endloop
  endfacet
  facet normal 0.499999 0.866026 0
    outer loop
      vertex 64.9526 9.45 0
      vertex 63.0474 10.55 0
      vertex 63.0474 10.55 4.8
    endloop
  endfacet
  facet normal 0.499999 0.866026 -0
    outer loop
      vertex 64.9526 9.45 0
      vertex 63.0474 10.55 4.8
      vertex 64.9526 9.45 4.8
    endloop
  endfacet
  facet normal 0 0 1
    outer loop
      vertex 64.9526 46.9231 0
      vertex 66.5474 39.7609 0
      vertex 68.4526 40.8609 0
    endloop
  endfacet
  facet normal 0 0 1
    outer loop
      vertex 64.9526 46.9231 0
      vertex 63.0474 45.8231 0
      vertex 66.5474 39.7609 0
    endloop
  endfacet
  facet normal 0 0 -1
    outer loop
      vertex 64.9526 46.9231 4.8
      vertex 68.4526 40.8609 4.8
      vertex 66.5474 39.7609 4.8
    endloop
  endfacet
  facet normal 0 -0 -1
    outer loop
      vertex 64.9526 46.9231 4.8
      vertex 66.5474 39.7609 4.8
      vertex 63.0474 45.8231 4.8
    endloop
  endfacet
  facet normal -0.866026 -0.499999 0
    outer loop
      vertex 64.9526 46.9231 0
      vertex 68.4526 40.8609 0
      vertex 68.4526 40.8609 4.8
    endloop
  endfacet
  facet normal -0.866026 -0.499999 0
    outer loop
      vertex 64.9526 46.9231 0
      vertex 68.4526 40.8609 4.8
      vertex 64.9526 46.9231 4.8
    endloop
  endfacet
  facet normal -0.499999 0.866026 0
    outer loop
      vertex 68.4526 40.8609 0
      vertex 66.5474 39.7609 0
      vertex 66.5474 39.7609 4.8
    endloop
  endfacet
  facet normal -0.499999 0.866026 0
    outer loop
      vertex 68.4526 40.8609 0
      vertex 66.5474 39.7609 4.8
      vertex 68.4526 40.8609 4.8
    endloop
  endfacet
  facet normal 0.866026 0.499999 0
    outer loop
      vertex 66.5474 39.7609 0
      vertex 63.0474 45.8231 0
      vertex 63.0474 45.8231 4.8
    endloop
  endfacet
  facet normal 0.866026 0.499999 -0
    outer loop
      vertex 66.5474 39.7609 0
      vertex 63.0474 45.8231 4.8
      vertex 66.5474 39.7609 4.8
    endloop
  endfacet
  facet normal 0.499999 -0.866026 0
    outer loop
      vertex 63.0474 45.8231 0
      vertex 64.9526 46.9231 0
      vertex 64.9526 46.9231 4.8
    endloop
  endfacet
  facet normal 0.499999 -0.866026 0
    outer loop
      vertex 63.0474 45.8231 0
      vertex 64.9526 46.9231 4.8
      vertex 63.0474 45.8231 4.8
    endloop
  endfacet
  facet normal 0 0 1
    outer loop
      vertex 54.4526 77.234 0
      vertex 56.0474 70.0718 0
      vertex 57.9526 71.1718 0
    endloop
  endfacet
  facet normal 0 0 1
    outer loop
      vertex 54.4526 77.234 0
      vertex 52.5474 76.134 0
      vertex 56.0474 70.0718 0
    endloop
  endfacet
  facet normal 0 0 -1
    outer loop
      vertex 54.4526 77.234 4.8
      vertex 57.9526 71.1718 4.8
      vertex 56.0474 70.0718 4.8
    endloop
  endfacet
  facet normal 0 -0 -1
    outer loop
      vertex 54.4526 77.234 4.8
      vertex 56.0474 70.0718 4.8
      vertex 52.5474 76.134 4.8
    endloop
  endfacet
  facet normal -0.866026 -0.499999 0
    outer loop
      vertex 54.4526 77.234 0
      vertex 57.9526 71.1718 0
      vertex 57.9526 71.1718 4.8
    endloop
  endfacet
  facet normal -0.866026 -0.499999 0
    outer loop
      vertex 54.4526 77.234 0
      vertex 57.9526 71.1718 4.8
      vertex 54.4526 77.234 4.8
    endloop
  endfacet
  facet normal -0.499999 0.866026 0
    outer loop
      vertex 57.9526 71.1718 0
      vertex 56.0474 70.0718 0
      vertex 56.0474 70.0718 4.8
    endloop
  endfacet
  facet normal -0.499999 0.866026 0
    outer loop
      vertex 57.9526 71.1718 0
      vertex 56.0474 70.0718 4.8
      vertex 57.9526 71.1718 4.8
    endloop
  endfacet
  facet normal 0.866026 0.499999 0
    outer loop
      vertex 56.0474 70.0718 0
      vertex 52.5474 76.134 0
      vertex 52.5474 76.134 4.8
    endloop
  endfacet
  facet normal 0.866026 0.499999 -0
    outer loop
      vertex 56.0474 70.0718 0
      vertex 52.5474 76.134 4.8
      vertex 56.0474 70.0718 4.8
    endloop
  endfacet
  facet normal 0.499999 -0.866026 0
    outer loop
      vertex 52.5474 76.134 0
      vertex 54.4526 77.234 0
      vertex 54.4526 77.234 4.8
    endloop
  endfacet
  facet normal 0.499999 -0.866026 0
    outer loop
      vertex 52.5474 76.134 0
      vertex 54.4526 77.234 4.8
      vertex 52.5474 76.134 4.8
    endloop
  endfacet
  facet normal -0 0 1
    outer loop
      vertex 8 41.4109 0
      vertex 11.5 39.2109 0
      vertex 11.5 41.4109 0
    endloop
  endfacet
  facet normal 0 0 1
    outer loop
      vertex 8 41.4109 0
      vertex 8 39.2109 0
      vertex 11.5 39.2109 0
    endloop
  endfacet
  facet normal 0 0 -1
    outer loop
      vertex 8 41.4109 4.8
      vertex 11.5 41.4109 4.8
      vertex 11.5 39.2109 4.8
    endloop
  endfacet
  facet normal 0 0 -1
    outer loop
      vertex 8 41.4109 4.8
      vertex 11.5 39.2109 4.8
      vertex 8 39.2109 4.8
    endloop
  endfacet
  facet normal 0 -1 0
    outer loop
      vertex 8 41.4109 0
      vertex 11.5 41.4109 0
      vertex 11.5 41.4109 4.8
    endloop
  endfacet
  facet normal 0 -1 0
    outer loop
      vertex 8 41.4109 0
      vertex 11.5 41.4109 4.8
      vertex 8 41.4109 4.8
    endloop
  endfacet
  facet normal -1 0 0
    outer loop
      vertex 11.5 41.4109 0
      vertex 11.5 39.2109 0
      vertex 11.5 39.2109 4.8
    endloop
  endfacet
  facet normal -1 0 0
    outer loop
      vertex 11.5 41.4109 0
      vertex 11.5 39.2109 4.8
      vertex 11.5 41.4109 4.8
    endloop
  endfacet
  facet normal 0 1 0
    outer loop
      vertex 11.5 39.2109 0
      vertex 8 39.2109 0
      vertex 8 39.2109 4.8
    endloop
  endfacet
  facet normal 0 1 -0
    outer loop
      vertex 11.5 39.2109 0
      vertex 8 39.2109 4.8
      vertex 11.5 39.2109 4.8
    endloop
  endfacet
  facet normal 1 0 0
    outer loop
      vertex 8 39.2109 0
      vertex 8 41.4109 0
      vertex 8 41.4109 4.8
    endloop
  endfacet
  facet normal 1 0 0
    outer loop
      vertex 8 39.2109 0
      vertex 8 41.4109 4.8
      vertex 8 39.2109 4.8
    endloop
  endfacet
  facet normal 0 0 1
    outer loop
      vertex 52.5474 28.7365 0
      vertex 57.9526 33.6987 0
      vertex 56.0474 34.7987 0
    endloop
  endfacet
  facet normal -0 0 1
    outer loop
      vertex 52.5474 28.7365 0
      vertex 54.4526 27.6365 0
      vertex 57.9526 33.6987 0
    endloop
  endfacet
  facet normal 0 0 -1
    outer loop
      vertex 52.5474 28.7365 4.8
      vertex 56.0474 34.7987 4.8
      vertex 57.9526 33.6987 4.8
    endloop
  endfacet
  facet normal 0 0 -1
    outer loop
      vertex 52.5474 28.7365 4.8
      vertex 57.9526 33.6987 4.8
      vertex 54.4526 27.6365 4.8
    endloop
  endfacet
  facet normal 0.866026 -0.499999 0
    outer loop
      vertex 52.5474 28.7365 0
      vertex 56.0474 34.7987 0
      vertex 56.0474 34.7987 4.8
    endloop
  endfacet
  facet normal 0.866026 -0.499999 0
    outer loop
      vertex 52.5474 28.7365 0
      vertex 56.0474 34.7987 4.8
      vertex 52.5474 28.7365 4.8
    endloop
  endfacet
  facet normal -0.499999 -0.866026 0
    outer loop
      vertex 56.0474 34.7987 0
      vertex 57.9526 33.6987 0
      vertex 57.9526 33.6987 4.8
    endloop
  endfacet
  facet normal -0.499999 -0.866026 0
    outer loop
      vertex 56.0474 34.7987 0
      vertex 57.9526 33.6987 4.8
      vertex 56.0474 34.7987 4.8
    endloop
  endfacet
  facet normal -0.866026 0.499999 0
    outer loop
      vertex 57.9526 33.6987 0
      vertex 54.4526 27.6365 0
      vertex 54.4526 27.6365 4.8
    endloop
  endfacet
  facet normal -0.866026 0.499999 0
    outer loop
      vertex 57.9526 33.6987 0
      vertex 54.4526 27.6365 4.8
      vertex 57.9526 33.6987 4.8
    endloop
  endfacet
  facet normal 0.499999 0.866026 0
    outer loop
      vertex 54.4526 27.6365 0
      vertex 52.5474 28.7365 0
      vertex 52.5474 28.7365 4.8
    endloop
  endfacet
  facet normal 0.499999 0.866026 -0
    outer loop
      vertex 54.4526 27.6365 0
      vertex 52.5474 28.7365 4.8
      vertex 54.4526 27.6365 4.8
    endloop
  endfacet
  facet normal -0 0 1
    outer loop
      vertex 63.0475 95.4207 0
      vertex 65.0273 94.4498 0
      vertex 63.1223 95.5502 0
    endloop
  endfacet
  facet normal 0 0 1
    outer loop
      vertex 63.0475 95.4207 0
      vertex 64.9525 94.3203 0
      vertex 65.0273 94.4498 0
    endloop
  endfacet
  facet normal 0 0 -1
    outer loop
      vertex 63.0475 95.4207 4.8
      vertex 63.1223 95.5502 4.8
      vertex 65.0273 94.4498 4.8
    endloop
  endfacet
  facet normal 0 0 -1
    outer loop
      vertex 63.0475 95.4207 4.8
      vertex 65.0273 94.4498 4.8
      vertex 64.9525 94.3203 4.8
    endloop
  endfacet
  facet normal 0.865929 -0.500166 0
    outer loop
      vertex 63.0475 95.4207 0
      vertex 63.1223 95.5502 0
      vertex 63.1223 95.5502 4.8
    endloop
  endfacet
  facet normal 0.865929 -0.500166 0
    outer loop
      vertex 63.0475 95.4207 0
      vertex 63.1223 95.5502 4.8
      vertex 63.0475 95.4207 4.8
    endloop
  endfacet
  facet normal -0.500166 -0.865929 0
    outer loop
      vertex 63.1223 95.5502 0
      vertex 65.0273 94.4498 0
      vertex 65.0273 94.4498 4.8
    endloop
  endfacet
  facet normal -0.500166 -0.865929 0
    outer loop
      vertex 63.1223 95.5502 0
      vertex 65.0273 94.4498 4.8
      vertex 63.1223 95.5502 4.8
    endloop
  endfacet
  facet normal -0.865929 0.500166 0
    outer loop
      vertex 65.0273 94.4498 0
      vertex 64.9525 94.3203 0
      vertex 64.9525 94.3203 4.8
    endloop
  endfacet
  facet normal -0.865929 0.500166 0
    outer loop
      vertex 65.0273 94.4498 0
      vertex 64.9525 94.3203 4.8
      vertex 65.0273 94.4498 4.8
    endloop
  endfacet
  facet normal 0.500166 0.865929 0
    outer loop
      vertex 64.9525 94.3203 0
      vertex 63.0475 95.4207 0
      vertex 63.0475 95.4207 4.8
    endloop
  endfacet
  facet normal 0.500166 0.865929 -0
    outer loop
      vertex 64.9525 94.3203 0
      vertex 63.0475 95.4207 4.8
      vertex 64.9525 94.3203 4.8
    endloop
  endfacet
  facet normal 0 0 1
    outer loop
      vertex 31.5474 28.7365 0
      vertex 36.9526 33.6987 0
      vertex 35.0474 34.7987 0
    endloop
  endfacet
  facet normal -0 0 1
    outer loop
      vertex 31.5474 28.7365 0
      vertex 33.4526 27.6365 0
      vertex 36.9526 33.6987 0
    endloop
  endfacet
  facet normal 0 0 -1
    outer loop
      vertex 31.5474 28.7365 4.8
      vertex 35.0474 34.7987 4.8
      vertex 36.9526 33.6987 4.8
    endloop
  endfacet
  facet normal 0 0 -1
    outer loop
      vertex 31.5474 28.7365 4.8
      vertex 36.9526 33.6987 4.8
      vertex 33.4526 27.6365 4.8
    endloop
  endfacet
  facet normal 0.866026 -0.499999 0
    outer loop
      vertex 31.5474 28.7365 0
      vertex 35.0474 34.7987 0
      vertex 35.0474 34.7987 4.8
    endloop
  endfacet
  facet normal 0.866026 -0.499999 0
    outer loop
      vertex 31.5474 28.7365 0
      vertex 35.0474 34.7987 4.8
      vertex 31.5474 28.7365 4.8
    endloop
  endfacet
  facet normal -0.499999 -0.866026 0
    outer loop
      vertex 35.0474 34.7987 0
      vertex 36.9526 33.6987 0
      vertex 36.9526 33.6987 4.8
    endloop
  endfacet
  facet normal -0.499999 -0.866026 0
    outer loop
      vertex 35.0474 34.7987 0
      vertex 36.9526 33.6987 4.8
      vertex 35.0474 34.7987 4.8
    endloop
  endfacet
  facet normal -0.866026 0.499999 0
    outer loop
      vertex 36.9526 33.6987 0
      vertex 33.4526 27.6365 0
      vertex 33.4526 27.6365 4.8
    endloop
  endfacet
  facet normal -0.866026 0.499999 0
    outer loop
      vertex 36.9526 33.6987 0
      vertex 33.4526 27.6365 4.8
      vertex 36.9526 33.6987 4.8
    endloop
  endfacet
  facet normal 0.499999 0.866026 0
    outer loop
      vertex 33.4526 27.6365 0
      vertex 31.5474 28.7365 0
      vertex 31.5474 28.7365 4.8
    endloop
  endfacet
  facet normal 0.499999 0.866026 -0
    outer loop
      vertex 33.4526 27.6365 0
      vertex 31.5474 28.7365 4.8
      vertex 33.4526 27.6365 4.8
    endloop
  endfacet
  facet normal 0 0 1
    outer loop
      vertex 96.4526 28.7365 0
      vertex 98.0474 21.5744 0
      vertex 99.9526 22.6744 0
    endloop
  endfacet
  facet normal 0 0 1
    outer loop
      vertex 96.4526 28.7365 0
      vertex 94.5474 27.6365 0
      vertex 98.0474 21.5744 0
    endloop
  endfacet
  facet normal 0 0 -1
    outer loop
      vertex 96.4526 28.7365 4.8
      vertex 99.9526 22.6744 4.8
      vertex 98.0474 21.5744 4.8
    endloop
  endfacet
  facet normal 0 -0 -1
    outer loop
      vertex 96.4526 28.7365 4.8
      vertex 98.0474 21.5744 4.8
      vertex 94.5474 27.6365 4.8
    endloop
  endfacet
  facet normal -0.866023 -0.500005 0
    outer loop
      vertex 96.4526 28.7365 0
      vertex 99.9526 22.6744 0
      vertex 99.9526 22.6744 4.8
    endloop
  endfacet
  facet normal -0.866023 -0.500005 0
    outer loop
      vertex 96.4526 28.7365 0
      vertex 99.9526 22.6744 4.8
      vertex 96.4526 28.7365 4.8
    endloop
  endfacet
  facet normal -0.500005 0.866023 0
    outer loop
      vertex 99.9526 22.6744 0
      vertex 98.0474 21.5744 0
      vertex 98.0474 21.5744 4.8
    endloop
  endfacet
  facet normal -0.500005 0.866023 0
    outer loop
      vertex 99.9526 22.6744 0
      vertex 98.0474 21.5744 4.8
      vertex 99.9526 22.6744 4.8
    endloop
  endfacet
  facet normal 0.866023 0.500005 0
    outer loop
      vertex 98.0474 21.5744 0
      vertex 94.5474 27.6365 0
      vertex 94.5474 27.6365 4.8
    endloop
  endfacet
  facet normal 0.866023 0.500005 -0
    outer loop
      vertex 98.0474 21.5744 0
      vertex 94.5474 27.6365 4.8
      vertex 98.0474 21.5744 4.8
    endloop
  endfacet
  facet normal 0.500005 -0.866023 0
    outer loop
      vertex 94.5474 27.6365 0
      vertex 96.4526 28.7365 0
      vertex 96.4526 28.7365 4.8
    endloop
  endfacet
  facet normal 0.500005 -0.866023 0
    outer loop
      vertex 94.5474 27.6365 0
      vertex 96.4526 28.7365 4.8
      vertex 94.5474 27.6365 4.8
    endloop
  endfacet
  facet normal 0 0 1
    outer loop
      vertex 52.5474 89.3583 0
      vertex 57.9526 94.3205 0
      vertex 56.0474 95.4205 0
    endloop
  endfacet
  facet normal -0 0 1
    outer loop
      vertex 52.5474 89.3583 0
      vertex 54.4526 88.2583 0
      vertex 57.9526 94.3205 0
    endloop
  endfacet
  facet normal 0 0 -1
    outer loop
      vertex 52.5474 89.3583 4.8
      vertex 56.0474 95.4205 4.8
      vertex 57.9526 94.3205 4.8
    endloop
  endfacet
  facet normal 0 0 -1
    outer loop
      vertex 52.5474 89.3583 4.8
      vertex 57.9526 94.3205 4.8
      vertex 54.4526 88.2583 4.8
    endloop
  endfacet
  facet normal 0.866026 -0.499999 0
    outer loop
      vertex 52.5474 89.3583 0
      vertex 56.0474 95.4205 0
      vertex 56.0474 95.4205 4.8
    endloop
  endfacet
  facet normal 0.866026 -0.499999 0
    outer loop
      vertex 52.5474 89.3583 0
      vertex 56.0474 95.4205 4.8
      vertex 52.5474 89.3583 4.8
    endloop
  endfacet
  facet normal -0.499999 -0.866026 0
    outer loop
      vertex 56.0474 95.4205 0
      vertex 57.9526 94.3205 0
      vertex 57.9526 94.3205 4.8
    endloop
  endfacet
  facet normal -0.499999 -0.866026 0
    outer loop
      vertex 56.0474 95.4205 0
      vertex 57.9526 94.3205 4.8
      vertex 56.0474 95.4205 4.8
    endloop
  endfacet
  facet normal -0.866026 0.499999 0
    outer loop
      vertex 57.9526 94.3205 0
      vertex 54.4526 88.2583 0
      vertex 54.4526 88.2583 4.8
    endloop
  endfacet
  facet normal -0.866026 0.499999 0
    outer loop
      vertex 57.9526 94.3205 0
      vertex 54.4526 88.2583 4.8
      vertex 57.9526 94.3205 4.8
    endloop
  endfacet
  facet normal 0.499999 0.866026 0
    outer loop
      vertex 54.4526 88.2583 0
      vertex 52.5474 89.3583 0
      vertex 52.5474 89.3583 4.8
    endloop
  endfacet
  facet normal 0.499999 0.866026 -0
    outer loop
      vertex 54.4526 88.2583 0
      vertex 52.5474 89.3583 4.8
      vertex 54.4526 88.2583 4.8
    endloop
  endfacet
  facet normal 0 0 1
    outer loop
      vertex 94.5474 28.7365 0
      vertex 99.9526 33.6987 0
      vertex 98.0474 34.7987 0
    endloop
  endfacet
  facet normal -0 0 1
    outer loop
      vertex 94.5474 28.7365 0
      vertex 96.4526 27.6365 0
      vertex 99.9526 33.6987 0
    endloop
  endfacet
  facet normal 0 0 -1
    outer loop
      vertex 94.5474 28.7365 4.8
      vertex 98.0474 34.7987 4.8
      vertex 99.9526 33.6987 4.8
    endloop
  endfacet
  facet normal 0 0 -1
    outer loop
      vertex 94.5474 28.7365 4.8
      vertex 99.9526 33.6987 4.8
      vertex 96.4526 27.6365 4.8
    endloop
  endfacet
  facet normal 0.866026 -0.499999 0
    outer loop
      vertex 94.5474 28.7365 0
      vertex 98.0474 34.7987 0
      vertex 98.0474 34.7987 4.8
    endloop
  endfacet
  facet normal 0.866026 -0.499999 0
    outer loop
      vertex 94.5474 28.7365 0
      vertex 98.0474 34.7987 4.8
      vertex 94.5474 28.7365 4.8
    endloop
  endfacet
  facet normal -0.499999 -0.866026 0
    outer loop
      vertex 98.0474 34.7987 0
      vertex 99.9526 33.6987 0
      vertex 99.9526 33.6987 4.8
    endloop
  endfacet
  facet normal -0.499999 -0.866026 0
    outer loop
      vertex 98.0474 34.7987 0
      vertex 99.9526 33.6987 4.8
      vertex 98.0474 34.7987 4.8
    endloop
  endfacet
  facet normal -0.866026 0.499999 0
    outer loop
      vertex 99.9526 33.6987 0
      vertex 96.4526 27.6365 0
      vertex 96.4526 27.6365 4.8
    endloop
  endfacet
  facet normal -0.866026 0.499999 0
    outer loop
      vertex 99.9526 33.6987 0
      vertex 96.4526 27.6365 4.8
      vertex 99.9526 33.6987 4.8
    endloop
  endfacet
  facet normal 0.499999 0.866026 0
    outer loop
      vertex 96.4526 27.6365 0
      vertex 94.5474 28.7365 0
      vertex 94.5474 28.7365 4.8
    endloop
  endfacet
  facet normal 0.499999 0.866026 -0
    outer loop
      vertex 96.4526 27.6365 0
      vertex 94.5474 28.7365 4.8
      vertex 96.4526 27.6365 4.8
    endloop
  endfacet
  facet normal -0 0 1
    outer loop
      vertex 57 35.3487 0
      vertex 64 33.1487 0
      vertex 64 35.3487 0
    endloop
  endfacet
  facet normal 0 0 1
    outer loop
      vertex 57 35.3487 0
      vertex 57 33.1487 0
      vertex 64 33.1487 0
    endloop
  endfacet
  facet normal 0 0 -1
    outer loop
      vertex 57 35.3487 4.8
      vertex 64 35.3487 4.8
      vertex 64 33.1487 4.8
    endloop
  endfacet
  facet normal 0 0 -1
    outer loop
      vertex 57 35.3487 4.8
      vertex 64 33.1487 4.8
      vertex 57 33.1487 4.8
    endloop
  endfacet
  facet normal 0 -1 0
    outer loop
      vertex 57 35.3487 0
      vertex 64 35.3487 0
      vertex 64 35.3487 4.8
    endloop
  endfacet
  facet normal 0 -1 0
    outer loop
      vertex 57 35.3487 0
      vertex 64 35.3487 4.8
      vertex 57 35.3487 4.8
    endloop
  endfacet
  facet normal -1 0 0
    outer loop
      vertex 64 35.3487 0
      vertex 64 33.1487 0
      vertex 64 33.1487 4.8
    endloop
  endfacet
  facet normal -1 0 0
    outer loop
      vertex 64 35.3487 0
      vertex 64 33.1487 4.8
      vertex 64 35.3487 4.8
    endloop
  endfacet
  facet normal 0 1 0
    outer loop
      vertex 64 33.1487 0
      vertex 57 33.1487 0
      vertex 57 33.1487 4.8
    endloop
  endfacet
  facet normal 0 1 -0
    outer loop
      vertex 64 33.1487 0
      vertex 57 33.1487 4.8
      vertex 64 33.1487 4.8
    endloop
  endfacet
  facet normal 1 0 0
    outer loop
      vertex 57 33.1487 0
      vertex 57 35.3487 0
      vertex 57 35.3487 4.8
    endloop
  endfacet
  facet normal 1 0 0
    outer loop
      vertex 57 33.1487 0
      vertex 57 35.3487 4.8
      vertex 57 33.1487 4.8
    endloop
  endfacet
  facet normal 0 0 1
    outer loop
      vertex 96.4526 65.1096 0
      vertex 98.0474 57.9474 0
      vertex 99.9526 59.0474 0
    endloop
  endfacet
  facet normal 0 0 1
    outer loop
      vertex 96.4526 65.1096 0
      vertex 94.5474 64.0096 0
      vertex 98.0474 57.9474 0
    endloop
  endfacet
  facet normal 0 0 -1
    outer loop
      vertex 96.4526 65.1096 4.8
      vertex 99.9526 59.0474 4.8
      vertex 98.0474 57.9474 4.8
    endloop
  endfacet
  facet normal 0 -0 -1
    outer loop
      vertex 96.4526 65.1096 4.8
      vertex 98.0474 57.9474 4.8
      vertex 94.5474 64.0096 4.8
    endloop
  endfacet
  facet normal -0.866026 -0.499999 0
    outer loop
      vertex 96.4526 65.1096 0
      vertex 99.9526 59.0474 0
      vertex 99.9526 59.0474 4.8
    endloop
  endfacet
  facet normal -0.866026 -0.499999 0
    outer loop
      vertex 96.4526 65.1096 0
      vertex 99.9526 59.0474 4.8
      vertex 96.4526 65.1096 4.8
    endloop
  endfacet
  facet normal -0.499999 0.866026 0
    outer loop
      vertex 99.9526 59.0474 0
      vertex 98.0474 57.9474 0
      vertex 98.0474 57.9474 4.8
    endloop
  endfacet
  facet normal -0.499999 0.866026 0
    outer loop
      vertex 99.9526 59.0474 0
      vertex 98.0474 57.9474 4.8
      vertex 99.9526 59.0474 4.8
    endloop
  endfacet
  facet normal 0.866026 0.499999 0
    outer loop
      vertex 98.0474 57.9474 0
      vertex 94.5474 64.0096 0
      vertex 94.5474 64.0096 4.8
    endloop
  endfacet
  facet normal 0.866026 0.499999 -0
    outer loop
      vertex 98.0474 57.9474 0
      vertex 94.5474 64.0096 4.8
      vertex 98.0474 57.9474 4.8
    endloop
  endfacet
  facet normal 0.499999 -0.866026 0
    outer loop
      vertex 94.5474 64.0096 0
      vertex 96.4526 65.1096 0
      vertex 96.4526 65.1096 4.8
    endloop
  endfacet
  facet normal 0.499999 -0.866026 0
    outer loop
      vertex 94.5474 64.0096 0
      vertex 96.4526 65.1096 4.8
      vertex 94.5474 64.0096 4.8
    endloop
  endfacet
  facet normal 0 0 1
    outer loop
      vertex 94.5474 52.9852 0
      vertex 99.9526 57.9474 0
      vertex 98.0474 59.0474 0
    endloop
  endfacet
  facet normal -0 0 1
    outer loop
      vertex 94.5474 52.9852 0
      vertex 96.4526 51.8852 0
      vertex 99.9526 57.9474 0
    endloop
  endfacet
  facet normal 0 0 -1
    outer loop
      vertex 94.5474 52.9852 4.8
      vertex 98.0474 59.0474 4.8
      vertex 99.9526 57.9474 4.8
    endloop
  endfacet
  facet normal 0 0 -1
    outer loop
      vertex 94.5474 52.9852 4.8
      vertex 99.9526 57.9474 4.8
      vertex 96.4526 51.8852 4.8
    endloop
  endfacet
  facet normal 0.866026 -0.499999 0
    outer loop
      vertex 94.5474 52.9852 0
      vertex 98.0474 59.0474 0
      vertex 98.0474 59.0474 4.8
    endloop
  endfacet
  facet normal 0.866026 -0.499999 0
    outer loop
      vertex 94.5474 52.9852 0
      vertex 98.0474 59.0474 4.8
      vertex 94.5474 52.9852 4.8
    endloop
  endfacet
  facet normal -0.499999 -0.866026 0
    outer loop
      vertex 98.0474 59.0474 0
      vertex 99.9526 57.9474 0
      vertex 99.9526 57.9474 4.8
    endloop
  endfacet
  facet normal -0.499999 -0.866026 0
    outer loop
      vertex 98.0474 59.0474 0
      vertex 99.9526 57.9474 4.8
      vertex 98.0474 59.0474 4.8
    endloop
  endfacet
  facet normal -0.866026 0.499999 0
    outer loop
      vertex 99.9526 57.9474 0
      vertex 96.4526 51.8852 0
      vertex 96.4526 51.8852 4.8
    endloop
  endfacet
  facet normal -0.866026 0.499999 0
    outer loop
      vertex 99.9526 57.9474 0
      vertex 96.4526 51.8852 4.8
      vertex 99.9526 57.9474 4.8
    endloop
  endfacet
  facet normal 0.499999 0.866026 0
    outer loop
      vertex 96.4526 51.8852 0
      vertex 94.5474 52.9852 0
      vertex 94.5474 52.9852 4.8
    endloop
  endfacet
  facet normal 0.499999 0.866026 -0
    outer loop
      vertex 96.4526 51.8852 0
      vertex 94.5474 52.9852 4.8
      vertex 96.4526 51.8852 4.8
    endloop
  endfacet
  facet normal -0 0 1
    outer loop
      vertex 88.5 17.1622 0
      vertex 95.5 14.9622 0
      vertex 95.5 17.1622 0
    endloop
  endfacet
  facet normal 0 0 1
    outer loop
      vertex 88.5 17.1622 0
      vertex 88.5 14.9622 0
      vertex 95.5 14.9622 0
    endloop
  endfacet
  facet normal 0 0 -1
    outer loop
      vertex 88.5 17.1622 4.8
      vertex 95.5 17.1622 4.8
      vertex 95.5 14.9622 4.8
    endloop
  endfacet
  facet normal 0 0 -1
    outer loop
      vertex 88.5 17.1622 4.8
      vertex 95.5 14.9622 4.8
      vertex 88.5 14.9622 4.8
    endloop
  endfacet
  facet normal 0 -1 0
    outer loop
      vertex 88.5 17.1622 0
      vertex 95.5 17.1622 0
      vertex 95.5 17.1622 4.8
    endloop
  endfacet
  facet normal 0 -1 0
    outer loop
      vertex 88.5 17.1622 0
      vertex 95.5 17.1622 4.8
      vertex 88.5 17.1622 4.8
    endloop
  endfacet
  facet normal -1 0 0
    outer loop
      vertex 95.5 17.1622 0
      vertex 95.5 14.9622 0
      vertex 95.5 14.9622 4.8
    endloop
  endfacet
  facet normal -1 0 0
    outer loop
      vertex 95.5 17.1622 0
      vertex 95.5 14.9622 4.8
      vertex 95.5 17.1622 4.8
    endloop
  endfacet
  facet normal 0 1 0
    outer loop
      vertex 95.5 14.9622 0
      vertex 88.5 14.9622 0
      vertex 88.5 14.9622 4.8
    endloop
  endfacet
  facet normal 0 1 -0
    outer loop
      vertex 95.5 14.9622 0
      vertex 88.5 14.9622 4.8
      vertex 95.5 14.9622 4.8
    endloop
  endfacet
  facet normal 1 0 0
    outer loop
      vertex 88.5 14.9622 0
      vertex 88.5 17.1622 0
      vertex 88.5 17.1622 4.8
    endloop
  endfacet
  facet normal 1 0 0
    outer loop
      vertex 88.5 14.9622 0
      vertex 88.5 17.1622 4.8
      vertex 88.5 14.9622 4.8
    endloop
  endfacet
  facet normal -0 0 1
    outer loop
      vertex 88.5 29.2865 0
      vertex 95.5 27.0865 0
      vertex 95.5 29.2865 0
    endloop
  endfacet
  facet normal 0 0 1
    outer loop
      vertex 88.5 29.2865 0
      vertex 88.5 27.0865 0
      vertex 95.5 27.0865 0
    endloop
  endfacet
  facet normal 0 0 -1
    outer loop
      vertex 88.5 29.2865 4.8
      vertex 95.5 29.2865 4.8
      vertex 95.5 27.0865 4.8
    endloop
  endfacet
  facet normal 0 0 -1
    outer loop
      vertex 88.5 29.2865 4.8
      vertex 95.5 27.0865 4.8
      vertex 88.5 27.0865 4.8
    endloop
  endfacet
  facet normal 0 -1 0
    outer loop
      vertex 88.5 29.2865 0
      vertex 95.5 29.2865 0
      vertex 95.5 29.2865 4.8
    endloop
  endfacet
  facet normal 0 -1 0
    outer loop
      vertex 88.5 29.2865 0
      vertex 95.5 29.2865 4.8
      vertex 88.5 29.2865 4.8
    endloop
  endfacet
  facet normal -1 0 0
    outer loop
      vertex 95.5 29.2865 0
      vertex 95.5 27.0865 0
      vertex 95.5 27.0865 4.8
    endloop
  endfacet
  facet normal -1 0 0
    outer loop
      vertex 95.5 29.2865 0
      vertex 95.5 27.0865 4.8
      vertex 95.5 29.2865 4.8
    endloop
  endfacet
  facet normal 0 1 0
    outer loop
      vertex 95.5 27.0865 0
      vertex 88.5 27.0865 0
      vertex 88.5 27.0865 4.8
    endloop
  endfacet
  facet normal 0 1 -0
    outer loop
      vertex 95.5 27.0865 0
      vertex 88.5 27.0865 4.8
      vertex 95.5 27.0865 4.8
    endloop
  endfacet
  facet normal 1 0 0
    outer loop
      vertex 88.5 27.0865 0
      vertex 88.5 29.2865 0
      vertex 88.5 29.2865 4.8
    endloop
  endfacet
  facet normal 1 0 0
    outer loop
      vertex 88.5 27.0865 0
      vertex 88.5 29.2865 4.8
      vertex 88.5 27.0865 4.8
    endloop
  endfacet
  facet normal 0 0 1
    outer loop
      vertex 54.4526 16.6122 0
      vertex 56.0474 9.45 0
      vertex 57.9526 10.55 0
    endloop
  endfacet
  facet normal 0 0 1
    outer loop
      vertex 54.4526 16.6122 0
      vertex 52.5474 15.5122 0
      vertex 56.0474 9.45 0
    endloop
  endfacet
  facet normal 0 0 -1
    outer loop
      vertex 54.4526 16.6122 4.8
      vertex 57.9526 10.55 4.8
      vertex 56.0474 9.45 4.8
    endloop
  endfacet
  facet normal 0 -0 -1
    outer loop
      vertex 54.4526 16.6122 4.8
      vertex 56.0474 9.45 4.8
      vertex 52.5474 15.5122 4.8
    endloop
  endfacet
  facet normal -0.866026 -0.499999 0
    outer loop
      vertex 54.4526 16.6122 0
      vertex 57.9526 10.55 0
      vertex 57.9526 10.55 4.8
    endloop
  endfacet
  facet normal -0.866026 -0.499999 0
    outer loop
      vertex 54.4526 16.6122 0
      vertex 57.9526 10.55 4.8
      vertex 54.4526 16.6122 4.8
    endloop
  endfacet
  facet normal -0.499999 0.866026 0
    outer loop
      vertex 57.9526 10.55 0
      vertex 56.0474 9.45 0
      vertex 56.0474 9.45 4.8
    endloop
  endfacet
  facet normal -0.499999 0.866026 0
    outer loop
      vertex 57.9526 10.55 0
      vertex 56.0474 9.45 4.8
      vertex 57.9526 10.55 4.8
    endloop
  endfacet
  facet normal 0.866026 0.499999 0
    outer loop
      vertex 56.0474 9.45 0
      vertex 52.5474 15.5122 0
      vertex 52.5474 15.5122 4.8
    endloop
  endfacet
  facet normal 0.866026 0.499999 -0
    outer loop
      vertex 56.0474 9.45 0
      vertex 52.5474 15.5122 4.8
      vertex 56.0474 9.45 4.8
    endloop
  endfacet
  facet normal 0.499999 -0.866026 0
    outer loop
      vertex 52.5474 15.5122 0
      vertex 54.4526 16.6122 0
      vertex 54.4526 16.6122 4.8
    endloop
  endfacet
  facet normal 0.499999 -0.866026 0
    outer loop
      vertex 52.5474 15.5122 0
      vertex 54.4526 16.6122 4.8
      vertex 52.5474 15.5122 4.8
    endloop
  endfacet
  facet normal 0 0 1
    outer loop
      vertex 75.4526 65.1096 0
      vertex 77.0474 57.9474 0
      vertex 78.9526 59.0474 0
    endloop
  endfacet
  facet normal 0 0 1
    outer loop
      vertex 75.4526 65.1096 0
      vertex 73.5474 64.0096 0
      vertex 77.0474 57.9474 0
    endloop
  endfacet
  facet normal 0 0 -1
    outer loop
      vertex 75.4526 65.1096 4.8
      vertex 78.9526 59.0474 4.8
      vertex 77.0474 57.9474 4.8
    endloop
  endfacet
  facet normal 0 -0 -1
    outer loop
      vertex 75.4526 65.1096 4.8
      vertex 77.0474 57.9474 4.8
      vertex 73.5474 64.0096 4.8
    endloop
  endfacet
  facet normal -0.866026 -0.499999 0
    outer loop
      vertex 75.4526 65.1096 0
      vertex 78.9526 59.0474 0
      vertex 78.9526 59.0474 4.8
    endloop
  endfacet
  facet normal -0.866026 -0.499999 0
    outer loop
      vertex 75.4526 65.1096 0
      vertex 78.9526 59.0474 4.8
      vertex 75.4526 65.1096 4.8
    endloop
  endfacet
  facet normal -0.499999 0.866026 0
    outer loop
      vertex 78.9526 59.0474 0
      vertex 77.0474 57.9474 0
      vertex 77.0474 57.9474 4.8
    endloop
  endfacet
  facet normal -0.499999 0.866026 0
    outer loop
      vertex 78.9526 59.0474 0
      vertex 77.0474 57.9474 4.8
      vertex 78.9526 59.0474 4.8
    endloop
  endfacet
  facet normal 0.866026 0.499999 0
    outer loop
      vertex 77.0474 57.9474 0
      vertex 73.5474 64.0096 0
      vertex 73.5474 64.0096 4.8
    endloop
  endfacet
  facet normal 0.866026 0.499999 -0
    outer loop
      vertex 77.0474 57.9474 0
      vertex 73.5474 64.0096 4.8
      vertex 77.0474 57.9474 4.8
    endloop
  endfacet
  facet normal 0.499999 -0.866026 0
    outer loop
      vertex 73.5474 64.0096 0
      vertex 75.4526 65.1096 0
      vertex 75.4526 65.1096 4.8
    endloop
  endfacet
  facet normal 0.499999 -0.866026 0
    outer loop
      vertex 73.5474 64.0096 0
      vertex 75.4526 65.1096 4.8
      vertex 73.5474 64.0096 4.8
    endloop
  endfacet
  facet normal -0 0 1
    outer loop
      vertex 99 35.3487 0
      vertex 99.4 33.1487 0
      vertex 99.4 35.3487 0
    endloop
  endfacet
  facet normal 0 0 1
    outer loop
      vertex 99 35.3487 0
      vertex 99 33.1487 0
      vertex 99.4 33.1487 0
    endloop
  endfacet
  facet normal 0 0 -1
    outer loop
      vertex 99 35.3487 4.8
      vertex 99.4 35.3487 4.8
      vertex 99.4 33.1487 4.8
    endloop
  endfacet
  facet normal 0 0 -1
    outer loop
      vertex 99 35.3487 4.8
      vertex 99.4 33.1487 4.8
      vertex 99 33.1487 4.8
    endloop
  endfacet
  facet normal 0 -1 0
    outer loop
      vertex 99 35.3487 0
      vertex 99.4 35.3487 0
      vertex 99.4 35.3487 4.8
    endloop
  endfacet
  facet normal 0 -1 0
    outer loop
      vertex 99 35.3487 0
      vertex 99.4 35.3487 4.8
      vertex 99 35.3487 4.8
    endloop
  endfacet
  facet normal -1 0 0
    outer loop
      vertex 99.4 35.3487 0
      vertex 99.4 33.1487 0
      vertex 99.4 33.1487 4.8
    endloop
  endfacet
  facet normal -1 0 0
    outer loop
      vertex 99.4 35.3487 0
      vertex 99.4 33.1487 4.8
      vertex 99.4 35.3487 4.8
    endloop
  endfacet
  facet normal 0 1 0
    outer loop
      vertex 99.4 33.1487 0
      vertex 99 33.1487 0
      vertex 99 33.1487 4.8
    endloop
  endfacet
  facet normal 0 1 -0
    outer loop
      vertex 99.4 33.1487 0
      vertex 99 33.1487 4.8
      vertex 99.4 33.1487 4.8
    endloop
  endfacet
  facet normal 1 0 0
    outer loop
      vertex 99 33.1487 0
      vertex 99 35.3487 0
      vertex 99 35.3487 4.8
    endloop
  endfacet
  facet normal 1 0 0
    outer loop
      vertex 99 33.1487 0
      vertex 99 35.3487 4.8
      vertex 99 33.1487 4.8
    endloop
  endfacet
  facet normal 0 0 1
    outer loop
      vertex 43.9526 71.1718 0
      vertex 45.5474 64.0096 0
      vertex 47.4526 65.1096 0
    endloop
  endfacet
  facet normal 0 0 1
    outer loop
      vertex 43.9526 71.1718 0
      vertex 42.0474 70.0718 0
      vertex 45.5474 64.0096 0
    endloop
  endfacet
  facet normal 0 0 -1
    outer loop
      vertex 43.9526 71.1718 4.8
      vertex 47.4526 65.1096 4.8
      vertex 45.5474 64.0096 4.8
    endloop
  endfacet
  facet normal 0 -0 -1
    outer loop
      vertex 43.9526 71.1718 4.8
      vertex 45.5474 64.0096 4.8
      vertex 42.0474 70.0718 4.8
    endloop
  endfacet
  facet normal -0.866026 -0.499999 0
    outer loop
      vertex 43.9526 71.1718 0
      vertex 47.4526 65.1096 0
      vertex 47.4526 65.1096 4.8
    endloop
  endfacet
  facet normal -0.866026 -0.499999 0
    outer loop
      vertex 43.9526 71.1718 0
      vertex 47.4526 65.1096 4.8
      vertex 43.9526 71.1718 4.8
    endloop
  endfacet
  facet normal -0.499999 0.866026 0
    outer loop
      vertex 47.4526 65.1096 0
      vertex 45.5474 64.0096 0
      vertex 45.5474 64.0096 4.8
    endloop
  endfacet
  facet normal -0.499999 0.866026 0
    outer loop
      vertex 47.4526 65.1096 0
      vertex 45.5474 64.0096 4.8
      vertex 47.4526 65.1096 4.8
    endloop
  endfacet
  facet normal 0.866026 0.499999 0
    outer loop
      vertex 45.5474 64.0096 0
      vertex 42.0474 70.0718 0
      vertex 42.0474 70.0718 4.8
    endloop
  endfacet
  facet normal 0.866026 0.499999 -0
    outer loop
      vertex 45.5474 64.0096 0
      vertex 42.0474 70.0718 4.8
      vertex 45.5474 64.0096 4.8
    endloop
  endfacet
  facet normal 0.499999 -0.866026 0
    outer loop
      vertex 42.0474 70.0718 0
      vertex 43.9526 71.1718 0
      vertex 43.9526 71.1718 4.8
    endloop
  endfacet
  facet normal 0.499999 -0.866026 0
    outer loop
      vertex 42.0474 70.0718 0
      vertex 43.9526 71.1718 4.8
      vertex 42.0474 70.0718 4.8
    endloop
  endfacet
  facet normal 0 0 1
    outer loop
      vertex 33.4526 65.1096 0
      vertex 35.0474 57.9474 0
      vertex 36.9526 59.0474 0
    endloop
  endfacet
  facet normal 0 0 1
    outer loop
      vertex 33.4526 65.1096 0
      vertex 31.5474 64.0096 0
      vertex 35.0474 57.9474 0
    endloop
  endfacet
  facet normal 0 0 -1
    outer loop
      vertex 33.4526 65.1096 4.8
      vertex 36.9526 59.0474 4.8
      vertex 35.0474 57.9474 4.8
    endloop
  endfacet
  facet normal 0 -0 -1
    outer loop
      vertex 33.4526 65.1096 4.8
      vertex 35.0474 57.9474 4.8
      vertex 31.5474 64.0096 4.8
    endloop
  endfacet
  facet normal -0.866026 -0.499999 0
    outer loop
      vertex 33.4526 65.1096 0
      vertex 36.9526 59.0474 0
      vertex 36.9526 59.0474 4.8
    endloop
  endfacet
  facet normal -0.866026 -0.499999 0
    outer loop
      vertex 33.4526 65.1096 0
      vertex 36.9526 59.0474 4.8
      vertex 33.4526 65.1096 4.8
    endloop
  endfacet
  facet normal -0.499999 0.866026 0
    outer loop
      vertex 36.9526 59.0474 0
      vertex 35.0474 57.9474 0
      vertex 35.0474 57.9474 4.8
    endloop
  endfacet
  facet normal -0.499999 0.866026 0
    outer loop
      vertex 36.9526 59.0474 0
      vertex 35.0474 57.9474 4.8
      vertex 36.9526 59.0474 4.8
    endloop
  endfacet
  facet normal 0.866026 0.499999 0
    outer loop
      vertex 35.0474 57.9474 0
      vertex 31.5474 64.0096 0
      vertex 31.5474 64.0096 4.8
    endloop
  endfacet
  facet normal 0.866026 0.499999 -0
    outer loop
      vertex 35.0474 57.9474 0
      vertex 31.5474 64.0096 4.8
      vertex 35.0474 57.9474 4.8
    endloop
  endfacet
  facet normal 0.499999 -0.866026 0
    outer loop
      vertex 31.5474 64.0096 0
      vertex 33.4526 65.1096 0
      vertex 33.4526 65.1096 4.8
    endloop
  endfacet
  facet normal 0.499999 -0.866026 0
    outer loop
      vertex 31.5474 64.0096 0
      vertex 33.4526 65.1096 4.8
      vertex 31.5474 64.0096 4.8
    endloop
  endfacet
  facet normal 0 0 1
    outer loop
      vertex 99.8777 95.5502 0
      vertex 98.0475 94.3203 0
      vertex 99.9525 95.4207 0
    endloop
  endfacet
  facet normal 0 0 1
    outer loop
      vertex 99.8777 95.5502 0
      vertex 97.9727 94.4498 0
      vertex 98.0475 94.3203 0
    endloop
  endfacet
  facet normal 0 -0 -1
    outer loop
      vertex 99.8777 95.5502 4.8
      vertex 99.9525 95.4207 4.8
      vertex 98.0475 94.3203 4.8
    endloop
  endfacet
  facet normal 0 0 -1
    outer loop
      vertex 99.8777 95.5502 4.8
      vertex 98.0475 94.3203 4.8
      vertex 97.9727 94.4498 4.8
    endloop
  endfacet
  facet normal -0.865929 -0.500166 0
    outer loop
      vertex 99.8777 95.5502 0
      vertex 99.9525 95.4207 0
      vertex 99.9525 95.4207 4.8
    endloop
  endfacet
  facet normal -0.865929 -0.500166 0
    outer loop
      vertex 99.8777 95.5502 0
      vertex 99.9525 95.4207 4.8
      vertex 99.8777 95.5502 4.8
    endloop
  endfacet
  facet normal -0.500166 0.865929 0
    outer loop
      vertex 99.9525 95.4207 0
      vertex 98.0475 94.3203 0
      vertex 98.0475 94.3203 4.8
    endloop
  endfacet
  facet normal -0.500166 0.865929 0
    outer loop
      vertex 99.9525 95.4207 0
      vertex 98.0475 94.3203 4.8
      vertex 99.9525 95.4207 4.8
    endloop
  endfacet
  facet normal 0.865929 0.500166 0
    outer loop
      vertex 98.0475 94.3203 0
      vertex 97.9727 94.4498 0
      vertex 97.9727 94.4498 4.8
    endloop
  endfacet
  facet normal 0.865929 0.500166 -0
    outer loop
      vertex 98.0475 94.3203 0
      vertex 97.9727 94.4498 4.8
      vertex 98.0475 94.3203 4.8
    endloop
  endfacet
  facet normal 0.500166 -0.865929 0
    outer loop
      vertex 97.9727 94.4498 0
      vertex 99.8777 95.5502 0
      vertex 99.8777 95.5502 4.8
    endloop
  endfacet
  facet normal 0.500166 -0.865929 0
    outer loop
      vertex 97.9727 94.4498 0
      vertex 99.8777 95.5502 4.8
      vertex 97.9727 94.4498 4.8
    endloop
  endfacet
  facet normal 0 0 1
    outer loop
      vertex 31.5474 40.8609 0
      vertex 36.9526 45.8231 0
      vertex 35.0474 46.9231 0
    endloop
  endfacet
  facet normal -0 0 1
    outer loop
      vertex 31.5474 40.8609 0
      vertex 33.4526 39.7609 0
      vertex 36.9526 45.8231 0
    endloop
  endfacet
  facet normal 0 0 -1
    outer loop
      vertex 31.5474 40.8609 4.8
      vertex 35.0474 46.9231 4.8
      vertex 36.9526 45.8231 4.8
    endloop
  endfacet
  facet normal 0 0 -1
    outer loop
      vertex 31.5474 40.8609 4.8
      vertex 36.9526 45.8231 4.8
      vertex 33.4526 39.7609 4.8
    endloop
  endfacet
  facet normal 0.866026 -0.499999 0
    outer loop
      vertex 31.5474 40.8609 0
      vertex 35.0474 46.9231 0
      vertex 35.0474 46.9231 4.8
    endloop
  endfacet
  facet normal 0.866026 -0.499999 0
    outer loop
      vertex 31.5474 40.8609 0
      vertex 35.0474 46.9231 4.8
      vertex 31.5474 40.8609 4.8
    endloop
  endfacet
  facet normal -0.499999 -0.866026 0
    outer loop
      vertex 35.0474 46.9231 0
      vertex 36.9526 45.8231 0
      vertex 36.9526 45.8231 4.8
    endloop
  endfacet
  facet normal -0.499999 -0.866026 0
    outer loop
      vertex 35.0474 46.9231 0
      vertex 36.9526 45.8231 4.8
      vertex 35.0474 46.9231 4.8
    endloop
  endfacet
  facet normal -0.866026 0.499999 0
    outer loop
      vertex 36.9526 45.8231 0
      vertex 33.4526 39.7609 0
      vertex 33.4526 39.7609 4.8
    endloop
  endfacet
  facet normal -0.866026 0.499999 0
    outer loop
      vertex 36.9526 45.8231 0
      vertex 33.4526 39.7609 4.8
      vertex 36.9526 45.8231 4.8
    endloop
  endfacet
  facet normal 0.499999 0.866026 0
    outer loop
      vertex 33.4526 39.7609 0
      vertex 31.5474 40.8609 0
      vertex 31.5474 40.8609 4.8
    endloop
  endfacet
  facet normal 0.499999 0.866026 -0
    outer loop
      vertex 33.4526 39.7609 0
      vertex 31.5474 40.8609 4.8
      vertex 33.4526 39.7609 4.8
    endloop
  endfacet
  facet normal 0 0 1
    outer loop
      vertex 73.5474 77.234 0
      vertex 78.9526 82.1961 0
      vertex 77.0474 83.2961 0
    endloop
  endfacet
  facet normal -0 0 1
    outer loop
      vertex 73.5474 77.234 0
      vertex 75.4526 76.134 0
      vertex 78.9526 82.1961 0
    endloop
  endfacet
  facet normal 0 0 -1
    outer loop
      vertex 73.5474 77.234 4.8
      vertex 77.0474 83.2961 4.8
      vertex 78.9526 82.1961 4.8
    endloop
  endfacet
  facet normal 0 0 -1
    outer loop
      vertex 73.5474 77.234 4.8
      vertex 78.9526 82.1961 4.8
      vertex 75.4526 76.134 4.8
    endloop
  endfacet
  facet normal 0.866023 -0.500005 0
    outer loop
      vertex 73.5474 77.234 0
      vertex 77.0474 83.2961 0
      vertex 77.0474 83.2961 4.8
    endloop
  endfacet
  facet normal 0.866023 -0.500005 0
    outer loop
      vertex 73.5474 77.234 0
      vertex 77.0474 83.2961 4.8
      vertex 73.5474 77.234 4.8
    endloop
  endfacet
  facet normal -0.500005 -0.866023 0
    outer loop
      vertex 77.0474 83.2961 0
      vertex 78.9526 82.1961 0
      vertex 78.9526 82.1961 4.8
    endloop
  endfacet
  facet normal -0.500005 -0.866023 0
    outer loop
      vertex 77.0474 83.2961 0
      vertex 78.9526 82.1961 4.8
      vertex 77.0474 83.2961 4.8
    endloop
  endfacet
  facet normal -0.866023 0.500005 0
    outer loop
      vertex 78.9526 82.1961 0
      vertex 75.4526 76.134 0
      vertex 75.4526 76.134 4.8
    endloop
  endfacet
  facet normal -0.866023 0.500005 0
    outer loop
      vertex 78.9526 82.1961 0
      vertex 75.4526 76.134 4.8
      vertex 78.9526 82.1961 4.8
    endloop
  endfacet
  facet normal 0.500005 0.866023 0
    outer loop
      vertex 75.4526 76.134 0
      vertex 73.5474 77.234 0
      vertex 73.5474 77.234 4.8
    endloop
  endfacet
  facet normal 0.500005 0.866023 -0
    outer loop
      vertex 75.4526 76.134 0
      vertex 73.5474 77.234 4.8
      vertex 75.4526 76.134 4.8
    endloop
  endfacet
  facet normal 0 0 1
    outer loop
      vertex 10.5474 77.234 0
      vertex 15.9526 82.1961 0
      vertex 14.0474 83.2961 0
    endloop
  endfacet
  facet normal -0 0 1
    outer loop
      vertex 10.5474 77.234 0
      vertex 12.4526 76.134 0
      vertex 15.9526 82.1961 0
    endloop
  endfacet
  facet normal 0 0 -1
    outer loop
      vertex 10.5474 77.234 4.8
      vertex 14.0474 83.2961 4.8
      vertex 15.9526 82.1961 4.8
    endloop
  endfacet
  facet normal 0 0 -1
    outer loop
      vertex 10.5474 77.234 4.8
      vertex 15.9526 82.1961 4.8
      vertex 12.4526 76.134 4.8
    endloop
  endfacet
  facet normal 0.866023 -0.500005 0
    outer loop
      vertex 10.5474 77.234 0
      vertex 14.0474 83.2961 0
      vertex 14.0474 83.2961 4.8
    endloop
  endfacet
  facet normal 0.866023 -0.500005 0
    outer loop
      vertex 10.5474 77.234 0
      vertex 14.0474 83.2961 4.8
      vertex 10.5474 77.234 4.8
    endloop
  endfacet
  facet normal -0.500005 -0.866023 0
    outer loop
      vertex 14.0474 83.2961 0
      vertex 15.9526 82.1961 0
      vertex 15.9526 82.1961 4.8
    endloop
  endfacet
  facet normal -0.500005 -0.866023 0
    outer loop
      vertex 14.0474 83.2961 0
      vertex 15.9526 82.1961 4.8
      vertex 14.0474 83.2961 4.8
    endloop
  endfacet
  facet normal -0.866023 0.500005 0
    outer loop
      vertex 15.9526 82.1961 0
      vertex 12.4526 76.134 0
      vertex 12.4526 76.134 4.8
    endloop
  endfacet
  facet normal -0.866023 0.500005 0
    outer loop
      vertex 15.9526 82.1961 0
      vertex 12.4526 76.134 4.8
      vertex 15.9526 82.1961 4.8
    endloop
  endfacet
  facet normal 0.500005 0.866023 0
    outer loop
      vertex 12.4526 76.134 0
      vertex 10.5474 77.234 0
      vertex 10.5474 77.234 4.8
    endloop
  endfacet
  facet normal 0.500005 0.866023 -0
    outer loop
      vertex 12.4526 76.134 0
      vertex 10.5474 77.234 4.8
      vertex 12.4526 76.134 4.8
    endloop
  endfacet
  facet normal 0 0 1
    outer loop
      vertex 12.4526 52.9852 0
      vertex 14.0474 45.8231 0
      vertex 15.9526 46.9231 0
    endloop
  endfacet
  facet normal 0 0 1
    outer loop
      vertex 12.4526 52.9852 0
      vertex 10.5474 51.8852 0
      vertex 14.0474 45.8231 0
    endloop
  endfacet
  facet normal 0 0 -1
    outer loop
      vertex 12.4526 52.9852 4.8
      vertex 15.9526 46.9231 4.8
      vertex 14.0474 45.8231 4.8
    endloop
  endfacet
  facet normal 0 -0 -1
    outer loop
      vertex 12.4526 52.9852 4.8
      vertex 14.0474 45.8231 4.8
      vertex 10.5474 51.8852 4.8
    endloop
  endfacet
  facet normal -0.866023 -0.500005 0
    outer loop
      vertex 12.4526 52.9852 0
      vertex 15.9526 46.9231 0
      vertex 15.9526 46.9231 4.8
    endloop
  endfacet
  facet normal -0.866023 -0.500005 0
    outer loop
      vertex 12.4526 52.9852 0
      vertex 15.9526 46.9231 4.8
      vertex 12.4526 52.9852 4.8
    endloop
  endfacet
  facet normal -0.500005 0.866023 0
    outer loop
      vertex 15.9526 46.9231 0
      vertex 14.0474 45.8231 0
      vertex 14.0474 45.8231 4.8
    endloop
  endfacet
  facet normal -0.500005 0.866023 0
    outer loop
      vertex 15.9526 46.9231 0
      vertex 14.0474 45.8231 4.8
      vertex 15.9526 46.9231 4.8
    endloop
  endfacet
  facet normal 0.866023 0.500005 0
    outer loop
      vertex 14.0474 45.8231 0
      vertex 10.5474 51.8852 0
      vertex 10.5474 51.8852 4.8
    endloop
  endfacet
  facet normal 0.866023 0.500005 -0
    outer loop
      vertex 14.0474 45.8231 0
      vertex 10.5474 51.8852 4.8
      vertex 14.0474 45.8231 4.8
    endloop
  endfacet
  facet normal 0.500005 -0.866023 0
    outer loop
      vertex 10.5474 51.8852 0
      vertex 12.4526 52.9852 0
      vertex 12.4526 52.9852 4.8
    endloop
  endfacet
  facet normal 0.500005 -0.866023 0
    outer loop
      vertex 10.5474 51.8852 0
      vertex 12.4526 52.9852 4.8
      vertex 10.5474 51.8852 4.8
    endloop
  endfacet
  facet normal -0 0 1
    outer loop
      vertex 36 47.4731 0
      vertex 43 45.2731 0
      vertex 43 47.4731 0
    endloop
  endfacet
  facet normal 0 0 1
    outer loop
      vertex 36 47.4731 0
      vertex 36 45.2731 0
      vertex 43 45.2731 0
    endloop
  endfacet
  facet normal 0 0 -1
    outer loop
      vertex 36 47.4731 4.8
      vertex 43 47.4731 4.8
      vertex 43 45.2731 4.8
    endloop
  endfacet
  facet normal 0 0 -1
    outer loop
      vertex 36 47.4731 4.8
      vertex 43 45.2731 4.8
      vertex 36 45.2731 4.8
    endloop
  endfacet
  facet normal 0 -1 0
    outer loop
      vertex 36 47.4731 0
      vertex 43 47.4731 0
      vertex 43 47.4731 4.8
    endloop
  endfacet
  facet normal 0 -1 0
    outer loop
      vertex 36 47.4731 0
      vertex 43 47.4731 4.8
      vertex 36 47.4731 4.8
    endloop
  endfacet
  facet normal -1 0 0
    outer loop
      vertex 43 47.4731 0
      vertex 43 45.2731 0
      vertex 43 45.2731 4.8
    endloop
  endfacet
  facet normal -1 0 0
    outer loop
      vertex 43 47.4731 0
      vertex 43 45.2731 4.8
      vertex 43 47.4731 4.8
    endloop
  endfacet
  facet normal 0 1 0
    outer loop
      vertex 43 45.2731 0
      vertex 36 45.2731 0
      vertex 36 45.2731 4.8
    endloop
  endfacet
  facet normal 0 1 -0
    outer loop
      vertex 43 45.2731 0
      vertex 36 45.2731 4.8
      vertex 43 45.2731 4.8
    endloop
  endfacet
  facet normal 1 0 0
    outer loop
      vertex 36 45.2731 0
      vertex 36 47.4731 0
      vertex 36 47.4731 4.8
    endloop
  endfacet
  facet normal 1 0 0
    outer loop
      vertex 36 45.2731 0
      vertex 36 47.4731 4.8
      vertex 36 45.2731 4.8
    endloop
  endfacet
  facet normal 0 0 1
    outer loop
      vertex 94.5474 16.6122 0
      vertex 99.9526 21.5744 0
      vertex 98.0474 22.6744 0
    endloop
  endfacet
  facet normal -0 0 1
    outer loop
      vertex 94.5474 16.6122 0
      vertex 96.4526 15.5122 0
      vertex 99.9526 21.5744 0
    endloop
  endfacet
  facet normal 0 0 -1
    outer loop
      vertex 94.5474 16.6122 4.8
      vertex 98.0474 22.6744 4.8
      vertex 99.9526 21.5744 4.8
    endloop
  endfacet
  facet normal 0 0 -1
    outer loop
      vertex 94.5474 16.6122 4.8
      vertex 99.9526 21.5744 4.8
      vertex 96.4526 15.5122 4.8
    endloop
  endfacet
  facet normal 0.866026 -0.499999 0
    outer loop
      vertex 94.5474 16.6122 0
      vertex 98.0474 22.6744 0
      vertex 98.0474 22.6744 4.8
    endloop
  endfacet
  facet normal 0.866026 -0.499999 0
    outer loop
      vertex 94.5474 16.6122 0
      vertex 98.0474 22.6744 4.8
      vertex 94.5474 16.6122 4.8
    endloop
  endfacet
  facet normal -0.499999 -0.866026 0
    outer loop
      vertex 98.0474 22.6744 0
      vertex 99.9526 21.5744 0
      vertex 99.9526 21.5744 4.8
    endloop
  endfacet
  facet normal -0.499999 -0.866026 0
    outer loop
      vertex 98.0474 22.6744 0
      vertex 99.9526 21.5744 4.8
      vertex 98.0474 22.6744 4.8
    endloop
  endfacet
  facet normal -0.866026 0.499999 0
    outer loop
      vertex 99.9526 21.5744 0
      vertex 96.4526 15.5122 0
      vertex 96.4526 15.5122 4.8
    endloop
  endfacet
  facet normal -0.866026 0.499999 0
    outer loop
      vertex 99.9526 21.5744 0
      vertex 96.4526 15.5122 4.8
      vertex 99.9526 21.5744 4.8
    endloop
  endfacet
  facet normal 0.499999 0.866026 0
    outer loop
      vertex 96.4526 15.5122 0
      vertex 94.5474 16.6122 0
      vertex 94.5474 16.6122 4.8
    endloop
  endfacet
  facet normal 0.499999 0.866026 -0
    outer loop
      vertex 96.4526 15.5122 0
      vertex 94.5474 16.6122 4.8
      vertex 96.4526 15.5122 4.8
    endloop
  endfacet
  facet normal 0 0 1
    outer loop
      vertex 52.5474 40.8609 0
      vertex 57.9526 45.8231 0
      vertex 56.0474 46.9231 0
    endloop
  endfacet
  facet normal -0 0 1
    outer loop
      vertex 52.5474 40.8609 0
      vertex 54.4526 39.7609 0
      vertex 57.9526 45.8231 0
    endloop
  endfacet
  facet normal 0 0 -1
    outer loop
      vertex 52.5474 40.8609 4.8
      vertex 56.0474 46.9231 4.8
      vertex 57.9526 45.8231 4.8
    endloop
  endfacet
  facet normal 0 0 -1
    outer loop
      vertex 52.5474 40.8609 4.8
      vertex 57.9526 45.8231 4.8
      vertex 54.4526 39.7609 4.8
    endloop
  endfacet
  facet normal 0.866026 -0.499999 0
    outer loop
      vertex 52.5474 40.8609 0
      vertex 56.0474 46.9231 0
      vertex 56.0474 46.9231 4.8
    endloop
  endfacet
  facet normal 0.866026 -0.499999 0
    outer loop
      vertex 52.5474 40.8609 0
      vertex 56.0474 46.9231 4.8
      vertex 52.5474 40.8609 4.8
    endloop
  endfacet
  facet normal -0.499999 -0.866026 0
    outer loop
      vertex 56.0474 46.9231 0
      vertex 57.9526 45.8231 0
      vertex 57.9526 45.8231 4.8
    endloop
  endfacet
  facet normal -0.499999 -0.866026 0
    outer loop
      vertex 56.0474 46.9231 0
      vertex 57.9526 45.8231 4.8
      vertex 56.0474 46.9231 4.8
    endloop
  endfacet
  facet normal -0.866026 0.499999 0
    outer loop
      vertex 57.9526 45.8231 0
      vertex 54.4526 39.7609 0
      vertex 54.4526 39.7609 4.8
    endloop
  endfacet
  facet normal -0.866026 0.499999 0
    outer loop
      vertex 57.9526 45.8231 0
      vertex 54.4526 39.7609 4.8
      vertex 57.9526 45.8231 4.8
    endloop
  endfacet
  facet normal 0.499999 0.866026 0
    outer loop
      vertex 54.4526 39.7609 0
      vertex 52.5474 40.8609 0
      vertex 52.5474 40.8609 4.8
    endloop
  endfacet
  facet normal 0.499999 0.866026 -0
    outer loop
      vertex 54.4526 39.7609 0
      vertex 52.5474 40.8609 4.8
      vertex 54.4526 39.7609 4.8
    endloop
  endfacet
  facet normal -0 0 1
    outer loop
      vertex 25.5 65.6596 0
      vertex 32.5 63.4596 0
      vertex 32.5 65.6596 0
    endloop
  endfacet
  facet normal 0 0 1
    outer loop
      vertex 25.5 65.6596 0
      vertex 25.5 63.4596 0
      vertex 32.5 63.4596 0
    endloop
  endfacet
  facet normal 0 0 -1
    outer loop
      vertex 25.5 65.6596 4.8
      vertex 32.5 65.6596 4.8
      vertex 32.5 63.4596 4.8
    endloop
  endfacet
  facet normal 0 0 -1
    outer loop
      vertex 25.5 65.6596 4.8
      vertex 32.5 63.4596 4.8
      vertex 25.5 63.4596 4.8
    endloop
  endfacet
  facet normal 0 -1 0
    outer loop
      vertex 25.5 65.6596 0
      vertex 32.5 65.6596 0
      vertex 32.5 65.6596 4.8
    endloop
  endfacet
  facet normal 0 -1 0
    outer loop
      vertex 25.5 65.6596 0
      vertex 32.5 65.6596 4.8
      vertex 25.5 65.6596 4.8
    endloop
  endfacet
  facet normal -1 0 0
    outer loop
      vertex 32.5 65.6596 0
      vertex 32.5 63.4596 0
      vertex 32.5 63.4596 4.8
    endloop
  endfacet
  facet normal -1 0 0
    outer loop
      vertex 32.5 65.6596 0
      vertex 32.5 63.4596 4.8
      vertex 32.5 65.6596 4.8
    endloop
  endfacet
  facet normal 0 1 0
    outer loop
      vertex 32.5 63.4596 0
      vertex 25.5 63.4596 0
      vertex 25.5 63.4596 4.8
    endloop
  endfacet
  facet normal 0 1 -0
    outer loop
      vertex 32.5 63.4596 0
      vertex 25.5 63.4596 4.8
      vertex 32.5 63.4596 4.8
    endloop
  endfacet
  facet normal 1 0 0
    outer loop
      vertex 25.5 63.4596 0
      vertex 25.5 65.6596 0
      vertex 25.5 65.6596 4.8
    endloop
  endfacet
  facet normal 1 0 0
    outer loop
      vertex 25.5 63.4596 0
      vertex 25.5 65.6596 4.8
      vertex 25.5 63.4596 4.8
    endloop
  endfacet
  facet normal 0 0 1
    outer loop
      vertex 42.0474 59.0474 0
      vertex 47.4526 64.0096 0
      vertex 45.5474 65.1096 0
    endloop
  endfacet
  facet normal -0 0 1
    outer loop
      vertex 42.0474 59.0474 0
      vertex 43.9526 57.9474 0
      vertex 47.4526 64.0096 0
    endloop
  endfacet
  facet normal 0 0 -1
    outer loop
      vertex 42.0474 59.0474 4.8
      vertex 45.5474 65.1096 4.8
      vertex 47.4526 64.0096 4.8
    endloop
  endfacet
  facet normal 0 0 -1
    outer loop
      vertex 42.0474 59.0474 4.8
      vertex 47.4526 64.0096 4.8
      vertex 43.9526 57.9474 4.8
    endloop
  endfacet
  facet normal 0.866026 -0.499999 0
    outer loop
      vertex 42.0474 59.0474 0
      vertex 45.5474 65.1096 0
      vertex 45.5474 65.1096 4.8
    endloop
  endfacet
  facet normal 0.866026 -0.499999 0
    outer loop
      vertex 42.0474 59.0474 0
      vertex 45.5474 65.1096 4.8
      vertex 42.0474 59.0474 4.8
    endloop
  endfacet
  facet normal -0.499999 -0.866026 0
    outer loop
      vertex 45.5474 65.1096 0
      vertex 47.4526 64.0096 0
      vertex 47.4526 64.0096 4.8
    endloop
  endfacet
  facet normal -0.499999 -0.866026 0
    outer loop
      vertex 45.5474 65.1096 0
      vertex 47.4526 64.0096 4.8
      vertex 45.5474 65.1096 4.8
    endloop
  endfacet
  facet normal -0.866026 0.499999 0
    outer loop
      vertex 47.4526 64.0096 0
      vertex 43.9526 57.9474 0
      vertex 43.9526 57.9474 4.8
    endloop
  endfacet
  facet normal -0.866026 0.499999 0
    outer loop
      vertex 47.4526 64.0096 0
      vertex 43.9526 57.9474 4.8
      vertex 47.4526 64.0096 4.8
    endloop
  endfacet
  facet normal 0.499999 0.866026 0
    outer loop
      vertex 43.9526 57.9474 0
      vertex 42.0474 59.0474 0
      vertex 42.0474 59.0474 4.8
    endloop
  endfacet
  facet normal 0.499999 0.866026 -0
    outer loop
      vertex 43.9526 57.9474 0
      vertex 42.0474 59.0474 4.8
      vertex 43.9526 57.9474 4.8
    endloop
  endfacet
  facet normal 0 0 1
    outer loop
      vertex 94.5474 89.3583 0
      vertex 99.9526 94.3205 0
      vertex 98.0474 95.4205 0
    endloop
  endfacet
  facet normal -0 0 1
    outer loop
      vertex 94.5474 89.3583 0
      vertex 96.4526 88.2583 0
      vertex 99.9526 94.3205 0
    endloop
  endfacet
  facet normal 0 0 -1
    outer loop
      vertex 94.5474 89.3583 4.8
      vertex 98.0474 95.4205 4.8
      vertex 99.9526 94.3205 4.8
    endloop
  endfacet
  facet normal 0 0 -1
    outer loop
      vertex 94.5474 89.3583 4.8
      vertex 99.9526 94.3205 4.8
      vertex 96.4526 88.2583 4.8
    endloop
  endfacet
  facet normal 0.866026 -0.499999 0
    outer loop
      vertex 94.5474 89.3583 0
      vertex 98.0474 95.4205 0
      vertex 98.0474 95.4205 4.8
    endloop
  endfacet
  facet normal 0.866026 -0.499999 0
    outer loop
      vertex 94.5474 89.3583 0
      vertex 98.0474 95.4205 4.8
      vertex 94.5474 89.3583 4.8
    endloop
  endfacet
  facet normal -0.499999 -0.866026 0
    outer loop
      vertex 98.0474 95.4205 0
      vertex 99.9526 94.3205 0
      vertex 99.9526 94.3205 4.8
    endloop
  endfacet
  facet normal -0.499999 -0.866026 0
    outer loop
      vertex 98.0474 95.4205 0
      vertex 99.9526 94.3205 4.8
      vertex 98.0474 95.4205 4.8
    endloop
  endfacet
  facet normal -0.866026 0.499999 0
    outer loop
      vertex 99.9526 94.3205 0
      vertex 96.4526 88.2583 0
      vertex 96.4526 88.2583 4.8
    endloop
  endfacet
  facet normal -0.866026 0.499999 0
    outer loop
      vertex 99.9526 94.3205 0
      vertex 96.4526 88.2583 4.8
      vertex 99.9526 94.3205 4.8
    endloop
  endfacet
  facet normal 0.499999 0.866026 0
    outer loop
      vertex 96.4526 88.2583 0
      vertex 94.5474 89.3583 0
      vertex 94.5474 89.3583 4.8
    endloop
  endfacet
  facet normal 0.499999 0.866026 -0
    outer loop
      vertex 96.4526 88.2583 0
      vertex 94.5474 89.3583 4.8
      vertex 96.4526 88.2583 4.8
    endloop
  endfacet
  facet normal -0 0 1
    outer loop
      vertex 36 35.3487 0
      vertex 43 33.1487 0
      vertex 43 35.3487 0
    endloop
  endfacet
  facet normal 0 0 1
    outer loop
      vertex 36 35.3487 0
      vertex 36 33.1487 0
      vertex 43 33.1487 0
    endloop
  endfacet
  facet normal 0 0 -1
    outer loop
      vertex 36 35.3487 4.8
      vertex 43 35.3487 4.8
      vertex 43 33.1487 4.8
    endloop
  endfacet
  facet normal 0 0 -1
    outer loop
      vertex 36 35.3487 4.8
      vertex 43 33.1487 4.8
      vertex 36 33.1487 4.8
    endloop
  endfacet
  facet normal 0 -1 0
    outer loop
      vertex 36 35.3487 0
      vertex 43 35.3487 0
      vertex 43 35.3487 4.8
    endloop
  endfacet
  facet normal 0 -1 0
    outer loop
      vertex 36 35.3487 0
      vertex 43 35.3487 4.8
      vertex 36 35.3487 4.8
    endloop
  endfacet
  facet normal -1 0 0
    outer loop
      vertex 43 35.3487 0
      vertex 43 33.1487 0
      vertex 43 33.1487 4.8
    endloop
  endfacet
  facet normal -1 0 0
    outer loop
      vertex 43 35.3487 0
      vertex 43 33.1487 4.8
      vertex 43 35.3487 4.8
    endloop
  endfacet
  facet normal 0 1 0
    outer loop
      vertex 43 33.1487 0
      vertex 36 33.1487 0
      vertex 36 33.1487 4.8
    endloop
  endfacet
  facet normal 0 1 -0
    outer loop
      vertex 43 33.1487 0
      vertex 36 33.1487 4.8
      vertex 43 33.1487 4.8
    endloop
  endfacet
  facet normal 1 0 0
    outer loop
      vertex 36 33.1487 0
      vertex 36 35.3487 0
      vertex 36 35.3487 4.8
    endloop
  endfacet
  facet normal 1 0 0
    outer loop
      vertex 36 33.1487 0
      vertex 36 35.3487 4.8
      vertex 36 33.1487 4.8
    endloop
  endfacet
  facet normal 0 0 1
    outer loop
      vertex 10.5474 89.3583 0
      vertex 15.9526 94.3205 0
      vertex 14.0474 95.4205 0
    endloop
  endfacet
  facet normal -0 0 1
    outer loop
      vertex 10.5474 89.3583 0
      vertex 12.4526 88.2583 0
      vertex 15.9526 94.3205 0
    endloop
  endfacet
  facet normal 0 0 -1
    outer loop
      vertex 10.5474 89.3583 4.8
      vertex 14.0474 95.4205 4.8
      vertex 15.9526 94.3205 4.8
    endloop
  endfacet
  facet normal 0 0 -1
    outer loop
      vertex 10.5474 89.3583 4.8
      vertex 15.9526 94.3205 4.8
      vertex 12.4526 88.2583 4.8
    endloop
  endfacet
  facet normal 0.866026 -0.499999 0
    outer loop
      vertex 10.5474 89.3583 0
      vertex 14.0474 95.4205 0
      vertex 14.0474 95.4205 4.8
    endloop
  endfacet
  facet normal 0.866026 -0.499999 0
    outer loop
      vertex 10.5474 89.3583 0
      vertex 14.0474 95.4205 4.8
      vertex 10.5474 89.3583 4.8
    endloop
  endfacet
  facet normal -0.499999 -0.866026 0
    outer loop
      vertex 14.0474 95.4205 0
      vertex 15.9526 94.3205 0
      vertex 15.9526 94.3205 4.8
    endloop
  endfacet
  facet normal -0.499999 -0.866026 0
    outer loop
      vertex 14.0474 95.4205 0
      vertex 15.9526 94.3205 4.8
      vertex 14.0474 95.4205 4.8
    endloop
  endfacet
  facet normal -0.866026 0.499999 0
    outer loop
      vertex 15.9526 94.3205 0
      vertex 12.4526 88.2583 0
      vertex 12.4526 88.2583 4.8
    endloop
  endfacet
  facet normal -0.866026 0.499999 0
    outer loop
      vertex 15.9526 94.3205 0
      vertex 12.4526 88.2583 4.8
      vertex 15.9526 94.3205 4.8
    endloop
  endfacet
  facet normal 0.499999 0.866026 0
    outer loop
      vertex 12.4526 88.2583 0
      vertex 10.5474 89.3583 0
      vertex 10.5474 89.3583 4.8
    endloop
  endfacet
  facet normal 0.499999 0.866026 -0
    outer loop
      vertex 12.4526 88.2583 0
      vertex 10.5474 89.3583 4.8
      vertex 12.4526 88.2583 4.8
    endloop
  endfacet
  facet normal 0 0 1
    outer loop
      vertex 94.5474 40.8609 0
      vertex 99.9526 45.8231 0
      vertex 98.0474 46.9231 0
    endloop
  endfacet
  facet normal -0 0 1
    outer loop
      vertex 94.5474 40.8609 0
      vertex 96.4526 39.7609 0
      vertex 99.9526 45.8231 0
    endloop
  endfacet
  facet normal 0 0 -1
    outer loop
      vertex 94.5474 40.8609 4.8
      vertex 98.0474 46.9231 4.8
      vertex 99.9526 45.8231 4.8
    endloop
  endfacet
  facet normal 0 0 -1
    outer loop
      vertex 94.5474 40.8609 4.8
      vertex 99.9526 45.8231 4.8
      vertex 96.4526 39.7609 4.8
    endloop
  endfacet
  facet normal 0.866026 -0.499999 0
    outer loop
      vertex 94.5474 40.8609 0
      vertex 98.0474 46.9231 0
      vertex 98.0474 46.9231 4.8
    endloop
  endfacet
  facet normal 0.866026 -0.499999 0
    outer loop
      vertex 94.5474 40.8609 0
      vertex 98.0474 46.9231 4.8
      vertex 94.5474 40.8609 4.8
    endloop
  endfacet
  facet normal -0.499999 -0.866026 0
    outer loop
      vertex 98.0474 46.9231 0
      vertex 99.9526 45.8231 0
      vertex 99.9526 45.8231 4.8
    endloop
  endfacet
  facet normal -0.499999 -0.866026 0
    outer loop
      vertex 98.0474 46.9231 0
      vertex 99.9526 45.8231 4.8
      vertex 98.0474 46.9231 4.8
    endloop
  endfacet
  facet normal -0.866026 0.499999 0
    outer loop
      vertex 99.9526 45.8231 0
      vertex 96.4526 39.7609 0
      vertex 96.4526 39.7609 4.8
    endloop
  endfacet
  facet normal -0.866026 0.499999 0
    outer loop
      vertex 99.9526 45.8231 0
      vertex 96.4526 39.7609 4.8
      vertex 99.9526 45.8231 4.8
    endloop
  endfacet
  facet normal 0.499999 0.866026 0
    outer loop
      vertex 96.4526 39.7609 0
      vertex 94.5474 40.8609 0
      vertex 94.5474 40.8609 4.8
    endloop
  endfacet
  facet normal 0.499999 0.866026 -0
    outer loop
      vertex 96.4526 39.7609 0
      vertex 94.5474 40.8609 4.8
      vertex 96.4526 39.7609 4.8
    endloop
  endfacet
  facet normal 0 0 1
    outer loop
      vertex 54.4526 28.7365 0
      vertex 56.0474 21.5744 0
      vertex 57.9526 22.6744 0
    endloop
  endfacet
  facet normal 0 0 1
    outer loop
      vertex 54.4526 28.7365 0
      vertex 52.5474 27.6365 0
      vertex 56.0474 21.5744 0
    endloop
  endfacet
  facet normal 0 0 -1
    outer loop
      vertex 54.4526 28.7365 4.8
      vertex 57.9526 22.6744 4.8
      vertex 56.0474 21.5744 4.8
    endloop
  endfacet
  facet normal 0 -0 -1
    outer loop
      vertex 54.4526 28.7365 4.8
      vertex 56.0474 21.5744 4.8
      vertex 52.5474 27.6365 4.8
    endloop
  endfacet
  facet normal -0.866023 -0.500005 0
    outer loop
      vertex 54.4526 28.7365 0
      vertex 57.9526 22.6744 0
      vertex 57.9526 22.6744 4.8
    endloop
  endfacet
  facet normal -0.866023 -0.500005 0
    outer loop
      vertex 54.4526 28.7365 0
      vertex 57.9526 22.6744 4.8
      vertex 54.4526 28.7365 4.8
    endloop
  endfacet
  facet normal -0.500005 0.866023 0
    outer loop
      vertex 57.9526 22.6744 0
      vertex 56.0474 21.5744 0
      vertex 56.0474 21.5744 4.8
    endloop
  endfacet
  facet normal -0.500005 0.866023 0
    outer loop
      vertex 57.9526 22.6744 0
      vertex 56.0474 21.5744 4.8
      vertex 57.9526 22.6744 4.8
    endloop
  endfacet
  facet normal 0.866023 0.500005 0
    outer loop
      vertex 56.0474 21.5744 0
      vertex 52.5474 27.6365 0
      vertex 52.5474 27.6365 4.8
    endloop
  endfacet
  facet normal 0.866023 0.500005 -0
    outer loop
      vertex 56.0474 21.5744 0
      vertex 52.5474 27.6365 4.8
      vertex 56.0474 21.5744 4.8
    endloop
  endfacet
  facet normal 0.500005 -0.866023 0
    outer loop
      vertex 52.5474 27.6365 0
      vertex 54.4526 28.7365 0
      vertex 54.4526 28.7365 4.8
    endloop
  endfacet
  facet normal 0.500005 -0.866023 0
    outer loop
      vertex 52.5474 27.6365 0
      vertex 54.4526 28.7365 4.8
      vertex 52.5474 27.6365 4.8
    endloop
  endfacet
  facet normal 0 0 1
    outer loop
      vertex 75.4526 77.234 0
      vertex 77.0474 70.0718 0
      vertex 78.9526 71.1718 0
    endloop
  endfacet
  facet normal 0 0 1
    outer loop
      vertex 75.4526 77.234 0
      vertex 73.5474 76.134 0
      vertex 77.0474 70.0718 0
    endloop
  endfacet
  facet normal 0 0 -1
    outer loop
      vertex 75.4526 77.234 4.8
      vertex 78.9526 71.1718 4.8
      vertex 77.0474 70.0718 4.8
    endloop
  endfacet
  facet normal 0 -0 -1
    outer loop
      vertex 75.4526 77.234 4.8
      vertex 77.0474 70.0718 4.8
      vertex 73.5474 76.134 4.8
    endloop
  endfacet
  facet normal -0.866026 -0.499999 0
    outer loop
      vertex 75.4526 77.234 0
      vertex 78.9526 71.1718 0
      vertex 78.9526 71.1718 4.8
    endloop
  endfacet
  facet normal -0.866026 -0.499999 0
    outer loop
      vertex 75.4526 77.234 0
      vertex 78.9526 71.1718 4.8
      vertex 75.4526 77.234 4.8
    endloop
  endfacet
  facet normal -0.499999 0.866026 0
    outer loop
      vertex 78.9526 71.1718 0
      vertex 77.0474 70.0718 0
      vertex 77.0474 70.0718 4.8
    endloop
  endfacet
  facet normal -0.499999 0.866026 0
    outer loop
      vertex 78.9526 71.1718 0
      vertex 77.0474 70.0718 4.8
      vertex 78.9526 71.1718 4.8
    endloop
  endfacet
  facet normal 0.866026 0.499999 0
    outer loop
      vertex 77.0474 70.0718 0
      vertex 73.5474 76.134 0
      vertex 73.5474 76.134 4.8
    endloop
  endfacet
  facet normal 0.866026 0.499999 -0
    outer loop
      vertex 77.0474 70.0718 0
      vertex 73.5474 76.134 4.8
      vertex 77.0474 70.0718 4.8
    endloop
  endfacet
  facet normal 0.499999 -0.866026 0
    outer loop
      vertex 73.5474 76.134 0
      vertex 75.4526 77.234 0
      vertex 75.4526 77.234 4.8
    endloop
  endfacet
  facet normal 0.499999 -0.866026 0
    outer loop
      vertex 73.5474 76.134 0
      vertex 75.4526 77.234 4.8
      vertex 73.5474 76.134 4.8
    endloop
  endfacet
  facet normal -0 0 1
    outer loop
      vertex 25.5 77.784 0
      vertex 32.5 75.584 0
      vertex 32.5 77.784 0
    endloop
  endfacet
  facet normal 0 0 1
    outer loop
      vertex 25.5 77.784 0
      vertex 25.5 75.584 0
      vertex 32.5 75.584 0
    endloop
  endfacet
  facet normal 0 0 -1
    outer loop
      vertex 25.5 77.784 4.8
      vertex 32.5 77.784 4.8
      vertex 32.5 75.584 4.8
    endloop
  endfacet
  facet normal 0 0 -1
    outer loop
      vertex 25.5 77.784 4.8
      vertex 32.5 75.584 4.8
      vertex 25.5 75.584 4.8
    endloop
  endfacet
  facet normal 0 -1 0
    outer loop
      vertex 25.5 77.784 0
      vertex 32.5 77.784 0
      vertex 32.5 77.784 4.8
    endloop
  endfacet
  facet normal 0 -1 0
    outer loop
      vertex 25.5 77.784 0
      vertex 32.5 77.784 4.8
      vertex 25.5 77.784 4.8
    endloop
  endfacet
  facet normal -1 0 0
    outer loop
      vertex 32.5 77.784 0
      vertex 32.5 75.584 0
      vertex 32.5 75.584 4.8
    endloop
  endfacet
  facet normal -1 0 0
    outer loop
      vertex 32.5 77.784 0
      vertex 32.5 75.584 4.8
      vertex 32.5 77.784 4.8
    endloop
  endfacet
  facet normal 0 1 0
    outer loop
      vertex 32.5 75.584 0
      vertex 25.5 75.584 0
      vertex 25.5 75.584 4.8
    endloop
  endfacet
  facet normal 0 1 -0
    outer loop
      vertex 32.5 75.584 0
      vertex 25.5 75.584 4.8
      vertex 32.5 75.584 4.8
    endloop
  endfacet
  facet normal 1 0 0
    outer loop
      vertex 25.5 75.584 0
      vertex 25.5 77.784 0
      vertex 25.5 77.784 4.8
    endloop
  endfacet
  facet normal 1 0 0
    outer loop
      vertex 25.5 75.584 0
      vertex 25.5 77.784 4.8
      vertex 25.5 75.584 4.8
    endloop
  endfacet
  facet normal 0 0 1
    outer loop
      vertex 42.0474 71.1718 0
      vertex 47.4526 76.134 0
      vertex 45.5474 77.234 0
    endloop
  endfacet
  facet normal -0 0 1
    outer loop
      vertex 42.0474 71.1718 0
      vertex 43.9526 70.0718 0
      vertex 47.4526 76.134 0
    endloop
  endfacet
  facet normal 0 0 -1
    outer loop
      vertex 42.0474 71.1718 4.8
      vertex 45.5474 77.234 4.8
      vertex 47.4526 76.134 4.8
    endloop
  endfacet
  facet normal 0 0 -1
    outer loop
      vertex 42.0474 71.1718 4.8
      vertex 47.4526 76.134 4.8
      vertex 43.9526 70.0718 4.8
    endloop
  endfacet
  facet normal 0.866026 -0.499999 0
    outer loop
      vertex 42.0474 71.1718 0
      vertex 45.5474 77.234 0
      vertex 45.5474 77.234 4.8
    endloop
  endfacet
  facet normal 0.866026 -0.499999 0
    outer loop
      vertex 42.0474 71.1718 0
      vertex 45.5474 77.234 4.8
      vertex 42.0474 71.1718 4.8
    endloop
  endfacet
  facet normal -0.499999 -0.866026 0
    outer loop
      vertex 45.5474 77.234 0
      vertex 47.4526 76.134 0
      vertex 47.4526 76.134 4.8
    endloop
  endfacet
  facet normal -0.499999 -0.866026 0
    outer loop
      vertex 45.5474 77.234 0
      vertex 47.4526 76.134 4.8
      vertex 45.5474 77.234 4.8
    endloop
  endfacet
  facet normal -0.866026 0.499999 0
    outer loop
      vertex 47.4526 76.134 0
      vertex 43.9526 70.0718 0
      vertex 43.9526 70.0718 4.8
    endloop
  endfacet
  facet normal -0.866026 0.499999 0
    outer loop
      vertex 47.4526 76.134 0
      vertex 43.9526 70.0718 4.8
      vertex 47.4526 76.134 4.8
    endloop
  endfacet
  facet normal 0.499999 0.866026 0
    outer loop
      vertex 43.9526 70.0718 0
      vertex 42.0474 71.1718 0
      vertex 42.0474 71.1718 4.8
    endloop
  endfacet
  facet normal 0.499999 0.866026 -0
    outer loop
      vertex 43.9526 70.0718 0
      vertex 42.0474 71.1718 4.8
      vertex 43.9526 70.0718 4.8
    endloop
  endfacet
  facet normal -0 0 1
    outer loop
      vertex 88.5 89.9083 0
      vertex 95.5 87.7083 0
      vertex 95.5 89.9083 0
    endloop
  endfacet
  facet normal 0 0 1
    outer loop
      vertex 88.5 89.9083 0
      vertex 88.5 87.7083 0
      vertex 95.5 87.7083 0
    endloop
  endfacet
  facet normal 0 0 -1
    outer loop
      vertex 88.5 89.9083 4.8
      vertex 95.5 89.9083 4.8
      vertex 95.5 87.7083 4.8
    endloop
  endfacet
  facet normal 0 0 -1
    outer loop
      vertex 88.5 89.9083 4.8
      vertex 95.5 87.7083 4.8
      vertex 88.5 87.7083 4.8
    endloop
  endfacet
  facet normal 0 -1 0
    outer loop
      vertex 88.5 89.9083 0
      vertex 95.5 89.9083 0
      vertex 95.5 89.9083 4.8
    endloop
  endfacet
  facet normal 0 -1 0
    outer loop
      vertex 88.5 89.9083 0
      vertex 95.5 89.9083 4.8
      vertex 88.5 89.9083 4.8
    endloop
  endfacet
  facet normal -1 0 0
    outer loop
      vertex 95.5 89.9083 0
      vertex 95.5 87.7083 0
      vertex 95.5 87.7083 4.8
    endloop
  endfacet
  facet normal -1 0 0
    outer loop
      vertex 95.5 89.9083 0
      vertex 95.5 87.7083 4.8
      vertex 95.5 89.9083 4.8
    endloop
  endfacet
  facet normal 0 1 0
    outer loop
      vertex 95.5 87.7083 0
      vertex 88.5 87.7083 0
      vertex 88.5 87.7083 4.8
    endloop
  endfacet
  facet normal 0 1 -0
    outer loop
      vertex 95.5 87.7083 0
      vertex 88.5 87.7083 4.8
      vertex 95.5 87.7083 4.8
    endloop
  endfacet
  facet normal 1 0 0
    outer loop
      vertex 88.5 87.7083 0
      vertex 88.5 89.9083 0
      vertex 88.5 89.9083 4.8
    endloop
  endfacet
  facet normal 1 0 0
    outer loop
      vertex 88.5 87.7083 0
      vertex 88.5 89.9083 4.8
      vertex 88.5 87.7083 4.8
    endloop
  endfacet
  facet normal -0 0 1
    outer loop
      vertex 25.5 89.9083 0
      vertex 32.5 87.7083 0
      vertex 32.5 89.9083 0
    endloop
  endfacet
  facet normal 0 0 1
    outer loop
      vertex 25.5 89.9083 0
      vertex 25.5 87.7083 0
      vertex 32.5 87.7083 0
    endloop
  endfacet
  facet normal 0 0 -1
    outer loop
      vertex 25.5 89.9083 4.8
      vertex 32.5 89.9083 4.8
      vertex 32.5 87.7083 4.8
    endloop
  endfacet
  facet normal 0 0 -1
    outer loop
      vertex 25.5 89.9083 4.8
      vertex 32.5 87.7083 4.8
      vertex 25.5 87.7083 4.8
    endloop
  endfacet
  facet normal 0 -1 0
    outer loop
      vertex 25.5 89.9083 0
      vertex 32.5 89.9083 0
      vertex 32.5 89.9083 4.8
    endloop
  endfacet
  facet normal 0 -1 0
    outer loop
      vertex 25.5 89.9083 0
      vertex 32.5 89.9083 4.8
      vertex 25.5 89.9083 4.8
    endloop
  endfacet
  facet normal -1 0 0
    outer loop
      vertex 32.5 89.9083 0
      vertex 32.5 87.7083 0
      vertex 32.5 87.7083 4.8
    endloop
  endfacet
  facet normal -1 0 0
    outer loop
      vertex 32.5 89.9083 0
      vertex 32.5 87.7083 4.8
      vertex 32.5 89.9083 4.8
    endloop
  endfacet
  facet normal 0 1 0
    outer loop
      vertex 32.5 87.7083 0
      vertex 25.5 87.7083 0
      vertex 25.5 87.7083 4.8
    endloop
  endfacet
  facet normal 0 1 -0
    outer loop
      vertex 32.5 87.7083 0
      vertex 25.5 87.7083 4.8
      vertex 32.5 87.7083 4.8
    endloop
  endfacet
  facet normal 1 0 0
    outer loop
      vertex 25.5 87.7083 0
      vertex 25.5 89.9083 0
      vertex 25.5 89.9083 4.8
    endloop
  endfacet
  facet normal 1 0 0
    outer loop
      vertex 25.5 87.7083 0
      vertex 25.5 89.9083 4.8
      vertex 25.5 87.7083 4.8
    endloop
  endfacet
  facet normal 0 0 1
    outer loop
      vertex 64.9526 83.2961 0
      vertex 66.5474 76.134 0
      vertex 68.4526 77.234 0
    endloop
  endfacet
  facet normal 0 0 1
    outer loop
      vertex 64.9526 83.2961 0
      vertex 63.0474 82.1961 0
      vertex 66.5474 76.134 0
    endloop
  endfacet
  facet normal 0 0 -1
    outer loop
      vertex 64.9526 83.2961 4.8
      vertex 68.4526 77.234 4.8
      vertex 66.5474 76.134 4.8
    endloop
  endfacet
  facet normal 0 -0 -1
    outer loop
      vertex 64.9526 83.2961 4.8
      vertex 66.5474 76.134 4.8
      vertex 63.0474 82.1961 4.8
    endloop
  endfacet
  facet normal -0.866023 -0.500005 0
    outer loop
      vertex 64.9526 83.2961 0
      vertex 68.4526 77.234 0
      vertex 68.4526 77.234 4.8
    endloop
  endfacet
  facet normal -0.866023 -0.500005 0
    outer loop
      vertex 64.9526 83.2961 0
      vertex 68.4526 77.234 4.8
      vertex 64.9526 83.2961 4.8
    endloop
  endfacet
  facet normal -0.500005 0.866023 0
    outer loop
      vertex 68.4526 77.234 0
      vertex 66.5474 76.134 0
      vertex 66.5474 76.134 4.8
    endloop
  endfacet
  facet normal -0.500005 0.866023 0
    outer loop
      vertex 68.4526 77.234 0
      vertex 66.5474 76.134 4.8
      vertex 68.4526 77.234 4.8
    endloop
  endfacet
  facet normal 0.866023 0.500005 0
    outer loop
      vertex 66.5474 76.134 0
      vertex 63.0474 82.1961 0
      vertex 63.0474 82.1961 4.8
    endloop
  endfacet
  facet normal 0.866023 0.500005 -0
    outer loop
      vertex 66.5474 76.134 0
      vertex 63.0474 82.1961 4.8
      vertex 66.5474 76.134 4.8
    endloop
  endfacet
  facet normal 0.500005 -0.866023 0
    outer loop
      vertex 63.0474 82.1961 0
      vertex 64.9526 83.2961 0
      vertex 64.9526 83.2961 4.8
    endloop
  endfacet
  facet normal 0.500005 -0.866023 0
    outer loop
      vertex 63.0474 82.1961 0
      vertex 64.9526 83.2961 4.8
      vertex 63.0474 82.1961 4.8
    endloop
  endfacet
  facet normal 0 0 1
    outer loop
      vertex 31.5474 65.1096 0
      vertex 36.9526 70.0718 0
      vertex 35.0474 71.1718 0
    endloop
  endfacet
  facet normal -0 0 1
    outer loop
      vertex 31.5474 65.1096 0
      vertex 33.4526 64.0096 0
      vertex 36.9526 70.0718 0
    endloop
  endfacet
  facet normal 0 0 -1
    outer loop
      vertex 31.5474 65.1096 4.8
      vertex 35.0474 71.1718 4.8
      vertex 36.9526 70.0718 4.8
    endloop
  endfacet
  facet normal 0 0 -1
    outer loop
      vertex 31.5474 65.1096 4.8
      vertex 36.9526 70.0718 4.8
      vertex 33.4526 64.0096 4.8
    endloop
  endfacet
  facet normal 0.866026 -0.499999 0
    outer loop
      vertex 31.5474 65.1096 0
      vertex 35.0474 71.1718 0
      vertex 35.0474 71.1718 4.8
    endloop
  endfacet
  facet normal 0.866026 -0.499999 0
    outer loop
      vertex 31.5474 65.1096 0
      vertex 35.0474 71.1718 4.8
      vertex 31.5474 65.1096 4.8
    endloop
  endfacet
  facet normal -0.499999 -0.866026 0
    outer loop
      vertex 35.0474 71.1718 0
      vertex 36.9526 70.0718 0
      vertex 36.9526 70.0718 4.8
    endloop
  endfacet
  facet normal -0.499999 -0.866026 0
    outer loop
      vertex 35.0474 71.1718 0
      vertex 36.9526 70.0718 4.8
      vertex 35.0474 71.1718 4.8
    endloop
  endfacet
  facet normal -0.866026 0.499999 0
    outer loop
      vertex 36.9526 70.0718 0
      vertex 33.4526 64.0096 0
      vertex 33.4526 64.0096 4.8
    endloop
  endfacet
  facet normal -0.866026 0.499999 0
    outer loop
      vertex 36.9526 70.0718 0
      vertex 33.4526 64.0096 4.8
      vertex 36.9526 70.0718 4.8
    endloop
  endfacet
  facet normal 0.499999 0.866026 0
    outer loop
      vertex 33.4526 64.0096 0
      vertex 31.5474 65.1096 0
      vertex 31.5474 65.1096 4.8
    endloop
  endfacet
  facet normal 0.499999 0.866026 -0
    outer loop
      vertex 33.4526 64.0096 0
      vertex 31.5474 65.1096 4.8
      vertex 33.4526 64.0096 4.8
    endloop
  endfacet
  facet normal 0 0 1
    outer loop
      vertex 75.4526 52.9852 0
      vertex 77.0474 45.8231 0
      vertex 78.9526 46.9231 0
    endloop
  endfacet
  facet normal 0 0 1
    outer loop
      vertex 75.4526 52.9852 0
      vertex 73.5474 51.8852 0
      vertex 77.0474 45.8231 0
    endloop
  endfacet
  facet normal 0 0 -1
    outer loop
      vertex 75.4526 52.9852 4.8
      vertex 78.9526 46.9231 4.8
      vertex 77.0474 45.8231 4.8
    endloop
  endfacet
  facet normal 0 -0 -1
    outer loop
      vertex 75.4526 52.9852 4.8
      vertex 77.0474 45.8231 4.8
      vertex 73.5474 51.8852 4.8
    endloop
  endfacet
  facet normal -0.866023 -0.500005 0
    outer loop
      vertex 75.4526 52.9852 0
      vertex 78.9526 46.9231 0
      vertex 78.9526 46.9231 4.8
    endloop
  endfacet
  facet normal -0.866023 -0.500005 0
    outer loop
      vertex 75.4526 52.9852 0
      vertex 78.9526 46.9231 4.8
      vertex 75.4526 52.9852 4.8
    endloop
  endfacet
  facet normal -0.500005 0.866023 0
    outer loop
      vertex 78.9526 46.9231 0
      vertex 77.0474 45.8231 0
      vertex 77.0474 45.8231 4.8
    endloop
  endfacet
  facet normal -0.500005 0.866023 0
    outer loop
      vertex 78.9526 46.9231 0
      vertex 77.0474 45.8231 4.8
      vertex 78.9526 46.9231 4.8
    endloop
  endfacet
  facet normal 0.866023 0.500005 0
    outer loop
      vertex 77.0474 45.8231 0
      vertex 73.5474 51.8852 0
      vertex 73.5474 51.8852 4.8
    endloop
  endfacet
  facet normal 0.866023 0.500005 -0
    outer loop
      vertex 77.0474 45.8231 0
      vertex 73.5474 51.8852 4.8
      vertex 77.0474 45.8231 4.8
    endloop
  endfacet
  facet normal 0.500005 -0.866023 0
    outer loop
      vertex 73.5474 51.8852 0
      vertex 75.4526 52.9852 0
      vertex 75.4526 52.9852 4.8
    endloop
  endfacet
  facet normal 0.500005 -0.866023 0
    outer loop
      vertex 73.5474 51.8852 0
      vertex 75.4526 52.9852 4.8
      vertex 73.5474 51.8852 4.8
    endloop
  endfacet
  facet normal 0 0 1
    outer loop
      vertex 75.4526 40.8609 0
      vertex 77.0474 33.6987 0
      vertex 78.9526 34.7987 0
    endloop
  endfacet
  facet normal 0 0 1
    outer loop
      vertex 75.4526 40.8609 0
      vertex 73.5474 39.7609 0
      vertex 77.0474 33.6987 0
    endloop
  endfacet
  facet normal 0 0 -1
    outer loop
      vertex 75.4526 40.8609 4.8
      vertex 78.9526 34.7987 4.8
      vertex 77.0474 33.6987 4.8
    endloop
  endfacet
  facet normal 0 -0 -1
    outer loop
      vertex 75.4526 40.8609 4.8
      vertex 77.0474 33.6987 4.8
      vertex 73.5474 39.7609 4.8
    endloop
  endfacet
  facet normal -0.866026 -0.499999 0
    outer loop
      vertex 75.4526 40.8609 0
      vertex 78.9526 34.7987 0
      vertex 78.9526 34.7987 4.8
    endloop
  endfacet
  facet normal -0.866026 -0.499999 0
    outer loop
      vertex 75.4526 40.8609 0
      vertex 78.9526 34.7987 4.8
      vertex 75.4526 40.8609 4.8
    endloop
  endfacet
  facet normal -0.499999 0.866026 0
    outer loop
      vertex 78.9526 34.7987 0
      vertex 77.0474 33.6987 0
      vertex 77.0474 33.6987 4.8
    endloop
  endfacet
  facet normal -0.499999 0.866026 0
    outer loop
      vertex 78.9526 34.7987 0
      vertex 77.0474 33.6987 4.8
      vertex 78.9526 34.7987 4.8
    endloop
  endfacet
  facet normal 0.866026 0.499999 0
    outer loop
      vertex 77.0474 33.6987 0
      vertex 73.5474 39.7609 0
      vertex 73.5474 39.7609 4.8
    endloop
  endfacet
  facet normal 0.866026 0.499999 -0
    outer loop
      vertex 77.0474 33.6987 0
      vertex 73.5474 39.7609 4.8
      vertex 77.0474 33.6987 4.8
    endloop
  endfacet
  facet normal 0.499999 -0.866026 0
    outer loop
      vertex 73.5474 39.7609 0
      vertex 75.4526 40.8609 0
      vertex 75.4526 40.8609 4.8
    endloop
  endfacet
  facet normal 0.499999 -0.866026 0
    outer loop
      vertex 73.5474 39.7609 0
      vertex 75.4526 40.8609 4.8
      vertex 73.5474 39.7609 4.8
    endloop
  endfacet
  facet normal -0 0 1
    outer loop
      vertex 99 95.9705 0
      vertex 99.4 93.7705 0
      vertex 99.4 95.9705 0
    endloop
  endfacet
  facet normal 0 0 1
    outer loop
      vertex 99 95.9705 0
      vertex 99 93.7705 0
      vertex 99.4 93.7705 0
    endloop
  endfacet
  facet normal 0 0 -1
    outer loop
      vertex 99 95.9705 4.8
      vertex 99.4 95.9705 4.8
      vertex 99.4 93.7705 4.8
    endloop
  endfacet
  facet normal 0 0 -1
    outer loop
      vertex 99 95.9705 4.8
      vertex 99.4 93.7705 4.8
      vertex 99 93.7705 4.8
    endloop
  endfacet
  facet normal 0 -1 0
    outer loop
      vertex 99 95.9705 0
      vertex 99.4 95.9705 0
      vertex 99.4 95.9705 4.8
    endloop
  endfacet
  facet normal 0 -1 0
    outer loop
      vertex 99 95.9705 0
      vertex 99.4 95.9705 4.8
      vertex 99 95.9705 4.8
    endloop
  endfacet
  facet normal -1 0 0
    outer loop
      vertex 99.4 95.9705 0
      vertex 99.4 93.7705 0
      vertex 99.4 93.7705 4.8
    endloop
  endfacet
  facet normal -1 0 0
    outer loop
      vertex 99.4 95.9705 0
      vertex 99.4 93.7705 4.8
      vertex 99.4 95.9705 4.8
    endloop
  endfacet
  facet normal 0 1 0
    outer loop
      vertex 99.4 93.7705 0
      vertex 99 93.7705 0
      vertex 99 93.7705 4.8
    endloop
  endfacet
  facet normal 0 1 -0
    outer loop
      vertex 99.4 93.7705 0
      vertex 99 93.7705 4.8
      vertex 99.4 93.7705 4.8
    endloop
  endfacet
  facet normal 1 0 0
    outer loop
      vertex 99 93.7705 0
      vertex 99 95.9705 0
      vertex 99 95.9705 4.8
    endloop
  endfacet
  facet normal 1 0 0
    outer loop
      vertex 99 93.7705 0
      vertex 99 95.9705 4.8
      vertex 99 93.7705 4.8
    endloop
  endfacet
  facet normal 0 0 1
    outer loop
      vertex 64.9526 59.0474 0
      vertex 66.5474 51.8852 0
      vertex 68.4526 52.9852 0
    endloop
  endfacet
  facet normal 0 0 1
    outer loop
      vertex 64.9526 59.0474 0
      vertex 63.0474 57.9474 0
      vertex 66.5474 51.8852 0
    endloop
  endfacet
  facet normal 0 0 -1
    outer loop
      vertex 64.9526 59.0474 4.8
      vertex 68.4526 52.9852 4.8
      vertex 66.5474 51.8852 4.8
    endloop
  endfacet
  facet normal 0 -0 -1
    outer loop
      vertex 64.9526 59.0474 4.8
      vertex 66.5474 51.8852 4.8
      vertex 63.0474 57.9474 4.8
    endloop
  endfacet
  facet normal -0.866026 -0.499999 0
    outer loop
      vertex 64.9526 59.0474 0
      vertex 68.4526 52.9852 0
      vertex 68.4526 52.9852 4.8
    endloop
  endfacet
  facet normal -0.866026 -0.499999 0
    outer loop
      vertex 64.9526 59.0474 0
      vertex 68.4526 52.9852 4.8
      vertex 64.9526 59.0474 4.8
    endloop
  endfacet
  facet normal -0.499999 0.866026 0
    outer loop
      vertex 68.4526 52.9852 0
      vertex 66.5474 51.8852 0
      vertex 66.5474 51.8852 4.8
    endloop
  endfacet
  facet normal -0.499999 0.866026 0
    outer loop
      vertex 68.4526 52.9852 0
      vertex 66.5474 51.8852 4.8
      vertex 68.4526 52.9852 4.8
    endloop
  endfacet
  facet normal 0.866026 0.499999 0
    outer loop
      vertex 66.5474 51.8852 0
      vertex 63.0474 57.9474 0
      vertex 63.0474 57.9474 4.8
    endloop
  endfacet
  facet normal 0.866026 0.499999 -0
    outer loop
      vertex 66.5474 51.8852 0
      vertex 63.0474 57.9474 4.8
      vertex 66.5474 51.8852 4.8
    endloop
  endfacet
  facet normal 0.499999 -0.866026 0
    outer loop
      vertex 63.0474 57.9474 0
      vertex 64.9526 59.0474 0
      vertex 64.9526 59.0474 4.8
    endloop
  endfacet
  facet normal 0.499999 -0.866026 0
    outer loop
      vertex 63.0474 57.9474 0
      vertex 64.9526 59.0474 4.8
      vertex 63.0474 57.9474 4.8
    endloop
  endfacet
  facet normal -0 0 1
    outer loop
      vertex 8 89.9083 0
      vertex 11.5 87.7083 0
      vertex 11.5 89.9083 0
    endloop
  endfacet
  facet normal 0 0 1
    outer loop
      vertex 8 89.9083 0
      vertex 8 87.7083 0
      vertex 11.5 87.7083 0
    endloop
  endfacet
  facet normal 0 0 -1
    outer loop
      vertex 8 89.9083 4.8
      vertex 11.5 89.9083 4.8
      vertex 11.5 87.7083 4.8
    endloop
  endfacet
  facet normal 0 0 -1
    outer loop
      vertex 8 89.9083 4.8
      vertex 11.5 87.7083 4.8
      vertex 8 87.7083 4.8
    endloop
  endfacet
  facet normal 0 -1 0
    outer loop
      vertex 8 89.9083 0
      vertex 11.5 89.9083 0
      vertex 11.5 89.9083 4.8
    endloop
  endfacet
  facet normal 0 -1 0
    outer loop
      vertex 8 89.9083 0
      vertex 11.5 89.9083 4.8
      vertex 8 89.9083 4.8
    endloop
  endfacet
  facet normal -1 0 0
    outer loop
      vertex 11.5 89.9083 0
      vertex 11.5 87.7083 0
      vertex 11.5 87.7083 4.8
    endloop
  endfacet
  facet normal -1 0 0
    outer loop
      vertex 11.5 89.9083 0
      vertex 11.5 87.7083 4.8
      vertex 11.5 89.9083 4.8
    endloop
  endfacet
  facet normal 0 1 0
    outer loop
      vertex 11.5 87.7083 0
      vertex 8 87.7083 0
      vertex 8 87.7083 4.8
    endloop
  endfacet
  facet normal 0 1 -0
    outer loop
      vertex 11.5 87.7083 0
      vertex 8 87.7083 4.8
      vertex 11.5 87.7083 4.8
    endloop
  endfacet
  facet normal 1 0 0
    outer loop
      vertex 8 87.7083 0
      vertex 8 89.9083 0
      vertex 8 89.9083 4.8
    endloop
  endfacet
  facet normal 1 0 0
    outer loop
      vertex 8 87.7083 0
      vertex 8 89.9083 4.8
      vertex 8 87.7083 4.8
    endloop
  endfacet
  facet normal -0 0 1
    outer loop
      vertex 99 59.5974 0
      vertex 99.4 57.3974 0
      vertex 99.4 59.5974 0
    endloop
  endfacet
  facet normal 0 0 1
    outer loop
      vertex 99 59.5974 0
      vertex 99 57.3974 0
      vertex 99.4 57.3974 0
    endloop
  endfacet
  facet normal 0 0 -1
    outer loop
      vertex 99 59.5974 4.8
      vertex 99.4 59.5974 4.8
      vertex 99.4 57.3974 4.8
    endloop
  endfacet
  facet normal 0 0 -1
    outer loop
      vertex 99 59.5974 4.8
      vertex 99.4 57.3974 4.8
      vertex 99 57.3974 4.8
    endloop
  endfacet
  facet normal 0 -1 0
    outer loop
      vertex 99 59.5974 0
      vertex 99.4 59.5974 0
      vertex 99.4 59.5974 4.8
    endloop
  endfacet
  facet normal 0 -1 0
    outer loop
      vertex 99 59.5974 0
      vertex 99.4 59.5974 4.8
      vertex 99 59.5974 4.8
    endloop
  endfacet
  facet normal -1 0 0
    outer loop
      vertex 99.4 59.5974 0
      vertex 99.4 57.3974 0
      vertex 99.4 57.3974 4.8
    endloop
  endfacet
  facet normal -1 0 0
    outer loop
      vertex 99.4 59.5974 0
      vertex 99.4 57.3974 4.8
      vertex 99.4 59.5974 4.8
    endloop
  endfacet
  facet normal 0 1 0
    outer loop
      vertex 99.4 57.3974 0
      vertex 99 57.3974 0
      vertex 99 57.3974 4.8
    endloop
  endfacet
  facet normal 0 1 -0
    outer loop
      vertex 99.4 57.3974 0
      vertex 99 57.3974 4.8
      vertex 99.4 57.3974 4.8
    endloop
  endfacet
  facet normal 1 0 0
    outer loop
      vertex 99 57.3974 0
      vertex 99 59.5974 0
      vertex 99 59.5974 4.8
    endloop
  endfacet
  facet normal 1 0 0
    outer loop
      vertex 99 57.3974 0
      vertex 99 59.5974 4.8
      vertex 99 57.3974 4.8
    endloop
  endfacet
  facet normal -0 0 1
    outer loop
      vertex 46.5 53.5352 0
      vertex 53.5 51.3352 0
      vertex 53.5 53.5352 0
    endloop
  endfacet
  facet normal 0 0 1
    outer loop
      vertex 46.5 53.5352 0
      vertex 46.5 51.3352 0
      vertex 53.5 51.3352 0
    endloop
  endfacet
  facet normal 0 0 -1
    outer loop
      vertex 46.5 53.5352 4.8
      vertex 53.5 53.5352 4.8
      vertex 53.5 51.3352 4.8
    endloop
  endfacet
  facet normal 0 0 -1
    outer loop
      vertex 46.5 53.5352 4.8
      vertex 53.5 51.3352 4.8
      vertex 46.5 51.3352 4.8
    endloop
  endfacet
  facet normal 0 -1 0
    outer loop
      vertex 46.5 53.5352 0
      vertex 53.5 53.5352 0
      vertex 53.5 53.5352 4.8
    endloop
  endfacet
  facet normal 0 -1 0
    outer loop
      vertex 46.5 53.5352 0
      vertex 53.5 53.5352 4.8
      vertex 46.5 53.5352 4.8
    endloop
  endfacet
  facet normal -1 0 0
    outer loop
      vertex 53.5 53.5352 0
      vertex 53.5 51.3352 0
      vertex 53.5 51.3352 4.8
    endloop
  endfacet
  facet normal -1 0 0
    outer loop
      vertex 53.5 53.5352 0
      vertex 53.5 51.3352 4.8
      vertex 53.5 53.5352 4.8
    endloop
  endfacet
  facet normal 0 1 0
    outer loop
      vertex 53.5 51.3352 0
      vertex 46.5 51.3352 0
      vertex 46.5 51.3352 4.8
    endloop
  endfacet
  facet normal 0 1 -0
    outer loop
      vertex 53.5 51.3352 0
      vertex 46.5 51.3352 4.8
      vertex 53.5 51.3352 4.8
    endloop
  endfacet
  facet normal 1 0 0
    outer loop
      vertex 46.5 51.3352 0
      vertex 46.5 53.5352 0
      vertex 46.5 53.5352 4.8
    endloop
  endfacet
  facet normal 1 0 0
    outer loop
      vertex 46.5 51.3352 0
      vertex 46.5 53.5352 4.8
      vertex 46.5 51.3352 4.8
    endloop
  endfacet
  facet normal -0 0 1
    outer loop
      vertex 99 83.8461 0
      vertex 99.4 81.6461 0
      vertex 99.4 83.8461 0
    endloop
  endfacet
  facet normal 0 0 1
    outer loop
      vertex 99 83.8461 0
      vertex 99 81.6461 0
      vertex 99.4 81.6461 0
    endloop
  endfacet
  facet normal 0 0 -1
    outer loop
      vertex 99 83.8461 4.8
      vertex 99.4 83.8461 4.8
      vertex 99.4 81.6461 4.8
    endloop
  endfacet
  facet normal 0 0 -1
    outer loop
      vertex 99 83.8461 4.8
      vertex 99.4 81.6461 4.8
      vertex 99 81.6461 4.8
    endloop
  endfacet
  facet normal 0 -1 0
    outer loop
      vertex 99 83.8461 0
      vertex 99.4 83.8461 0
      vertex 99.4 83.8461 4.8
    endloop
  endfacet
  facet normal 0 -1 0
    outer loop
      vertex 99 83.8461 0
      vertex 99.4 83.8461 4.8
      vertex 99 83.8461 4.8
    endloop
  endfacet
  facet normal -1 0 0
    outer loop
      vertex 99.4 83.8461 0
      vertex 99.4 81.6461 0
      vertex 99.4 81.6461 4.8
    endloop
  endfacet
  facet normal -1 0 0
    outer loop
      vertex 99.4 83.8461 0
      vertex 99.4 81.6461 4.8
      vertex 99.4 83.8461 4.8
    endloop
  endfacet
  facet normal 0 1 0
    outer loop
      vertex 99.4 81.6461 0
      vertex 99 81.6461 0
      vertex 99 81.6461 4.8
    endloop
  endfacet
  facet normal 0 1 -0
    outer loop
      vertex 99.4 81.6461 0
      vertex 99 81.6461 4.8
      vertex 99.4 81.6461 4.8
    endloop
  endfacet
  facet normal 1 0 0
    outer loop
      vertex 99 81.6461 0
      vertex 99 83.8461 0
      vertex 99 83.8461 4.8
    endloop
  endfacet
  facet normal 1 0 0
    outer loop
      vertex 99 81.6461 0
      vertex 99 83.8461 4.8
      vertex 99 81.6461 4.8
    endloop
  endfacet
  facet normal 0 0 1
    outer loop
      vertex 73.5474 89.3583 0
      vertex 78.9526 94.3205 0
      vertex 77.0474 95.4205 0
    endloop
  endfacet
  facet normal -0 0 1
    outer loop
      vertex 73.5474 89.3583 0
      vertex 75.4526 88.2583 0
      vertex 78.9526 94.3205 0
    endloop
  endfacet
  facet normal 0 0 -1
    outer loop
      vertex 73.5474 89.3583 4.8
      vertex 77.0474 95.4205 4.8
      vertex 78.9526 94.3205 4.8
    endloop
  endfacet
  facet normal 0 0 -1
    outer loop
      vertex 73.5474 89.3583 4.8
      vertex 78.9526 94.3205 4.8
      vertex 75.4526 88.2583 4.8
    endloop
  endfacet
  facet normal 0.866026 -0.499999 0
    outer loop
      vertex 73.5474 89.3583 0
      vertex 77.0474 95.4205 0
      vertex 77.0474 95.4205 4.8
    endloop
  endfacet
  facet normal 0.866026 -0.499999 0
    outer loop
      vertex 73.5474 89.3583 0
      vertex 77.0474 95.4205 4.8
      vertex 73.5474 89.3583 4.8
    endloop
  endfacet
  facet normal -0.499999 -0.866026 0
    outer loop
      vertex 77.0474 95.4205 0
      vertex 78.9526 94.3205 0
      vertex 78.9526 94.3205 4.8
    endloop
  endfacet
  facet normal -0.499999 -0.866026 0
    outer loop
      vertex 77.0474 95.4205 0
      vertex 78.9526 94.3205 4.8
      vertex 77.0474 95.4205 4.8
    endloop
  endfacet
  facet normal -0.866026 0.499999 0
    outer loop
      vertex 78.9526 94.3205 0
      vertex 75.4526 88.2583 0
      vertex 75.4526 88.2583 4.8
    endloop
  endfacet
  facet normal -0.866026 0.499999 0
    outer loop
      vertex 78.9526 94.3205 0
      vertex 75.4526 88.2583 4.8
      vertex 78.9526 94.3205 4.8
    endloop
  endfacet
  facet normal 0.499999 0.866026 0
    outer loop
      vertex 75.4526 88.2583 0
      vertex 73.5474 89.3583 0
      vertex 73.5474 89.3583 4.8
    endloop
  endfacet
  facet normal 0.499999 0.866026 -0
    outer loop
      vertex 75.4526 88.2583 0
      vertex 73.5474 89.3583 4.8
      vertex 75.4526 88.2583 4.8
    endloop
  endfacet
  facet normal -0 0 1
    outer loop
      vertex 15 83.8461 0
      vertex 22 81.6461 0
      vertex 22 83.8461 0
    endloop
  endfacet
  facet normal 0 0 1
    outer loop
      vertex 15 83.8461 0
      vertex 15 81.6461 0
      vertex 22 81.6461 0
    endloop
  endfacet
  facet normal 0 0 -1
    outer loop
      vertex 15 83.8461 4.8
      vertex 22 83.8461 4.8
      vertex 22 81.6461 4.8
    endloop
  endfacet
  facet normal 0 0 -1
    outer loop
      vertex 15 83.8461 4.8
      vertex 22 81.6461 4.8
      vertex 15 81.6461 4.8
    endloop
  endfacet
  facet normal 0 -1 0
    outer loop
      vertex 15 83.8461 0
      vertex 22 83.8461 0
      vertex 22 83.8461 4.8
    endloop
  endfacet
  facet normal 0 -1 0
    outer loop
      vertex 15 83.8461 0
      vertex 22 83.8461 4.8
      vertex 15 83.8461 4.8
    endloop
  endfacet
  facet normal -1 0 0
    outer loop
      vertex 22 83.8461 0
      vertex 22 81.6461 0
      vertex 22 81.6461 4.8
    endloop
  endfacet
  facet normal -1 0 0
    outer loop
      vertex 22 83.8461 0
      vertex 22 81.6461 4.8
      vertex 22 83.8461 4.8
    endloop
  endfacet
  facet normal 0 1 0
    outer loop
      vertex 22 81.6461 0
      vertex 15 81.6461 0
      vertex 15 81.6461 4.8
    endloop
  endfacet
  facet normal 0 1 -0
    outer loop
      vertex 22 81.6461 0
      vertex 15 81.6461 4.8
      vertex 22 81.6461 4.8
    endloop
  endfacet
  facet normal 1 0 0
    outer loop
      vertex 15 81.6461 0
      vertex 15 83.8461 0
      vertex 15 83.8461 4.8
    endloop
  endfacet
  facet normal 1 0 0
    outer loop
      vertex 15 81.6461 0
      vertex 15 83.8461 4.8
      vertex 15 81.6461 4.8
    endloop
  endfacet
  facet normal 0 0 1
    outer loop
      vertex 52.5474 65.1096 0
      vertex 57.9526 70.0718 0
      vertex 56.0474 71.1718 0
    endloop
  endfacet
  facet normal -0 0 1
    outer loop
      vertex 52.5474 65.1096 0
      vertex 54.4526 64.0096 0
      vertex 57.9526 70.0718 0
    endloop
  endfacet
  facet normal 0 0 -1
    outer loop
      vertex 52.5474 65.1096 4.8
      vertex 56.0474 71.1718 4.8
      vertex 57.9526 70.0718 4.8
    endloop
  endfacet
  facet normal 0 0 -1
    outer loop
      vertex 52.5474 65.1096 4.8
      vertex 57.9526 70.0718 4.8
      vertex 54.4526 64.0096 4.8
    endloop
  endfacet
  facet normal 0.866026 -0.499999 0
    outer loop
      vertex 52.5474 65.1096 0
      vertex 56.0474 71.1718 0
      vertex 56.0474 71.1718 4.8
    endloop
  endfacet
  facet normal 0.866026 -0.499999 0
    outer loop
      vertex 52.5474 65.1096 0
      vertex 56.0474 71.1718 4.8
      vertex 52.5474 65.1096 4.8
    endloop
  endfacet
  facet normal -0.499999 -0.866026 0
    outer loop
      vertex 56.0474 71.1718 0
      vertex 57.9526 70.0718 0
      vertex 57.9526 70.0718 4.8
    endloop
  endfacet
  facet normal -0.499999 -0.866026 0
    outer loop
      vertex 56.0474 71.1718 0
      vertex 57.9526 70.0718 4.8
      vertex 56.0474 71.1718 4.8
    endloop
  endfacet
  facet normal -0.866026 0.499999 0
    outer loop
      vertex 57.9526 70.0718 0
      vertex 54.4526 64.0096 0
      vertex 54.4526 64.0096 4.8
    endloop
  endfacet
  facet normal -0.866026 0.499999 0
    outer loop
      vertex 57.9526 70.0718 0
      vertex 54.4526 64.0096 4.8
      vertex 57.9526 70.0718 4.8
    endloop
  endfacet
  facet normal 0.499999 0.866026 0
    outer loop
      vertex 54.4526 64.0096 0
      vertex 52.5474 65.1096 0
      vertex 52.5474 65.1096 4.8
    endloop
  endfacet
  facet normal 0.499999 0.866026 -0
    outer loop
      vertex 54.4526 64.0096 0
      vertex 52.5474 65.1096 4.8
      vertex 54.4526 64.0096 4.8
    endloop
  endfacet
  facet normal -0 0 1
    outer loop
      vertex 88.5 77.784 0
      vertex 95.5 75.584 0
      vertex 95.5 77.784 0
    endloop
  endfacet
  facet normal 0 0 1
    outer loop
      vertex 88.5 77.784 0
      vertex 88.5 75.584 0
      vertex 95.5 75.584 0
    endloop
  endfacet
  facet normal 0 0 -1
    outer loop
      vertex 88.5 77.784 4.8
      vertex 95.5 77.784 4.8
      vertex 95.5 75.584 4.8
    endloop
  endfacet
  facet normal 0 0 -1
    outer loop
      vertex 88.5 77.784 4.8
      vertex 95.5 75.584 4.8
      vertex 88.5 75.584 4.8
    endloop
  endfacet
  facet normal 0 -1 0
    outer loop
      vertex 88.5 77.784 0
      vertex 95.5 77.784 0
      vertex 95.5 77.784 4.8
    endloop
  endfacet
  facet normal 0 -1 0
    outer loop
      vertex 88.5 77.784 0
      vertex 95.5 77.784 4.8
      vertex 88.5 77.784 4.8
    endloop
  endfacet
  facet normal -1 0 0
    outer loop
      vertex 95.5 77.784 0
      vertex 95.5 75.584 0
      vertex 95.5 75.584 4.8
    endloop
  endfacet
  facet normal -1 0 0
    outer loop
      vertex 95.5 77.784 0
      vertex 95.5 75.584 4.8
      vertex 95.5 77.784 4.8
    endloop
  endfacet
  facet normal 0 1 0
    outer loop
      vertex 95.5 75.584 0
      vertex 88.5 75.584 0
      vertex 88.5 75.584 4.8
    endloop
  endfacet
  facet normal 0 1 -0
    outer loop
      vertex 95.5 75.584 0
      vertex 88.5 75.584 4.8
      vertex 95.5 75.584 4.8
    endloop
  endfacet
  facet normal 1 0 0
    outer loop
      vertex 88.5 75.584 0
      vertex 88.5 77.784 0
      vertex 88.5 77.784 4.8
    endloop
  endfacet
  facet normal 1 0 0
    outer loop
      vertex 88.5 75.584 0
      vertex 88.5 77.784 4.8
      vertex 88.5 75.584 4.8
    endloop
  endfacet
  facet normal -0 0 1
    outer loop
      vertex 57 11.1 0
      vertex 64 8.9 0
      vertex 64 11.1 0
    endloop
  endfacet
  facet normal 0 0 1
    outer loop
      vertex 57 11.1 0
      vertex 57 8.9 0
      vertex 64 8.9 0
    endloop
  endfacet
  facet normal 0 0 -1
    outer loop
      vertex 57 11.1 4.8
      vertex 64 11.1 4.8
      vertex 64 8.9 4.8
    endloop
  endfacet
  facet normal 0 0 -1
    outer loop
      vertex 57 11.1 4.8
      vertex 64 8.9 4.8
      vertex 57 8.9 4.8
    endloop
  endfacet
  facet normal 0 -1 0
    outer loop
      vertex 57 11.1 0
      vertex 64 11.1 0
      vertex 64 11.1 4.8
    endloop
  endfacet
  facet normal 0 -1 0
    outer loop
      vertex 57 11.1 0
      vertex 64 11.1 4.8
      vertex 57 11.1 4.8
    endloop
  endfacet
  facet normal -1 0 0
    outer loop
      vertex 64 11.1 0
      vertex 64 8.9 0
      vertex 64 8.9 4.8
    endloop
  endfacet
  facet normal -1 0 0
    outer loop
      vertex 64 11.1 0
      vertex 64 8.9 4.8
      vertex 64 11.1 4.8
    endloop
  endfacet
  facet normal 0 1 0
    outer loop
      vertex 64 8.9 0
      vertex 57 8.9 0
      vertex 57 8.9 4.8
    endloop
  endfacet
  facet normal 0 1 -0
    outer loop
      vertex 64 8.9 0
      vertex 57 8.9 4.8
      vertex 64 8.9 4.8
    endloop
  endfacet
  facet normal 1 0 0
    outer loop
      vertex 57 8.9 0
      vertex 57 11.1 0
      vertex 57 11.1 4.8
    endloop
  endfacet
  facet normal 1 0 0
    outer loop
      vertex 57 8.9 0
      vertex 57 11.1 4.8
      vertex 57 8.9 4.8
    endloop
  endfacet
  facet normal 0 0 1
    outer loop
      vertex 42.0474 46.9231 0
      vertex 47.4526 51.8852 0
      vertex 45.5474 52.9852 0
    endloop
  endfacet
  facet normal -0 0 1
    outer loop
      vertex 42.0474 46.9231 0
      vertex 43.9526 45.8231 0
      vertex 47.4526 51.8852 0
    endloop
  endfacet
  facet normal 0 0 -1
    outer loop
      vertex 42.0474 46.9231 4.8
      vertex 45.5474 52.9852 4.8
      vertex 47.4526 51.8852 4.8
    endloop
  endfacet
  facet normal 0 0 -1
    outer loop
      vertex 42.0474 46.9231 4.8
      vertex 47.4526 51.8852 4.8
      vertex 43.9526 45.8231 4.8
    endloop
  endfacet
  facet normal 0.866023 -0.500005 0
    outer loop
      vertex 42.0474 46.9231 0
      vertex 45.5474 52.9852 0
      vertex 45.5474 52.9852 4.8
    endloop
  endfacet
  facet normal 0.866023 -0.500005 0
    outer loop
      vertex 42.0474 46.9231 0
      vertex 45.5474 52.9852 4.8
      vertex 42.0474 46.9231 4.8
    endloop
  endfacet
  facet normal -0.500005 -0.866023 0
    outer loop
      vertex 45.5474 52.9852 0
      vertex 47.4526 51.8852 0
      vertex 47.4526 51.8852 4.8
    endloop
  endfacet
  facet normal -0.500005 -0.866023 0
    outer loop
      vertex 45.5474 52.9852 0
      vertex 47.4526 51.8852 4.8
      vertex 45.5474 52.9852 4.8
    endloop
  endfacet
  facet normal -0.866023 0.500005 0
    outer loop
      vertex 47.4526 51.8852 0
      vertex 43.9526 45.8231 0
      vertex 43.9526 45.8231 4.8
    endloop
  endfacet
  facet normal -0.866023 0.500005 0
    outer loop
      vertex 47.4526 51.8852 0
      vertex 43.9526 45.8231 4.8
      vertex 47.4526 51.8852 4.8
    endloop
  endfacet
  facet normal 0.500005 0.866023 0
    outer loop
      vertex 43.9526 45.8231 0
      vertex 42.0474 46.9231 0
      vertex 42.0474 46.9231 4.8
    endloop
  endfacet
  facet normal 0.500005 0.866023 -0
    outer loop
      vertex 43.9526 45.8231 0
      vertex 42.0474 46.9231 4.8
      vertex 43.9526 45.8231 4.8
    endloop
  endfacet
  facet normal 0 0 1
    outer loop
      vertex 64.9526 71.1718 0
      vertex 66.5474 64.0096 0
      vertex 68.4526 65.1096 0
    endloop
  endfacet
  facet normal 0 0 1
    outer loop
      vertex 64.9526 71.1718 0
      vertex 63.0474 70.0718 0
      vertex 66.5474 64.0096 0
    endloop
  endfacet
  facet normal 0 0 -1
    outer loop
      vertex 64.9526 71.1718 4.8
      vertex 68.4526 65.1096 4.8
      vertex 66.5474 64.0096 4.8
    endloop
  endfacet
  facet normal 0 -0 -1
    outer loop
      vertex 64.9526 71.1718 4.8
      vertex 66.5474 64.0096 4.8
      vertex 63.0474 70.0718 4.8
    endloop
  endfacet
  facet normal -0.866026 -0.499999 0
    outer loop
      vertex 64.9526 71.1718 0
      vertex 68.4526 65.1096 0
      vertex 68.4526 65.1096 4.8
    endloop
  endfacet
  facet normal -0.866026 -0.499999 0
    outer loop
      vertex 64.9526 71.1718 0
      vertex 68.4526 65.1096 4.8
      vertex 64.9526 71.1718 4.8
    endloop
  endfacet
  facet normal -0.499999 0.866026 0
    outer loop
      vertex 68.4526 65.1096 0
      vertex 66.5474 64.0096 0
      vertex 66.5474 64.0096 4.8
    endloop
  endfacet
  facet normal -0.499999 0.866026 0
    outer loop
      vertex 68.4526 65.1096 0
      vertex 66.5474 64.0096 4.8
      vertex 68.4526 65.1096 4.8
    endloop
  endfacet
  facet normal 0.866026 0.499999 0
    outer loop
      vertex 66.5474 64.0096 0
      vertex 63.0474 70.0718 0
      vertex 63.0474 70.0718 4.8
    endloop
  endfacet
  facet normal 0.866026 0.499999 -0
    outer loop
      vertex 66.5474 64.0096 0
      vertex 63.0474 70.0718 4.8
      vertex 66.5474 64.0096 4.8
    endloop
  endfacet
  facet normal 0.499999 -0.866026 0
    outer loop
      vertex 63.0474 70.0718 0
      vertex 64.9526 71.1718 0
      vertex 64.9526 71.1718 4.8
    endloop
  endfacet
  facet normal 0.499999 -0.866026 0
    outer loop
      vertex 63.0474 70.0718 0
      vertex 64.9526 71.1718 4.8
      vertex 63.0474 70.0718 4.8
    endloop
  endfacet
  facet normal -0 0 1
    outer loop
      vertex 67.5 89.9083 0
      vertex 74.5 87.7083 0
      vertex 74.5 89.9083 0
    endloop
  endfacet
  facet normal 0 0 1
    outer loop
      vertex 67.5 89.9083 0
      vertex 67.5 87.7083 0
      vertex 74.5 87.7083 0
    endloop
  endfacet
  facet normal 0 0 -1
    outer loop
      vertex 67.5 89.9083 4.8
      vertex 74.5 89.9083 4.8
      vertex 74.5 87.7083 4.8
    endloop
  endfacet
  facet normal 0 0 -1
    outer loop
      vertex 67.5 89.9083 4.8
      vertex 74.5 87.7083 4.8
      vertex 67.5 87.7083 4.8
    endloop
  endfacet
  facet normal 0 -1 0
    outer loop
      vertex 67.5 89.9083 0
      vertex 74.5 89.9083 0
      vertex 74.5 89.9083 4.8
    endloop
  endfacet
  facet normal 0 -1 0
    outer loop
      vertex 67.5 89.9083 0
      vertex 74.5 89.9083 4.8
      vertex 67.5 89.9083 4.8
    endloop
  endfacet
  facet normal -1 0 0
    outer loop
      vertex 74.5 89.9083 0
      vertex 74.5 87.7083 0
      vertex 74.5 87.7083 4.8
    endloop
  endfacet
  facet normal -1 0 0
    outer loop
      vertex 74.5 89.9083 0
      vertex 74.5 87.7083 4.8
      vertex 74.5 89.9083 4.8
    endloop
  endfacet
  facet normal 0 1 0
    outer loop
      vertex 74.5 87.7083 0
      vertex 67.5 87.7083 0
      vertex 67.5 87.7083 4.8
    endloop
  endfacet
  facet normal 0 1 -0
    outer loop
      vertex 74.5 87.7083 0
      vertex 67.5 87.7083 4.8
      vertex 74.5 87.7083 4.8
    endloop
  endfacet
  facet normal 1 0 0
    outer loop
      vertex 67.5 87.7083 0
      vertex 67.5 89.9083 0
      vertex 67.5 89.9083 4.8
    endloop
  endfacet
  facet normal 1 0 0
    outer loop
      vertex 67.5 87.7083 0
      vertex 67.5 89.9083 4.8
      vertex 67.5 87.7083 4.8
    endloop
  endfacet
  facet normal 0 0 1
    outer loop
      vertex 31.5474 52.9852 0
      vertex 36.9526 57.9474 0
      vertex 35.0474 59.0474 0
    endloop
  endfacet
  facet normal -0 0 1
    outer loop
      vertex 31.5474 52.9852 0
      vertex 33.4526 51.8852 0
      vertex 36.9526 57.9474 0
    endloop
  endfacet
  facet normal 0 0 -1
    outer loop
      vertex 31.5474 52.9852 4.8
      vertex 35.0474 59.0474 4.8
      vertex 36.9526 57.9474 4.8
    endloop
  endfacet
  facet normal 0 0 -1
    outer loop
      vertex 31.5474 52.9852 4.8
      vertex 36.9526 57.9474 4.8
      vertex 33.4526 51.8852 4.8
    endloop
  endfacet
  facet normal 0.866026 -0.499999 0
    outer loop
      vertex 31.5474 52.9852 0
      vertex 35.0474 59.0474 0
      vertex 35.0474 59.0474 4.8
    endloop
  endfacet
  facet normal 0.866026 -0.499999 0
    outer loop
      vertex 31.5474 52.9852 0
      vertex 35.0474 59.0474 4.8
      vertex 31.5474 52.9852 4.8
    endloop
  endfacet
  facet normal -0.499999 -0.866026 0
    outer loop
      vertex 35.0474 59.0474 0
      vertex 36.9526 57.9474 0
      vertex 36.9526 57.9474 4.8
    endloop
  endfacet
  facet normal -0.499999 -0.866026 0
    outer loop
      vertex 35.0474 59.0474 0
      vertex 36.9526 57.9474 4.8
      vertex 35.0474 59.0474 4.8
    endloop
  endfacet
  facet normal -0.866026 0.499999 0
    outer loop
      vertex 36.9526 57.9474 0
      vertex 33.4526 51.8852 0
      vertex 33.4526 51.8852 4.8
    endloop
  endfacet
  facet normal -0.866026 0.499999 0
    outer loop
      vertex 36.9526 57.9474 0
      vertex 33.4526 51.8852 4.8
      vertex 36.9526 57.9474 4.8
    endloop
  endfacet
  facet normal 0.499999 0.866026 0
    outer loop
      vertex 33.4526 51.8852 0
      vertex 31.5474 52.9852 0
      vertex 31.5474 52.9852 4.8
    endloop
  endfacet
  facet normal 0.499999 0.866026 -0
    outer loop
      vertex 33.4526 51.8852 0
      vertex 31.5474 52.9852 4.8
      vertex 33.4526 51.8852 4.8
    endloop
  endfacet
  facet normal 0 0 1
    outer loop
      vertex 43.9526 34.7987 0
      vertex 45.5474 27.6365 0
      vertex 47.4526 28.7365 0
    endloop
  endfacet
  facet normal 0 0 1
    outer loop
      vertex 43.9526 34.7987 0
      vertex 42.0474 33.6987 0
      vertex 45.5474 27.6365 0
    endloop
  endfacet
  facet normal 0 0 -1
    outer loop
      vertex 43.9526 34.7987 4.8
      vertex 47.4526 28.7365 4.8
      vertex 45.5474 27.6365 4.8
    endloop
  endfacet
  facet normal 0 -0 -1
    outer loop
      vertex 43.9526 34.7987 4.8
      vertex 45.5474 27.6365 4.8
      vertex 42.0474 33.6987 4.8
    endloop
  endfacet
  facet normal -0.866026 -0.499999 0
    outer loop
      vertex 43.9526 34.7987 0
      vertex 47.4526 28.7365 0
      vertex 47.4526 28.7365 4.8
    endloop
  endfacet
  facet normal -0.866026 -0.499999 0
    outer loop
      vertex 43.9526 34.7987 0
      vertex 47.4526 28.7365 4.8
      vertex 43.9526 34.7987 4.8
    endloop
  endfacet
  facet normal -0.499999 0.866026 0
    outer loop
      vertex 47.4526 28.7365 0
      vertex 45.5474 27.6365 0
      vertex 45.5474 27.6365 4.8
    endloop
  endfacet
  facet normal -0.499999 0.866026 0
    outer loop
      vertex 47.4526 28.7365 0
      vertex 45.5474 27.6365 4.8
      vertex 47.4526 28.7365 4.8
    endloop
  endfacet
  facet normal 0.866026 0.499999 0
    outer loop
      vertex 45.5474 27.6365 0
      vertex 42.0474 33.6987 0
      vertex 42.0474 33.6987 4.8
    endloop
  endfacet
  facet normal 0.866026 0.499999 -0
    outer loop
      vertex 45.5474 27.6365 0
      vertex 42.0474 33.6987 4.8
      vertex 45.5474 27.6365 4.8
    endloop
  endfacet
  facet normal 0.499999 -0.866026 0
    outer loop
      vertex 42.0474 33.6987 0
      vertex 43.9526 34.7987 0
      vertex 43.9526 34.7987 4.8
    endloop
  endfacet
  facet normal 0.499999 -0.866026 0
    outer loop
      vertex 42.0474 33.6987 0
      vertex 43.9526 34.7987 4.8
      vertex 42.0474 33.6987 4.8
    endloop
  endfacet
  facet normal -0 0 1
    outer loop
      vertex 99 47.4731 0
      vertex 99.4 45.2731 0
      vertex 99.4 47.4731 0
    endloop
  endfacet
  facet normal 0 0 1
    outer loop
      vertex 99 47.4731 0
      vertex 99 45.2731 0
      vertex 99.4 45.2731 0
    endloop
  endfacet
  facet normal 0 0 -1
    outer loop
      vertex 99 47.4731 4.8
      vertex 99.4 47.4731 4.8
      vertex 99.4 45.2731 4.8
    endloop
  endfacet
  facet normal 0 0 -1
    outer loop
      vertex 99 47.4731 4.8
      vertex 99.4 45.2731 4.8
      vertex 99 45.2731 4.8
    endloop
  endfacet
  facet normal 0 -1 0
    outer loop
      vertex 99 47.4731 0
      vertex 99.4 47.4731 0
      vertex 99.4 47.4731 4.8
    endloop
  endfacet
  facet normal 0 -1 0
    outer loop
      vertex 99 47.4731 0
      vertex 99.4 47.4731 4.8
      vertex 99 47.4731 4.8
    endloop
  endfacet
  facet normal -1 0 0
    outer loop
      vertex 99.4 47.4731 0
      vertex 99.4 45.2731 0
      vertex 99.4 45.2731 4.8
    endloop
  endfacet
  facet normal -1 0 0
    outer loop
      vertex 99.4 47.4731 0
      vertex 99.4 45.2731 4.8
      vertex 99.4 47.4731 4.8
    endloop
  endfacet
  facet normal 0 1 0
    outer loop
      vertex 99.4 45.2731 0
      vertex 99 45.2731 0
      vertex 99 45.2731 4.8
    endloop
  endfacet
  facet normal 0 1 -0
    outer loop
      vertex 99.4 45.2731 0
      vertex 99 45.2731 4.8
      vertex 99.4 45.2731 4.8
    endloop
  endfacet
  facet normal 1 0 0
    outer loop
      vertex 99 45.2731 0
      vertex 99 47.4731 0
      vertex 99 47.4731 4.8
    endloop
  endfacet
  facet normal 1 0 0
    outer loop
      vertex 99 45.2731 0
      vertex 99 47.4731 4.8
      vertex 99 45.2731 4.8
    endloop
  endfacet
  facet normal 0 0 1
    outer loop
      vertex 63.0474 22.6744 0
      vertex 68.4526 27.6365 0
      vertex 66.5474 28.7365 0
    endloop
  endfacet
  facet normal -0 0 1
    outer loop
      vertex 63.0474 22.6744 0
      vertex 64.9526 21.5744 0
      vertex 68.4526 27.6365 0
    endloop
  endfacet
  facet normal 0 0 -1
    outer loop
      vertex 63.0474 22.6744 4.8
      vertex 66.5474 28.7365 4.8
      vertex 68.4526 27.6365 4.8
    endloop
  endfacet
  facet normal 0 0 -1
    outer loop
      vertex 63.0474 22.6744 4.8
      vertex 68.4526 27.6365 4.8
      vertex 64.9526 21.5744 4.8
    endloop
  endfacet
  facet normal 0.866023 -0.500005 0
    outer loop
      vertex 63.0474 22.6744 0
      vertex 66.5474 28.7365 0
      vertex 66.5474 28.7365 4.8
    endloop
  endfacet
  facet normal 0.866023 -0.500005 0
    outer loop
      vertex 63.0474 22.6744 0
      vertex 66.5474 28.7365 4.8
      vertex 63.0474 22.6744 4.8
    endloop
  endfacet
  facet normal -0.500005 -0.866023 0
    outer loop
      vertex 66.5474 28.7365 0
      vertex 68.4526 27.6365 0
      vertex 68.4526 27.6365 4.8
    endloop
  endfacet
  facet normal -0.500005 -0.866023 0
    outer loop
      vertex 66.5474 28.7365 0
      vertex 68.4526 27.6365 4.8
      vertex 66.5474 28.7365 4.8
    endloop
  endfacet
  facet normal -0.866023 0.500005 0
    outer loop
      vertex 68.4526 27.6365 0
      vertex 64.9526 21.5744 0
      vertex 64.9526 21.5744 4.8
    endloop
  endfacet
  facet normal -0.866023 0.500005 0
    outer loop
      vertex 68.4526 27.6365 0
      vertex 64.9526 21.5744 4.8
      vertex 68.4526 27.6365 4.8
    endloop
  endfacet
  facet normal 0.500005 0.866023 0
    outer loop
      vertex 64.9526 21.5744 0
      vertex 63.0474 22.6744 0
      vertex 63.0474 22.6744 4.8
    endloop
  endfacet
  facet normal 0.500005 0.866023 -0
    outer loop
      vertex 64.9526 21.5744 0
      vertex 63.0474 22.6744 4.8
      vertex 64.9526 21.5744 4.8
    endloop
  endfacet
  facet normal 0 0 1
    outer loop
      vertex 78.8777 95.5502 0
      vertex 77.0475 94.3203 0
      vertex 78.9525 95.4207 0
    endloop
  endfacet
  facet normal 0 0 1
    outer loop
      vertex 78.8777 95.5502 0
      vertex 76.9727 94.4498 0
      vertex 77.0475 94.3203 0
    endloop
  endfacet
  facet normal 0 -0 -1
    outer loop
      vertex 78.8777 95.5502 4.8
      vertex 78.9525 95.4207 4.8
      vertex 77.0475 94.3203 4.8
    endloop
  endfacet
  facet normal 0 0 -1
    outer loop
      vertex 78.8777 95.5502 4.8
      vertex 77.0475 94.3203 4.8
      vertex 76.9727 94.4498 4.8
    endloop
  endfacet
  facet normal -0.865929 -0.500166 0
    outer loop
      vertex 78.8777 95.5502 0
      vertex 78.9525 95.4207 0
      vertex 78.9525 95.4207 4.8
    endloop
  endfacet
  facet normal -0.865929 -0.500166 0
    outer loop
      vertex 78.8777 95.5502 0
      vertex 78.9525 95.4207 4.8
      vertex 78.8777 95.5502 4.8
    endloop
  endfacet
  facet normal -0.500166 0.865929 0
    outer loop
      vertex 78.9525 95.4207 0
      vertex 77.0475 94.3203 0
      vertex 77.0475 94.3203 4.8
    endloop
  endfacet
  facet normal -0.500166 0.865929 0
    outer loop
      vertex 78.9525 95.4207 0
      vertex 77.0475 94.3203 4.8
      vertex 78.9525 95.4207 4.8
    endloop
  endfacet
  facet normal 0.865929 0.500166 0
    outer loop
      vertex 77.0475 94.3203 0
      vertex 76.9727 94.4498 0
      vertex 76.9727 94.4498 4.8
    endloop
  endfacet
  facet normal 0.865929 0.500166 -0
    outer loop
      vertex 77.0475 94.3203 0
      vertex 76.9727 94.4498 4.8
      vertex 77.0475 94.3203 4.8
    endloop
  endfacet
  facet normal 0.500166 -0.865929 0
    outer loop
      vertex 76.9727 94.4498 0
      vertex 78.8777 95.5502 0
      vertex 78.8777 95.5502 4.8
    endloop
  endfacet
  facet normal 0.500166 -0.865929 0
    outer loop
      vertex 76.9727 94.4498 0
      vertex 78.8777 95.5502 4.8
      vertex 76.9727 94.4498 4.8
    endloop
  endfacet
  facet normal 0 0 1
    outer loop
      vertex 52.5474 52.9852 0
      vertex 57.9526 57.9474 0
      vertex 56.0474 59.0474 0
    endloop
  endfacet
  facet normal -0 0 1
    outer loop
      vertex 52.5474 52.9852 0
      vertex 54.4526 51.8852 0
      vertex 57.9526 57.9474 0
    endloop
  endfacet
  facet normal 0 0 -1
    outer loop
      vertex 52.5474 52.9852 4.8
      vertex 56.0474 59.0474 4.8
      vertex 57.9526 57.9474 4.8
    endloop
  endfacet
  facet normal 0 0 -1
    outer loop
      vertex 52.5474 52.9852 4.8
      vertex 57.9526 57.9474 4.8
      vertex 54.4526 51.8852 4.8
    endloop
  endfacet
  facet normal 0.866026 -0.499999 0
    outer loop
      vertex 52.5474 52.9852 0
      vertex 56.0474 59.0474 0
      vertex 56.0474 59.0474 4.8
    endloop
  endfacet
  facet normal 0.866026 -0.499999 0
    outer loop
      vertex 52.5474 52.9852 0
      vertex 56.0474 59.0474 4.8
      vertex 52.5474 52.9852 4.8
    endloop
  endfacet
  facet normal -0.499999 -0.866026 0
    outer loop
      vertex 56.0474 59.0474 0
      vertex 57.9526 57.9474 0
      vertex 57.9526 57.9474 4.8
    endloop
  endfacet
  facet normal -0.499999 -0.866026 0
    outer loop
      vertex 56.0474 59.0474 0
      vertex 57.9526 57.9474 4.8
      vertex 56.0474 59.0474 4.8
    endloop
  endfacet
  facet normal -0.866026 0.499999 0
    outer loop
      vertex 57.9526 57.9474 0
      vertex 54.4526 51.8852 0
      vertex 54.4526 51.8852 4.8
    endloop
  endfacet
  facet normal -0.866026 0.499999 0
    outer loop
      vertex 57.9526 57.9474 0
      vertex 54.4526 51.8852 4.8
      vertex 57.9526 57.9474 4.8
    endloop
  endfacet
  facet normal 0.499999 0.866026 0
    outer loop
      vertex 54.4526 51.8852 0
      vertex 52.5474 52.9852 0
      vertex 52.5474 52.9852 4.8
    endloop
  endfacet
  facet normal 0.499999 0.866026 -0
    outer loop
      vertex 54.4526 51.8852 0
      vertex 52.5474 52.9852 4.8
      vertex 54.4526 51.8852 4.8
    endloop
  endfacet
  facet normal -0 0 1
    outer loop
      vertex 25.5 17.1622 0
      vertex 32.5 14.9622 0
      vertex 32.5 17.1622 0
    endloop
  endfacet
  facet normal 0 0 1
    outer loop
      vertex 25.5 17.1622 0
      vertex 25.5 14.9622 0
      vertex 32.5 14.9622 0
    endloop
  endfacet
  facet normal 0 0 -1
    outer loop
      vertex 25.5 17.1622 4.8
      vertex 32.5 17.1622 4.8
      vertex 32.5 14.9622 4.8
    endloop
  endfacet
  facet normal 0 0 -1
    outer loop
      vertex 25.5 17.1622 4.8
      vertex 32.5 14.9622 4.8
      vertex 25.5 14.9622 4.8
    endloop
  endfacet
  facet normal 0 -1 0
    outer loop
      vertex 25.5 17.1622 0
      vertex 32.5 17.1622 0
      vertex 32.5 17.1622 4.8
    endloop
  endfacet
  facet normal 0 -1 0
    outer loop
      vertex 25.5 17.1622 0
      vertex 32.5 17.1622 4.8
      vertex 25.5 17.1622 4.8
    endloop
  endfacet
  facet normal -1 0 0
    outer loop
      vertex 32.5 17.1622 0
      vertex 32.5 14.9622 0
      vertex 32.5 14.9622 4.8
    endloop
  endfacet
  facet normal -1 0 0
    outer loop
      vertex 32.5 17.1622 0
      vertex 32.5 14.9622 4.8
      vertex 32.5 17.1622 4.8
    endloop
  endfacet
  facet normal 0 1 0
    outer loop
      vertex 32.5 14.9622 0
      vertex 25.5 14.9622 0
      vertex 25.5 14.9622 4.8
    endloop
  endfacet
  facet normal 0 1 -0
    outer loop
      vertex 32.5 14.9622 0
      vertex 25.5 14.9622 4.8
      vertex 32.5 14.9622 4.8
    endloop
  endfacet
  facet normal 1 0 0
    outer loop
      vertex 25.5 14.9622 0
      vertex 25.5 17.1622 0
      vertex 25.5 17.1622 4.8
    endloop
  endfacet
  facet normal 1 0 0
    outer loop
      vertex 25.5 14.9622 0
      vertex 25.5 17.1622 4.8
      vertex 25.5 14.9622 4.8
    endloop
  endfacet
  facet normal 0 0 1
    outer loop
      vertex 33.4526 77.234 0
      vertex 35.0474 70.0718 0
      vertex 36.9526 71.1718 0
    endloop
  endfacet
  facet normal 0 0 1
    outer loop
      vertex 33.4526 77.234 0
      vertex 31.5474 76.134 0
      vertex 35.0474 70.0718 0
    endloop
  endfacet
  facet normal 0 0 -1
    outer loop
      vertex 33.4526 77.234 4.8
      vertex 36.9526 71.1718 4.8
      vertex 35.0474 70.0718 4.8
    endloop
  endfacet
  facet normal 0 -0 -1
    outer loop
      vertex 33.4526 77.234 4.8
      vertex 35.0474 70.0718 4.8
      vertex 31.5474 76.134 4.8
    endloop
  endfacet
  facet normal -0.866026 -0.499999 0
    outer loop
      vertex 33.4526 77.234 0
      vertex 36.9526 71.1718 0
      vertex 36.9526 71.1718 4.8
    endloop
  endfacet
  facet normal -0.866026 -0.499999 0
    outer loop
      vertex 33.4526 77.234 0
      vertex 36.9526 71.1718 4.8
      vertex 33.4526 77.234 4.8
    endloop
  endfacet
  facet normal -0.499999 0.866026 0
    outer loop
      vertex 36.9526 71.1718 0
      vertex 35.0474 70.0718 0
      vertex 35.0474 70.0718 4.8
    endloop
  endfacet
  facet normal -0.499999 0.866026 0
    outer loop
      vertex 36.9526 71.1718 0
      vertex 35.0474 70.0718 4.8
      vertex 36.9526 71.1718 4.8
    endloop
  endfacet
  facet normal 0.866026 0.499999 0
    outer loop
      vertex 35.0474 70.0718 0
      vertex 31.5474 76.134 0
      vertex 31.5474 76.134 4.8
    endloop
  endfacet
  facet normal 0.866026 0.499999 -0
    outer loop
      vertex 35.0474 70.0718 0
      vertex 31.5474 76.134 4.8
      vertex 35.0474 70.0718 4.8
    endloop
  endfacet
  facet normal 0.499999 -0.866026 0
    outer loop
      vertex 31.5474 76.134 0
      vertex 33.4526 77.234 0
      vertex 33.4526 77.234 4.8
    endloop
  endfacet
  facet normal 0.499999 -0.866026 0
    outer loop
      vertex 31.5474 76.134 0
      vertex 33.4526 77.234 4.8
      vertex 31.5474 76.134 4.8
    endloop
  endfacet
  facet normal 0 0 1
    outer loop
      vertex 75.4526 28.7365 0
      vertex 77.0474 21.5744 0
      vertex 78.9526 22.6744 0
    endloop
  endfacet
  facet normal 0 0 1
    outer loop
      vertex 75.4526 28.7365 0
      vertex 73.5474 27.6365 0
      vertex 77.0474 21.5744 0
    endloop
  endfacet
  facet normal 0 0 -1
    outer loop
      vertex 75.4526 28.7365 4.8
      vertex 78.9526 22.6744 4.8
      vertex 77.0474 21.5744 4.8
    endloop
  endfacet
  facet normal 0 -0 -1
    outer loop
      vertex 75.4526 28.7365 4.8
      vertex 77.0474 21.5744 4.8
      vertex 73.5474 27.6365 4.8
    endloop
  endfacet
  facet normal -0.866023 -0.500005 0
    outer loop
      vertex 75.4526 28.7365 0
      vertex 78.9526 22.6744 0
      vertex 78.9526 22.6744 4.8
    endloop
  endfacet
  facet normal -0.866023 -0.500005 0
    outer loop
      vertex 75.4526 28.7365 0
      vertex 78.9526 22.6744 4.8
      vertex 75.4526 28.7365 4.8
    endloop
  endfacet
  facet normal -0.500005 0.866023 0
    outer loop
      vertex 78.9526 22.6744 0
      vertex 77.0474 21.5744 0
      vertex 77.0474 21.5744 4.8
    endloop
  endfacet
  facet normal -0.500005 0.866023 0
    outer loop
      vertex 78.9526 22.6744 0
      vertex 77.0474 21.5744 4.8
      vertex 78.9526 22.6744 4.8
    endloop
  endfacet
  facet normal 0.866023 0.500005 0
    outer loop
      vertex 77.0474 21.5744 0
      vertex 73.5474 27.6365 0
      vertex 73.5474 27.6365 4.8
    endloop
  endfacet
  facet normal 0.866023 0.500005 -0
    outer loop
      vertex 77.0474 21.5744 0
      vertex 73.5474 27.6365 4.8
      vertex 77.0474 21.5744 4.8
    endloop
  endfacet
  facet normal 0.500005 -0.866023 0
    outer loop
      vertex 73.5474 27.6365 0
      vertex 75.4526 28.7365 0
      vertex 75.4526 28.7365 4.8
    endloop
  endfacet
  facet normal 0.500005 -0.866023 0
    outer loop
      vertex 73.5474 27.6365 0
      vertex 75.4526 28.7365 4.8
      vertex 73.5474 27.6365 4.8
    endloop
  endfacet
  facet normal 0 0 1
    outer loop
      vertex 85.9526 46.9231 0
      vertex 87.5474 39.7609 0
      vertex 89.4526 40.8609 0
    endloop
  endfacet
  facet normal 0 0 1
    outer loop
      vertex 85.9526 46.9231 0
      vertex 84.0474 45.8231 0
      vertex 87.5474 39.7609 0
    endloop
  endfacet
  facet normal 0 0 -1
    outer loop
      vertex 85.9526 46.9231 4.8
      vertex 89.4526 40.8609 4.8
      vertex 87.5474 39.7609 4.8
    endloop
  endfacet
  facet normal 0 -0 -1
    outer loop
      vertex 85.9526 46.9231 4.8
      vertex 87.5474 39.7609 4.8
      vertex 84.0474 45.8231 4.8
    endloop
  endfacet
  facet normal -0.866026 -0.499999 0
    outer loop
      vertex 85.9526 46.9231 0
      vertex 89.4526 40.8609 0
      vertex 89.4526 40.8609 4.8
    endloop
  endfacet
  facet normal -0.866026 -0.499999 0
    outer loop
      vertex 85.9526 46.9231 0
      vertex 89.4526 40.8609 4.8
      vertex 85.9526 46.9231 4.8
    endloop
  endfacet
  facet normal -0.499999 0.866026 0
    outer loop
      vertex 89.4526 40.8609 0
      vertex 87.5474 39.7609 0
      vertex 87.5474 39.7609 4.8
    endloop
  endfacet
  facet normal -0.499999 0.866026 0
    outer loop
      vertex 89.4526 40.8609 0
      vertex 87.5474 39.7609 4.8
      vertex 89.4526 40.8609 4.8
    endloop
  endfacet
  facet normal 0.866026 0.499999 0
    outer loop
      vertex 87.5474 39.7609 0
      vertex 84.0474 45.8231 0
      vertex 84.0474 45.8231 4.8
    endloop
  endfacet
  facet normal 0.866026 0.499999 -0
    outer loop
      vertex 87.5474 39.7609 0
      vertex 84.0474 45.8231 4.8
      vertex 87.5474 39.7609 4.8
    endloop
  endfacet
  facet normal 0.499999 -0.866026 0
    outer loop
      vertex 84.0474 45.8231 0
      vertex 85.9526 46.9231 0
      vertex 85.9526 46.9231 4.8
    endloop
  endfacet
  facet normal 0.499999 -0.866026 0
    outer loop
      vertex 84.0474 45.8231 0
      vertex 85.9526 46.9231 4.8
      vertex 84.0474 45.8231 4.8
    endloop
  endfacet
  facet normal -0 0 1
    outer loop
      vertex 78 83.8461 0
      vertex 85 81.6461 0
      vertex 85 83.8461 0
    endloop
  endfacet
  facet normal 0 0 1
    outer loop
      vertex 78 83.8461 0
      vertex 78 81.6461 0
      vertex 85 81.6461 0
    endloop
  endfacet
  facet normal 0 0 -1
    outer loop
      vertex 78 83.8461 4.8
      vertex 85 83.8461 4.8
      vertex 85 81.6461 4.8
    endloop
  endfacet
  facet normal 0 0 -1
    outer loop
      vertex 78 83.8461 4.8
      vertex 85 81.6461 4.8
      vertex 78 81.6461 4.8
    endloop
  endfacet
  facet normal 0 -1 0
    outer loop
      vertex 78 83.8461 0
      vertex 85 83.8461 0
      vertex 85 83.8461 4.8
    endloop
  endfacet
  facet normal 0 -1 0
    outer loop
      vertex 78 83.8461 0
      vertex 85 83.8461 4.8
      vertex 78 83.8461 4.8
    endloop
  endfacet
  facet normal -1 0 0
    outer loop
      vertex 85 83.8461 0
      vertex 85 81.6461 0
      vertex 85 81.6461 4.8
    endloop
  endfacet
  facet normal -1 0 0
    outer loop
      vertex 85 83.8461 0
      vertex 85 81.6461 4.8
      vertex 85 83.8461 4.8
    endloop
  endfacet
  facet normal 0 1 0
    outer loop
      vertex 85 81.6461 0
      vertex 78 81.6461 0
      vertex 78 81.6461 4.8
    endloop
  endfacet
  facet normal 0 1 -0
    outer loop
      vertex 85 81.6461 0
      vertex 78 81.6461 4.8
      vertex 85 81.6461 4.8
    endloop
  endfacet
  facet normal 1 0 0
    outer loop
      vertex 78 81.6461 0
      vertex 78 83.8461 0
      vertex 78 83.8461 4.8
    endloop
  endfacet
  facet normal 1 0 0
    outer loop
      vertex 78 81.6461 0
      vertex 78 83.8461 4.8
      vertex 78 81.6461 4.8
    endloop
  endfacet
  facet normal 0 0 1
    outer loop
      vertex 31.5474 89.3583 0
      vertex 36.9526 94.3205 0
      vertex 35.0474 95.4205 0
    endloop
  endfacet
  facet normal -0 0 1
    outer loop
      vertex 31.5474 89.3583 0
      vertex 33.4526 88.2583 0
      vertex 36.9526 94.3205 0
    endloop
  endfacet
  facet normal 0 0 -1
    outer loop
      vertex 31.5474 89.3583 4.8
      vertex 35.0474 95.4205 4.8
      vertex 36.9526 94.3205 4.8
    endloop
  endfacet
  facet normal 0 0 -1
    outer loop
      vertex 31.5474 89.3583 4.8
      vertex 36.9526 94.3205 4.8
      vertex 33.4526 88.2583 4.8
    endloop
  endfacet
  facet normal 0.866026 -0.499999 0
    outer loop
      vertex 31.5474 89.3583 0
      vertex 35.0474 95.4205 0
      vertex 35.0474 95.4205 4.8
    endloop
  endfacet
  facet normal 0.866026 -0.499999 0
    outer loop
      vertex 31.5474 89.3583 0
      vertex 35.0474 95.4205 4.8
      vertex 31.5474 89.3583 4.8
    endloop
  endfacet
  facet normal -0.499999 -0.866026 0
    outer loop
      vertex 35.0474 95.4205 0
      vertex 36.9526 94.3205 0
      vertex 36.9526 94.3205 4.8
    endloop
  endfacet
  facet normal -0.499999 -0.866026 0
    outer loop
      vertex 35.0474 95.4205 0
      vertex 36.9526 94.3205 4.8
      vertex 35.0474 95.4205 4.8
    endloop
  endfacet
  facet normal -0.866026 0.499999 0
    outer loop
      vertex 36.9526 94.3205 0
      vertex 33.4526 88.2583 0
      vertex 33.4526 88.2583 4.8
    endloop
  endfacet
  facet normal -0.866026 0.499999 0
    outer loop
      vertex 36.9526 94.3205 0
      vertex 33.4526 88.2583 4.8
      vertex 36.9526 94.3205 4.8
    endloop
  endfacet
  facet normal 0.499999 0.866026 0
    outer loop
      vertex 33.4526 88.2583 0
      vertex 31.5474 89.3583 0
      vertex 31.5474 89.3583 4.8
    endloop
  endfacet
  facet normal 0.499999 0.866026 -0
    outer loop
      vertex 33.4526 88.2583 0
      vertex 31.5474 89.3583 4.8
      vertex 33.4526 88.2583 4.8
    endloop
  endfacet
  facet normal 0 0 1
    outer loop
      vertex 73.5474 28.7365 0
      vertex 78.9526 33.6987 0
      vertex 77.0474 34.7987 0
    endloop
  endfacet
  facet normal -0 0 1
    outer loop
      vertex 73.5474 28.7365 0
      vertex 75.4526 27.6365 0
      vertex 78.9526 33.6987 0
    endloop
  endfacet
  facet normal 0 0 -1
    outer loop
      vertex 73.5474 28.7365 4.8
      vertex 77.0474 34.7987 4.8
      vertex 78.9526 33.6987 4.8
    endloop
  endfacet
  facet normal 0 0 -1
    outer loop
      vertex 73.5474 28.7365 4.8
      vertex 78.9526 33.6987 4.8
      vertex 75.4526 27.6365 4.8
    endloop
  endfacet
  facet normal 0.866026 -0.499999 0
    outer loop
      vertex 73.5474 28.7365 0
      vertex 77.0474 34.7987 0
      vertex 77.0474 34.7987 4.8
    endloop
  endfacet
  facet normal 0.866026 -0.499999 0
    outer loop
      vertex 73.5474 28.7365 0
      vertex 77.0474 34.7987 4.8
      vertex 73.5474 28.7365 4.8
    endloop
  endfacet
  facet normal -0.499999 -0.866026 0
    outer loop
      vertex 77.0474 34.7987 0
      vertex 78.9526 33.6987 0
      vertex 78.9526 33.6987 4.8
    endloop
  endfacet
  facet normal -0.499999 -0.866026 0
    outer loop
      vertex 77.0474 34.7987 0
      vertex 78.9526 33.6987 4.8
      vertex 77.0474 34.7987 4.8
    endloop
  endfacet
  facet normal -0.866026 0.499999 0
    outer loop
      vertex 78.9526 33.6987 0
      vertex 75.4526 27.6365 0
      vertex 75.4526 27.6365 4.8
    endloop
  endfacet
  facet normal -0.866026 0.499999 0
    outer loop
      vertex 78.9526 33.6987 0
      vertex 75.4526 27.6365 4.8
      vertex 78.9526 33.6987 4.8
    endloop
  endfacet
  facet normal 0.499999 0.866026 0
    outer loop
      vertex 75.4526 27.6365 0
      vertex 73.5474 28.7365 0
      vertex 73.5474 28.7365 4.8
    endloop
  endfacet
  facet normal 0.499999 0.866026 -0
    outer loop
      vertex 75.4526 27.6365 0
      vertex 73.5474 28.7365 4.8
      vertex 75.4526 27.6365 4.8
    endloop
  endfacet
  facet normal 0 0 1
    outer loop
      vertex 63.0474 71.1718 0
      vertex 68.4526 76.134 0
      vertex 66.5474 77.234 0
    endloop
  endfacet
  facet normal -0 0 1
    outer loop
      vertex 63.0474 71.1718 0
      vertex 64.9526 70.0718 0
      vertex 68.4526 76.134 0
    endloop
  endfacet
  facet normal 0 0 -1
    outer loop
      vertex 63.0474 71.1718 4.8
      vertex 66.5474 77.234 4.8
      vertex 68.4526 76.134 4.8
    endloop
  endfacet
  facet normal 0 0 -1
    outer loop
      vertex 63.0474 71.1718 4.8
      vertex 68.4526 76.134 4.8
      vertex 64.9526 70.0718 4.8
    endloop
  endfacet
  facet normal 0.866026 -0.499999 0
    outer loop
      vertex 63.0474 71.1718 0
      vertex 66.5474 77.234 0
      vertex 66.5474 77.234 4.8
    endloop
  endfacet
  facet normal 0.866026 -0.499999 0
    outer loop
      vertex 63.0474 71.1718 0
      vertex 66.5474 77.234 4.8
      vertex 63.0474 71.1718 4.8
    endloop
  endfacet
  facet normal -0.499999 -0.866026 0
    outer loop
      vertex 66.5474 77.234 0
      vertex 68.4526 76.134 0
      vertex 68.4526 76.134 4.8
    endloop
  endfacet
  facet normal -0.499999 -0.866026 0
    outer loop
      vertex 66.5474 77.234 0
      vertex 68.4526 76.134 4.8
      vertex 66.5474 77.234 4.8
    endloop
  endfacet
  facet normal -0.866026 0.499999 0
    outer loop
      vertex 68.4526 76.134 0
      vertex 64.9526 70.0718 0
      vertex 64.9526 70.0718 4.8
    endloop
  endfacet
  facet normal -0.866026 0.499999 0
    outer loop
      vertex 68.4526 76.134 0
      vertex 64.9526 70.0718 4.8
      vertex 68.4526 76.134 4.8
    endloop
  endfacet
  facet normal 0.499999 0.866026 0
    outer loop
      vertex 64.9526 70.0718 0
      vertex 63.0474 71.1718 0
      vertex 63.0474 71.1718 4.8
    endloop
  endfacet
  facet normal 0.499999 0.866026 -0
    outer loop
      vertex 64.9526 70.0718 0
      vertex 63.0474 71.1718 4.8
      vertex 64.9526 70.0718 4.8
    endloop
  endfacet
  facet normal 0 0 1
    outer loop
      vertex 22.9526 34.7987 0
      vertex 24.5474 27.6365 0
      vertex 26.4526 28.7365 0
    endloop
  endfacet
  facet normal 0 0 1
    outer loop
      vertex 22.9526 34.7987 0
      vertex 21.0474 33.6987 0
      vertex 24.5474 27.6365 0
    endloop
  endfacet
  facet normal 0 0 -1
    outer loop
      vertex 22.9526 34.7987 4.8
      vertex 26.4526 28.7365 4.8
      vertex 24.5474 27.6365 4.8
    endloop
  endfacet
  facet normal 0 -0 -1
    outer loop
      vertex 22.9526 34.7987 4.8
      vertex 24.5474 27.6365 4.8
      vertex 21.0474 33.6987 4.8
    endloop
  endfacet
  facet normal -0.866026 -0.499999 0
    outer loop
      vertex 22.9526 34.7987 0
      vertex 26.4526 28.7365 0
      vertex 26.4526 28.7365 4.8
    endloop
  endfacet
  facet normal -0.866026 -0.499999 0
    outer loop
      vertex 22.9526 34.7987 0
      vertex 26.4526 28.7365 4.8
      vertex 22.9526 34.7987 4.8
    endloop
  endfacet
  facet normal -0.499999 0.866026 0
    outer loop
      vertex 26.4526 28.7365 0
      vertex 24.5474 27.6365 0
      vertex 24.5474 27.6365 4.8
    endloop
  endfacet
  facet normal -0.499999 0.866026 0
    outer loop
      vertex 26.4526 28.7365 0
      vertex 24.5474 27.6365 4.8
      vertex 26.4526 28.7365 4.8
    endloop
  endfacet
  facet normal 0.866026 0.499999 0
    outer loop
      vertex 24.5474 27.6365 0
      vertex 21.0474 33.6987 0
      vertex 21.0474 33.6987 4.8
    endloop
  endfacet
  facet normal 0.866026 0.499999 -0
    outer loop
      vertex 24.5474 27.6365 0
      vertex 21.0474 33.6987 4.8
      vertex 24.5474 27.6365 4.8
    endloop
  endfacet
  facet normal 0.499999 -0.866026 0
    outer loop
      vertex 21.0474 33.6987 0
      vertex 22.9526 34.7987 0
      vertex 22.9526 34.7987 4.8
    endloop
  endfacet
  facet normal 0.499999 -0.866026 0
    outer loop
      vertex 21.0474 33.6987 0
      vertex 22.9526 34.7987 4.8
      vertex 21.0474 33.6987 4.8
    endloop
  endfacet
  facet normal 0 0 1
    outer loop
      vertex 10.5474 52.9852 0
      vertex 15.9526 57.9474 0
      vertex 14.0474 59.0474 0
    endloop
  endfacet
  facet normal -0 0 1
    outer loop
      vertex 10.5474 52.9852 0
      vertex 12.4526 51.8852 0
      vertex 15.9526 57.9474 0
    endloop
  endfacet
  facet normal 0 0 -1
    outer loop
      vertex 10.5474 52.9852 4.8
      vertex 14.0474 59.0474 4.8
      vertex 15.9526 57.9474 4.8
    endloop
  endfacet
  facet normal 0 0 -1
    outer loop
      vertex 10.5474 52.9852 4.8
      vertex 15.9526 57.9474 4.8
      vertex 12.4526 51.8852 4.8
    endloop
  endfacet
  facet normal 0.866026 -0.499999 0
    outer loop
      vertex 10.5474 52.9852 0
      vertex 14.0474 59.0474 0
      vertex 14.0474 59.0474 4.8
    endloop
  endfacet
  facet normal 0.866026 -0.499999 0
    outer loop
      vertex 10.5474 52.9852 0
      vertex 14.0474 59.0474 4.8
      vertex 10.5474 52.9852 4.8
    endloop
  endfacet
  facet normal -0.499999 -0.866026 0
    outer loop
      vertex 14.0474 59.0474 0
      vertex 15.9526 57.9474 0
      vertex 15.9526 57.9474 4.8
    endloop
  endfacet
  facet normal -0.499999 -0.866026 0
    outer loop
      vertex 14.0474 59.0474 0
      vertex 15.9526 57.9474 4.8
      vertex 14.0474 59.0474 4.8
    endloop
  endfacet
  facet normal -0.866026 0.499999 0
    outer loop
      vertex 15.9526 57.9474 0
      vertex 12.4526 51.8852 0
      vertex 12.4526 51.8852 4.8
    endloop
  endfacet
  facet normal -0.866026 0.499999 0
    outer loop
      vertex 15.9526 57.9474 0
      vertex 12.4526 51.8852 4.8
      vertex 15.9526 57.9474 4.8
    endloop
  endfacet
  facet normal 0.499999 0.866026 0
    outer loop
      vertex 12.4526 51.8852 0
      vertex 10.5474 52.9852 0
      vertex 10.5474 52.9852 4.8
    endloop
  endfacet
  facet normal 0.499999 0.866026 -0
    outer loop
      vertex 12.4526 51.8852 0
      vertex 10.5474 52.9852 4.8
      vertex 12.4526 51.8852 4.8
    endloop
  endfacet
  facet normal 0 0 1
    outer loop
      vertex 22.9526 95.4205 0
      vertex 24.5474 88.2583 0
      vertex 26.4526 89.3583 0
    endloop
  endfacet
  facet normal 0 0 1
    outer loop
      vertex 22.9526 95.4205 0
      vertex 21.0474 94.3205 0
      vertex 24.5474 88.2583 0
    endloop
  endfacet
  facet normal 0 0 -1
    outer loop
      vertex 22.9526 95.4205 4.8
      vertex 26.4526 89.3583 4.8
      vertex 24.5474 88.2583 4.8
    endloop
  endfacet
  facet normal 0 -0 -1
    outer loop
      vertex 22.9526 95.4205 4.8
      vertex 24.5474 88.2583 4.8
      vertex 21.0474 94.3205 4.8
    endloop
  endfacet
  facet normal -0.866026 -0.499999 0
    outer loop
      vertex 22.9526 95.4205 0
      vertex 26.4526 89.3583 0
      vertex 26.4526 89.3583 4.8
    endloop
  endfacet
  facet normal -0.866026 -0.499999 0
    outer loop
      vertex 22.9526 95.4205 0
      vertex 26.4526 89.3583 4.8
      vertex 22.9526 95.4205 4.8
    endloop
  endfacet
  facet normal -0.499999 0.866026 0
    outer loop
      vertex 26.4526 89.3583 0
      vertex 24.5474 88.2583 0
      vertex 24.5474 88.2583 4.8
    endloop
  endfacet
  facet normal -0.499999 0.866026 0
    outer loop
      vertex 26.4526 89.3583 0
      vertex 24.5474 88.2583 4.8
      vertex 26.4526 89.3583 4.8
    endloop
  endfacet
  facet normal 0.866026 0.499999 0
    outer loop
      vertex 24.5474 88.2583 0
      vertex 21.0474 94.3205 0
      vertex 21.0474 94.3205 4.8
    endloop
  endfacet
  facet normal 0.866026 0.499999 -0
    outer loop
      vertex 24.5474 88.2583 0
      vertex 21.0474 94.3205 4.8
      vertex 24.5474 88.2583 4.8
    endloop
  endfacet
  facet normal 0.499999 -0.866026 0
    outer loop
      vertex 21.0474 94.3205 0
      vertex 22.9526 95.4205 0
      vertex 22.9526 95.4205 4.8
    endloop
  endfacet
  facet normal 0.499999 -0.866026 0
    outer loop
      vertex 21.0474 94.3205 0
      vertex 22.9526 95.4205 4.8
      vertex 21.0474 94.3205 4.8
    endloop
  endfacet
  facet normal -0 0 1
    outer loop
      vertex 36 95.9705 0
      vertex 43 93.7705 0
      vertex 43 95.9705 0
    endloop
  endfacet
  facet normal 0 0 1
    outer loop
      vertex 36 95.9705 0
      vertex 36 93.7705 0
      vertex 43 93.7705 0
    endloop
  endfacet
  facet normal 0 0 -1
    outer loop
      vertex 36 95.9705 4.8
      vertex 43 95.9705 4.8
      vertex 43 93.7705 4.8
    endloop
  endfacet
  facet normal 0 0 -1
    outer loop
      vertex 36 95.9705 4.8
      vertex 43 93.7705 4.8
      vertex 36 93.7705 4.8
    endloop
  endfacet
  facet normal 0 -1 0
    outer loop
      vertex 36 95.9705 0
      vertex 43 95.9705 0
      vertex 43 95.9705 4.8
    endloop
  endfacet
  facet normal 0 -1 0
    outer loop
      vertex 36 95.9705 0
      vertex 43 95.9705 4.8
      vertex 36 95.9705 4.8
    endloop
  endfacet
  facet normal -1 0 0
    outer loop
      vertex 43 95.9705 0
      vertex 43 93.7705 0
      vertex 43 93.7705 4.8
    endloop
  endfacet
  facet normal -1 0 0
    outer loop
      vertex 43 95.9705 0
      vertex 43 93.7705 4.8
      vertex 43 95.9705 4.8
    endloop
  endfacet
  facet normal 0 1 0
    outer loop
      vertex 43 93.7705 0
      vertex 36 93.7705 0
      vertex 36 93.7705 4.8
    endloop
  endfacet
  facet normal 0 1 -0
    outer loop
      vertex 43 93.7705 0
      vertex 36 93.7705 4.8
      vertex 43 93.7705 4.8
    endloop
  endfacet
  facet normal 1 0 0
    outer loop
      vertex 36 93.7705 0
      vertex 36 95.9705 0
      vertex 36 95.9705 4.8
    endloop
  endfacet
  facet normal 1 0 0
    outer loop
      vertex 36 93.7705 0
      vertex 36 95.9705 4.8
      vertex 36 93.7705 4.8
    endloop
  endfacet
  facet normal 0 0 1
    outer loop
      vertex 12.4526 16.6122 0
      vertex 14.0474 9.45 0
      vertex 15.9526 10.55 0
    endloop
  endfacet
  facet normal 0 0 1
    outer loop
      vertex 12.4526 16.6122 0
      vertex 10.5474 15.5122 0
      vertex 14.0474 9.45 0
    endloop
  endfacet
  facet normal 0 0 -1
    outer loop
      vertex 12.4526 16.6122 4.8
      vertex 15.9526 10.55 4.8
      vertex 14.0474 9.45 4.8
    endloop
  endfacet
  facet normal 0 -0 -1
    outer loop
      vertex 12.4526 16.6122 4.8
      vertex 14.0474 9.45 4.8
      vertex 10.5474 15.5122 4.8
    endloop
  endfacet
  facet normal -0.866026 -0.499999 0
    outer loop
      vertex 12.4526 16.6122 0
      vertex 15.9526 10.55 0
      vertex 15.9526 10.55 4.8
    endloop
  endfacet
  facet normal -0.866026 -0.499999 0
    outer loop
      vertex 12.4526 16.6122 0
      vertex 15.9526 10.55 4.8
      vertex 12.4526 16.6122 4.8
    endloop
  endfacet
  facet normal -0.499999 0.866026 0
    outer loop
      vertex 15.9526 10.55 0
      vertex 14.0474 9.45 0
      vertex 14.0474 9.45 4.8
    endloop
  endfacet
  facet normal -0.499999 0.866026 0
    outer loop
      vertex 15.9526 10.55 0
      vertex 14.0474 9.45 4.8
      vertex 15.9526 10.55 4.8
    endloop
  endfacet
  facet normal 0.866026 0.499999 0
    outer loop
      vertex 14.0474 9.45 0
      vertex 10.5474 15.5122 0
      vertex 10.5474 15.5122 4.8
    endloop
  endfacet
  facet normal 0.866026 0.499999 -0
    outer loop
      vertex 14.0474 9.45 0
      vertex 10.5474 15.5122 4.8
      vertex 14.0474 9.45 4.8
    endloop
  endfacet
  facet normal 0.499999 -0.866026 0
    outer loop
      vertex 10.5474 15.5122 0
      vertex 12.4526 16.6122 0
      vertex 12.4526 16.6122 4.8
    endloop
  endfacet
  facet normal 0.499999 -0.866026 0
    outer loop
      vertex 10.5474 15.5122 0
      vertex 12.4526 16.6122 4.8
      vertex 10.5474 15.5122 4.8
    endloop
  endfacet
  facet normal -0 0 1
    outer loop
      vertex 8 29.2865 0
      vertex 11.5 27.0865 0
      vertex 11.5 29.2865 0
    endloop
  endfacet
  facet normal 0 0 1
    outer loop
      vertex 8 29.2865 0
      vertex 8 27.0865 0
      vertex 11.5 27.0865 0
    endloop
  endfacet
  facet normal 0 0 -1
    outer loop
      vertex 8 29.2865 4.8
      vertex 11.5 29.2865 4.8
      vertex 11.5 27.0865 4.8
    endloop
  endfacet
  facet normal 0 0 -1
    outer loop
      vertex 8 29.2865 4.8
      vertex 11.5 27.0865 4.8
      vertex 8 27.0865 4.8
    endloop
  endfacet
  facet normal 0 -1 0
    outer loop
      vertex 8 29.2865 0
      vertex 11.5 29.2865 0
      vertex 11.5 29.2865 4.8
    endloop
  endfacet
  facet normal 0 -1 0
    outer loop
      vertex 8 29.2865 0
      vertex 11.5 29.2865 4.8
      vertex 8 29.2865 4.8
    endloop
  endfacet
  facet normal -1 0 0
    outer loop
      vertex 11.5 29.2865 0
      vertex 11.5 27.0865 0
      vertex 11.5 27.0865 4.8
    endloop
  endfacet
  facet normal -1 0 0
    outer loop
      vertex 11.5 29.2865 0
      vertex 11.5 27.0865 4.8
      vertex 11.5 29.2865 4.8
    endloop
  endfacet
  facet normal 0 1 0
    outer loop
      vertex 11.5 27.0865 0
      vertex 8 27.0865 0
      vertex 8 27.0865 4.8
    endloop
  endfacet
  facet normal 0 1 -0
    outer loop
      vertex 11.5 27.0865 0
      vertex 8 27.0865 4.8
      vertex 11.5 27.0865 4.8
    endloop
  endfacet
  facet normal 1 0 0
    outer loop
      vertex 8 27.0865 0
      vertex 8 29.2865 0
      vertex 8 29.2865 4.8
    endloop
  endfacet
  facet normal 1 0 0
    outer loop
      vertex 8 27.0865 0
      vertex 8 29.2865 4.8
      vertex 8 27.0865 4.8
    endloop
  endfacet
  facet normal -0 0 1
    outer loop
      vertex 67.5 17.1622 0
      vertex 74.5 14.9622 0
      vertex 74.5 17.1622 0
    endloop
  endfacet
  facet normal 0 0 1
    outer loop
      vertex 67.5 17.1622 0
      vertex 67.5 14.9622 0
      vertex 74.5 14.9622 0
    endloop
  endfacet
  facet normal 0 0 -1
    outer loop
      vertex 67.5 17.1622 4.8
      vertex 74.5 17.1622 4.8
      vertex 74.5 14.9622 4.8
    endloop
  endfacet
  facet normal 0 0 -1
    outer loop
      vertex 67.5 17.1622 4.8
      vertex 74.5 14.9622 4.8
      vertex 67.5 14.9622 4.8
    endloop
  endfacet
  facet normal 0 -1 0
    outer loop
      vertex 67.5 17.1622 0
      vertex 74.5 17.1622 0
      vertex 74.5 17.1622 4.8
    endloop
  endfacet
  facet normal 0 -1 0
    outer loop
      vertex 67.5 17.1622 0
      vertex 74.5 17.1622 4.8
      vertex 67.5 17.1622 4.8
    endloop
  endfacet
  facet normal -1 0 0
    outer loop
      vertex 74.5 17.1622 0
      vertex 74.5 14.9622 0
      vertex 74.5 14.9622 4.8
    endloop
  endfacet
  facet normal -1 0 0
    outer loop
      vertex 74.5 17.1622 0
      vertex 74.5 14.9622 4.8
      vertex 74.5 17.1622 4.8
    endloop
  endfacet
  facet normal 0 1 0
    outer loop
      vertex 74.5 14.9622 0
      vertex 67.5 14.9622 0
      vertex 67.5 14.9622 4.8
    endloop
  endfacet
  facet normal 0 1 -0
    outer loop
      vertex 74.5 14.9622 0
      vertex 67.5 14.9622 4.8
      vertex 74.5 14.9622 4.8
    endloop
  endfacet
  facet normal 1 0 0
    outer loop
      vertex 67.5 14.9622 0
      vertex 67.5 17.1622 0
      vertex 67.5 17.1622 4.8
    endloop
  endfacet
  facet normal 1 0 0
    outer loop
      vertex 67.5 14.9622 0
      vertex 67.5 17.1622 4.8
      vertex 67.5 14.9622 4.8
    endloop
  endfacet
  facet normal 0 0 1
    outer loop
      vertex 12.4526 77.234 0
      vertex 14.0474 70.0718 0
      vertex 15.9526 71.1718 0
    endloop
  endfacet
  facet normal 0 0 1
    outer loop
      vertex 12.4526 77.234 0
      vertex 10.5474 76.134 0
      vertex 14.0474 70.0718 0
    endloop
  endfacet
  facet normal 0 0 -1
    outer loop
      vertex 12.4526 77.234 4.8
      vertex 15.9526 71.1718 4.8
      vertex 14.0474 70.0718 4.8
    endloop
  endfacet
  facet normal 0 -0 -1
    outer loop
      vertex 12.4526 77.234 4.8
      vertex 14.0474 70.0718 4.8
      vertex 10.5474 76.134 4.8
    endloop
  endfacet
  facet normal -0.866026 -0.499999 0
    outer loop
      vertex 12.4526 77.234 0
      vertex 15.9526 71.1718 0
      vertex 15.9526 71.1718 4.8
    endloop
  endfacet
  facet normal -0.866026 -0.499999 0
    outer loop
      vertex 12.4526 77.234 0
      vertex 15.9526 71.1718 4.8
      vertex 12.4526 77.234 4.8
    endloop
  endfacet
  facet normal -0.499999 0.866026 0
    outer loop
      vertex 15.9526 71.1718 0
      vertex 14.0474 70.0718 0
      vertex 14.0474 70.0718 4.8
    endloop
  endfacet
  facet normal -0.499999 0.866026 0
    outer loop
      vertex 15.9526 71.1718 0
      vertex 14.0474 70.0718 4.8
      vertex 15.9526 71.1718 4.8
    endloop
  endfacet
  facet normal 0.866026 0.499999 0
    outer loop
      vertex 14.0474 70.0718 0
      vertex 10.5474 76.134 0
      vertex 10.5474 76.134 4.8
    endloop
  endfacet
  facet normal 0.866026 0.499999 -0
    outer loop
      vertex 14.0474 70.0718 0
      vertex 10.5474 76.134 4.8
      vertex 14.0474 70.0718 4.8
    endloop
  endfacet
  facet normal 0.499999 -0.866026 0
    outer loop
      vertex 10.5474 76.134 0
      vertex 12.4526 77.234 0
      vertex 12.4526 77.234 4.8
    endloop
  endfacet
  facet normal 0.499999 -0.866026 0
    outer loop
      vertex 10.5474 76.134 0
      vertex 12.4526 77.234 4.8
      vertex 10.5474 76.134 4.8
    endloop
  endfacet
  facet normal -0 0 1
    outer loop
      vertex 21.0475 95.4207 0
      vertex 23.0273 94.4498 0
      vertex 21.1223 95.5502 0
    endloop
  endfacet
  facet normal 0 0 1
    outer loop
      vertex 21.0475 95.4207 0
      vertex 22.9525 94.3203 0
      vertex 23.0273 94.4498 0
    endloop
  endfacet
  facet normal 0 0 -1
    outer loop
      vertex 21.0475 95.4207 4.8
      vertex 21.1223 95.5502 4.8
      vertex 23.0273 94.4498 4.8
    endloop
  endfacet
  facet normal 0 0 -1
    outer loop
      vertex 21.0475 95.4207 4.8
      vertex 23.0273 94.4498 4.8
      vertex 22.9525 94.3203 4.8
    endloop
  endfacet
  facet normal 0.865929 -0.500166 0
    outer loop
      vertex 21.0475 95.4207 0
      vertex 21.1223 95.5502 0
      vertex 21.1223 95.5502 4.8
    endloop
  endfacet
  facet normal 0.865929 -0.500166 0
    outer loop
      vertex 21.0475 95.4207 0
      vertex 21.1223 95.5502 4.8
      vertex 21.0475 95.4207 4.8
    endloop
  endfacet
  facet normal -0.500166 -0.865929 0
    outer loop
      vertex 21.1223 95.5502 0
      vertex 23.0273 94.4498 0
      vertex 23.0273 94.4498 4.8
    endloop
  endfacet
  facet normal -0.500166 -0.865929 0
    outer loop
      vertex 21.1223 95.5502 0
      vertex 23.0273 94.4498 4.8
      vertex 21.1223 95.5502 4.8
    endloop
  endfacet
  facet normal -0.865929 0.500166 0
    outer loop
      vertex 23.0273 94.4498 0
      vertex 22.9525 94.3203 0
      vertex 22.9525 94.3203 4.8
    endloop
  endfacet
  facet normal -0.865929 0.500166 0
    outer loop
      vertex 23.0273 94.4498 0
      vertex 22.9525 94.3203 4.8
      vertex 23.0273 94.4498 4.8
    endloop
  endfacet
  facet normal 0.500166 0.865929 0
    outer loop
      vertex 22.9525 94.3203 0
      vertex 21.0475 95.4207 0
      vertex 21.0475 95.4207 4.8
    endloop
  endfacet
  facet normal 0.500166 0.865929 -0
    outer loop
      vertex 22.9525 94.3203 0
      vertex 21.0475 95.4207 4.8
      vertex 22.9525 94.3203 4.8
    endloop
  endfacet
  facet normal 0 0 1
    outer loop
      vertex 85.9526 71.1718 0
      vertex 87.5474 64.0096 0
      vertex 89.4526 65.1096 0
    endloop
  endfacet
  facet normal 0 0 1
    outer loop
      vertex 85.9526 71.1718 0
      vertex 84.0474 70.0718 0
      vertex 87.5474 64.0096 0
    endloop
  endfacet
  facet normal 0 0 -1
    outer loop
      vertex 85.9526 71.1718 4.8
      vertex 89.4526 65.1096 4.8
      vertex 87.5474 64.0096 4.8
    endloop
  endfacet
  facet normal 0 -0 -1
    outer loop
      vertex 85.9526 71.1718 4.8
      vertex 87.5474 64.0096 4.8
      vertex 84.0474 70.0718 4.8
    endloop
  endfacet
  facet normal -0.866026 -0.499999 0
    outer loop
      vertex 85.9526 71.1718 0
      vertex 89.4526 65.1096 0
      vertex 89.4526 65.1096 4.8
    endloop
  endfacet
  facet normal -0.866026 -0.499999 0
    outer loop
      vertex 85.9526 71.1718 0
      vertex 89.4526 65.1096 4.8
      vertex 85.9526 71.1718 4.8
    endloop
  endfacet
  facet normal -0.499999 0.866026 0
    outer loop
      vertex 89.4526 65.1096 0
      vertex 87.5474 64.0096 0
      vertex 87.5474 64.0096 4.8
    endloop
  endfacet
  facet normal -0.499999 0.866026 0
    outer loop
      vertex 89.4526 65.1096 0
      vertex 87.5474 64.0096 4.8
      vertex 89.4526 65.1096 4.8
    endloop
  endfacet
  facet normal 0.866026 0.499999 0
    outer loop
      vertex 87.5474 64.0096 0
      vertex 84.0474 70.0718 0
      vertex 84.0474 70.0718 4.8
    endloop
  endfacet
  facet normal 0.866026 0.499999 -0
    outer loop
      vertex 87.5474 64.0096 0
      vertex 84.0474 70.0718 4.8
      vertex 87.5474 64.0096 4.8
    endloop
  endfacet
  facet normal 0.499999 -0.866026 0
    outer loop
      vertex 84.0474 70.0718 0
      vertex 85.9526 71.1718 0
      vertex 85.9526 71.1718 4.8
    endloop
  endfacet
  facet normal 0.499999 -0.866026 0
    outer loop
      vertex 84.0474 70.0718 0
      vertex 85.9526 71.1718 4.8
      vertex 84.0474 70.0718 4.8
    endloop
  endfacet
  facet normal -0 0 1
    outer loop
      vertex 78 71.7218 0
      vertex 85 69.5218 0
      vertex 85 71.7218 0
    endloop
  endfacet
  facet normal 0 0 1
    outer loop
      vertex 78 71.7218 0
      vertex 78 69.5218 0
      vertex 85 69.5218 0
    endloop
  endfacet
  facet normal 0 0 -1
    outer loop
      vertex 78 71.7218 4.8
      vertex 85 71.7218 4.8
      vertex 85 69.5218 4.8
    endloop
  endfacet
  facet normal 0 0 -1
    outer loop
      vertex 78 71.7218 4.8
      vertex 85 69.5218 4.8
      vertex 78 69.5218 4.8
    endloop
  endfacet
  facet normal 0 -1 0
    outer loop
      vertex 78 71.7218 0
      vertex 85 71.7218 0
      vertex 85 71.7218 4.8
    endloop
  endfacet
  facet normal 0 -1 0
    outer loop
      vertex 78 71.7218 0
      vertex 85 71.7218 4.8
      vertex 78 71.7218 4.8
    endloop
  endfacet
  facet normal -1 0 0
    outer loop
      vertex 85 71.7218 0
      vertex 85 69.5218 0
      vertex 85 69.5218 4.8
    endloop
  endfacet
  facet normal -1 0 0
    outer loop
      vertex 85 71.7218 0
      vertex 85 69.5218 4.8
      vertex 85 71.7218 4.8
    endloop
  endfacet
  facet normal 0 1 0
    outer loop
      vertex 85 69.5218 0
      vertex 78 69.5218 0
      vertex 78 69.5218 4.8
    endloop
  endfacet
  facet normal 0 1 -0
    outer loop
      vertex 85 69.5218 0
      vertex 78 69.5218 4.8
      vertex 85 69.5218 4.8
    endloop
  endfacet
  facet normal 1 0 0
    outer loop
      vertex 78 69.5218 0
      vertex 78 71.7218 0
      vertex 78 71.7218 4.8
    endloop
  endfacet
  facet normal 1 0 0
    outer loop
      vertex 78 69.5218 0
      vertex 78 71.7218 4.8
      vertex 78 69.5218 4.8
    endloop
  endfacet
  facet normal -0 0 1
    outer loop
      vertex 57 47.4731 0
      vertex 64 45.2731 0
      vertex 64 47.4731 0
    endloop
  endfacet
  facet normal 0 0 1
    outer loop
      vertex 57 47.4731 0
      vertex 57 45.2731 0
      vertex 64 45.2731 0
    endloop
  endfacet
  facet normal 0 0 -1
    outer loop
      vertex 57 47.4731 4.8
      vertex 64 47.4731 4.8
      vertex 64 45.2731 4.8
    endloop
  endfacet
  facet normal 0 0 -1
    outer loop
      vertex 57 47.4731 4.8
      vertex 64 45.2731 4.8
      vertex 57 45.2731 4.8
    endloop
  endfacet
  facet normal 0 -1 0
    outer loop
      vertex 57 47.4731 0
      vertex 64 47.4731 0
      vertex 64 47.4731 4.8
    endloop
  endfacet
  facet normal 0 -1 0
    outer loop
      vertex 57 47.4731 0
      vertex 64 47.4731 4.8
      vertex 57 47.4731 4.8
    endloop
  endfacet
  facet normal -1 0 0
    outer loop
      vertex 64 47.4731 0
      vertex 64 45.2731 0
      vertex 64 45.2731 4.8
    endloop
  endfacet
  facet normal -1 0 0
    outer loop
      vertex 64 47.4731 0
      vertex 64 45.2731 4.8
      vertex 64 47.4731 4.8
    endloop
  endfacet
  facet normal 0 1 0
    outer loop
      vertex 64 45.2731 0
      vertex 57 45.2731 0
      vertex 57 45.2731 4.8
    endloop
  endfacet
  facet normal 0 1 -0
    outer loop
      vertex 64 45.2731 0
      vertex 57 45.2731 4.8
      vertex 64 45.2731 4.8
    endloop
  endfacet
  facet normal 1 0 0
    outer loop
      vertex 57 45.2731 0
      vertex 57 47.4731 0
      vertex 57 47.4731 4.8
    endloop
  endfacet
  facet normal 1 0 0
    outer loop
      vertex 57 45.2731 0
      vertex 57 47.4731 4.8
      vertex 57 45.2731 4.8
    endloop
  endfacet
  facet normal -0 0 1
    outer loop
      vertex 84.0475 95.4207 0
      vertex 86.0273 94.4498 0
      vertex 84.1223 95.5502 0
    endloop
  endfacet
  facet normal 0 0 1
    outer loop
      vertex 84.0475 95.4207 0
      vertex 85.9525 94.3203 0
      vertex 86.0273 94.4498 0
    endloop
  endfacet
  facet normal 0 0 -1
    outer loop
      vertex 84.0475 95.4207 4.8
      vertex 84.1223 95.5502 4.8
      vertex 86.0273 94.4498 4.8
    endloop
  endfacet
  facet normal 0 0 -1
    outer loop
      vertex 84.0475 95.4207 4.8
      vertex 86.0273 94.4498 4.8
      vertex 85.9525 94.3203 4.8
    endloop
  endfacet
  facet normal 0.865929 -0.500166 0
    outer loop
      vertex 84.0475 95.4207 0
      vertex 84.1223 95.5502 0
      vertex 84.1223 95.5502 4.8
    endloop
  endfacet
  facet normal 0.865929 -0.500166 0
    outer loop
      vertex 84.0475 95.4207 0
      vertex 84.1223 95.5502 4.8
      vertex 84.0475 95.4207 4.8
    endloop
  endfacet
  facet normal -0.500166 -0.865929 0
    outer loop
      vertex 84.1223 95.5502 0
      vertex 86.0273 94.4498 0
      vertex 86.0273 94.4498 4.8
    endloop
  endfacet
  facet normal -0.500166 -0.865929 0
    outer loop
      vertex 84.1223 95.5502 0
      vertex 86.0273 94.4498 4.8
      vertex 84.1223 95.5502 4.8
    endloop
  endfacet
  facet normal -0.865929 0.500166 0
    outer loop
      vertex 86.0273 94.4498 0
      vertex 85.9525 94.3203 0
      vertex 85.9525 94.3203 4.8
    endloop
  endfacet
  facet normal -0.865929 0.500166 0
    outer loop
      vertex 86.0273 94.4498 0
      vertex 85.9525 94.3203 4.8
      vertex 86.0273 94.4498 4.8
    endloop
  endfacet
  facet normal 0.500166 0.865929 0
    outer loop
      vertex 85.9525 94.3203 0
      vertex 84.0475 95.4207 0
      vertex 84.0475 95.4207 4.8
    endloop
  endfacet
  facet normal 0.500166 0.865929 -0
    outer loop
      vertex 85.9525 94.3203 0
      vertex 84.0475 95.4207 4.8
      vertex 85.9525 94.3203 4.8
    endloop
  endfacet
  facet normal -0 0 1
    outer loop
      vertex 36 23.2244 0
      vertex 43 21.0244 0
      vertex 43 23.2244 0
    endloop
  endfacet
  facet normal 0 0 1
    outer loop
      vertex 36 23.2244 0
      vertex 36 21.0244 0
      vertex 43 21.0244 0
    endloop
  endfacet
  facet normal 0 0 -1
    outer loop
      vertex 36 23.2244 4.8
      vertex 43 23.2244 4.8
      vertex 43 21.0244 4.8
    endloop
  endfacet
  facet normal 0 0 -1
    outer loop
      vertex 36 23.2244 4.8
      vertex 43 21.0244 4.8
      vertex 36 21.0244 4.8
    endloop
  endfacet
  facet normal 0 -1 0
    outer loop
      vertex 36 23.2244 0
      vertex 43 23.2244 0
      vertex 43 23.2244 4.8
    endloop
  endfacet
  facet normal 0 -1 0
    outer loop
      vertex 36 23.2244 0
      vertex 43 23.2244 4.8
      vertex 36 23.2244 4.8
    endloop
  endfacet
  facet normal -1 0 0
    outer loop
      vertex 43 23.2244 0
      vertex 43 21.0244 0
      vertex 43 21.0244 4.8
    endloop
  endfacet
  facet normal -1 0 0
    outer loop
      vertex 43 23.2244 0
      vertex 43 21.0244 4.8
      vertex 43 23.2244 4.8
    endloop
  endfacet
  facet normal 0 1 0
    outer loop
      vertex 43 21.0244 0
      vertex 36 21.0244 0
      vertex 36 21.0244 4.8
    endloop
  endfacet
  facet normal 0 1 -0
    outer loop
      vertex 43 21.0244 0
      vertex 36 21.0244 4.8
      vertex 43 21.0244 4.8
    endloop
  endfacet
  facet normal 1 0 0
    outer loop
      vertex 36 21.0244 0
      vertex 36 23.2244 0
      vertex 36 23.2244 4.8
    endloop
  endfacet
  facet normal 1 0 0
    outer loop
      vertex 36 21.0244 0
      vertex 36 23.2244 4.8
      vertex 36 21.0244 4.8
    endloop
  endfacet
  facet normal -0 0 1
    outer loop
      vertex 57 59.5974 0
      vertex 64 57.3974 0
      vertex 64 59.5974 0
    endloop
  endfacet
  facet normal 0 0 1
    outer loop
      vertex 57 59.5974 0
      vertex 57 57.3974 0
      vertex 64 57.3974 0
    endloop
  endfacet
  facet normal 0 0 -1
    outer loop
      vertex 57 59.5974 4.8
      vertex 64 59.5974 4.8
      vertex 64 57.3974 4.8
    endloop
  endfacet
  facet normal 0 0 -1
    outer loop
      vertex 57 59.5974 4.8
      vertex 64 57.3974 4.8
      vertex 57 57.3974 4.8
    endloop
  endfacet
  facet normal 0 -1 0
    outer loop
      vertex 57 59.5974 0
      vertex 64 59.5974 0
      vertex 64 59.5974 4.8
    endloop
  endfacet
  facet normal 0 -1 0
    outer loop
      vertex 57 59.5974 0
      vertex 64 59.5974 4.8
      vertex 57 59.5974 4.8
    endloop
  endfacet
  facet normal -1 0 0
    outer loop
      vertex 64 59.5974 0
      vertex 64 57.3974 0
      vertex 64 57.3974 4.8
    endloop
  endfacet
  facet normal -1 0 0
    outer loop
      vertex 64 59.5974 0
      vertex 64 57.3974 4.8
      vertex 64 59.5974 4.8
    endloop
  endfacet
  facet normal 0 1 0
    outer loop
      vertex 64 57.3974 0
      vertex 57 57.3974 0
      vertex 57 57.3974 4.8
    endloop
  endfacet
  facet normal 0 1 -0
    outer loop
      vertex 64 57.3974 0
      vertex 57 57.3974 4.8
      vertex 64 57.3974 4.8
    endloop
  endfacet
  facet normal 1 0 0
    outer loop
      vertex 57 57.3974 0
      vertex 57 59.5974 0
      vertex 57 59.5974 4.8
    endloop
  endfacet
  facet normal 1 0 0
    outer loop
      vertex 57 57.3974 0
      vertex 57 59.5974 4.8
      vertex 57 57.3974 4.8
    endloop
  endfacet
  facet normal 0 0 1
    outer loop
      vertex 73.5474 40.8609 0
      vertex 78.9526 45.8231 0
      vertex 77.0474 46.9231 0
    endloop
  endfacet
  facet normal -0 0 1
    outer loop
      vertex 73.5474 40.8609 0
      vertex 75.4526 39.7609 0
      vertex 78.9526 45.8231 0
    endloop
  endfacet
  facet normal 0 0 -1
    outer loop
      vertex 73.5474 40.8609 4.8
      vertex 77.0474 46.9231 4.8
      vertex 78.9526 45.8231 4.8
    endloop
  endfacet
  facet normal 0 0 -1
    outer loop
      vertex 73.5474 40.8609 4.8
      vertex 78.9526 45.8231 4.8
      vertex 75.4526 39.7609 4.8
    endloop
  endfacet
  facet normal 0.866026 -0.499999 0
    outer loop
      vertex 73.5474 40.8609 0
      vertex 77.0474 46.9231 0
      vertex 77.0474 46.9231 4.8
    endloop
  endfacet
  facet normal 0.866026 -0.499999 0
    outer loop
      vertex 73.5474 40.8609 0
      vertex 77.0474 46.9231 4.8
      vertex 73.5474 40.8609 4.8
    endloop
  endfacet
  facet normal -0.499999 -0.866026 0
    outer loop
      vertex 77.0474 46.9231 0
      vertex 78.9526 45.8231 0
      vertex 78.9526 45.8231 4.8
    endloop
  endfacet
  facet normal -0.499999 -0.866026 0
    outer loop
      vertex 77.0474 46.9231 0
      vertex 78.9526 45.8231 4.8
      vertex 77.0474 46.9231 4.8
    endloop
  endfacet
  facet normal -0.866026 0.499999 0
    outer loop
      vertex 78.9526 45.8231 0
      vertex 75.4526 39.7609 0
      vertex 75.4526 39.7609 4.8
    endloop
  endfacet
  facet normal -0.866026 0.499999 0
    outer loop
      vertex 78.9526 45.8231 0
      vertex 75.4526 39.7609 4.8
      vertex 78.9526 45.8231 4.8
    endloop
  endfacet
  facet normal 0.499999 0.866026 0
    outer loop
      vertex 75.4526 39.7609 0
      vertex 73.5474 40.8609 0
      vertex 73.5474 40.8609 4.8
    endloop
  endfacet
  facet normal 0.499999 0.866026 -0
    outer loop
      vertex 75.4526 39.7609 0
      vertex 73.5474 40.8609 4.8
      vertex 75.4526 39.7609 4.8
    endloop
  endfacet
  facet normal -0 0 1
    outer loop
      vertex 46.5 65.6596 0
      vertex 53.5 63.4596 0
      vertex 53.5 65.6596 0
    endloop
  endfacet
  facet normal 0 0 1
    outer loop
      vertex 46.5 65.6596 0
      vertex 46.5 63.4596 0
      vertex 53.5 63.4596 0
    endloop
  endfacet
  facet normal 0 0 -1
    outer loop
      vertex 46.5 65.6596 4.8
      vertex 53.5 65.6596 4.8
      vertex 53.5 63.4596 4.8
    endloop
  endfacet
  facet normal 0 0 -1
    outer loop
      vertex 46.5 65.6596 4.8
      vertex 53.5 63.4596 4.8
      vertex 46.5 63.4596 4.8
    endloop
  endfacet
  facet normal 0 -1 0
    outer loop
      vertex 46.5 65.6596 0
      vertex 53.5 65.6596 0
      vertex 53.5 65.6596 4.8
    endloop
  endfacet
  facet normal 0 -1 0
    outer loop
      vertex 46.5 65.6596 0
      vertex 53.5 65.6596 4.8
      vertex 46.5 65.6596 4.8
    endloop
  endfacet
  facet normal -1 0 0
    outer loop
      vertex 53.5 65.6596 0
      vertex 53.5 63.4596 0
      vertex 53.5 63.4596 4.8
    endloop
  endfacet
  facet normal -1 0 0
    outer loop
      vertex 53.5 65.6596 0
      vertex 53.5 63.4596 4.8
      vertex 53.5 65.6596 4.8
    endloop
  endfacet
  facet normal 0 1 0
    outer loop
      vertex 53.5 63.4596 0
      vertex 46.5 63.4596 0
      vertex 46.5 63.4596 4.8
    endloop
  endfacet
  facet normal 0 1 -0
    outer loop
      vertex 53.5 63.4596 0
      vertex 46.5 63.4596 4.8
      vertex 53.5 63.4596 4.8
    endloop
  endfacet
  facet normal 1 0 0
    outer loop
      vertex 46.5 63.4596 0
      vertex 46.5 65.6596 0
      vertex 46.5 65.6596 4.8
    endloop
  endfacet
  facet normal 1 0 0
    outer loop
      vertex 46.5 63.4596 0
      vertex 46.5 65.6596 4.8
      vertex 46.5 63.4596 4.8
    endloop
  endfacet
  facet normal 0 0 1
    outer loop
      vertex 63.0474 59.0474 0
      vertex 68.4526 64.0096 0
      vertex 66.5474 65.1096 0
    endloop
  endfacet
  facet normal -0 0 1
    outer loop
      vertex 63.0474 59.0474 0
      vertex 64.9526 57.9474 0
      vertex 68.4526 64.0096 0
    endloop
  endfacet
  facet normal 0 0 -1
    outer loop
      vertex 63.0474 59.0474 4.8
      vertex 66.5474 65.1096 4.8
      vertex 68.4526 64.0096 4.8
    endloop
  endfacet
  facet normal 0 0 -1
    outer loop
      vertex 63.0474 59.0474 4.8
      vertex 68.4526 64.0096 4.8
      vertex 64.9526 57.9474 4.8
    endloop
  endfacet
  facet normal 0.866026 -0.499999 0
    outer loop
      vertex 63.0474 59.0474 0
      vertex 66.5474 65.1096 0
      vertex 66.5474 65.1096 4.8
    endloop
  endfacet
  facet normal 0.866026 -0.499999 0
    outer loop
      vertex 63.0474 59.0474 0
      vertex 66.5474 65.1096 4.8
      vertex 63.0474 59.0474 4.8
    endloop
  endfacet
  facet normal -0.499999 -0.866026 0
    outer loop
      vertex 66.5474 65.1096 0
      vertex 68.4526 64.0096 0
      vertex 68.4526 64.0096 4.8
    endloop
  endfacet
  facet normal -0.499999 -0.866026 0
    outer loop
      vertex 66.5474 65.1096 0
      vertex 68.4526 64.0096 4.8
      vertex 66.5474 65.1096 4.8
    endloop
  endfacet
  facet normal -0.866026 0.499999 0
    outer loop
      vertex 68.4526 64.0096 0
      vertex 64.9526 57.9474 0
      vertex 64.9526 57.9474 4.8
    endloop
  endfacet
  facet normal -0.866026 0.499999 0
    outer loop
      vertex 68.4526 64.0096 0
      vertex 64.9526 57.9474 4.8
      vertex 68.4526 64.0096 4.8
    endloop
  endfacet
  facet normal 0.499999 0.866026 0
    outer loop
      vertex 64.9526 57.9474 0
      vertex 63.0474 59.0474 0
      vertex 63.0474 59.0474 4.8
    endloop
  endfacet
  facet normal 0.499999 0.866026 -0
    outer loop
      vertex 64.9526 57.9474 0
      vertex 63.0474 59.0474 4.8
      vertex 64.9526 57.9474 4.8
    endloop
  endfacet
  facet normal -0 0 1
    outer loop
      vertex 67.5 41.4109 0
      vertex 74.5 39.2109 0
      vertex 74.5 41.4109 0
    endloop
  endfacet
  facet normal 0 0 1
    outer loop
      vertex 67.5 41.4109 0
      vertex 67.5 39.2109 0
      vertex 74.5 39.2109 0
    endloop
  endfacet
  facet normal 0 0 -1
    outer loop
      vertex 67.5 41.4109 4.8
      vertex 74.5 41.4109 4.8
      vertex 74.5 39.2109 4.8
    endloop
  endfacet
  facet normal 0 0 -1
    outer loop
      vertex 67.5 41.4109 4.8
      vertex 74.5 39.2109 4.8
      vertex 67.5 39.2109 4.8
    endloop
  endfacet
  facet normal 0 -1 0
    outer loop
      vertex 67.5 41.4109 0
      vertex 74.5 41.4109 0
      vertex 74.5 41.4109 4.8
    endloop
  endfacet
  facet normal 0 -1 0
    outer loop
      vertex 67.5 41.4109 0
      vertex 74.5 41.4109 4.8
      vertex 67.5 41.4109 4.8
    endloop
  endfacet
  facet normal -1 0 0
    outer loop
      vertex 74.5 41.4109 0
      vertex 74.5 39.2109 0
      vertex 74.5 39.2109 4.8
    endloop
  endfacet
  facet normal -1 0 0
    outer loop
      vertex 74.5 41.4109 0
      vertex 74.5 39.2109 4.8
      vertex 74.5 41.4109 4.8
    endloop
  endfacet
  facet normal 0 1 0
    outer loop
      vertex 74.5 39.2109 0
      vertex 67.5 39.2109 0
      vertex 67.5 39.2109 4.8
    endloop
  endfacet
  facet normal 0 1 -0
    outer loop
      vertex 74.5 39.2109 0
      vertex 67.5 39.2109 4.8
      vertex 74.5 39.2109 4.8
    endloop
  endfacet
  facet normal 1 0 0
    outer loop
      vertex 67.5 39.2109 0
      vertex 67.5 41.4109 0
      vertex 67.5 41.4109 4.8
    endloop
  endfacet
  facet normal 1 0 0
    outer loop
      vertex 67.5 39.2109 0
      vertex 67.5 41.4109 4.8
      vertex 67.5 39.2109 4.8
    endloop
  endfacet
  facet normal 0 0 1
    outer loop
      vertex 75.4526 16.6122 0
      vertex 77.0474 9.45 0
      vertex 78.9526 10.55 0
    endloop
  endfacet
  facet normal 0 0 1
    outer loop
      vertex 75.4526 16.6122 0
      vertex 73.5474 15.5122 0
      vertex 77.0474 9.45 0
    endloop
  endfacet
  facet normal 0 0 -1
    outer loop
      vertex 75.4526 16.6122 4.8
      vertex 78.9526 10.55 4.8
      vertex 77.0474 9.45 4.8
    endloop
  endfacet
  facet normal 0 -0 -1
    outer loop
      vertex 75.4526 16.6122 4.8
      vertex 77.0474 9.45 4.8
      vertex 73.5474 15.5122 4.8
    endloop
  endfacet
  facet normal -0.866026 -0.499999 0
    outer loop
      vertex 75.4526 16.6122 0
      vertex 78.9526 10.55 0
      vertex 78.9526 10.55 4.8
    endloop
  endfacet
  facet normal -0.866026 -0.499999 0
    outer loop
      vertex 75.4526 16.6122 0
      vertex 78.9526 10.55 4.8
      vertex 75.4526 16.6122 4.8
    endloop
  endfacet
  facet normal -0.499999 0.866026 0
    outer loop
      vertex 78.9526 10.55 0
      vertex 77.0474 9.45 0
      vertex 77.0474 9.45 4.8
    endloop
  endfacet
  facet normal -0.499999 0.866026 0
    outer loop
      vertex 78.9526 10.55 0
      vertex 77.0474 9.45 4.8
      vertex 78.9526 10.55 4.8
    endloop
  endfacet
  facet normal 0.866026 0.499999 0
    outer loop
      vertex 77.0474 9.45 0
      vertex 73.5474 15.5122 0
      vertex 73.5474 15.5122 4.8
    endloop
  endfacet
  facet normal 0.866026 0.499999 -0
    outer loop
      vertex 77.0474 9.45 0
      vertex 73.5474 15.5122 4.8
      vertex 77.0474 9.45 4.8
    endloop
  endfacet
  facet normal 0.499999 -0.866026 0
    outer loop
      vertex 73.5474 15.5122 0
      vertex 75.4526 16.6122 0
      vertex 75.4526 16.6122 4.8
    endloop
  endfacet
  facet normal 0.499999 -0.866026 0
    outer loop
      vertex 73.5474 15.5122 0
      vertex 75.4526 16.6122 4.8
      vertex 73.5474 15.5122 4.8
    endloop
  endfacet
  facet normal -0 0 1
    outer loop
      vertex 46.5 29.2865 0
      vertex 53.5 27.0865 0
      vertex 53.5 29.2865 0
    endloop
  endfacet
  facet normal 0 0 1
    outer loop
      vertex 46.5 29.2865 0
      vertex 46.5 27.0865 0
      vertex 53.5 27.0865 0
    endloop
  endfacet
  facet normal 0 0 -1
    outer loop
      vertex 46.5 29.2865 4.8
      vertex 53.5 29.2865 4.8
      vertex 53.5 27.0865 4.8
    endloop
  endfacet
  facet normal 0 0 -1
    outer loop
      vertex 46.5 29.2865 4.8
      vertex 53.5 27.0865 4.8
      vertex 46.5 27.0865 4.8
    endloop
  endfacet
  facet normal 0 -1 0
    outer loop
      vertex 46.5 29.2865 0
      vertex 53.5 29.2865 0
      vertex 53.5 29.2865 4.8
    endloop
  endfacet
  facet normal 0 -1 0
    outer loop
      vertex 46.5 29.2865 0
      vertex 53.5 29.2865 4.8
      vertex 46.5 29.2865 4.8
    endloop
  endfacet
  facet normal -1 0 0
    outer loop
      vertex 53.5 29.2865 0
      vertex 53.5 27.0865 0
      vertex 53.5 27.0865 4.8
    endloop
  endfacet
  facet normal -1 0 0
    outer loop
      vertex 53.5 29.2865 0
      vertex 53.5 27.0865 4.8
      vertex 53.5 29.2865 4.8
    endloop
  endfacet
  facet normal 0 1 0
    outer loop
      vertex 53.5 27.0865 0
      vertex 46.5 27.0865 0
      vertex 46.5 27.0865 4.8
    endloop
  endfacet
  facet normal 0 1 -0
    outer loop
      vertex 53.5 27.0865 0
      vertex 46.5 27.0865 4.8
      vertex 53.5 27.0865 4.8
    endloop
  endfacet
  facet normal 1 0 0
    outer loop
      vertex 46.5 27.0865 0
      vertex 46.5 29.2865 0
      vertex 46.5 29.2865 4.8
    endloop
  endfacet
  facet normal 1 0 0
    outer loop
      vertex 46.5 27.0865 0
      vertex 46.5 29.2865 4.8
      vertex 46.5 27.0865 4.8
    endloop
  endfacet
  facet normal -0 0 1
    outer loop
      vertex 46.5 41.4109 0
      vertex 53.5 39.2109 0
      vertex 53.5 41.4109 0
    endloop
  endfacet
  facet normal 0 0 1
    outer loop
      vertex 46.5 41.4109 0
      vertex 46.5 39.2109 0
      vertex 53.5 39.2109 0
    endloop
  endfacet
  facet normal 0 0 -1
    outer loop
      vertex 46.5 41.4109 4.8
      vertex 53.5 41.4109 4.8
      vertex 53.5 39.2109 4.8
    endloop
  endfacet
  facet normal 0 0 -1
    outer loop
      vertex 46.5 41.4109 4.8
      vertex 53.5 39.2109 4.8
      vertex 46.5 39.2109 4.8
    endloop
  endfacet
  facet normal 0 -1 0
    outer loop
      vertex 46.5 41.4109 0
      vertex 53.5 41.4109 0
      vertex 53.5 41.4109 4.8
    endloop
  endfacet
  facet normal 0 -1 0
    outer loop
      vertex 46.5 41.4109 0
      vertex 53.5 41.4109 4.8
      vertex 46.5 41.4109 4.8
    endloop
  endfacet
  facet normal -1 0 0
    outer loop
      vertex 53.5 41.4109 0
      vertex 53.5 39.2109 0
      vertex 53.5 39.2109 4.8
    endloop
  endfacet
  facet normal -1 0 0
    outer loop
      vertex 53.5 41.4109 0
      vertex 53.5 39.2109 4.8
      vertex 53.5 41.4109 4.8
    endloop
  endfacet
  facet normal 0 1 0
    outer loop
      vertex 53.5 39.2109 0
      vertex 46.5 39.2109 0
      vertex 46.5 39.2109 4.8
    endloop
  endfacet
  facet normal 0 1 -0
    outer loop
      vertex 53.5 39.2109 0
      vertex 46.5 39.2109 4.8
      vertex 53.5 39.2109 4.8
    endloop
  endfacet
  facet normal 1 0 0
    outer loop
      vertex 46.5 39.2109 0
      vertex 46.5 41.4109 0
      vertex 46.5 41.4109 4.8
    endloop
  endfacet
  facet normal 1 0 0
    outer loop
      vertex 46.5 39.2109 0
      vertex 46.5 41.4109 4.8
      vertex 46.5 39.2109 4.8
    endloop
  endfacet
  facet normal -0 0 1
    outer loop
      vertex 15 95.9705 0
      vertex 22 93.7705 0
      vertex 22 95.9705 0
    endloop
  endfacet
  facet normal 0 0 1
    outer loop
      vertex 15 95.9705 0
      vertex 15 93.7705 0
      vertex 22 93.7705 0
    endloop
  endfacet
  facet normal 0 0 -1
    outer loop
      vertex 15 95.9705 4.8
      vertex 22 95.9705 4.8
      vertex 22 93.7705 4.8
    endloop
  endfacet
  facet normal 0 0 -1
    outer loop
      vertex 15 95.9705 4.8
      vertex 22 93.7705 4.8
      vertex 15 93.7705 4.8
    endloop
  endfacet
  facet normal 0 -1 0
    outer loop
      vertex 15 95.9705 0
      vertex 22 95.9705 0
      vertex 22 95.9705 4.8
    endloop
  endfacet
  facet normal 0 -1 0
    outer loop
      vertex 15 95.9705 0
      vertex 22 95.9705 4.8
      vertex 15 95.9705 4.8
    endloop
  endfacet
  facet normal -1 0 0
    outer loop
      vertex 22 95.9705 0
      vertex 22 93.7705 0
      vertex 22 93.7705 4.8
    endloop
  endfacet
  facet normal -1 0 0
    outer loop
      vertex 22 95.9705 0
      vertex 22 93.7705 4.8
      vertex 22 95.9705 4.8
    endloop
  endfacet
  facet normal 0 1 0
    outer loop
      vertex 22 93.7705 0
      vertex 15 93.7705 0
      vertex 15 93.7705 4.8
    endloop
  endfacet
  facet normal 0 1 -0
    outer loop
      vertex 22 93.7705 0
      vertex 15 93.7705 4.8
      vertex 22 93.7705 4.8
    endloop
  endfacet
  facet normal 1 0 0
    outer loop
      vertex 15 93.7705 0
      vertex 15 95.9705 0
      vertex 15 95.9705 4.8
    endloop
  endfacet
  facet normal 1 0 0
    outer loop
      vertex 15 93.7705 0
      vertex 15 95.9705 4.8
      vertex 15 93.7705 4.8
    endloop
  endfacet
  facet normal 0 0 1
    outer loop
      vertex 85.9526 59.0474 0
      vertex 87.5474 51.8852 0
      vertex 89.4526 52.9852 0
    endloop
  endfacet
  facet normal 0 0 1
    outer loop
      vertex 85.9526 59.0474 0
      vertex 84.0474 57.9474 0
      vertex 87.5474 51.8852 0
    endloop
  endfacet
  facet normal 0 0 -1
    outer loop
      vertex 85.9526 59.0474 4.8
      vertex 89.4526 52.9852 4.8
      vertex 87.5474 51.8852 4.8
    endloop
  endfacet
  facet normal 0 -0 -1
    outer loop
      vertex 85.9526 59.0474 4.8
      vertex 87.5474 51.8852 4.8
      vertex 84.0474 57.9474 4.8
    endloop
  endfacet
  facet normal -0.866026 -0.499999 0
    outer loop
      vertex 85.9526 59.0474 0
      vertex 89.4526 52.9852 0
      vertex 89.4526 52.9852 4.8
    endloop
  endfacet
  facet normal -0.866026 -0.499999 0
    outer loop
      vertex 85.9526 59.0474 0
      vertex 89.4526 52.9852 4.8
      vertex 85.9526 59.0474 4.8
    endloop
  endfacet
  facet normal -0.499999 0.866026 0
    outer loop
      vertex 89.4526 52.9852 0
      vertex 87.5474 51.8852 0
      vertex 87.5474 51.8852 4.8
    endloop
  endfacet
  facet normal -0.499999 0.866026 0
    outer loop
      vertex 89.4526 52.9852 0
      vertex 87.5474 51.8852 4.8
      vertex 89.4526 52.9852 4.8
    endloop
  endfacet
  facet normal 0.866026 0.499999 0
    outer loop
      vertex 87.5474 51.8852 0
      vertex 84.0474 57.9474 0
      vertex 84.0474 57.9474 4.8
    endloop
  endfacet
  facet normal 0.866026 0.499999 -0
    outer loop
      vertex 87.5474 51.8852 0
      vertex 84.0474 57.9474 4.8
      vertex 87.5474 51.8852 4.8
    endloop
  endfacet
  facet normal 0.499999 -0.866026 0
    outer loop
      vertex 84.0474 57.9474 0
      vertex 85.9526 59.0474 0
      vertex 85.9526 59.0474 4.8
    endloop
  endfacet
  facet normal 0.499999 -0.866026 0
    outer loop
      vertex 84.0474 57.9474 0
      vertex 85.9526 59.0474 4.8
      vertex 84.0474 57.9474 4.8
    endloop
  endfacet
  facet normal 0 0 1
    outer loop
      vertex 12.4526 40.8609 0
      vertex 14.0474 33.6987 0
      vertex 15.9526 34.7987 0
    endloop
  endfacet
  facet normal 0 0 1
    outer loop
      vertex 12.4526 40.8609 0
      vertex 10.5474 39.7609 0
      vertex 14.0474 33.6987 0
    endloop
  endfacet
  facet normal 0 0 -1
    outer loop
      vertex 12.4526 40.8609 4.8
      vertex 15.9526 34.7987 4.8
      vertex 14.0474 33.6987 4.8
    endloop
  endfacet
  facet normal 0 -0 -1
    outer loop
      vertex 12.4526 40.8609 4.8
      vertex 14.0474 33.6987 4.8
      vertex 10.5474 39.7609 4.8
    endloop
  endfacet
  facet normal -0.866026 -0.499999 0
    outer loop
      vertex 12.4526 40.8609 0
      vertex 15.9526 34.7987 0
      vertex 15.9526 34.7987 4.8
    endloop
  endfacet
  facet normal -0.866026 -0.499999 0
    outer loop
      vertex 12.4526 40.8609 0
      vertex 15.9526 34.7987 4.8
      vertex 12.4526 40.8609 4.8
    endloop
  endfacet
  facet normal -0.499999 0.866026 0
    outer loop
      vertex 15.9526 34.7987 0
      vertex 14.0474 33.6987 0
      vertex 14.0474 33.6987 4.8
    endloop
  endfacet
  facet normal -0.499999 0.866026 0
    outer loop
      vertex 15.9526 34.7987 0
      vertex 14.0474 33.6987 4.8
      vertex 15.9526 34.7987 4.8
    endloop
  endfacet
  facet normal 0.866026 0.499999 0
    outer loop
      vertex 14.0474 33.6987 0
      vertex 10.5474 39.7609 0
      vertex 10.5474 39.7609 4.8
    endloop
  endfacet
  facet normal 0.866026 0.499999 -0
    outer loop
      vertex 14.0474 33.6987 0
      vertex 10.5474 39.7609 4.8
      vertex 14.0474 33.6987 4.8
    endloop
  endfacet
  facet normal 0.499999 -0.866026 0
    outer loop
      vertex 10.5474 39.7609 0
      vertex 12.4526 40.8609 0
      vertex 12.4526 40.8609 4.8
    endloop
  endfacet
  facet normal 0.499999 -0.866026 0
    outer loop
      vertex 10.5474 39.7609 0
      vertex 12.4526 40.8609 4.8
      vertex 10.5474 39.7609 4.8
    endloop
  endfacet
  facet normal 0 0 1
    outer loop
      vertex 43.9526 22.6744 0
      vertex 45.5474 15.5122 0
      vertex 47.4526 16.6122 0
    endloop
  endfacet
  facet normal 0 0 1
    outer loop
      vertex 43.9526 22.6744 0
      vertex 42.0474 21.5744 0
      vertex 45.5474 15.5122 0
    endloop
  endfacet
  facet normal 0 0 -1
    outer loop
      vertex 43.9526 22.6744 4.8
      vertex 47.4526 16.6122 4.8
      vertex 45.5474 15.5122 4.8
    endloop
  endfacet
  facet normal 0 -0 -1
    outer loop
      vertex 43.9526 22.6744 4.8
      vertex 45.5474 15.5122 4.8
      vertex 42.0474 21.5744 4.8
    endloop
  endfacet
  facet normal -0.866026 -0.499999 0
    outer loop
      vertex 43.9526 22.6744 0
      vertex 47.4526 16.6122 0
      vertex 47.4526 16.6122 4.8
    endloop
  endfacet
  facet normal -0.866026 -0.499999 0
    outer loop
      vertex 43.9526 22.6744 0
      vertex 47.4526 16.6122 4.8
      vertex 43.9526 22.6744 4.8
    endloop
  endfacet
  facet normal -0.499999 0.866026 0
    outer loop
      vertex 47.4526 16.6122 0
      vertex 45.5474 15.5122 0
      vertex 45.5474 15.5122 4.8
    endloop
  endfacet
  facet normal -0.499999 0.866026 0
    outer loop
      vertex 47.4526 16.6122 0
      vertex 45.5474 15.5122 4.8
      vertex 47.4526 16.6122 4.8
    endloop
  endfacet
  facet normal 0.866026 0.499999 0
    outer loop
      vertex 45.5474 15.5122 0
      vertex 42.0474 21.5744 0
      vertex 42.0474 21.5744 4.8
    endloop
  endfacet
  facet normal 0.866026 0.499999 -0
    outer loop
      vertex 45.5474 15.5122 0
      vertex 42.0474 21.5744 4.8
      vertex 45.5474 15.5122 4.8
    endloop
  endfacet
  facet normal 0.499999 -0.866026 0
    outer loop
      vertex 42.0474 21.5744 0
      vertex 43.9526 22.6744 0
      vertex 43.9526 22.6744 4.8
    endloop
  endfacet
  facet normal 0.499999 -0.866026 0
    outer loop
      vertex 42.0474 21.5744 0
      vertex 43.9526 22.6744 4.8
      vertex 42.0474 21.5744 4.8
    endloop
  endfacet
  facet normal 0 0 1
    outer loop
      vertex 12.4526 65.1096 0
      vertex 14.0474 57.9474 0
      vertex 15.9526 59.0474 0
    endloop
  endfacet
  facet normal 0 0 1
    outer loop
      vertex 12.4526 65.1096 0
      vertex 10.5474 64.0096 0
      vertex 14.0474 57.9474 0
    endloop
  endfacet
  facet normal 0 0 -1
    outer loop
      vertex 12.4526 65.1096 4.8
      vertex 15.9526 59.0474 4.8
      vertex 14.0474 57.9474 4.8
    endloop
  endfacet
  facet normal 0 -0 -1
    outer loop
      vertex 12.4526 65.1096 4.8
      vertex 14.0474 57.9474 4.8
      vertex 10.5474 64.0096 4.8
    endloop
  endfacet
  facet normal -0.866026 -0.499999 0
    outer loop
      vertex 12.4526 65.1096 0
      vertex 15.9526 59.0474 0
      vertex 15.9526 59.0474 4.8
    endloop
  endfacet
  facet normal -0.866026 -0.499999 0
    outer loop
      vertex 12.4526 65.1096 0
      vertex 15.9526 59.0474 4.8
      vertex 12.4526 65.1096 4.8
    endloop
  endfacet
  facet normal -0.499999 0.866026 0
    outer loop
      vertex 15.9526 59.0474 0
      vertex 14.0474 57.9474 0
      vertex 14.0474 57.9474 4.8
    endloop
  endfacet
  facet normal -0.499999 0.866026 0
    outer loop
      vertex 15.9526 59.0474 0
      vertex 14.0474 57.9474 4.8
      vertex 15.9526 59.0474 4.8
    endloop
  endfacet
  facet normal 0.866026 0.499999 0
    outer loop
      vertex 14.0474 57.9474 0
      vertex 10.5474 64.0096 0
      vertex 10.5474 64.0096 4.8
    endloop
  endfacet
  facet normal 0.866026 0.499999 -0
    outer loop
      vertex 14.0474 57.9474 0
      vertex 10.5474 64.0096 4.8
      vertex 14.0474 57.9474 4.8
    endloop
  endfacet
  facet normal 0.499999 -0.866026 0
    outer loop
      vertex 10.5474 64.0096 0
      vertex 12.4526 65.1096 0
      vertex 12.4526 65.1096 4.8
    endloop
  endfacet
  facet normal 0.499999 -0.866026 0
    outer loop
      vertex 10.5474 64.0096 0
      vertex 12.4526 65.1096 4.8
      vertex 10.5474 64.0096 4.8
    endloop
  endfacet
  facet normal 0 0 1
    outer loop
      vertex 22.9526 22.6744 0
      vertex 24.5474 15.5122 0
      vertex 26.4526 16.6122 0
    endloop
  endfacet
  facet normal 0 0 1
    outer loop
      vertex 22.9526 22.6744 0
      vertex 21.0474 21.5744 0
      vertex 24.5474 15.5122 0
    endloop
  endfacet
  facet normal 0 0 -1
    outer loop
      vertex 22.9526 22.6744 4.8
      vertex 26.4526 16.6122 4.8
      vertex 24.5474 15.5122 4.8
    endloop
  endfacet
  facet normal 0 -0 -1
    outer loop
      vertex 22.9526 22.6744 4.8
      vertex 24.5474 15.5122 4.8
      vertex 21.0474 21.5744 4.8
    endloop
  endfacet
  facet normal -0.866026 -0.499999 0
    outer loop
      vertex 22.9526 22.6744 0
      vertex 26.4526 16.6122 0
      vertex 26.4526 16.6122 4.8
    endloop
  endfacet
  facet normal -0.866026 -0.499999 0
    outer loop
      vertex 22.9526 22.6744 0
      vertex 26.4526 16.6122 4.8
      vertex 22.9526 22.6744 4.8
    endloop
  endfacet
  facet normal -0.499999 0.866026 0
    outer loop
      vertex 26.4526 16.6122 0
      vertex 24.5474 15.5122 0
      vertex 24.5474 15.5122 4.8
    endloop
  endfacet
  facet normal -0.499999 0.866026 0
    outer loop
      vertex 26.4526 16.6122 0
      vertex 24.5474 15.5122 4.8
      vertex 26.4526 16.6122 4.8
    endloop
  endfacet
  facet normal 0.866026 0.499999 0
    outer loop
      vertex 24.5474 15.5122 0
      vertex 21.0474 21.5744 0
      vertex 21.0474 21.5744 4.8
    endloop
  endfacet
  facet normal 0.866026 0.499999 -0
    outer loop
      vertex 24.5474 15.5122 0
      vertex 21.0474 21.5744 4.8
      vertex 24.5474 15.5122 4.8
    endloop
  endfacet
  facet normal 0.499999 -0.866026 0
    outer loop
      vertex 21.0474 21.5744 0
      vertex 22.9526 22.6744 0
      vertex 22.9526 22.6744 4.8
    endloop
  endfacet
  facet normal 0.499999 -0.866026 0
    outer loop
      vertex 21.0474 21.5744 0
      vertex 22.9526 22.6744 4.8
      vertex 21.0474 21.5744 4.8
    endloop
  endfacet
  facet normal -0 0 1
    outer loop
      vertex 15 11.1 0
      vertex 22 8.9 0
      vertex 22 11.1 0
    endloop
  endfacet
  facet normal 0 0 1
    outer loop
      vertex 15 11.1 0
      vertex 15 8.9 0
      vertex 22 8.9 0
    endloop
  endfacet
  facet normal 0 0 -1
    outer loop
      vertex 15 11.1 4.8
      vertex 22 11.1 4.8
      vertex 22 8.9 4.8
    endloop
  endfacet
  facet normal 0 0 -1
    outer loop
      vertex 15 11.1 4.8
      vertex 22 8.9 4.8
      vertex 15 8.9 4.8
    endloop
  endfacet
  facet normal 0 -1 0
    outer loop
      vertex 15 11.1 0
      vertex 22 11.1 0
      vertex 22 11.1 4.8
    endloop
  endfacet
  facet normal 0 -1 0
    outer loop
      vertex 15 11.1 0
      vertex 22 11.1 4.8
      vertex 15 11.1 4.8
    endloop
  endfacet
  facet normal -1 0 0
    outer loop
      vertex 22 11.1 0
      vertex 22 8.9 0
      vertex 22 8.9 4.8
    endloop
  endfacet
  facet normal -1 0 0
    outer loop
      vertex 22 11.1 0
      vertex 22 8.9 4.8
      vertex 22 11.1 4.8
    endloop
  endfacet
  facet normal 0 1 0
    outer loop
      vertex 22 8.9 0
      vertex 15 8.9 0
      vertex 15 8.9 4.8
    endloop
  endfacet
  facet normal 0 1 -0
    outer loop
      vertex 22 8.9 0
      vertex 15 8.9 4.8
      vertex 22 8.9 4.8
    endloop
  endfacet
  facet normal 1 0 0
    outer loop
      vertex 15 8.9 0
      vertex 15 11.1 0
      vertex 15 11.1 4.8
    endloop
  endfacet
  facet normal 1 0 0
    outer loop
      vertex 15 8.9 0
      vertex 15 11.1 4.8
      vertex 15 8.9 4.8
    endloop
  endfacet
  facet normal 0 0 1
    outer loop
      vertex 96.4526 52.9852 0
      vertex 98.0474 45.8231 0
      vertex 99.9526 46.9231 0
    endloop
  endfacet
  facet normal 0 0 1
    outer loop
      vertex 96.4526 52.9852 0
      vertex 94.5474 51.8852 0
      vertex 98.0474 45.8231 0
    endloop
  endfacet
  facet normal 0 0 -1
    outer loop
      vertex 96.4526 52.9852 4.8
      vertex 99.9526 46.9231 4.8
      vertex 98.0474 45.8231 4.8
    endloop
  endfacet
  facet normal 0 -0 -1
    outer loop
      vertex 96.4526 52.9852 4.8
      vertex 98.0474 45.8231 4.8
      vertex 94.5474 51.8852 4.8
    endloop
  endfacet
  facet normal -0.866023 -0.500005 0
    outer loop
      vertex 96.4526 52.9852 0
      vertex 99.9526 46.9231 0
      vertex 99.9526 46.9231 4.8
    endloop
  endfacet
  facet normal -0.866023 -0.500005 0
    outer loop
      vertex 96.4526 52.9852 0
      vertex 99.9526 46.9231 4.8
      vertex 96.4526 52.9852 4.8
    endloop
  endfacet
  facet normal -0.500005 0.866023 0
    outer loop
      vertex 99.9526 46.9231 0
      vertex 98.0474 45.8231 0
      vertex 98.0474 45.8231 4.8
    endloop
  endfacet
  facet normal -0.500005 0.866023 0
    outer loop
      vertex 99.9526 46.9231 0
      vertex 98.0474 45.8231 4.8
      vertex 99.9526 46.9231 4.8
    endloop
  endfacet
  facet normal 0.866023 0.500005 0
    outer loop
      vertex 98.0474 45.8231 0
      vertex 94.5474 51.8852 0
      vertex 94.5474 51.8852 4.8
    endloop
  endfacet
  facet normal 0.866023 0.500005 -0
    outer loop
      vertex 98.0474 45.8231 0
      vertex 94.5474 51.8852 4.8
      vertex 98.0474 45.8231 4.8
    endloop
  endfacet
  facet normal 0.500005 -0.866023 0
    outer loop
      vertex 94.5474 51.8852 0
      vertex 96.4526 52.9852 0
      vertex 96.4526 52.9852 4.8
    endloop
  endfacet
  facet normal 0.500005 -0.866023 0
    outer loop
      vertex 94.5474 51.8852 0
      vertex 96.4526 52.9852 4.8
      vertex 94.5474 51.8852 4.8
    endloop
  endfacet
  facet normal 0 0 1
    outer loop
      vertex 42.0474 22.6744 0
      vertex 47.4526 27.6365 0
      vertex 45.5474 28.7365 0
    endloop
  endfacet
  facet normal -0 0 1
    outer loop
      vertex 42.0474 22.6744 0
      vertex 43.9526 21.5744 0
      vertex 47.4526 27.6365 0
    endloop
  endfacet
  facet normal 0 0 -1
    outer loop
      vertex 42.0474 22.6744 4.8
      vertex 45.5474 28.7365 4.8
      vertex 47.4526 27.6365 4.8
    endloop
  endfacet
  facet normal 0 0 -1
    outer loop
      vertex 42.0474 22.6744 4.8
      vertex 47.4526 27.6365 4.8
      vertex 43.9526 21.5744 4.8
    endloop
  endfacet
  facet normal 0.866023 -0.500005 0
    outer loop
      vertex 42.0474 22.6744 0
      vertex 45.5474 28.7365 0
      vertex 45.5474 28.7365 4.8
    endloop
  endfacet
  facet normal 0.866023 -0.500005 0
    outer loop
      vertex 42.0474 22.6744 0
      vertex 45.5474 28.7365 4.8
      vertex 42.0474 22.6744 4.8
    endloop
  endfacet
  facet normal -0.500005 -0.866023 0
    outer loop
      vertex 45.5474 28.7365 0
      vertex 47.4526 27.6365 0
      vertex 47.4526 27.6365 4.8
    endloop
  endfacet
  facet normal -0.500005 -0.866023 0
    outer loop
      vertex 45.5474 28.7365 0
      vertex 47.4526 27.6365 4.8
      vertex 45.5474 28.7365 4.8
    endloop
  endfacet
  facet normal -0.866023 0.500005 0
    outer loop
      vertex 47.4526 27.6365 0
      vertex 43.9526 21.5744 0
      vertex 43.9526 21.5744 4.8
    endloop
  endfacet
  facet normal -0.866023 0.500005 0
    outer loop
      vertex 47.4526 27.6365 0
      vertex 43.9526 21.5744 4.8
      vertex 47.4526 27.6365 4.8
    endloop
  endfacet
  facet normal 0.500005 0.866023 0
    outer loop
      vertex 43.9526 21.5744 0
      vertex 42.0474 22.6744 0
      vertex 42.0474 22.6744 4.8
    endloop
  endfacet
  facet normal 0.500005 0.866023 -0
    outer loop
      vertex 43.9526 21.5744 0
      vertex 42.0474 22.6744 4.8
      vertex 43.9526 21.5744 4.8
    endloop
  endfacet
  facet normal 0 0 1
    outer loop
      vertex 21.0474 46.9231 0
      vertex 26.4526 51.8852 0
      vertex 24.5474 52.9852 0
    endloop
  endfacet
  facet normal -0 0 1
    outer loop
      vertex 21.0474 46.9231 0
      vertex 22.9526 45.8231 0
      vertex 26.4526 51.8852 0
    endloop
  endfacet
  facet normal 0 0 -1
    outer loop
      vertex 21.0474 46.9231 4.8
      vertex 24.5474 52.9852 4.8
      vertex 26.4526 51.8852 4.8
    endloop
  endfacet
  facet normal 0 0 -1
    outer loop
      vertex 21.0474 46.9231 4.8
      vertex 26.4526 51.8852 4.8
      vertex 22.9526 45.8231 4.8
    endloop
  endfacet
  facet normal 0.866023 -0.500005 0
    outer loop
      vertex 21.0474 46.9231 0
      vertex 24.5474 52.9852 0
      vertex 24.5474 52.9852 4.8
    endloop
  endfacet
  facet normal 0.866023 -0.500005 0
    outer loop
      vertex 21.0474 46.9231 0
      vertex 24.5474 52.9852 4.8
      vertex 21.0474 46.9231 4.8
    endloop
  endfacet
  facet normal -0.500005 -0.866023 0
    outer loop
      vertex 24.5474 52.9852 0
      vertex 26.4526 51.8852 0
      vertex 26.4526 51.8852 4.8
    endloop
  endfacet
  facet normal -0.500005 -0.866023 0
    outer loop
      vertex 24.5474 52.9852 0
      vertex 26.4526 51.8852 4.8
      vertex 24.5474 52.9852 4.8
    endloop
  endfacet
  facet normal -0.866023 0.500005 0
    outer loop
      vertex 26.4526 51.8852 0
      vertex 22.9526 45.8231 0
      vertex 22.9526 45.8231 4.8
    endloop
  endfacet
  facet normal -0.866023 0.500005 0
    outer loop
      vertex 26.4526 51.8852 0
      vertex 22.9526 45.8231 4.8
      vertex 26.4526 51.8852 4.8
    endloop
  endfacet
  facet normal 0.500005 0.866023 0
    outer loop
      vertex 22.9526 45.8231 0
      vertex 21.0474 46.9231 0
      vertex 21.0474 46.9231 4.8
    endloop
  endfacet
  facet normal 0.500005 0.866023 -0
    outer loop
      vertex 22.9526 45.8231 0
      vertex 21.0474 46.9231 4.8
      vertex 22.9526 45.8231 4.8
    endloop
  endfacet
  facet normal 0 0 1
    outer loop
      vertex 42.0474 83.2961 0
      vertex 47.4526 88.2583 0
      vertex 45.5474 89.3583 0
    endloop
  endfacet
  facet normal -0 0 1
    outer loop
      vertex 42.0474 83.2961 0
      vertex 43.9526 82.1961 0
      vertex 47.4526 88.2583 0
    endloop
  endfacet
  facet normal 0 0 -1
    outer loop
      vertex 42.0474 83.2961 4.8
      vertex 45.5474 89.3583 4.8
      vertex 47.4526 88.2583 4.8
    endloop
  endfacet
  facet normal 0 0 -1
    outer loop
      vertex 42.0474 83.2961 4.8
      vertex 47.4526 88.2583 4.8
      vertex 43.9526 82.1961 4.8
    endloop
  endfacet
  facet normal 0.866026 -0.499999 0
    outer loop
      vertex 42.0474 83.2961 0
      vertex 45.5474 89.3583 0
      vertex 45.5474 89.3583 4.8
    endloop
  endfacet
  facet normal 0.866026 -0.499999 0
    outer loop
      vertex 42.0474 83.2961 0
      vertex 45.5474 89.3583 4.8
      vertex 42.0474 83.2961 4.8
    endloop
  endfacet
  facet normal -0.499999 -0.866026 0
    outer loop
      vertex 45.5474 89.3583 0
      vertex 47.4526 88.2583 0
      vertex 47.4526 88.2583 4.8
    endloop
  endfacet
  facet normal -0.499999 -0.866026 0
    outer loop
      vertex 45.5474 89.3583 0
      vertex 47.4526 88.2583 4.8
      vertex 45.5474 89.3583 4.8
    endloop
  endfacet
  facet normal -0.866026 0.499999 0
    outer loop
      vertex 47.4526 88.2583 0
      vertex 43.9526 82.1961 0
      vertex 43.9526 82.1961 4.8
    endloop
  endfacet
  facet normal -0.866026 0.499999 0
    outer loop
      vertex 47.4526 88.2583 0
      vertex 43.9526 82.1961 4.8
      vertex 47.4526 88.2583 4.8
    endloop
  endfacet
  facet normal 0.499999 0.866026 0
    outer loop
      vertex 43.9526 82.1961 0
      vertex 42.0474 83.2961 0
      vertex 42.0474 83.2961 4.8
    endloop
  endfacet
  facet normal 0.499999 0.866026 -0
    outer loop
      vertex 43.9526 82.1961 0
      vertex 42.0474 83.2961 4.8
      vertex 43.9526 82.1961 4.8
    endloop
  endfacet
  facet normal -0 0 1
    outer loop
      vertex 57 71.7218 0
      vertex 64 69.5218 0
      vertex 64 71.7218 0
    endloop
  endfacet
  facet normal 0 0 1
    outer loop
      vertex 57 71.7218 0
      vertex 57 69.5218 0
      vertex 64 69.5218 0
    endloop
  endfacet
  facet normal 0 0 -1
    outer loop
      vertex 57 71.7218 4.8
      vertex 64 71.7218 4.8
      vertex 64 69.5218 4.8
    endloop
  endfacet
  facet normal 0 0 -1
    outer loop
      vertex 57 71.7218 4.8
      vertex 64 69.5218 4.8
      vertex 57 69.5218 4.8
    endloop
  endfacet
  facet normal 0 -1 0
    outer loop
      vertex 57 71.7218 0
      vertex 64 71.7218 0
      vertex 64 71.7218 4.8
    endloop
  endfacet
  facet normal 0 -1 0
    outer loop
      vertex 57 71.7218 0
      vertex 64 71.7218 4.8
      vertex 57 71.7218 4.8
    endloop
  endfacet
  facet normal -1 0 0
    outer loop
      vertex 64 71.7218 0
      vertex 64 69.5218 0
      vertex 64 69.5218 4.8
    endloop
  endfacet
  facet normal -1 0 0
    outer loop
      vertex 64 71.7218 0
      vertex 64 69.5218 4.8
      vertex 64 71.7218 4.8
    endloop
  endfacet
  facet normal 0 1 0
    outer loop
      vertex 64 69.5218 0
      vertex 57 69.5218 0
      vertex 57 69.5218 4.8
    endloop
  endfacet
  facet normal 0 1 -0
    outer loop
      vertex 64 69.5218 0
      vertex 57 69.5218 4.8
      vertex 64 69.5218 4.8
    endloop
  endfacet
  facet normal 1 0 0
    outer loop
      vertex 57 69.5218 0
      vertex 57 71.7218 0
      vertex 57 71.7218 4.8
    endloop
  endfacet
  facet normal 1 0 0
    outer loop
      vertex 57 69.5218 0
      vertex 57 71.7218 4.8
      vertex 57 69.5218 4.8
    endloop
  endfacet
  facet normal -0 0 1
    outer loop
      vertex 78 35.3487 0
      vertex 85 33.1487 0
      vertex 85 35.3487 0
    endloop
  endfacet
  facet normal 0 0 1
    outer loop
      vertex 78 35.3487 0
      vertex 78 33.1487 0
      vertex 85 33.1487 0
    endloop
  endfacet
  facet normal 0 0 -1
    outer loop
      vertex 78 35.3487 4.8
      vertex 85 35.3487 4.8
      vertex 85 33.1487 4.8
    endloop
  endfacet
  facet normal 0 0 -1
    outer loop
      vertex 78 35.3487 4.8
      vertex 85 33.1487 4.8
      vertex 78 33.1487 4.8
    endloop
  endfacet
  facet normal 0 -1 0
    outer loop
      vertex 78 35.3487 0
      vertex 85 35.3487 0
      vertex 85 35.3487 4.8
    endloop
  endfacet
  facet normal 0 -1 0
    outer loop
      vertex 78 35.3487 0
      vertex 85 35.3487 4.8
      vertex 78 35.3487 4.8
    endloop
  endfacet
  facet normal -1 0 0
    outer loop
      vertex 85 35.3487 0
      vertex 85 33.1487 0
      vertex 85 33.1487 4.8
    endloop
  endfacet
  facet normal -1 0 0
    outer loop
      vertex 85 35.3487 0
      vertex 85 33.1487 4.8
      vertex 85 35.3487 4.8
    endloop
  endfacet
  facet normal 0 1 0
    outer loop
      vertex 85 33.1487 0
      vertex 78 33.1487 0
      vertex 78 33.1487 4.8
    endloop
  endfacet
  facet normal 0 1 -0
    outer loop
      vertex 85 33.1487 0
      vertex 78 33.1487 4.8
      vertex 85 33.1487 4.8
    endloop
  endfacet
  facet normal 1 0 0
    outer loop
      vertex 78 33.1487 0
      vertex 78 35.3487 0
      vertex 78 35.3487 4.8
    endloop
  endfacet
  facet normal 1 0 0
    outer loop
      vertex 78 33.1487 0
      vertex 78 35.3487 4.8
      vertex 78 33.1487 4.8
    endloop
  endfacet
  facet normal 0 0 1
    outer loop
      vertex 21.0474 83.2961 0
      vertex 26.4526 88.2583 0
      vertex 24.5474 89.3583 0
    endloop
  endfacet
  facet normal -0 0 1
    outer loop
      vertex 21.0474 83.2961 0
      vertex 22.9526 82.1961 0
      vertex 26.4526 88.2583 0
    endloop
  endfacet
  facet normal 0 0 -1
    outer loop
      vertex 21.0474 83.2961 4.8
      vertex 24.5474 89.3583 4.8
      vertex 26.4526 88.2583 4.8
    endloop
  endfacet
  facet normal 0 0 -1
    outer loop
      vertex 21.0474 83.2961 4.8
      vertex 26.4526 88.2583 4.8
      vertex 22.9526 82.1961 4.8
    endloop
  endfacet
  facet normal 0.866026 -0.499999 0
    outer loop
      vertex 21.0474 83.2961 0
      vertex 24.5474 89.3583 0
      vertex 24.5474 89.3583 4.8
    endloop
  endfacet
  facet normal 0.866026 -0.499999 0
    outer loop
      vertex 21.0474 83.2961 0
      vertex 24.5474 89.3583 4.8
      vertex 21.0474 83.2961 4.8
    endloop
  endfacet
  facet normal -0.499999 -0.866026 0
    outer loop
      vertex 24.5474 89.3583 0
      vertex 26.4526 88.2583 0
      vertex 26.4526 88.2583 4.8
    endloop
  endfacet
  facet normal -0.499999 -0.866026 0
    outer loop
      vertex 24.5474 89.3583 0
      vertex 26.4526 88.2583 4.8
      vertex 24.5474 89.3583 4.8
    endloop
  endfacet
  facet normal -0.866026 0.499999 0
    outer loop
      vertex 26.4526 88.2583 0
      vertex 22.9526 82.1961 0
      vertex 22.9526 82.1961 4.8
    endloop
  endfacet
  facet normal -0.866026 0.499999 0
    outer loop
      vertex 26.4526 88.2583 0
      vertex 22.9526 82.1961 4.8
      vertex 26.4526 88.2583 4.8
    endloop
  endfacet
  facet normal 0.499999 0.866026 0
    outer loop
      vertex 22.9526 82.1961 0
      vertex 21.0474 83.2961 0
      vertex 21.0474 83.2961 4.8
    endloop
  endfacet
  facet normal 0.499999 0.866026 -0
    outer loop
      vertex 22.9526 82.1961 0
      vertex 21.0474 83.2961 4.8
      vertex 22.9526 82.1961 4.8
    endloop
  endfacet
  facet normal -0 0 1
    outer loop
      vertex 8 65.6596 0
      vertex 11.5 63.4596 0
      vertex 11.5 65.6596 0
    endloop
  endfacet
  facet normal 0 0 1
    outer loop
      vertex 8 65.6596 0
      vertex 8 63.4596 0
      vertex 11.5 63.4596 0
    endloop
  endfacet
  facet normal 0 0 -1
    outer loop
      vertex 8 65.6596 4.8
      vertex 11.5 65.6596 4.8
      vertex 11.5 63.4596 4.8
    endloop
  endfacet
  facet normal 0 0 -1
    outer loop
      vertex 8 65.6596 4.8
      vertex 11.5 63.4596 4.8
      vertex 8 63.4596 4.8
    endloop
  endfacet
  facet normal 0 -1 0
    outer loop
      vertex 8 65.6596 0
      vertex 11.5 65.6596 0
      vertex 11.5 65.6596 4.8
    endloop
  endfacet
  facet normal 0 -1 0
    outer loop
      vertex 8 65.6596 0
      vertex 11.5 65.6596 4.8
      vertex 8 65.6596 4.8
    endloop
  endfacet
  facet normal -1 0 0
    outer loop
      vertex 11.5 65.6596 0
      vertex 11.5 63.4596 0
      vertex 11.5 63.4596 4.8
    endloop
  endfacet
  facet normal -1 0 0
    outer loop
      vertex 11.5 65.6596 0
      vertex 11.5 63.4596 4.8
      vertex 11.5 65.6596 4.8
    endloop
  endfacet
  facet normal 0 1 0
    outer loop
      vertex 11.5 63.4596 0
      vertex 8 63.4596 0
      vertex 8 63.4596 4.8
    endloop
  endfacet
  facet normal 0 1 -0
    outer loop
      vertex 11.5 63.4596 0
      vertex 8 63.4596 4.8
      vertex 11.5 63.4596 4.8
    endloop
  endfacet
  facet normal 1 0 0
    outer loop
      vertex 8 63.4596 0
      vertex 8 65.6596 0
      vertex 8 65.6596 4.8
    endloop
  endfacet
  facet normal 1 0 0
    outer loop
      vertex 8 63.4596 0
      vertex 8 65.6596 4.8
      vertex 8 63.4596 4.8
    endloop
  endfacet
  facet normal -0 0 1
    outer loop
      vertex 36 59.5974 0
      vertex 43 57.3974 0
      vertex 43 59.5974 0
    endloop
  endfacet
  facet normal 0 0 1
    outer loop
      vertex 36 59.5974 0
      vertex 36 57.3974 0
      vertex 43 57.3974 0
    endloop
  endfacet
  facet normal 0 0 -1
    outer loop
      vertex 36 59.5974 4.8
      vertex 43 59.5974 4.8
      vertex 43 57.3974 4.8
    endloop
  endfacet
  facet normal 0 0 -1
    outer loop
      vertex 36 59.5974 4.8
      vertex 43 57.3974 4.8
      vertex 36 57.3974 4.8
    endloop
  endfacet
  facet normal 0 -1 0
    outer loop
      vertex 36 59.5974 0
      vertex 43 59.5974 0
      vertex 43 59.5974 4.8
    endloop
  endfacet
  facet normal 0 -1 0
    outer loop
      vertex 36 59.5974 0
      vertex 43 59.5974 4.8
      vertex 36 59.5974 4.8
    endloop
  endfacet
  facet normal -1 0 0
    outer loop
      vertex 43 59.5974 0
      vertex 43 57.3974 0
      vertex 43 57.3974 4.8
    endloop
  endfacet
  facet normal -1 0 0
    outer loop
      vertex 43 59.5974 0
      vertex 43 57.3974 4.8
      vertex 43 59.5974 4.8
    endloop
  endfacet
  facet normal 0 1 0
    outer loop
      vertex 43 57.3974 0
      vertex 36 57.3974 0
      vertex 36 57.3974 4.8
    endloop
  endfacet
  facet normal 0 1 -0
    outer loop
      vertex 43 57.3974 0
      vertex 36 57.3974 4.8
      vertex 43 57.3974 4.8
    endloop
  endfacet
  facet normal 1 0 0
    outer loop
      vertex 36 57.3974 0
      vertex 36 59.5974 0
      vertex 36 59.5974 4.8
    endloop
  endfacet
  facet normal 1 0 0
    outer loop
      vertex 36 57.3974 0
      vertex 36 59.5974 4.8
      vertex 36 57.3974 4.8
    endloop
  endfacet
  facet normal 0 0 1
    outer loop
      vertex 21.0474 71.1718 0
      vertex 26.4526 76.134 0
      vertex 24.5474 77.234 0
    endloop
  endfacet
  facet normal -0 0 1
    outer loop
      vertex 21.0474 71.1718 0
      vertex 22.9526 70.0718 0
      vertex 26.4526 76.134 0
    endloop
  endfacet
  facet normal 0 0 -1
    outer loop
      vertex 21.0474 71.1718 4.8
      vertex 24.5474 77.234 4.8
      vertex 26.4526 76.134 4.8
    endloop
  endfacet
  facet normal 0 0 -1
    outer loop
      vertex 21.0474 71.1718 4.8
      vertex 26.4526 76.134 4.8
      vertex 22.9526 70.0718 4.8
    endloop
  endfacet
  facet normal 0.866026 -0.499999 0
    outer loop
      vertex 21.0474 71.1718 0
      vertex 24.5474 77.234 0
      vertex 24.5474 77.234 4.8
    endloop
  endfacet
  facet normal 0.866026 -0.499999 0
    outer loop
      vertex 21.0474 71.1718 0
      vertex 24.5474 77.234 4.8
      vertex 21.0474 71.1718 4.8
    endloop
  endfacet
  facet normal -0.499999 -0.866026 0
    outer loop
      vertex 24.5474 77.234 0
      vertex 26.4526 76.134 0
      vertex 26.4526 76.134 4.8
    endloop
  endfacet
  facet normal -0.499999 -0.866026 0
    outer loop
      vertex 24.5474 77.234 0
      vertex 26.4526 76.134 4.8
      vertex 24.5474 77.234 4.8
    endloop
  endfacet
  facet normal -0.866026 0.499999 0
    outer loop
      vertex 26.4526 76.134 0
      vertex 22.9526 70.0718 0
      vertex 22.9526 70.0718 4.8
    endloop
  endfacet
  facet normal -0.866026 0.499999 0
    outer loop
      vertex 26.4526 76.134 0
      vertex 22.9526 70.0718 4.8
      vertex 26.4526 76.134 4.8
    endloop
  endfacet
  facet normal 0.499999 0.866026 0
    outer loop
      vertex 22.9526 70.0718 0
      vertex 21.0474 71.1718 0
      vertex 21.0474 71.1718 4.8
    endloop
  endfacet
  facet normal 0.499999 0.866026 -0
    outer loop
      vertex 22.9526 70.0718 0
      vertex 21.0474 71.1718 4.8
      vertex 22.9526 70.0718 4.8
    endloop
  endfacet
  facet normal -0 0 1
    outer loop
      vertex 46.5 77.784 0
      vertex 53.5 75.584 0
      vertex 53.5 77.784 0
    endloop
  endfacet
  facet normal 0 0 1
    outer loop
      vertex 46.5 77.784 0
      vertex 46.5 75.584 0
      vertex 53.5 75.584 0
    endloop
  endfacet
  facet normal 0 0 -1
    outer loop
      vertex 46.5 77.784 4.8
      vertex 53.5 77.784 4.8
      vertex 53.5 75.584 4.8
    endloop
  endfacet
  facet normal 0 0 -1
    outer loop
      vertex 46.5 77.784 4.8
      vertex 53.5 75.584 4.8
      vertex 46.5 75.584 4.8
    endloop
  endfacet
  facet normal 0 -1 0
    outer loop
      vertex 46.5 77.784 0
      vertex 53.5 77.784 0
      vertex 53.5 77.784 4.8
    endloop
  endfacet
  facet normal 0 -1 0
    outer loop
      vertex 46.5 77.784 0
      vertex 53.5 77.784 4.8
      vertex 46.5 77.784 4.8
    endloop
  endfacet
  facet normal -1 0 0
    outer loop
      vertex 53.5 77.784 0
      vertex 53.5 75.584 0
      vertex 53.5 75.584 4.8
    endloop
  endfacet
  facet normal -1 0 0
    outer loop
      vertex 53.5 77.784 0
      vertex 53.5 75.584 4.8
      vertex 53.5 77.784 4.8
    endloop
  endfacet
  facet normal 0 1 0
    outer loop
      vertex 53.5 75.584 0
      vertex 46.5 75.584 0
      vertex 46.5 75.584 4.8
    endloop
  endfacet
  facet normal 0 1 -0
    outer loop
      vertex 53.5 75.584 0
      vertex 46.5 75.584 4.8
      vertex 53.5 75.584 4.8
    endloop
  endfacet
  facet normal 1 0 0
    outer loop
      vertex 46.5 75.584 0
      vertex 46.5 77.784 0
      vertex 46.5 77.784 4.8
    endloop
  endfacet
  facet normal 1 0 0
    outer loop
      vertex 46.5 75.584 0
      vertex 46.5 77.784 4.8
      vertex 46.5 75.584 4.8
    endloop
  endfacet
  facet normal -0 0 1
    outer loop
      vertex 57 83.8461 0
      vertex 64 81.6461 0
      vertex 64 83.8461 0
    endloop
  endfacet
  facet normal 0 0 1
    outer loop
      vertex 57 83.8461 0
      vertex 57 81.6461 0
      vertex 64 81.6461 0
    endloop
  endfacet
  facet normal 0 0 -1
    outer loop
      vertex 57 83.8461 4.8
      vertex 64 83.8461 4.8
      vertex 64 81.6461 4.8
    endloop
  endfacet
  facet normal 0 0 -1
    outer loop
      vertex 57 83.8461 4.8
      vertex 64 81.6461 4.8
      vertex 57 81.6461 4.8
    endloop
  endfacet
  facet normal 0 -1 0
    outer loop
      vertex 57 83.8461 0
      vertex 64 83.8461 0
      vertex 64 83.8461 4.8
    endloop
  endfacet
  facet normal 0 -1 0
    outer loop
      vertex 57 83.8461 0
      vertex 64 83.8461 4.8
      vertex 57 83.8461 4.8
    endloop
  endfacet
  facet normal -1 0 0
    outer loop
      vertex 64 83.8461 0
      vertex 64 81.6461 0
      vertex 64 81.6461 4.8
    endloop
  endfacet
  facet normal -1 0 0
    outer loop
      vertex 64 83.8461 0
      vertex 64 81.6461 4.8
      vertex 64 83.8461 4.8
    endloop
  endfacet
  facet normal 0 1 0
    outer loop
      vertex 64 81.6461 0
      vertex 57 81.6461 0
      vertex 57 81.6461 4.8
    endloop
  endfacet
  facet normal 0 1 -0
    outer loop
      vertex 64 81.6461 0
      vertex 57 81.6461 4.8
      vertex 64 81.6461 4.8
    endloop
  endfacet
  facet normal 1 0 0
    outer loop
      vertex 57 81.6461 0
      vertex 57 83.8461 0
      vertex 57 83.8461 4.8
    endloop
  endfacet
  facet normal 1 0 0
    outer loop
      vertex 57 81.6461 0
      vertex 57 83.8461 4.8
      vertex 57 81.6461 4.8
    endloop
  endfacet
  facet normal -0 0 1
    outer loop
      vertex 46.5 89.9083 0
      vertex 53.5 87.7083 0
      vertex 53.5 89.9083 0
    endloop
  endfacet
  facet normal 0 0 1
    outer loop
      vertex 46.5 89.9083 0
      vertex 46.5 87.7083 0
      vertex 53.5 87.7083 0
    endloop
  endfacet
  facet normal 0 0 -1
    outer loop
      vertex 46.5 89.9083 4.8
      vertex 53.5 89.9083 4.8
      vertex 53.5 87.7083 4.8
    endloop
  endfacet
  facet normal 0 0 -1
    outer loop
      vertex 46.5 89.9083 4.8
      vertex 53.5 87.7083 4.8
      vertex 46.5 87.7083 4.8
    endloop
  endfacet
  facet normal 0 -1 0
    outer loop
      vertex 46.5 89.9083 0
      vertex 53.5 89.9083 0
      vertex 53.5 89.9083 4.8
    endloop
  endfacet
  facet normal 0 -1 0
    outer loop
      vertex 46.5 89.9083 0
      vertex 53.5 89.9083 4.8
      vertex 46.5 89.9083 4.8
    endloop
  endfacet
  facet normal -1 0 0
    outer loop
      vertex 53.5 89.9083 0
      vertex 53.5 87.7083 0
      vertex 53.5 87.7083 4.8
    endloop
  endfacet
  facet normal -1 0 0
    outer loop
      vertex 53.5 89.9083 0
      vertex 53.5 87.7083 4.8
      vertex 53.5 89.9083 4.8
    endloop
  endfacet
  facet normal 0 1 0
    outer loop
      vertex 53.5 87.7083 0
      vertex 46.5 87.7083 0
      vertex 46.5 87.7083 4.8
    endloop
  endfacet
  facet normal 0 1 -0
    outer loop
      vertex 53.5 87.7083 0
      vertex 46.5 87.7083 4.8
      vertex 53.5 87.7083 4.8
    endloop
  endfacet
  facet normal 1 0 0
    outer loop
      vertex 46.5 87.7083 0
      vertex 46.5 89.9083 0
      vertex 46.5 89.9083 4.8
    endloop
  endfacet
  facet normal 1 0 0
    outer loop
      vertex 46.5 87.7083 0
      vertex 46.5 89.9083 4.8
      vertex 46.5 87.7083 4.8
    endloop
  endfacet
  facet normal -0 0 1
    outer loop
      vertex 36 83.8461 0
      vertex 43 81.6461 0
      vertex 43 83.8461 0
    endloop
  endfacet
  facet normal 0 0 1
    outer loop
      vertex 36 83.8461 0
      vertex 36 81.6461 0
      vertex 43 81.6461 0
    endloop
  endfacet
  facet normal 0 0 -1
    outer loop
      vertex 36 83.8461 4.8
      vertex 43 83.8461 4.8
      vertex 43 81.6461 4.8
    endloop
  endfacet
  facet normal 0 0 -1
    outer loop
      vertex 36 83.8461 4.8
      vertex 43 81.6461 4.8
      vertex 36 81.6461 4.8
    endloop
  endfacet
  facet normal 0 -1 0
    outer loop
      vertex 36 83.8461 0
      vertex 43 83.8461 0
      vertex 43 83.8461 4.8
    endloop
  endfacet
  facet normal 0 -1 0
    outer loop
      vertex 36 83.8461 0
      vertex 43 83.8461 4.8
      vertex 36 83.8461 4.8
    endloop
  endfacet
  facet normal -1 0 0
    outer loop
      vertex 43 83.8461 0
      vertex 43 81.6461 0
      vertex 43 81.6461 4.8
    endloop
  endfacet
  facet normal -1 0 0
    outer loop
      vertex 43 83.8461 0
      vertex 43 81.6461 4.8
      vertex 43 83.8461 4.8
    endloop
  endfacet
  facet normal 0 1 0
    outer loop
      vertex 43 81.6461 0
      vertex 36 81.6461 0
      vertex 36 81.6461 4.8
    endloop
  endfacet
  facet normal 0 1 -0
    outer loop
      vertex 43 81.6461 0
      vertex 36 81.6461 4.8
      vertex 43 81.6461 4.8
    endloop
  endfacet
  facet normal 1 0 0
    outer loop
      vertex 36 81.6461 0
      vertex 36 83.8461 0
      vertex 36 83.8461 4.8
    endloop
  endfacet
  facet normal 1 0 0
    outer loop
      vertex 36 81.6461 0
      vertex 36 83.8461 4.8
      vertex 36 81.6461 4.8
    endloop
  endfacet
  facet normal 0 0 1
    outer loop
      vertex 31.5474 77.234 0
      vertex 36.9526 82.1961 0
      vertex 35.0474 83.2961 0
    endloop
  endfacet
  facet normal -0 0 1
    outer loop
      vertex 31.5474 77.234 0
      vertex 33.4526 76.134 0
      vertex 36.9526 82.1961 0
    endloop
  endfacet
  facet normal 0 0 -1
    outer loop
      vertex 31.5474 77.234 4.8
      vertex 35.0474 83.2961 4.8
      vertex 36.9526 82.1961 4.8
    endloop
  endfacet
  facet normal 0 0 -1
    outer loop
      vertex 31.5474 77.234 4.8
      vertex 36.9526 82.1961 4.8
      vertex 33.4526 76.134 4.8
    endloop
  endfacet
  facet normal 0.866023 -0.500005 0
    outer loop
      vertex 31.5474 77.234 0
      vertex 35.0474 83.2961 0
      vertex 35.0474 83.2961 4.8
    endloop
  endfacet
  facet normal 0.866023 -0.500005 0
    outer loop
      vertex 31.5474 77.234 0
      vertex 35.0474 83.2961 4.8
      vertex 31.5474 77.234 4.8
    endloop
  endfacet
  facet normal -0.500005 -0.866023 0
    outer loop
      vertex 35.0474 83.2961 0
      vertex 36.9526 82.1961 0
      vertex 36.9526 82.1961 4.8
    endloop
  endfacet
  facet normal -0.500005 -0.866023 0
    outer loop
      vertex 35.0474 83.2961 0
      vertex 36.9526 82.1961 4.8
      vertex 35.0474 83.2961 4.8
    endloop
  endfacet
  facet normal -0.866023 0.500005 0
    outer loop
      vertex 36.9526 82.1961 0
      vertex 33.4526 76.134 0
      vertex 33.4526 76.134 4.8
    endloop
  endfacet
  facet normal -0.866023 0.500005 0
    outer loop
      vertex 36.9526 82.1961 0
      vertex 33.4526 76.134 4.8
      vertex 36.9526 82.1961 4.8
    endloop
  endfacet
  facet normal 0.500005 0.866023 0
    outer loop
      vertex 33.4526 76.134 0
      vertex 31.5474 77.234 0
      vertex 31.5474 77.234 4.8
    endloop
  endfacet
  facet normal 0.500005 0.866023 -0
    outer loop
      vertex 33.4526 76.134 0
      vertex 31.5474 77.234 4.8
      vertex 33.4526 76.134 4.8
    endloop
  endfacet
  facet normal 0 0 1
    outer loop
      vertex 73.5474 65.1096 0
      vertex 78.9526 70.0718 0
      vertex 77.0474 71.1718 0
    endloop
  endfacet
  facet normal -0 0 1
    outer loop
      vertex 73.5474 65.1096 0
      vertex 75.4526 64.0096 0
      vertex 78.9526 70.0718 0
    endloop
  endfacet
  facet normal 0 0 -1
    outer loop
      vertex 73.5474 65.1096 4.8
      vertex 77.0474 71.1718 4.8
      vertex 78.9526 70.0718 4.8
    endloop
  endfacet
  facet normal 0 0 -1
    outer loop
      vertex 73.5474 65.1096 4.8
      vertex 78.9526 70.0718 4.8
      vertex 75.4526 64.0096 4.8
    endloop
  endfacet
  facet normal 0.866026 -0.499999 0
    outer loop
      vertex 73.5474 65.1096 0
      vertex 77.0474 71.1718 0
      vertex 77.0474 71.1718 4.8
    endloop
  endfacet
  facet normal 0.866026 -0.499999 0
    outer loop
      vertex 73.5474 65.1096 0
      vertex 77.0474 71.1718 4.8
      vertex 73.5474 65.1096 4.8
    endloop
  endfacet
  facet normal -0.499999 -0.866026 0
    outer loop
      vertex 77.0474 71.1718 0
      vertex 78.9526 70.0718 0
      vertex 78.9526 70.0718 4.8
    endloop
  endfacet
  facet normal -0.499999 -0.866026 0
    outer loop
      vertex 77.0474 71.1718 0
      vertex 78.9526 70.0718 4.8
      vertex 77.0474 71.1718 4.8
    endloop
  endfacet
  facet normal -0.866026 0.499999 0
    outer loop
      vertex 78.9526 70.0718 0
      vertex 75.4526 64.0096 0
      vertex 75.4526 64.0096 4.8
    endloop
  endfacet
  facet normal -0.866026 0.499999 0
    outer loop
      vertex 78.9526 70.0718 0
      vertex 75.4526 64.0096 4.8
      vertex 78.9526 70.0718 4.8
    endloop
  endfacet
  facet normal 0.499999 0.866026 0
    outer loop
      vertex 75.4526 64.0096 0
      vertex 73.5474 65.1096 0
      vertex 73.5474 65.1096 4.8
    endloop
  endfacet
  facet normal 0.499999 0.866026 -0
    outer loop
      vertex 75.4526 64.0096 0
      vertex 73.5474 65.1096 4.8
      vertex 75.4526 64.0096 4.8
    endloop
  endfacet
  facet normal 0 0 1
    outer loop
      vertex 84.0474 46.9231 0
      vertex 89.4526 51.8852 0
      vertex 87.5474 52.9852 0
    endloop
  endfacet
  facet normal -0 0 1
    outer loop
      vertex 84.0474 46.9231 0
      vertex 85.9526 45.8231 0
      vertex 89.4526 51.8852 0
    endloop
  endfacet
  facet normal 0 0 -1
    outer loop
      vertex 84.0474 46.9231 4.8
      vertex 87.5474 52.9852 4.8
      vertex 89.4526 51.8852 4.8
    endloop
  endfacet
  facet normal 0 0 -1
    outer loop
      vertex 84.0474 46.9231 4.8
      vertex 89.4526 51.8852 4.8
      vertex 85.9526 45.8231 4.8
    endloop
  endfacet
  facet normal 0.866023 -0.500005 0
    outer loop
      vertex 84.0474 46.9231 0
      vertex 87.5474 52.9852 0
      vertex 87.5474 52.9852 4.8
    endloop
  endfacet
  facet normal 0.866023 -0.500005 0
    outer loop
      vertex 84.0474 46.9231 0
      vertex 87.5474 52.9852 4.8
      vertex 84.0474 46.9231 4.8
    endloop
  endfacet
  facet normal -0.500005 -0.866023 0
    outer loop
      vertex 87.5474 52.9852 0
      vertex 89.4526 51.8852 0
      vertex 89.4526 51.8852 4.8
    endloop
  endfacet
  facet normal -0.500005 -0.866023 0
    outer loop
      vertex 87.5474 52.9852 0
      vertex 89.4526 51.8852 4.8
      vertex 87.5474 52.9852 4.8
    endloop
  endfacet
  facet normal -0.866023 0.500005 0
    outer loop
      vertex 89.4526 51.8852 0
      vertex 85.9526 45.8231 0
      vertex 85.9526 45.8231 4.8
    endloop
  endfacet
  facet normal -0.866023 0.500005 0
    outer loop
      vertex 89.4526 51.8852 0
      vertex 85.9526 45.8231 4.8
      vertex 89.4526 51.8852 4.8
    endloop
  endfacet
  facet normal 0.500005 0.866023 0
    outer loop
      vertex 85.9526 45.8231 0
      vertex 84.0474 46.9231 0
      vertex 84.0474 46.9231 4.8
    endloop
  endfacet
  facet normal 0.500005 0.866023 -0
    outer loop
      vertex 85.9526 45.8231 0
      vertex 84.0474 46.9231 4.8
      vertex 85.9526 45.8231 4.8
    endloop
  endfacet
  facet normal 0 0 1
    outer loop
      vertex 43.9526 46.9231 0
      vertex 45.5474 39.7609 0
      vertex 47.4526 40.8609 0
    endloop
  endfacet
  facet normal 0 0 1
    outer loop
      vertex 43.9526 46.9231 0
      vertex 42.0474 45.8231 0
      vertex 45.5474 39.7609 0
    endloop
  endfacet
  facet normal 0 0 -1
    outer loop
      vertex 43.9526 46.9231 4.8
      vertex 47.4526 40.8609 4.8
      vertex 45.5474 39.7609 4.8
    endloop
  endfacet
  facet normal 0 -0 -1
    outer loop
      vertex 43.9526 46.9231 4.8
      vertex 45.5474 39.7609 4.8
      vertex 42.0474 45.8231 4.8
    endloop
  endfacet
  facet normal -0.866026 -0.499999 0
    outer loop
      vertex 43.9526 46.9231 0
      vertex 47.4526 40.8609 0
      vertex 47.4526 40.8609 4.8
    endloop
  endfacet
  facet normal -0.866026 -0.499999 0
    outer loop
      vertex 43.9526 46.9231 0
      vertex 47.4526 40.8609 4.8
      vertex 43.9526 46.9231 4.8
    endloop
  endfacet
  facet normal -0.499999 0.866026 0
    outer loop
      vertex 47.4526 40.8609 0
      vertex 45.5474 39.7609 0
      vertex 45.5474 39.7609 4.8
    endloop
  endfacet
  facet normal -0.499999 0.866026 0
    outer loop
      vertex 47.4526 40.8609 0
      vertex 45.5474 39.7609 4.8
      vertex 47.4526 40.8609 4.8
    endloop
  endfacet
  facet normal 0.866026 0.499999 0
    outer loop
      vertex 45.5474 39.7609 0
      vertex 42.0474 45.8231 0
      vertex 42.0474 45.8231 4.8
    endloop
  endfacet
  facet normal 0.866026 0.499999 -0
    outer loop
      vertex 45.5474 39.7609 0
      vertex 42.0474 45.8231 4.8
      vertex 45.5474 39.7609 4.8
    endloop
  endfacet
  facet normal 0.499999 -0.866026 0
    outer loop
      vertex 42.0474 45.8231 0
      vertex 43.9526 46.9231 0
      vertex 43.9526 46.9231 4.8
    endloop
  endfacet
  facet normal 0.499999 -0.866026 0
    outer loop
      vertex 42.0474 45.8231 0
      vertex 43.9526 46.9231 4.8
      vertex 42.0474 45.8231 4.8
    endloop
  endfacet
  facet normal 0 0 1
    outer loop
      vertex 22.9526 46.9231 0
      vertex 24.5474 39.7609 0
      vertex 26.4526 40.8609 0
    endloop
  endfacet
  facet normal 0 0 1
    outer loop
      vertex 22.9526 46.9231 0
      vertex 21.0474 45.8231 0
      vertex 24.5474 39.7609 0
    endloop
  endfacet
  facet normal 0 0 -1
    outer loop
      vertex 22.9526 46.9231 4.8
      vertex 26.4526 40.8609 4.8
      vertex 24.5474 39.7609 4.8
    endloop
  endfacet
  facet normal 0 -0 -1
    outer loop
      vertex 22.9526 46.9231 4.8
      vertex 24.5474 39.7609 4.8
      vertex 21.0474 45.8231 4.8
    endloop
  endfacet
  facet normal -0.866026 -0.499999 0
    outer loop
      vertex 22.9526 46.9231 0
      vertex 26.4526 40.8609 0
      vertex 26.4526 40.8609 4.8
    endloop
  endfacet
  facet normal -0.866026 -0.499999 0
    outer loop
      vertex 22.9526 46.9231 0
      vertex 26.4526 40.8609 4.8
      vertex 22.9526 46.9231 4.8
    endloop
  endfacet
  facet normal -0.499999 0.866026 0
    outer loop
      vertex 26.4526 40.8609 0
      vertex 24.5474 39.7609 0
      vertex 24.5474 39.7609 4.8
    endloop
  endfacet
  facet normal -0.499999 0.866026 0
    outer loop
      vertex 26.4526 40.8609 0
      vertex 24.5474 39.7609 4.8
      vertex 26.4526 40.8609 4.8
    endloop
  endfacet
  facet normal 0.866026 0.499999 0
    outer loop
      vertex 24.5474 39.7609 0
      vertex 21.0474 45.8231 0
      vertex 21.0474 45.8231 4.8
    endloop
  endfacet
  facet normal 0.866026 0.499999 -0
    outer loop
      vertex 24.5474 39.7609 0
      vertex 21.0474 45.8231 4.8
      vertex 24.5474 39.7609 4.8
    endloop
  endfacet
  facet normal 0.499999 -0.866026 0
    outer loop
      vertex 21.0474 45.8231 0
      vertex 22.9526 46.9231 0
      vertex 22.9526 46.9231 4.8
    endloop
  endfacet
  facet normal 0.499999 -0.866026 0
    outer loop
      vertex 21.0474 45.8231 0
      vertex 22.9526 46.9231 4.8
      vertex 21.0474 45.8231 4.8
    endloop
  endfacet
  facet normal 0 0 1
    outer loop
      vertex 85.9526 34.7987 0
      vertex 87.5474 27.6365 0
      vertex 89.4526 28.7365 0
    endloop
  endfacet
  facet normal 0 0 1
    outer loop
      vertex 85.9526 34.7987 0
      vertex 84.0474 33.6987 0
      vertex 87.5474 27.6365 0
    endloop
  endfacet
  facet normal 0 0 -1
    outer loop
      vertex 85.9526 34.7987 4.8
      vertex 89.4526 28.7365 4.8
      vertex 87.5474 27.6365 4.8
    endloop
  endfacet
  facet normal 0 -0 -1
    outer loop
      vertex 85.9526 34.7987 4.8
      vertex 87.5474 27.6365 4.8
      vertex 84.0474 33.6987 4.8
    endloop
  endfacet
  facet normal -0.866026 -0.499999 0
    outer loop
      vertex 85.9526 34.7987 0
      vertex 89.4526 28.7365 0
      vertex 89.4526 28.7365 4.8
    endloop
  endfacet
  facet normal -0.866026 -0.499999 0
    outer loop
      vertex 85.9526 34.7987 0
      vertex 89.4526 28.7365 4.8
      vertex 85.9526 34.7987 4.8
    endloop
  endfacet
  facet normal -0.499999 0.866026 0
    outer loop
      vertex 89.4526 28.7365 0
      vertex 87.5474 27.6365 0
      vertex 87.5474 27.6365 4.8
    endloop
  endfacet
  facet normal -0.499999 0.866026 0
    outer loop
      vertex 89.4526 28.7365 0
      vertex 87.5474 27.6365 4.8
      vertex 89.4526 28.7365 4.8
    endloop
  endfacet
  facet normal 0.866026 0.499999 0
    outer loop
      vertex 87.5474 27.6365 0
      vertex 84.0474 33.6987 0
      vertex 84.0474 33.6987 4.8
    endloop
  endfacet
  facet normal 0.866026 0.499999 -0
    outer loop
      vertex 87.5474 27.6365 0
      vertex 84.0474 33.6987 4.8
      vertex 87.5474 27.6365 4.8
    endloop
  endfacet
  facet normal 0.499999 -0.866026 0
    outer loop
      vertex 84.0474 33.6987 0
      vertex 85.9526 34.7987 0
      vertex 85.9526 34.7987 4.8
    endloop
  endfacet
  facet normal 0.499999 -0.866026 0
    outer loop
      vertex 84.0474 33.6987 0
      vertex 85.9526 34.7987 4.8
      vertex 84.0474 33.6987 4.8
    endloop
  endfacet
  facet normal 0 0 1
    outer loop
      vertex 85.9526 83.2961 0
      vertex 87.5474 76.134 0
      vertex 89.4526 77.234 0
    endloop
  endfacet
  facet normal 0 0 1
    outer loop
      vertex 85.9526 83.2961 0
      vertex 84.0474 82.1961 0
      vertex 87.5474 76.134 0
    endloop
  endfacet
  facet normal 0 0 -1
    outer loop
      vertex 85.9526 83.2961 4.8
      vertex 89.4526 77.234 4.8
      vertex 87.5474 76.134 4.8
    endloop
  endfacet
  facet normal 0 -0 -1
    outer loop
      vertex 85.9526 83.2961 4.8
      vertex 87.5474 76.134 4.8
      vertex 84.0474 82.1961 4.8
    endloop
  endfacet
  facet normal -0.866023 -0.500005 0
    outer loop
      vertex 85.9526 83.2961 0
      vertex 89.4526 77.234 0
      vertex 89.4526 77.234 4.8
    endloop
  endfacet
  facet normal -0.866023 -0.500005 0
    outer loop
      vertex 85.9526 83.2961 0
      vertex 89.4526 77.234 4.8
      vertex 85.9526 83.2961 4.8
    endloop
  endfacet
  facet normal -0.500005 0.866023 0
    outer loop
      vertex 89.4526 77.234 0
      vertex 87.5474 76.134 0
      vertex 87.5474 76.134 4.8
    endloop
  endfacet
  facet normal -0.500005 0.866023 0
    outer loop
      vertex 89.4526 77.234 0
      vertex 87.5474 76.134 4.8
      vertex 89.4526 77.234 4.8
    endloop
  endfacet
  facet normal 0.866023 0.500005 0
    outer loop
      vertex 87.5474 76.134 0
      vertex 84.0474 82.1961 0
      vertex 84.0474 82.1961 4.8
    endloop
  endfacet
  facet normal 0.866023 0.500005 -0
    outer loop
      vertex 87.5474 76.134 0
      vertex 84.0474 82.1961 4.8
      vertex 87.5474 76.134 4.8
    endloop
  endfacet
  facet normal 0.500005 -0.866023 0
    outer loop
      vertex 84.0474 82.1961 0
      vertex 85.9526 83.2961 0
      vertex 85.9526 83.2961 4.8
    endloop
  endfacet
  facet normal 0.500005 -0.866023 0
    outer loop
      vertex 84.0474 82.1961 0
      vertex 85.9526 83.2961 4.8
      vertex 84.0474 82.1961 4.8
    endloop
  endfacet
  facet normal 0 0 1
    outer loop
      vertex 85.9526 22.6744 0
      vertex 87.5474 15.5122 0
      vertex 89.4526 16.6122 0
    endloop
  endfacet
  facet normal 0 0 1
    outer loop
      vertex 85.9526 22.6744 0
      vertex 84.0474 21.5744 0
      vertex 87.5474 15.5122 0
    endloop
  endfacet
  facet normal 0 0 -1
    outer loop
      vertex 85.9526 22.6744 4.8
      vertex 89.4526 16.6122 4.8
      vertex 87.5474 15.5122 4.8
    endloop
  endfacet
  facet normal 0 -0 -1
    outer loop
      vertex 85.9526 22.6744 4.8
      vertex 87.5474 15.5122 4.8
      vertex 84.0474 21.5744 4.8
    endloop
  endfacet
  facet normal -0.866026 -0.499999 0
    outer loop
      vertex 85.9526 22.6744 0
      vertex 89.4526 16.6122 0
      vertex 89.4526 16.6122 4.8
    endloop
  endfacet
  facet normal -0.866026 -0.499999 0
    outer loop
      vertex 85.9526 22.6744 0
      vertex 89.4526 16.6122 4.8
      vertex 85.9526 22.6744 4.8
    endloop
  endfacet
  facet normal -0.499999 0.866026 0
    outer loop
      vertex 89.4526 16.6122 0
      vertex 87.5474 15.5122 0
      vertex 87.5474 15.5122 4.8
    endloop
  endfacet
  facet normal -0.499999 0.866026 0
    outer loop
      vertex 89.4526 16.6122 0
      vertex 87.5474 15.5122 4.8
      vertex 89.4526 16.6122 4.8
    endloop
  endfacet
  facet normal 0.866026 0.499999 0
    outer loop
      vertex 87.5474 15.5122 0
      vertex 84.0474 21.5744 0
      vertex 84.0474 21.5744 4.8
    endloop
  endfacet
  facet normal 0.866026 0.499999 -0
    outer loop
      vertex 87.5474 15.5122 0
      vertex 84.0474 21.5744 4.8
      vertex 87.5474 15.5122 4.8
    endloop
  endfacet
  facet normal 0.499999 -0.866026 0
    outer loop
      vertex 84.0474 21.5744 0
      vertex 85.9526 22.6744 0
      vertex 85.9526 22.6744 4.8
    endloop
  endfacet
  facet normal 0.499999 -0.866026 0
    outer loop
      vertex 84.0474 21.5744 0
      vertex 85.9526 22.6744 4.8
      vertex 84.0474 21.5744 4.8
    endloop
  endfacet
  facet normal 0 0 1
    outer loop
      vertex 10.5474 65.1096 0
      vertex 15.9526 70.0718 0
      vertex 14.0474 71.1718 0
    endloop
  endfacet
  facet normal -0 0 1
    outer loop
      vertex 10.5474 65.1096 0
      vertex 12.4526 64.0096 0
      vertex 15.9526 70.0718 0
    endloop
  endfacet
  facet normal 0 0 -1
    outer loop
      vertex 10.5474 65.1096 4.8
      vertex 14.0474 71.1718 4.8
      vertex 15.9526 70.0718 4.8
    endloop
  endfacet
  facet normal 0 0 -1
    outer loop
      vertex 10.5474 65.1096 4.8
      vertex 15.9526 70.0718 4.8
      vertex 12.4526 64.0096 4.8
    endloop
  endfacet
  facet normal 0.866026 -0.499999 0
    outer loop
      vertex 10.5474 65.1096 0
      vertex 14.0474 71.1718 0
      vertex 14.0474 71.1718 4.8
    endloop
  endfacet
  facet normal 0.866026 -0.499999 0
    outer loop
      vertex 10.5474 65.1096 0
      vertex 14.0474 71.1718 4.8
      vertex 10.5474 65.1096 4.8
    endloop
  endfacet
  facet normal -0.499999 -0.866026 0
    outer loop
      vertex 14.0474 71.1718 0
      vertex 15.9526 70.0718 0
      vertex 15.9526 70.0718 4.8
    endloop
  endfacet
  facet normal -0.499999 -0.866026 0
    outer loop
      vertex 14.0474 71.1718 0
      vertex 15.9526 70.0718 4.8
      vertex 14.0474 71.1718 4.8
    endloop
  endfacet
  facet normal -0.866026 0.499999 0
    outer loop
      vertex 15.9526 70.0718 0
      vertex 12.4526 64.0096 0
      vertex 12.4526 64.0096 4.8
    endloop
  endfacet
  facet normal -0.866026 0.499999 0
    outer loop
      vertex 15.9526 70.0718 0
      vertex 12.4526 64.0096 4.8
      vertex 15.9526 70.0718 4.8
    endloop
  endfacet
  facet normal 0.499999 0.866026 0
    outer loop
      vertex 12.4526 64.0096 0
      vertex 10.5474 65.1096 0
      vertex 10.5474 65.1096 4.8
    endloop
  endfacet
  facet normal 0.499999 0.866026 -0
    outer loop
      vertex 12.4526 64.0096 0
      vertex 10.5474 65.1096 4.8
      vertex 12.4526 64.0096 4.8
    endloop
  endfacet
  facet normal 0 0 1
    outer loop
      vertex 84.0474 34.7987 0
      vertex 89.4526 39.7609 0
      vertex 87.5474 40.8609 0
    endloop
  endfacet
  facet normal -0 0 1
    outer loop
      vertex 84.0474 34.7987 0
      vertex 85.9526 33.6987 0
      vertex 89.4526 39.7609 0
    endloop
  endfacet
  facet normal 0 0 -1
    outer loop
      vertex 84.0474 34.7987 4.8
      vertex 87.5474 40.8609 4.8
      vertex 89.4526 39.7609 4.8
    endloop
  endfacet
  facet normal 0 0 -1
    outer loop
      vertex 84.0474 34.7987 4.8
      vertex 89.4526 39.7609 4.8
      vertex 85.9526 33.6987 4.8
    endloop
  endfacet
  facet normal 0.866026 -0.499999 0
    outer loop
      vertex 84.0474 34.7987 0
      vertex 87.5474 40.8609 0
      vertex 87.5474 40.8609 4.8
    endloop
  endfacet
  facet normal 0.866026 -0.499999 0
    outer loop
      vertex 84.0474 34.7987 0
      vertex 87.5474 40.8609 4.8
      vertex 84.0474 34.7987 4.8
    endloop
  endfacet
  facet normal -0.499999 -0.866026 0
    outer loop
      vertex 87.5474 40.8609 0
      vertex 89.4526 39.7609 0
      vertex 89.4526 39.7609 4.8
    endloop
  endfacet
  facet normal -0.499999 -0.866026 0
    outer loop
      vertex 87.5474 40.8609 0
      vertex 89.4526 39.7609 4.8
      vertex 87.5474 40.8609 4.8
    endloop
  endfacet
  facet normal -0.866026 0.499999 0
    outer loop
      vertex 89.4526 39.7609 0
      vertex 85.9526 33.6987 0
      vertex 85.9526 33.6987 4.8
    endloop
  endfacet
  facet normal -0.866026 0.499999 0
    outer loop
      vertex 89.4526 39.7609 0
      vertex 85.9526 33.6987 4.8
      vertex 89.4526 39.7609 4.8
    endloop
  endfacet
  facet normal 0.499999 0.866026 0
    outer loop
      vertex 85.9526 33.6987 0
      vertex 84.0474 34.7987 0
      vertex 84.0474 34.7987 4.8
    endloop
  endfacet
  facet normal 0.499999 0.866026 -0
    outer loop
      vertex 85.9526 33.6987 0
      vertex 84.0474 34.7987 4.8
      vertex 85.9526 33.6987 4.8
    endloop
  endfacet
  facet normal 0 0 1
    outer loop
      vertex 12.4526 28.7365 0
      vertex 14.0474 21.5744 0
      vertex 15.9526 22.6744 0
    endloop
  endfacet
  facet normal 0 0 1
    outer loop
      vertex 12.4526 28.7365 0
      vertex 10.5474 27.6365 0
      vertex 14.0474 21.5744 0
    endloop
  endfacet
  facet normal 0 0 -1
    outer loop
      vertex 12.4526 28.7365 4.8
      vertex 15.9526 22.6744 4.8
      vertex 14.0474 21.5744 4.8
    endloop
  endfacet
  facet normal 0 -0 -1
    outer loop
      vertex 12.4526 28.7365 4.8
      vertex 14.0474 21.5744 4.8
      vertex 10.5474 27.6365 4.8
    endloop
  endfacet
  facet normal -0.866023 -0.500005 0
    outer loop
      vertex 12.4526 28.7365 0
      vertex 15.9526 22.6744 0
      vertex 15.9526 22.6744 4.8
    endloop
  endfacet
  facet normal -0.866023 -0.500005 0
    outer loop
      vertex 12.4526 28.7365 0
      vertex 15.9526 22.6744 4.8
      vertex 12.4526 28.7365 4.8
    endloop
  endfacet
  facet normal -0.500005 0.866023 0
    outer loop
      vertex 15.9526 22.6744 0
      vertex 14.0474 21.5744 0
      vertex 14.0474 21.5744 4.8
    endloop
  endfacet
  facet normal -0.500005 0.866023 0
    outer loop
      vertex 15.9526 22.6744 0
      vertex 14.0474 21.5744 4.8
      vertex 15.9526 22.6744 4.8
    endloop
  endfacet
  facet normal 0.866023 0.500005 0
    outer loop
      vertex 14.0474 21.5744 0
      vertex 10.5474 27.6365 0
      vertex 10.5474 27.6365 4.8
    endloop
  endfacet
  facet normal 0.866023 0.500005 -0
    outer loop
      vertex 14.0474 21.5744 0
      vertex 10.5474 27.6365 4.8
      vertex 14.0474 21.5744 4.8
    endloop
  endfacet
  facet normal 0.500005 -0.866023 0
    outer loop
      vertex 10.5474 27.6365 0
      vertex 12.4526 28.7365 0
      vertex 12.4526 28.7365 4.8
    endloop
  endfacet
  facet normal 0.500005 -0.866023 0
    outer loop
      vertex 10.5474 27.6365 0
      vertex 12.4526 28.7365 4.8
      vertex 10.5474 27.6365 4.8
    endloop
  endfacet
  facet normal 0 0 1
    outer loop
      vertex 21.0474 22.6744 0
      vertex 26.4526 27.6365 0
      vertex 24.5474 28.7365 0
    endloop
  endfacet
  facet normal -0 0 1
    outer loop
      vertex 21.0474 22.6744 0
      vertex 22.9526 21.5744 0
      vertex 26.4526 27.6365 0
    endloop
  endfacet
  facet normal 0 0 -1
    outer loop
      vertex 21.0474 22.6744 4.8
      vertex 24.5474 28.7365 4.8
      vertex 26.4526 27.6365 4.8
    endloop
  endfacet
  facet normal 0 0 -1
    outer loop
      vertex 21.0474 22.6744 4.8
      vertex 26.4526 27.6365 4.8
      vertex 22.9526 21.5744 4.8
    endloop
  endfacet
  facet normal 0.866023 -0.500005 0
    outer loop
      vertex 21.0474 22.6744 0
      vertex 24.5474 28.7365 0
      vertex 24.5474 28.7365 4.8
    endloop
  endfacet
  facet normal 0.866023 -0.500005 0
    outer loop
      vertex 21.0474 22.6744 0
      vertex 24.5474 28.7365 4.8
      vertex 21.0474 22.6744 4.8
    endloop
  endfacet
  facet normal -0.500005 -0.866023 0
    outer loop
      vertex 24.5474 28.7365 0
      vertex 26.4526 27.6365 0
      vertex 26.4526 27.6365 4.8
    endloop
  endfacet
  facet normal -0.500005 -0.866023 0
    outer loop
      vertex 24.5474 28.7365 0
      vertex 26.4526 27.6365 4.8
      vertex 24.5474 28.7365 4.8
    endloop
  endfacet
  facet normal -0.866023 0.500005 0
    outer loop
      vertex 26.4526 27.6365 0
      vertex 22.9526 21.5744 0
      vertex 22.9526 21.5744 4.8
    endloop
  endfacet
  facet normal -0.866023 0.500005 0
    outer loop
      vertex 26.4526 27.6365 0
      vertex 22.9526 21.5744 4.8
      vertex 26.4526 27.6365 4.8
    endloop
  endfacet
  facet normal 0.500005 0.866023 0
    outer loop
      vertex 22.9526 21.5744 0
      vertex 21.0474 22.6744 0
      vertex 21.0474 22.6744 4.8
    endloop
  endfacet
  facet normal 0.500005 0.866023 -0
    outer loop
      vertex 22.9526 21.5744 0
      vertex 21.0474 22.6744 4.8
      vertex 22.9526 21.5744 4.8
    endloop
  endfacet
  facet normal -0 0 1
    outer loop
      vertex 8 17.1622 0
      vertex 11.5 14.9622 0
      vertex 11.5 17.1622 0
    endloop
  endfacet
  facet normal 0 0 1
    outer loop
      vertex 8 17.1622 0
      vertex 8 14.9622 0
      vertex 11.5 14.9622 0
    endloop
  endfacet
  facet normal 0 0 -1
    outer loop
      vertex 8 17.1622 4.8
      vertex 11.5 17.1622 4.8
      vertex 11.5 14.9622 4.8
    endloop
  endfacet
  facet normal 0 0 -1
    outer loop
      vertex 8 17.1622 4.8
      vertex 11.5 14.9622 4.8
      vertex 8 14.9622 4.8
    endloop
  endfacet
  facet normal 0 -1 0
    outer loop
      vertex 8 17.1622 0
      vertex 11.5 17.1622 0
      vertex 11.5 17.1622 4.8
    endloop
  endfacet
  facet normal 0 -1 0
    outer loop
      vertex 8 17.1622 0
      vertex 11.5 17.1622 4.8
      vertex 8 17.1622 4.8
    endloop
  endfacet
  facet normal -1 0 0
    outer loop
      vertex 11.5 17.1622 0
      vertex 11.5 14.9622 0
      vertex 11.5 14.9622 4.8
    endloop
  endfacet
  facet normal -1 0 0
    outer loop
      vertex 11.5 17.1622 0
      vertex 11.5 14.9622 4.8
      vertex 11.5 17.1622 4.8
    endloop
  endfacet
  facet normal 0 1 0
    outer loop
      vertex 11.5 14.9622 0
      vertex 8 14.9622 0
      vertex 8 14.9622 4.8
    endloop
  endfacet
  facet normal 0 1 -0
    outer loop
      vertex 11.5 14.9622 0
      vertex 8 14.9622 4.8
      vertex 11.5 14.9622 4.8
    endloop
  endfacet
  facet normal 1 0 0
    outer loop
      vertex 8 14.9622 0
      vertex 8 17.1622 0
      vertex 8 17.1622 4.8
    endloop
  endfacet
  facet normal 1 0 0
    outer loop
      vertex 8 14.9622 0
      vertex 8 17.1622 4.8
      vertex 8 14.9622 4.8
    endloop
  endfacet
  facet normal 0 0 1
    outer loop
      vertex 10.5474 28.7365 0
      vertex 15.9526 33.6987 0
      vertex 14.0474 34.7987 0
    endloop
  endfacet
  facet normal -0 0 1
    outer loop
      vertex 10.5474 28.7365 0
      vertex 12.4526 27.6365 0
      vertex 15.9526 33.6987 0
    endloop
  endfacet
  facet normal 0 0 -1
    outer loop
      vertex 10.5474 28.7365 4.8
      vertex 14.0474 34.7987 4.8
      vertex 15.9526 33.6987 4.8
    endloop
  endfacet
  facet normal 0 0 -1
    outer loop
      vertex 10.5474 28.7365 4.8
      vertex 15.9526 33.6987 4.8
      vertex 12.4526 27.6365 4.8
    endloop
  endfacet
  facet normal 0.866026 -0.499999 0
    outer loop
      vertex 10.5474 28.7365 0
      vertex 14.0474 34.7987 0
      vertex 14.0474 34.7987 4.8
    endloop
  endfacet
  facet normal 0.866026 -0.499999 0
    outer loop
      vertex 10.5474 28.7365 0
      vertex 14.0474 34.7987 4.8
      vertex 10.5474 28.7365 4.8
    endloop
  endfacet
  facet normal -0.499999 -0.866026 0
    outer loop
      vertex 14.0474 34.7987 0
      vertex 15.9526 33.6987 0
      vertex 15.9526 33.6987 4.8
    endloop
  endfacet
  facet normal -0.499999 -0.866026 0
    outer loop
      vertex 14.0474 34.7987 0
      vertex 15.9526 33.6987 4.8
      vertex 14.0474 34.7987 4.8
    endloop
  endfacet
  facet normal -0.866026 0.499999 0
    outer loop
      vertex 15.9526 33.6987 0
      vertex 12.4526 27.6365 0
      vertex 12.4526 27.6365 4.8
    endloop
  endfacet
  facet normal -0.866026 0.499999 0
    outer loop
      vertex 15.9526 33.6987 0
      vertex 12.4526 27.6365 4.8
      vertex 15.9526 33.6987 4.8
    endloop
  endfacet
  facet normal 0.499999 0.866026 0
    outer loop
      vertex 12.4526 27.6365 0
      vertex 10.5474 28.7365 0
      vertex 10.5474 28.7365 4.8
    endloop
  endfacet
  facet normal 0.499999 0.866026 -0
    outer loop
      vertex 12.4526 27.6365 0
      vertex 10.5474 28.7365 4.8
      vertex 12.4526 27.6365 4.8
    endloop
  endfacet
  facet normal 0 0 1
    outer loop
      vertex 94.5474 77.234 0
      vertex 99.9526 82.1961 0
      vertex 98.0474 83.2961 0
    endloop
  endfacet
  facet normal -0 0 1
    outer loop
      vertex 94.5474 77.234 0
      vertex 96.4526 76.134 0
      vertex 99.9526 82.1961 0
    endloop
  endfacet
  facet normal 0 0 -1
    outer loop
      vertex 94.5474 77.234 4.8
      vertex 98.0474 83.2961 4.8
      vertex 99.9526 82.1961 4.8
    endloop
  endfacet
  facet normal 0 0 -1
    outer loop
      vertex 94.5474 77.234 4.8
      vertex 99.9526 82.1961 4.8
      vertex 96.4526 76.134 4.8
    endloop
  endfacet
  facet normal 0.866023 -0.500005 0
    outer loop
      vertex 94.5474 77.234 0
      vertex 98.0474 83.2961 0
      vertex 98.0474 83.2961 4.8
    endloop
  endfacet
  facet normal 0.866023 -0.500005 0
    outer loop
      vertex 94.5474 77.234 0
      vertex 98.0474 83.2961 4.8
      vertex 94.5474 77.234 4.8
    endloop
  endfacet
  facet normal -0.500005 -0.866023 0
    outer loop
      vertex 98.0474 83.2961 0
      vertex 99.9526 82.1961 0
      vertex 99.9526 82.1961 4.8
    endloop
  endfacet
  facet normal -0.500005 -0.866023 0
    outer loop
      vertex 98.0474 83.2961 0
      vertex 99.9526 82.1961 4.8
      vertex 98.0474 83.2961 4.8
    endloop
  endfacet
  facet normal -0.866023 0.500005 0
    outer loop
      vertex 99.9526 82.1961 0
      vertex 96.4526 76.134 0
      vertex 96.4526 76.134 4.8
    endloop
  endfacet
  facet normal -0.866023 0.500005 0
    outer loop
      vertex 99.9526 82.1961 0
      vertex 96.4526 76.134 4.8
      vertex 99.9526 82.1961 4.8
    endloop
  endfacet
  facet normal 0.500005 0.866023 0
    outer loop
      vertex 96.4526 76.134 0
      vertex 94.5474 77.234 0
      vertex 94.5474 77.234 4.8
    endloop
  endfacet
  facet normal 0.500005 0.866023 -0
    outer loop
      vertex 96.4526 76.134 0
      vertex 94.5474 77.234 4.8
      vertex 96.4526 76.134 4.8
    endloop
  endfacet
  facet normal 0 0 1
    outer loop
      vertex 10.5474 16.6122 0
      vertex 15.9526 21.5744 0
      vertex 14.0474 22.6744 0
    endloop
  endfacet
  facet normal -0 0 1
    outer loop
      vertex 10.5474 16.6122 0
      vertex 12.4526 15.5122 0
      vertex 15.9526 21.5744 0
    endloop
  endfacet
  facet normal 0 0 -1
    outer loop
      vertex 10.5474 16.6122 4.8
      vertex 14.0474 22.6744 4.8
      vertex 15.9526 21.5744 4.8
    endloop
  endfacet
  facet normal 0 0 -1
    outer loop
      vertex 10.5474 16.6122 4.8
      vertex 15.9526 21.5744 4.8
      vertex 12.4526 15.5122 4.8
    endloop
  endfacet
  facet normal 0.866026 -0.499999 0
    outer loop
      vertex 10.5474 16.6122 0
      vertex 14.0474 22.6744 0
      vertex 14.0474 22.6744 4.8
    endloop
  endfacet
  facet normal 0.866026 -0.499999 0
    outer loop
      vertex 10.5474 16.6122 0
      vertex 14.0474 22.6744 4.8
      vertex 10.5474 16.6122 4.8
    endloop
  endfacet
  facet normal -0.499999 -0.866026 0
    outer loop
      vertex 14.0474 22.6744 0
      vertex 15.9526 21.5744 0
      vertex 15.9526 21.5744 4.8
    endloop
  endfacet
  facet normal -0.499999 -0.866026 0
    outer loop
      vertex 14.0474 22.6744 0
      vertex 15.9526 21.5744 4.8
      vertex 14.0474 22.6744 4.8
    endloop
  endfacet
  facet normal -0.866026 0.499999 0
    outer loop
      vertex 15.9526 21.5744 0
      vertex 12.4526 15.5122 0
      vertex 12.4526 15.5122 4.8
    endloop
  endfacet
  facet normal -0.866026 0.499999 0
    outer loop
      vertex 15.9526 21.5744 0
      vertex 12.4526 15.5122 4.8
      vertex 15.9526 21.5744 4.8
    endloop
  endfacet
  facet normal 0.499999 0.866026 0
    outer loop
      vertex 12.4526 15.5122 0
      vertex 10.5474 16.6122 0
      vertex 10.5474 16.6122 4.8
    endloop
  endfacet
  facet normal 0.499999 0.866026 -0
    outer loop
      vertex 12.4526 15.5122 0
      vertex 10.5474 16.6122 4.8
      vertex 12.4526 15.5122 4.8
    endloop
  endfacet
  facet normal 0 0 1
    outer loop
      vertex 54.4526 89.3583 0
      vertex 56.0474 82.1961 0
      vertex 57.9526 83.2961 0
    endloop
  endfacet
  facet normal 0 0 1
    outer loop
      vertex 54.4526 89.3583 0
      vertex 52.5474 88.2583 0
      vertex 56.0474 82.1961 0
    endloop
  endfacet
  facet normal 0 0 -1
    outer loop
      vertex 54.4526 89.3583 4.8
      vertex 57.9526 83.2961 4.8
      vertex 56.0474 82.1961 4.8
    endloop
  endfacet
  facet normal 0 -0 -1
    outer loop
      vertex 54.4526 89.3583 4.8
      vertex 56.0474 82.1961 4.8
      vertex 52.5474 88.2583 4.8
    endloop
  endfacet
  facet normal -0.866026 -0.499999 0
    outer loop
      vertex 54.4526 89.3583 0
      vertex 57.9526 83.2961 0
      vertex 57.9526 83.2961 4.8
    endloop
  endfacet
  facet normal -0.866026 -0.499999 0
    outer loop
      vertex 54.4526 89.3583 0
      vertex 57.9526 83.2961 4.8
      vertex 54.4526 89.3583 4.8
    endloop
  endfacet
  facet normal -0.499999 0.866026 0
    outer loop
      vertex 57.9526 83.2961 0
      vertex 56.0474 82.1961 0
      vertex 56.0474 82.1961 4.8
    endloop
  endfacet
  facet normal -0.499999 0.866026 0
    outer loop
      vertex 57.9526 83.2961 0
      vertex 56.0474 82.1961 4.8
      vertex 57.9526 83.2961 4.8
    endloop
  endfacet
  facet normal 0.866026 0.499999 0
    outer loop
      vertex 56.0474 82.1961 0
      vertex 52.5474 88.2583 0
      vertex 52.5474 88.2583 4.8
    endloop
  endfacet
  facet normal 0.866026 0.499999 -0
    outer loop
      vertex 56.0474 82.1961 0
      vertex 52.5474 88.2583 4.8
      vertex 56.0474 82.1961 4.8
    endloop
  endfacet
  facet normal 0.499999 -0.866026 0
    outer loop
      vertex 52.5474 88.2583 0
      vertex 54.4526 89.3583 0
      vertex 54.4526 89.3583 4.8
    endloop
  endfacet
  facet normal 0.499999 -0.866026 0
    outer loop
      vertex 52.5474 88.2583 0
      vertex 54.4526 89.3583 4.8
      vertex 52.5474 88.2583 4.8
    endloop
  endfacet
  facet normal -0 0 1
    outer loop
      vertex 67.5 29.2865 0
      vertex 74.5 27.0865 0
      vertex 74.5 29.2865 0
    endloop
  endfacet
  facet normal 0 0 1
    outer loop
      vertex 67.5 29.2865 0
      vertex 67.5 27.0865 0
      vertex 74.5 27.0865 0
    endloop
  endfacet
  facet normal 0 0 -1
    outer loop
      vertex 67.5 29.2865 4.8
      vertex 74.5 29.2865 4.8
      vertex 74.5 27.0865 4.8
    endloop
  endfacet
  facet normal 0 0 -1
    outer loop
      vertex 67.5 29.2865 4.8
      vertex 74.5 27.0865 4.8
      vertex 67.5 27.0865 4.8
    endloop
  endfacet
  facet normal 0 -1 0
    outer loop
      vertex 67.5 29.2865 0
      vertex 74.5 29.2865 0
      vertex 74.5 29.2865 4.8
    endloop
  endfacet
  facet normal 0 -1 0
    outer loop
      vertex 67.5 29.2865 0
      vertex 74.5 29.2865 4.8
      vertex 67.5 29.2865 4.8
    endloop
  endfacet
  facet normal -1 0 0
    outer loop
      vertex 74.5 29.2865 0
      vertex 74.5 27.0865 0
      vertex 74.5 27.0865 4.8
    endloop
  endfacet
  facet normal -1 0 0
    outer loop
      vertex 74.5 29.2865 0
      vertex 74.5 27.0865 4.8
      vertex 74.5 29.2865 4.8
    endloop
  endfacet
  facet normal 0 1 0
    outer loop
      vertex 74.5 27.0865 0
      vertex 67.5 27.0865 0
      vertex 67.5 27.0865 4.8
    endloop
  endfacet
  facet normal 0 1 -0
    outer loop
      vertex 74.5 27.0865 0
      vertex 67.5 27.0865 4.8
      vertex 74.5 27.0865 4.8
    endloop
  endfacet
  facet normal 1 0 0
    outer loop
      vertex 67.5 27.0865 0
      vertex 67.5 29.2865 0
      vertex 67.5 29.2865 4.8
    endloop
  endfacet
  facet normal 1 0 0
    outer loop
      vertex 67.5 27.0865 0
      vertex 67.5 29.2865 4.8
      vertex 67.5 27.0865 4.8
    endloop
  endfacet
  facet normal -0 0 1
    outer loop
      vertex 67.5 53.5352 0
      vertex 74.5 51.3352 0
      vertex 74.5 53.5352 0
    endloop
  endfacet
  facet normal 0 0 1
    outer loop
      vertex 67.5 53.5352 0
      vertex 67.5 51.3352 0
      vertex 74.5 51.3352 0
    endloop
  endfacet
  facet normal 0 0 -1
    outer loop
      vertex 67.5 53.5352 4.8
      vertex 74.5 53.5352 4.8
      vertex 74.5 51.3352 4.8
    endloop
  endfacet
  facet normal 0 0 -1
    outer loop
      vertex 67.5 53.5352 4.8
      vertex 74.5 51.3352 4.8
      vertex 67.5 51.3352 4.8
    endloop
  endfacet
  facet normal 0 -1 0
    outer loop
      vertex 67.5 53.5352 0
      vertex 74.5 53.5352 0
      vertex 74.5 53.5352 4.8
    endloop
  endfacet
  facet normal 0 -1 0
    outer loop
      vertex 67.5 53.5352 0
      vertex 74.5 53.5352 4.8
      vertex 67.5 53.5352 4.8
    endloop
  endfacet
  facet normal -1 0 0
    outer loop
      vertex 74.5 53.5352 0
      vertex 74.5 51.3352 0
      vertex 74.5 51.3352 4.8
    endloop
  endfacet
  facet normal -1 0 0
    outer loop
      vertex 74.5 53.5352 0
      vertex 74.5 51.3352 4.8
      vertex 74.5 53.5352 4.8
    endloop
  endfacet
  facet normal 0 1 0
    outer loop
      vertex 74.5 51.3352 0
      vertex 67.5 51.3352 0
      vertex 67.5 51.3352 4.8
    endloop
  endfacet
  facet normal 0 1 -0
    outer loop
      vertex 74.5 51.3352 0
      vertex 67.5 51.3352 4.8
      vertex 74.5 51.3352 4.8
    endloop
  endfacet
  facet normal 1 0 0
    outer loop
      vertex 67.5 51.3352 0
      vertex 67.5 53.5352 0
      vertex 67.5 53.5352 4.8
    endloop
  endfacet
  facet normal 1 0 0
    outer loop
      vertex 67.5 51.3352 0
      vertex 67.5 53.5352 4.8
      vertex 67.5 51.3352 4.8
    endloop
  endfacet
  facet normal -0 0 1
    outer loop
      vertex 78 59.5974 0
      vertex 85 57.3974 0
      vertex 85 59.5974 0
    endloop
  endfacet
  facet normal 0 0 1
    outer loop
      vertex 78 59.5974 0
      vertex 78 57.3974 0
      vertex 85 57.3974 0
    endloop
  endfacet
  facet normal 0 0 -1
    outer loop
      vertex 78 59.5974 4.8
      vertex 85 59.5974 4.8
      vertex 85 57.3974 4.8
    endloop
  endfacet
  facet normal 0 0 -1
    outer loop
      vertex 78 59.5974 4.8
      vertex 85 57.3974 4.8
      vertex 78 57.3974 4.8
    endloop
  endfacet
  facet normal 0 -1 0
    outer loop
      vertex 78 59.5974 0
      vertex 85 59.5974 0
      vertex 85 59.5974 4.8
    endloop
  endfacet
  facet normal 0 -1 0
    outer loop
      vertex 78 59.5974 0
      vertex 85 59.5974 4.8
      vertex 78 59.5974 4.8
    endloop
  endfacet
  facet normal -1 0 0
    outer loop
      vertex 85 59.5974 0
      vertex 85 57.3974 0
      vertex 85 57.3974 4.8
    endloop
  endfacet
  facet normal -1 0 0
    outer loop
      vertex 85 59.5974 0
      vertex 85 57.3974 4.8
      vertex 85 59.5974 4.8
    endloop
  endfacet
  facet normal 0 1 0
    outer loop
      vertex 85 57.3974 0
      vertex 78 57.3974 0
      vertex 78 57.3974 4.8
    endloop
  endfacet
  facet normal 0 1 -0
    outer loop
      vertex 85 57.3974 0
      vertex 78 57.3974 4.8
      vertex 85 57.3974 4.8
    endloop
  endfacet
  facet normal 1 0 0
    outer loop
      vertex 78 57.3974 0
      vertex 78 59.5974 0
      vertex 78 59.5974 4.8
    endloop
  endfacet
  facet normal 1 0 0
    outer loop
      vertex 78 57.3974 0
      vertex 78 59.5974 4.8
      vertex 78 57.3974 4.8
    endloop
  endfacet
  facet normal 0 0 1
    outer loop
      vertex 63.0474 46.9231 0
      vertex 68.4526 51.8852 0
      vertex 66.5474 52.9852 0
    endloop
  endfacet
  facet normal -0 0 1
    outer loop
      vertex 63.0474 46.9231 0
      vertex 64.9526 45.8231 0
      vertex 68.4526 51.8852 0
    endloop
  endfacet
  facet normal 0 0 -1
    outer loop
      vertex 63.0474 46.9231 4.8
      vertex 66.5474 52.9852 4.8
      vertex 68.4526 51.8852 4.8
    endloop
  endfacet
  facet normal 0 0 -1
    outer loop
      vertex 63.0474 46.9231 4.8
      vertex 68.4526 51.8852 4.8
      vertex 64.9526 45.8231 4.8
    endloop
  endfacet
  facet normal 0.866023 -0.500005 0
    outer loop
      vertex 63.0474 46.9231 0
      vertex 66.5474 52.9852 0
      vertex 66.5474 52.9852 4.8
    endloop
  endfacet
  facet normal 0.866023 -0.500005 0
    outer loop
      vertex 63.0474 46.9231 0
      vertex 66.5474 52.9852 4.8
      vertex 63.0474 46.9231 4.8
    endloop
  endfacet
  facet normal -0.500005 -0.866023 0
    outer loop
      vertex 66.5474 52.9852 0
      vertex 68.4526 51.8852 0
      vertex 68.4526 51.8852 4.8
    endloop
  endfacet
  facet normal -0.500005 -0.866023 0
    outer loop
      vertex 66.5474 52.9852 0
      vertex 68.4526 51.8852 4.8
      vertex 66.5474 52.9852 4.8
    endloop
  endfacet
  facet normal -0.866023 0.500005 0
    outer loop
      vertex 68.4526 51.8852 0
      vertex 64.9526 45.8231 0
      vertex 64.9526 45.8231 4.8
    endloop
  endfacet
  facet normal -0.866023 0.500005 0
    outer loop
      vertex 68.4526 51.8852 0
      vertex 64.9526 45.8231 4.8
      vertex 68.4526 51.8852 4.8
    endloop
  endfacet
  facet normal 0.500005 0.866023 0
    outer loop
      vertex 64.9526 45.8231 0
      vertex 63.0474 46.9231 0
      vertex 63.0474 46.9231 4.8
    endloop
  endfacet
  facet normal 0.500005 0.866023 -0
    outer loop
      vertex 64.9526 45.8231 0
      vertex 63.0474 46.9231 4.8
      vertex 64.9526 45.8231 4.8
    endloop
  endfacet
  facet normal 0 0 1
    outer loop
      vertex 36.8777 95.5502 0
      vertex 35.0475 94.3203 0
      vertex 36.9525 95.4207 0
    endloop
  endfacet
  facet normal 0 0 1
    outer loop
      vertex 36.8777 95.5502 0
      vertex 34.9727 94.4498 0
      vertex 35.0475 94.3203 0
    endloop
  endfacet
  facet normal 0 -0 -1
    outer loop
      vertex 36.8777 95.5502 4.8
      vertex 36.9525 95.4207 4.8
      vertex 35.0475 94.3203 4.8
    endloop
  endfacet
  facet normal 0 0 -1
    outer loop
      vertex 36.8777 95.5502 4.8
      vertex 35.0475 94.3203 4.8
      vertex 34.9727 94.4498 4.8
    endloop
  endfacet
  facet normal -0.865929 -0.500166 0
    outer loop
      vertex 36.8777 95.5502 0
      vertex 36.9525 95.4207 0
      vertex 36.9525 95.4207 4.8
    endloop
  endfacet
  facet normal -0.865929 -0.500166 0
    outer loop
      vertex 36.8777 95.5502 0
      vertex 36.9525 95.4207 4.8
      vertex 36.8777 95.5502 4.8
    endloop
  endfacet
  facet normal -0.500166 0.865929 0
    outer loop
      vertex 36.9525 95.4207 0
      vertex 35.0475 94.3203 0
      vertex 35.0475 94.3203 4.8
    endloop
  endfacet
  facet normal -0.500166 0.865929 0
    outer loop
      vertex 36.9525 95.4207 0
      vertex 35.0475 94.3203 4.8
      vertex 36.9525 95.4207 4.8
    endloop
  endfacet
  facet normal 0.865929 0.500166 0
    outer loop
      vertex 35.0475 94.3203 0
      vertex 34.9727 94.4498 0
      vertex 34.9727 94.4498 4.8
    endloop
  endfacet
  facet normal 0.865929 0.500166 -0
    outer loop
      vertex 35.0475 94.3203 0
      vertex 34.9727 94.4498 4.8
      vertex 35.0475 94.3203 4.8
    endloop
  endfacet
  facet normal 0.500166 -0.865929 0
    outer loop
      vertex 34.9727 94.4498 0
      vertex 36.8777 95.5502 0
      vertex 36.8777 95.5502 4.8
    endloop
  endfacet
  facet normal 0.500166 -0.865929 0
    outer loop
      vertex 34.9727 94.4498 0
      vertex 36.8777 95.5502 4.8
      vertex 34.9727 94.4498 4.8
    endloop
  endfacet
  facet normal -0 0 1
    outer loop
      vertex 15 47.4731 0
      vertex 22 45.2731 0
      vertex 22 47.4731 0
    endloop
  endfacet
  facet normal 0 0 1
    outer loop
      vertex 15 47.4731 0
      vertex 15 45.2731 0
      vertex 22 45.2731 0
    endloop
  endfacet
  facet normal 0 0 -1
    outer loop
      vertex 15 47.4731 4.8
      vertex 22 47.4731 4.8
      vertex 22 45.2731 4.8
    endloop
  endfacet
  facet normal 0 0 -1
    outer loop
      vertex 15 47.4731 4.8
      vertex 22 45.2731 4.8
      vertex 15 45.2731 4.8
    endloop
  endfacet
  facet normal 0 -1 0
    outer loop
      vertex 15 47.4731 0
      vertex 22 47.4731 0
      vertex 22 47.4731 4.8
    endloop
  endfacet
  facet normal 0 -1 0
    outer loop
      vertex 15 47.4731 0
      vertex 22 47.4731 4.8
      vertex 15 47.4731 4.8
    endloop
  endfacet
  facet normal -1 0 0
    outer loop
      vertex 22 47.4731 0
      vertex 22 45.2731 0
      vertex 22 45.2731 4.8
    endloop
  endfacet
  facet normal -1 0 0
    outer loop
      vertex 22 47.4731 0
      vertex 22 45.2731 4.8
      vertex 22 47.4731 4.8
    endloop
  endfacet
  facet normal 0 1 0
    outer loop
      vertex 22 45.2731 0
      vertex 15 45.2731 0
      vertex 15 45.2731 4.8
    endloop
  endfacet
  facet normal 0 1 -0
    outer loop
      vertex 22 45.2731 0
      vertex 15 45.2731 4.8
      vertex 22 45.2731 4.8
    endloop
  endfacet
  facet normal 1 0 0
    outer loop
      vertex 15 45.2731 0
      vertex 15 47.4731 0
      vertex 15 47.4731 4.8
    endloop
  endfacet
  facet normal 1 0 0
    outer loop
      vertex 15 45.2731 0
      vertex 15 47.4731 4.8
      vertex 15 45.2731 4.8
    endloop
  endfacet
  facet normal -0 0 1
    outer loop
      vertex 15 23.2244 0
      vertex 22 21.0244 0
      vertex 22 23.2244 0
    endloop
  endfacet
  facet normal 0 0 1
    outer loop
      vertex 15 23.2244 0
      vertex 15 21.0244 0
      vertex 22 21.0244 0
    endloop
  endfacet
  facet normal 0 0 -1
    outer loop
      vertex 15 23.2244 4.8
      vertex 22 23.2244 4.8
      vertex 22 21.0244 4.8
    endloop
  endfacet
  facet normal 0 0 -1
    outer loop
      vertex 15 23.2244 4.8
      vertex 22 21.0244 4.8
      vertex 15 21.0244 4.8
    endloop
  endfacet
  facet normal 0 -1 0
    outer loop
      vertex 15 23.2244 0
      vertex 22 23.2244 0
      vertex 22 23.2244 4.8
    endloop
  endfacet
  facet normal 0 -1 0
    outer loop
      vertex 15 23.2244 0
      vertex 22 23.2244 4.8
      vertex 15 23.2244 4.8
    endloop
  endfacet
  facet normal -1 0 0
    outer loop
      vertex 22 23.2244 0
      vertex 22 21.0244 0
      vertex 22 21.0244 4.8
    endloop
  endfacet
  facet normal -1 0 0
    outer loop
      vertex 22 23.2244 0
      vertex 22 21.0244 4.8
      vertex 22 23.2244 4.8
    endloop
  endfacet
  facet normal 0 1 0
    outer loop
      vertex 22 21.0244 0
      vertex 15 21.0244 0
      vertex 15 21.0244 4.8
    endloop
  endfacet
  facet normal 0 1 -0
    outer loop
      vertex 22 21.0244 0
      vertex 15 21.0244 4.8
      vertex 22 21.0244 4.8
    endloop
  endfacet
  facet normal 1 0 0
    outer loop
      vertex 15 21.0244 0
      vertex 15 23.2244 0
      vertex 15 23.2244 4.8
    endloop
  endfacet
  facet normal 1 0 0
    outer loop
      vertex 15 21.0244 0
      vertex 15 23.2244 4.8
      vertex 15 21.0244 4.8
    endloop
  endfacet
  facet normal 0 0 1
    outer loop
      vertex 22.9526 59.0474 0
      vertex 24.5474 51.8852 0
      vertex 26.4526 52.9852 0
    endloop
  endfacet
  facet normal 0 0 1
    outer loop
      vertex 22.9526 59.0474 0
      vertex 21.0474 57.9474 0
      vertex 24.5474 51.8852 0
    endloop
  endfacet
  facet normal 0 0 -1
    outer loop
      vertex 22.9526 59.0474 4.8
      vertex 26.4526 52.9852 4.8
      vertex 24.5474 51.8852 4.8
    endloop
  endfacet
  facet normal 0 -0 -1
    outer loop
      vertex 22.9526 59.0474 4.8
      vertex 24.5474 51.8852 4.8
      vertex 21.0474 57.9474 4.8
    endloop
  endfacet
  facet normal -0.866026 -0.499999 0
    outer loop
      vertex 22.9526 59.0474 0
      vertex 26.4526 52.9852 0
      vertex 26.4526 52.9852 4.8
    endloop
  endfacet
  facet normal -0.866026 -0.499999 0
    outer loop
      vertex 22.9526 59.0474 0
      vertex 26.4526 52.9852 4.8
      vertex 22.9526 59.0474 4.8
    endloop
  endfacet
  facet normal -0.499999 0.866026 0
    outer loop
      vertex 26.4526 52.9852 0
      vertex 24.5474 51.8852 0
      vertex 24.5474 51.8852 4.8
    endloop
  endfacet
  facet normal -0.499999 0.866026 0
    outer loop
      vertex 26.4526 52.9852 0
      vertex 24.5474 51.8852 4.8
      vertex 26.4526 52.9852 4.8
    endloop
  endfacet
  facet normal 0.866026 0.499999 0
    outer loop
      vertex 24.5474 51.8852 0
      vertex 21.0474 57.9474 0
      vertex 21.0474 57.9474 4.8
    endloop
  endfacet
  facet normal 0.866026 0.499999 -0
    outer loop
      vertex 24.5474 51.8852 0
      vertex 21.0474 57.9474 4.8
      vertex 24.5474 51.8852 4.8
    endloop
  endfacet
  facet normal 0.499999 -0.866026 0
    outer loop
      vertex 21.0474 57.9474 0
      vertex 22.9526 59.0474 0
      vertex 22.9526 59.0474 4.8
    endloop
  endfacet
  facet normal 0.499999 -0.866026 0
    outer loop
      vertex 21.0474 57.9474 0
      vertex 22.9526 59.0474 4.8
      vertex 21.0474 57.9474 4.8
    endloop
  endfacet
  facet normal 0 0 1
    outer loop
      vertex 64.9526 95.4205 0
      vertex 66.5474 88.2583 0
      vertex 68.4526 89.3583 0
    endloop
  endfacet
  facet normal 0 0 1
    outer loop
      vertex 64.9526 95.4205 0
      vertex 63.0474 94.3205 0
      vertex 66.5474 88.2583 0
    endloop
  endfacet
  facet normal 0 0 -1
    outer loop
      vertex 64.9526 95.4205 4.8
      vertex 68.4526 89.3583 4.8
      vertex 66.5474 88.2583 4.8
    endloop
  endfacet
  facet normal 0 -0 -1
    outer loop
      vertex 64.9526 95.4205 4.8
      vertex 66.5474 88.2583 4.8
      vertex 63.0474 94.3205 4.8
    endloop
  endfacet
  facet normal -0.866026 -0.499999 0
    outer loop
      vertex 64.9526 95.4205 0
      vertex 68.4526 89.3583 0
      vertex 68.4526 89.3583 4.8
    endloop
  endfacet
  facet normal -0.866026 -0.499999 0
    outer loop
      vertex 64.9526 95.4205 0
      vertex 68.4526 89.3583 4.8
      vertex 64.9526 95.4205 4.8
    endloop
  endfacet
  facet normal -0.499999 0.866026 0
    outer loop
      vertex 68.4526 89.3583 0
      vertex 66.5474 88.2583 0
      vertex 66.5474 88.2583 4.8
    endloop
  endfacet
  facet normal -0.499999 0.866026 0
    outer loop
      vertex 68.4526 89.3583 0
      vertex 66.5474 88.2583 4.8
      vertex 68.4526 89.3583 4.8
    endloop
  endfacet
  facet normal 0.866026 0.499999 0
    outer loop
      vertex 66.5474 88.2583 0
      vertex 63.0474 94.3205 0
      vertex 63.0474 94.3205 4.8
    endloop
  endfacet
  facet normal 0.866026 0.499999 -0
    outer loop
      vertex 66.5474 88.2583 0
      vertex 63.0474 94.3205 4.8
      vertex 66.5474 88.2583 4.8
    endloop
  endfacet
  facet normal 0.499999 -0.866026 0
    outer loop
      vertex 63.0474 94.3205 0
      vertex 64.9526 95.4205 0
      vertex 64.9526 95.4205 4.8
    endloop
  endfacet
  facet normal 0.499999 -0.866026 0
    outer loop
      vertex 63.0474 94.3205 0
      vertex 64.9526 95.4205 4.8
      vertex 63.0474 94.3205 4.8
    endloop
  endfacet
  facet normal 0 0 1
    outer loop
      vertex 64.9526 22.6744 0
      vertex 66.5474 15.5122 0
      vertex 68.4526 16.6122 0
    endloop
  endfacet
  facet normal 0 0 1
    outer loop
      vertex 64.9526 22.6744 0
      vertex 63.0474 21.5744 0
      vertex 66.5474 15.5122 0
    endloop
  endfacet
  facet normal 0 0 -1
    outer loop
      vertex 64.9526 22.6744 4.8
      vertex 68.4526 16.6122 4.8
      vertex 66.5474 15.5122 4.8
    endloop
  endfacet
  facet normal 0 -0 -1
    outer loop
      vertex 64.9526 22.6744 4.8
      vertex 66.5474 15.5122 4.8
      vertex 63.0474 21.5744 4.8
    endloop
  endfacet
  facet normal -0.866026 -0.499999 0
    outer loop
      vertex 64.9526 22.6744 0
      vertex 68.4526 16.6122 0
      vertex 68.4526 16.6122 4.8
    endloop
  endfacet
  facet normal -0.866026 -0.499999 0
    outer loop
      vertex 64.9526 22.6744 0
      vertex 68.4526 16.6122 4.8
      vertex 64.9526 22.6744 4.8
    endloop
  endfacet
  facet normal -0.499999 0.866026 0
    outer loop
      vertex 68.4526 16.6122 0
      vertex 66.5474 15.5122 0
      vertex 66.5474 15.5122 4.8
    endloop
  endfacet
  facet normal -0.499999 0.866026 0
    outer loop
      vertex 68.4526 16.6122 0
      vertex 66.5474 15.5122 4.8
      vertex 68.4526 16.6122 4.8
    endloop
  endfacet
  facet normal 0.866026 0.499999 0
    outer loop
      vertex 66.5474 15.5122 0
      vertex 63.0474 21.5744 0
      vertex 63.0474 21.5744 4.8
    endloop
  endfacet
  facet normal 0.866026 0.499999 -0
    outer loop
      vertex 66.5474 15.5122 0
      vertex 63.0474 21.5744 4.8
      vertex 66.5474 15.5122 4.8
    endloop
  endfacet
  facet normal 0.499999 -0.866026 0
    outer loop
      vertex 63.0474 21.5744 0
      vertex 64.9526 22.6744 0
      vertex 64.9526 22.6744 4.8
    endloop
  endfacet
  facet normal 0.499999 -0.866026 0
    outer loop
      vertex 63.0474 21.5744 0
      vertex 64.9526 22.6744 4.8
      vertex 63.0474 21.5744 4.8
    endloop
  endfacet
  facet normal -0 0 1
    outer loop
      vertex 46.5 17.1622 0
      vertex 53.5 14.9622 0
      vertex 53.5 17.1622 0
    endloop
  endfacet
  facet normal 0 0 1
    outer loop
      vertex 46.5 17.1622 0
      vertex 46.5 14.9622 0
      vertex 53.5 14.9622 0
    endloop
  endfacet
  facet normal 0 0 -1
    outer loop
      vertex 46.5 17.1622 4.8
      vertex 53.5 17.1622 4.8
      vertex 53.5 14.9622 4.8
    endloop
  endfacet
  facet normal 0 0 -1
    outer loop
      vertex 46.5 17.1622 4.8
      vertex 53.5 14.9622 4.8
      vertex 46.5 14.9622 4.8
    endloop
  endfacet
  facet normal 0 -1 0
    outer loop
      vertex 46.5 17.1622 0
      vertex 53.5 17.1622 0
      vertex 53.5 17.1622 4.8
    endloop
  endfacet
  facet normal 0 -1 0
    outer loop
      vertex 46.5 17.1622 0
      vertex 53.5 17.1622 4.8
      vertex 46.5 17.1622 4.8
    endloop
  endfacet
  facet normal -1 0 0
    outer loop
      vertex 53.5 17.1622 0
      vertex 53.5 14.9622 0
      vertex 53.5 14.9622 4.8
    endloop
  endfacet
  facet normal -1 0 0
    outer loop
      vertex 53.5 17.1622 0
      vertex 53.5 14.9622 4.8
      vertex 53.5 17.1622 4.8
    endloop
  endfacet
  facet normal 0 1 0
    outer loop
      vertex 53.5 14.9622 0
      vertex 46.5 14.9622 0
      vertex 46.5 14.9622 4.8
    endloop
  endfacet
  facet normal 0 1 -0
    outer loop
      vertex 53.5 14.9622 0
      vertex 46.5 14.9622 4.8
      vertex 53.5 14.9622 4.8
    endloop
  endfacet
  facet normal 1 0 0
    outer loop
      vertex 46.5 14.9622 0
      vertex 46.5 17.1622 0
      vertex 46.5 17.1622 4.8
    endloop
  endfacet
  facet normal 1 0 0
    outer loop
      vertex 46.5 14.9622 0
      vertex 46.5 17.1622 4.8
      vertex 46.5 14.9622 4.8
    endloop
  endfacet
  facet normal -0 0 1
    outer loop
      vertex 78 47.4731 0
      vertex 85 45.2731 0
      vertex 85 47.4731 0
    endloop
  endfacet
  facet normal 0 0 1
    outer loop
      vertex 78 47.4731 0
      vertex 78 45.2731 0
      vertex 85 45.2731 0
    endloop
  endfacet
  facet normal 0 0 -1
    outer loop
      vertex 78 47.4731 4.8
      vertex 85 47.4731 4.8
      vertex 85 45.2731 4.8
    endloop
  endfacet
  facet normal 0 0 -1
    outer loop
      vertex 78 47.4731 4.8
      vertex 85 45.2731 4.8
      vertex 78 45.2731 4.8
    endloop
  endfacet
  facet normal 0 -1 0
    outer loop
      vertex 78 47.4731 0
      vertex 85 47.4731 0
      vertex 85 47.4731 4.8
    endloop
  endfacet
  facet normal 0 -1 0
    outer loop
      vertex 78 47.4731 0
      vertex 85 47.4731 4.8
      vertex 78 47.4731 4.8
    endloop
  endfacet
  facet normal -1 0 0
    outer loop
      vertex 85 47.4731 0
      vertex 85 45.2731 0
      vertex 85 45.2731 4.8
    endloop
  endfacet
  facet normal -1 0 0
    outer loop
      vertex 85 47.4731 0
      vertex 85 45.2731 4.8
      vertex 85 47.4731 4.8
    endloop
  endfacet
  facet normal 0 1 0
    outer loop
      vertex 85 45.2731 0
      vertex 78 45.2731 0
      vertex 78 45.2731 4.8
    endloop
  endfacet
  facet normal 0 1 -0
    outer loop
      vertex 85 45.2731 0
      vertex 78 45.2731 4.8
      vertex 85 45.2731 4.8
    endloop
  endfacet
  facet normal 1 0 0
    outer loop
      vertex 78 45.2731 0
      vertex 78 47.4731 0
      vertex 78 47.4731 4.8
    endloop
  endfacet
  facet normal 1 0 0
    outer loop
      vertex 78 45.2731 0
      vertex 78 47.4731 4.8
      vertex 78 45.2731 4.8
    endloop
  endfacet
  facet normal -0 0 1
    outer loop
      vertex 15 71.7218 0
      vertex 22 69.5218 0
      vertex 22 71.7218 0
    endloop
  endfacet
  facet normal 0 0 1
    outer loop
      vertex 15 71.7218 0
      vertex 15 69.5218 0
      vertex 22 69.5218 0
    endloop
  endfacet
  facet normal 0 0 -1
    outer loop
      vertex 15 71.7218 4.8
      vertex 22 71.7218 4.8
      vertex 22 69.5218 4.8
    endloop
  endfacet
  facet normal 0 0 -1
    outer loop
      vertex 15 71.7218 4.8
      vertex 22 69.5218 4.8
      vertex 15 69.5218 4.8
    endloop
  endfacet
  facet normal 0 -1 0
    outer loop
      vertex 15 71.7218 0
      vertex 22 71.7218 0
      vertex 22 71.7218 4.8
    endloop
  endfacet
  facet normal 0 -1 0
    outer loop
      vertex 15 71.7218 0
      vertex 22 71.7218 4.8
      vertex 15 71.7218 4.8
    endloop
  endfacet
  facet normal -1 0 0
    outer loop
      vertex 22 71.7218 0
      vertex 22 69.5218 0
      vertex 22 69.5218 4.8
    endloop
  endfacet
  facet normal -1 0 0
    outer loop
      vertex 22 71.7218 0
      vertex 22 69.5218 4.8
      vertex 22 71.7218 4.8
    endloop
  endfacet
  facet normal 0 1 0
    outer loop
      vertex 22 69.5218 0
      vertex 15 69.5218 0
      vertex 15 69.5218 4.8
    endloop
  endfacet
  facet normal 0 1 -0
    outer loop
      vertex 22 69.5218 0
      vertex 15 69.5218 4.8
      vertex 22 69.5218 4.8
    endloop
  endfacet
  facet normal 1 0 0
    outer loop
      vertex 15 69.5218 0
      vertex 15 71.7218 0
      vertex 15 71.7218 4.8
    endloop
  endfacet
  facet normal 1 0 0
    outer loop
      vertex 15 69.5218 0
      vertex 15 71.7218 4.8
      vertex 15 69.5218 4.8
    endloop
  endfacet
endsolid honey_front_segment_panel_107_4mm
