solid honey_side_panel_182_5mm
  facet normal 0 0 -1
    outer loop
      vertex 0 0 0
      vertex 182.5 10 0
      vertex 182.5 0 0
    endloop
  endfacet
  facet normal 0 0 -1
    outer loop
      vertex 0 0 0
      vertex 0 10 0
      vertex 182.5 10 0
    endloop
  endfacet
  facet normal 0 0 1
    outer loop
      vertex 0 0 2.4
      vertex 182.5 0 2.4
      vertex 182.5 10 2.4
    endloop
  endfacet
  facet normal 0 0 1
    outer loop
      vertex 0 0 2.4
      vertex 182.5 10 2.4
      vertex 0 10 2.4
    endloop
  endfacet
  facet normal 0 -1 0
    outer loop
      vertex 0 0 0
      vertex 182.5 0 0
      vertex 182.5 0 2.4
    endloop
  endfacet
  facet normal 0 -1 0
    outer loop
      vertex 0 0 0
      vertex 182.5 0 2.4
      vertex 0 0 2.4
    endloop
  endfacet
  facet normal 1 0 0
    outer loop
      vertex 182.5 0 0
      vertex 182.5 10 0
      vertex 182.5 10 2.4
    endloop
  endfacet
  facet normal 1 0 0
    outer loop
      vertex 182.5 0 0
      vertex 182.5 10 2.4
      vertex 182.5 0 2.4
    endloop
  endfacet
  facet normal 0 1 0
    outer loop
      vertex 182.5 10 0
      vertex 0 10 0
      vertex 0 10 2.4
    endloop
  endfacet
  facet normal 0 1 -0
    outer loop
      vertex 182.5 10 0
      vertex 0 10 2.4
      vertex 182.5 10 2.4
    endloop
  endfacet
  facet normal -1 0 0
    outer loop
      vertex 0 10 0
      vertex 0 0 0
      vertex 0 0 2.4
    endloop
  endfacet
  facet normal -1 0 0
    outer loop
      vertex 0 10 0
      vertex 0 0 2.4
      vertex 0 10 2.4
    endloop
  endfacet
  facet normal 0 0 -1
    outer loop
      vertex 0 95 0
      vertex 182.5 105 0
      vertex 182.5 95 0
    endloop
  endfacet
  facet normal 0 0 -1
    outer loop
      vertex 0 95 0
      vertex 0 105 0
      vertex 182.5 105 0
    endloop
  endfacet
  facet normal 0 0 1
    outer loop
      vertex 0 95 2.4
      vertex 182.5 95 2.4
      vertex 182.5 105 2.4
    endloop
  endfacet
  facet normal 0 0 1
    outer loop
      vertex 0 95 2.4
      vertex 182.5 105 2.4
      vertex 0 105 2.4
    endloop
  endfacet
  facet normal 0 -1 0
    outer loop
      vertex 0 95 0
      vertex 182.5 95 0
      vertex 182.5 95 2.4
    endloop
  endfacet
  facet normal 0 -1 0
    outer loop
      vertex 0 95 0
      vertex 182.5 95 2.4
      vertex 0 95 2.4
    endloop
  endfacet
  facet normal 1 0 0
    outer loop
      vertex 182.5 95 0
      vertex 182.5 105 0
      vertex 182.5 105 2.4
    endloop
  endfacet
  facet normal 1 0 0
    outer loop
      vertex 182.5 95 0
      vertex 182.5 105 2.4
      vertex 182.5 95 2.4
    endloop
  endfacet
  facet normal 0 1 0
    outer loop
      vertex 182.5 105 0
      vertex 0 105 0
      vertex 0 105 2.4
    endloop
  endfacet
  facet normal 0 1 -0
    outer loop
      vertex 182.5 105 0
      vertex 0 105 2.4
      vertex 182.5 105 2.4
    endloop
  endfacet
  facet normal -1 0 0
    outer loop
      vertex 0 105 0
      vertex 0 95 0
      vertex 0 95 2.4
    endloop
  endfacet
  facet normal -1 0 0
    outer loop
      vertex 0 105 0
      vertex 0 95 2.4
      vertex 0 105 2.4
    endloop
  endfacet
  facet normal 0 0 -1
    outer loop
      vertex 0 10 0
      vertex 8 95 0
      vertex 8 10 0
    endloop
  endfacet
  facet normal 0 0 -1
    outer loop
      vertex 0 10 0
      vertex 0 95 0
      vertex 8 95 0
    endloop
  endfacet
  facet normal 0 0 1
    outer loop
      vertex 0 10 2.4
      vertex 8 10 2.4
      vertex 8 95 2.4
    endloop
  endfacet
  facet normal 0 0 1
    outer loop
      vertex 0 10 2.4
      vertex 8 95 2.4
      vertex 0 95 2.4
    endloop
  endfacet
  facet normal 0 -1 0
    outer loop
      vertex 0 10 0
      vertex 8 10 0
      vertex 8 10 2.4
    endloop
  endfacet
  facet normal 0 -1 0
    outer loop
      vertex 0 10 0
      vertex 8 10 2.4
      vertex 0 10 2.4
    endloop
  endfacet
  facet normal 1 0 0
    outer loop
      vertex 8 10 0
      vertex 8 95 0
      vertex 8 95 2.4
    endloop
  endfacet
  facet normal 1 0 0
    outer loop
      vertex 8 10 0
      vertex 8 95 2.4
      vertex 8 10 2.4
    endloop
  endfacet
  facet normal 0 1 0
    outer loop
      vertex 8 95 0
      vertex 0 95 0
      vertex 0 95 2.4
    endloop
  endfacet
  facet normal 0 1 -0
    outer loop
      vertex 8 95 0
      vertex 0 95 2.4
      vertex 8 95 2.4
    endloop
  endfacet
  facet normal -1 0 0
    outer loop
      vertex 0 95 0
      vertex 0 10 0
      vertex 0 10 2.4
    endloop
  endfacet
  facet normal -1 0 0
    outer loop
      vertex 0 95 0
      vertex 0 10 2.4
      vertex 0 95 2.4
    endloop
  endfacet
  facet normal 0 0 -1
    outer loop
      vertex 174.5 10 0
      vertex 182.5 95 0
      vertex 182.5 10 0
    endloop
  endfacet
  facet normal 0 0 -1
    outer loop
      vertex 174.5 10 0
      vertex 174.5 95 0
      vertex 182.5 95 0
    endloop
  endfacet
  facet normal 0 0 1
    outer loop
      vertex 174.5 10 2.4
      vertex 182.5 10 2.4
      vertex 182.5 95 2.4
    endloop
  endfacet
  facet normal 0 0 1
    outer loop
      vertex 174.5 10 2.4
      vertex 182.5 95 2.4
      vertex 174.5 95 2.4
    endloop
  endfacet
  facet normal 0 -1 0
    outer loop
      vertex 174.5 10 0
      vertex 182.5 10 0
      vertex 182.5 10 2.4
    endloop
  endfacet
  facet normal 0 -1 0
    outer loop
      vertex 174.5 10 0
      vertex 182.5 10 2.4
      vertex 174.5 10 2.4
    endloop
  endfacet
  facet normal 1 0 0
    outer loop
      vertex 182.5 10 0
      vertex 182.5 95 0
      vertex 182.5 95 2.4
    endloop
  endfacet
  facet normal 1 0 0
    outer loop
      vertex 182.5 10 0
      vertex 182.5 95 2.4
      vertex 182.5 10 2.4
    endloop
  endfacet
  facet normal 0 1 0
    outer loop
      vertex 182.5 95 0
      vertex 174.5 95 0
      vertex 174.5 95 2.4
    endloop
  endfacet
  facet normal 0 1 -0
    outer loop
      vertex 182.5 95 0
      vertex 174.5 95 2.4
      vertex 182.5 95 2.4
    endloop
  endfacet
  facet normal -1 0 0
    outer loop
      vertex 174.5 95 0
      vertex 174.5 10 0
      vertex 174.5 10 2.4
    endloop
  endfacet
  facet normal -1 0 0
    outer loop
      vertex 174.5 95 0
      vertex 174.5 10 2.4
      vertex 174.5 95 2.4
    endloop
  endfacet
  facet normal 0 0 1
    outer loop
      vertex 91.7206 66.7417 0
      vertex 99.7794 77.1 0
      vertex 98.2206 78 0
    endloop
  endfacet
  facet normal -0 0 1
    outer loop
      vertex 91.7206 66.7417 0
      vertex 93.2794 65.8417 0
      vertex 99.7794 77.1 0
    endloop
  endfacet
  facet normal 0 0 -1
    outer loop
      vertex 91.7206 66.7417 2.4
      vertex 98.2206 78 2.4
      vertex 99.7794 77.1 2.4
    endloop
  endfacet
  facet normal 0 0 -1
    outer loop
      vertex 91.7206 66.7417 2.4
      vertex 99.7794 77.1 2.4
      vertex 93.2794 65.8417 2.4
    endloop
  endfacet
  facet normal 0.866025 -0.500001 0
    outer loop
      vertex 91.7206 66.7417 0
      vertex 98.2206 78 0
      vertex 98.2206 78 2.4
    endloop
  endfacet
  facet normal 0.866025 -0.500001 0
    outer loop
      vertex 91.7206 66.7417 0
      vertex 98.2206 78 2.4
      vertex 91.7206 66.7417 2.4
    endloop
  endfacet
  facet normal -0.500001 -0.866025 0
    outer loop
      vertex 98.2206 78 0
      vertex 99.7794 77.1 0
      vertex 99.7794 77.1 2.4
    endloop
  endfacet
  facet normal -0.500001 -0.866025 0
    outer loop
      vertex 98.2206 78 0
      vertex 99.7794 77.1 2.4
      vertex 98.2206 78 2.4
    endloop
  endfacet
  facet normal -0.866025 0.500001 0
    outer loop
      vertex 99.7794 77.1 0
      vertex 93.2794 65.8417 0
      vertex 93.2794 65.8417 2.4
    endloop
  endfacet
  facet normal -0.866025 0.500001 0
    outer loop
      vertex 99.7794 77.1 0
      vertex 93.2794 65.8417 2.4
      vertex 99.7794 77.1 2.4
    endloop
  endfacet
  facet normal 0.500001 0.866025 0
    outer loop
      vertex 93.2794 65.8417 0
      vertex 91.7206 66.7417 0
      vertex 91.7206 66.7417 2.4
    endloop
  endfacet
  facet normal 0.500001 0.866025 -0
    outer loop
      vertex 93.2794 65.8417 0
      vertex 91.7206 66.7417 2.4
      vertex 93.2794 65.8417 2.4
    endloop
  endfacet
  facet normal 0 0 1
    outer loop
      vertex 111.221 55.4833 0
      vertex 119.279 65.8417 0
      vertex 117.721 66.7417 0
    endloop
  endfacet
  facet normal -0 0 1
    outer loop
      vertex 111.221 55.4833 0
      vertex 112.779 54.5833 0
      vertex 119.279 65.8417 0
    endloop
  endfacet
  facet normal 0 0 -1
    outer loop
      vertex 111.221 55.4833 2.4
      vertex 117.721 66.7417 2.4
      vertex 119.279 65.8417 2.4
    endloop
  endfacet
  facet normal 0 0 -1
    outer loop
      vertex 111.221 55.4833 2.4
      vertex 119.279 65.8417 2.4
      vertex 112.779 54.5833 2.4
    endloop
  endfacet
  facet normal 0.866027 -0.499998 0
    outer loop
      vertex 111.221 55.4833 0
      vertex 117.721 66.7417 0
      vertex 117.721 66.7417 2.4
    endloop
  endfacet
  facet normal 0.866027 -0.499998 0
    outer loop
      vertex 111.221 55.4833 0
      vertex 117.721 66.7417 2.4
      vertex 111.221 55.4833 2.4
    endloop
  endfacet
  facet normal -0.499998 -0.866027 0
    outer loop
      vertex 117.721 66.7417 0
      vertex 119.279 65.8417 0
      vertex 119.279 65.8417 2.4
    endloop
  endfacet
  facet normal -0.499998 -0.866027 0
    outer loop
      vertex 117.721 66.7417 0
      vertex 119.279 65.8417 2.4
      vertex 117.721 66.7417 2.4
    endloop
  endfacet
  facet normal -0.866027 0.499998 0
    outer loop
      vertex 119.279 65.8417 0
      vertex 112.779 54.5833 0
      vertex 112.779 54.5833 2.4
    endloop
  endfacet
  facet normal -0.866027 0.499998 0
    outer loop
      vertex 119.279 65.8417 0
      vertex 112.779 54.5833 2.4
      vertex 119.279 65.8417 2.4
    endloop
  endfacet
  facet normal 0.499998 0.866027 0
    outer loop
      vertex 112.779 54.5833 0
      vertex 111.221 55.4833 0
      vertex 111.221 55.4833 2.4
    endloop
  endfacet
  facet normal 0.499998 0.866027 -0
    outer loop
      vertex 112.779 54.5833 0
      vertex 111.221 55.4833 2.4
      vertex 112.779 54.5833 2.4
    endloop
  endfacet
  facet normal 0 0 1
    outer loop
      vertex 150.221 32.9667 0
      vertex 158.279 43.325 0
      vertex 156.721 44.225 0
    endloop
  endfacet
  facet normal -0 0 1
    outer loop
      vertex 150.221 32.9667 0
      vertex 151.779 32.0667 0
      vertex 158.279 43.325 0
    endloop
  endfacet
  facet normal 0 0 -1
    outer loop
      vertex 150.221 32.9667 2.4
      vertex 156.721 44.225 2.4
      vertex 158.279 43.325 2.4
    endloop
  endfacet
  facet normal 0 0 -1
    outer loop
      vertex 150.221 32.9667 2.4
      vertex 158.279 43.325 2.4
      vertex 151.779 32.0667 2.4
    endloop
  endfacet
  facet normal 0.866025 -0.500001 0
    outer loop
      vertex 150.221 32.9667 0
      vertex 156.721 44.225 0
      vertex 156.721 44.225 2.4
    endloop
  endfacet
  facet normal 0.866025 -0.500001 0
    outer loop
      vertex 150.221 32.9667 0
      vertex 156.721 44.225 2.4
      vertex 150.221 32.9667 2.4
    endloop
  endfacet
  facet normal -0.500001 -0.866025 0
    outer loop
      vertex 156.721 44.225 0
      vertex 158.279 43.325 0
      vertex 158.279 43.325 2.4
    endloop
  endfacet
  facet normal -0.500001 -0.866025 0
    outer loop
      vertex 156.721 44.225 0
      vertex 158.279 43.325 2.4
      vertex 156.721 44.225 2.4
    endloop
  endfacet
  facet normal -0.866025 0.500001 0
    outer loop
      vertex 158.279 43.325 0
      vertex 151.779 32.0667 0
      vertex 151.779 32.0667 2.4
    endloop
  endfacet
  facet normal -0.866025 0.500001 0
    outer loop
      vertex 158.279 43.325 0
      vertex 151.779 32.0667 2.4
      vertex 158.279 43.325 2.4
    endloop
  endfacet
  facet normal 0.500001 0.866025 0
    outer loop
      vertex 151.779 32.0667 0
      vertex 150.221 32.9667 0
      vertex 150.221 32.9667 2.4
    endloop
  endfacet
  facet normal 0.500001 0.866025 -0
    outer loop
      vertex 151.779 32.0667 0
      vertex 150.221 32.9667 2.4
      vertex 151.779 32.0667 2.4
    endloop
  endfacet
  facet normal -0 0 1
    outer loop
      vertex 8 89.7083 0
      vertex 14.5 87.9083 0
      vertex 14.5 89.7083 0
    endloop
  endfacet
  facet normal 0 0 1
    outer loop
      vertex 8 89.7083 0
      vertex 8 87.9083 0
      vertex 14.5 87.9083 0
    endloop
  endfacet
  facet normal 0 0 -1
    outer loop
      vertex 8 89.7083 2.4
      vertex 14.5 89.7083 2.4
      vertex 14.5 87.9083 2.4
    endloop
  endfacet
  facet normal 0 0 -1
    outer loop
      vertex 8 89.7083 2.4
      vertex 14.5 87.9083 2.4
      vertex 8 87.9083 2.4
    endloop
  endfacet
  facet normal 0 -1 0
    outer loop
      vertex 8 89.7083 0
      vertex 14.5 89.7083 0
      vertex 14.5 89.7083 2.4
    endloop
  endfacet
  facet normal 0 -1 0
    outer loop
      vertex 8 89.7083 0
      vertex 14.5 89.7083 2.4
      vertex 8 89.7083 2.4
    endloop
  endfacet
  facet normal -1 0 0
    outer loop
      vertex 14.5 89.7083 0
      vertex 14.5 87.9083 0
      vertex 14.5 87.9083 2.4
    endloop
  endfacet
  facet normal -1 0 0
    outer loop
      vertex 14.5 89.7083 0
      vertex 14.5 87.9083 2.4
      vertex 14.5 89.7083 2.4
    endloop
  endfacet
  facet normal 0 1 0
    outer loop
      vertex 14.5 87.9083 0
      vertex 8 87.9083 0
      vertex 8 87.9083 2.4
    endloop
  endfacet
  facet normal 0 1 -0
    outer loop
      vertex 14.5 87.9083 0
      vertex 8 87.9083 2.4
      vertex 14.5 87.9083 2.4
    endloop
  endfacet
  facet normal 1 0 0
    outer loop
      vertex 8 87.9083 0
      vertex 8 89.7083 0
      vertex 8 89.7083 2.4
    endloop
  endfacet
  facet normal 1 0 0
    outer loop
      vertex 8 87.9083 0
      vertex 8 89.7083 2.4
      vertex 8 87.9083 2.4
    endloop
  endfacet
  facet normal 0 0 1
    outer loop
      vertex 52.7206 44.225 0
      vertex 60.7794 54.5833 0
      vertex 59.2206 55.4833 0
    endloop
  endfacet
  facet normal -0 0 1
    outer loop
      vertex 52.7206 44.225 0
      vertex 54.2794 43.325 0
      vertex 60.7794 54.5833 0
    endloop
  endfacet
  facet normal 0 0 -1
    outer loop
      vertex 52.7206 44.225 2.4
      vertex 59.2206 55.4833 2.4
      vertex 60.7794 54.5833 2.4
    endloop
  endfacet
  facet normal 0 0 -1
    outer loop
      vertex 52.7206 44.225 2.4
      vertex 60.7794 54.5833 2.4
      vertex 54.2794 43.325 2.4
    endloop
  endfacet
  facet normal 0.866025 -0.500001 0
    outer loop
      vertex 52.7206 44.225 0
      vertex 59.2206 55.4833 0
      vertex 59.2206 55.4833 2.4
    endloop
  endfacet
  facet normal 0.866025 -0.500001 0
    outer loop
      vertex 52.7206 44.225 0
      vertex 59.2206 55.4833 2.4
      vertex 52.7206 44.225 2.4
    endloop
  endfacet
  facet normal -0.500001 -0.866025 0
    outer loop
      vertex 59.2206 55.4833 0
      vertex 60.7794 54.5833 0
      vertex 60.7794 54.5833 2.4
    endloop
  endfacet
  facet normal -0.500001 -0.866025 0
    outer loop
      vertex 59.2206 55.4833 0
      vertex 60.7794 54.5833 2.4
      vertex 59.2206 55.4833 2.4
    endloop
  endfacet
  facet normal -0.866025 0.500001 0
    outer loop
      vertex 60.7794 54.5833 0
      vertex 54.2794 43.325 0
      vertex 54.2794 43.325 2.4
    endloop
  endfacet
  facet normal -0.866025 0.500001 0
    outer loop
      vertex 60.7794 54.5833 0
      vertex 54.2794 43.325 2.4
      vertex 60.7794 54.5833 2.4
    endloop
  endfacet
  facet normal 0.500001 0.866025 0
    outer loop
      vertex 54.2794 43.325 0
      vertex 52.7206 44.225 0
      vertex 52.7206 44.225 2.4
    endloop
  endfacet
  facet normal 0.500001 0.866025 -0
    outer loop
      vertex 54.2794 43.325 0
      vertex 52.7206 44.225 2.4
      vertex 54.2794 43.325 2.4
    endloop
  endfacet
  facet normal 0 0 1
    outer loop
      vertex 150.221 78 0
      vertex 158.279 88.3583 0
      vertex 156.721 89.2583 0
    endloop
  endfacet
  facet normal -0 0 1
    outer loop
      vertex 150.221 78 0
      vertex 151.779 77.1 0
      vertex 158.279 88.3583 0
    endloop
  endfacet
  facet normal 0 0 -1
    outer loop
      vertex 150.221 78 2.4
      vertex 156.721 89.2583 2.4
      vertex 158.279 88.3583 2.4
    endloop
  endfacet
  facet normal 0 0 -1
    outer loop
      vertex 150.221 78 2.4
      vertex 158.279 88.3583 2.4
      vertex 151.779 77.1 2.4
    endloop
  endfacet
  facet normal 0.866025 -0.500001 0
    outer loop
      vertex 150.221 78 0
      vertex 156.721 89.2583 0
      vertex 156.721 89.2583 2.4
    endloop
  endfacet
  facet normal 0.866025 -0.500001 0
    outer loop
      vertex 150.221 78 0
      vertex 156.721 89.2583 2.4
      vertex 150.221 78 2.4
    endloop
  endfacet
  facet normal -0.500001 -0.866025 0
    outer loop
      vertex 156.721 89.2583 0
      vertex 158.279 88.3583 0
      vertex 158.279 88.3583 2.4
    endloop
  endfacet
  facet normal -0.500001 -0.866025 0
    outer loop
      vertex 156.721 89.2583 0
      vertex 158.279 88.3583 2.4
      vertex 156.721 89.2583 2.4
    endloop
  endfacet
  facet normal -0.866025 0.500001 0
    outer loop
      vertex 158.279 88.3583 0
      vertex 151.779 77.1 0
      vertex 151.779 77.1 2.4
    endloop
  endfacet
  facet normal -0.866025 0.500001 0
    outer loop
      vertex 158.279 88.3583 0
      vertex 151.779 77.1 2.4
      vertex 158.279 88.3583 2.4
    endloop
  endfacet
  facet normal 0.500001 0.866025 0
    outer loop
      vertex 151.779 77.1 0
      vertex 150.221 78 0
      vertex 150.221 78 2.4
    endloop
  endfacet
  facet normal 0.500001 0.866025 -0
    outer loop
      vertex 151.779 77.1 0
      vertex 150.221 78 2.4
      vertex 151.779 77.1 2.4
    endloop
  endfacet
  facet normal -0 0 1
    outer loop
      vertex 60 78.45 0
      vertex 73 76.65 0
      vertex 73 78.45 0
    endloop
  endfacet
  facet normal 0 0 1
    outer loop
      vertex 60 78.45 0
      vertex 60 76.65 0
      vertex 73 76.65 0
    endloop
  endfacet
  facet normal 0 0 -1
    outer loop
      vertex 60 78.45 2.4
      vertex 73 78.45 2.4
      vertex 73 76.65 2.4
    endloop
  endfacet
  facet normal 0 0 -1
    outer loop
      vertex 60 78.45 2.4
      vertex 73 76.65 2.4
      vertex 60 76.65 2.4
    endloop
  endfacet
  facet normal 0 -1 0
    outer loop
      vertex 60 78.45 0
      vertex 73 78.45 0
      vertex 73 78.45 2.4
    endloop
  endfacet
  facet normal 0 -1 0
    outer loop
      vertex 60 78.45 0
      vertex 73 78.45 2.4
      vertex 60 78.45 2.4
    endloop
  endfacet
  facet normal -1 0 0
    outer loop
      vertex 73 78.45 0
      vertex 73 76.65 0
      vertex 73 76.65 2.4
    endloop
  endfacet
  facet normal -1 0 0
    outer loop
      vertex 73 78.45 0
      vertex 73 76.65 2.4
      vertex 73 78.45 2.4
    endloop
  endfacet
  facet normal 0 1 0
    outer loop
      vertex 73 76.65 0
      vertex 60 76.65 0
      vertex 60 76.65 2.4
    endloop
  endfacet
  facet normal 0 1 -0
    outer loop
      vertex 73 76.65 0
      vertex 60 76.65 2.4
      vertex 73 76.65 2.4
    endloop
  endfacet
  facet normal 1 0 0
    outer loop
      vertex 60 76.65 0
      vertex 60 78.45 0
      vertex 60 78.45 2.4
    endloop
  endfacet
  facet normal 1 0 0
    outer loop
      vertex 60 76.65 0
      vertex 60 78.45 2.4
      vertex 60 76.65 2.4
    endloop
  endfacet
  facet normal 0 0 1
    outer loop
      vertex 76.7046 95.45 0
      vertex 78.7206 88.3583 0
      vertex 80.2794 89.2583 0
    endloop
  endfacet
  facet normal 0 0 1
    outer loop
      vertex 76.7046 95.45 0
      vertex 75.1458 94.55 0
      vertex 78.7206 88.3583 0
    endloop
  endfacet
  facet normal 0 0 -1
    outer loop
      vertex 76.7046 95.45 2.4
      vertex 80.2794 89.2583 2.4
      vertex 78.7206 88.3583 2.4
    endloop
  endfacet
  facet normal 0 -0 -1
    outer loop
      vertex 76.7046 95.45 2.4
      vertex 78.7206 88.3583 2.4
      vertex 75.1458 94.55 2.4
    endloop
  endfacet
  facet normal -0.866024 -0.500002 0
    outer loop
      vertex 76.7046 95.45 0
      vertex 80.2794 89.2583 0
      vertex 80.2794 89.2583 2.4
    endloop
  endfacet
  facet normal -0.866024 -0.500002 0
    outer loop
      vertex 76.7046 95.45 0
      vertex 80.2794 89.2583 2.4
      vertex 76.7046 95.45 2.4
    endloop
  endfacet
  facet normal -0.500002 0.866024 0
    outer loop
      vertex 80.2794 89.2583 0
      vertex 78.7206 88.3583 0
      vertex 78.7206 88.3583 2.4
    endloop
  endfacet
  facet normal -0.500002 0.866024 0
    outer loop
      vertex 80.2794 89.2583 0
      vertex 78.7206 88.3583 2.4
      vertex 80.2794 89.2583 2.4
    endloop
  endfacet
  facet normal 0.866024 0.500002 0
    outer loop
      vertex 78.7206 88.3583 0
      vertex 75.1458 94.55 0
      vertex 75.1458 94.55 2.4
    endloop
  endfacet
  facet normal 0.866024 0.500002 -0
    outer loop
      vertex 78.7206 88.3583 0
      vertex 75.1458 94.55 2.4
      vertex 78.7206 88.3583 2.4
    endloop
  endfacet
  facet normal 0.500002 -0.866024 0
    outer loop
      vertex 75.1458 94.55 0
      vertex 76.7046 95.45 0
      vertex 76.7046 95.45 2.4
    endloop
  endfacet
  facet normal 0.500002 -0.866024 0
    outer loop
      vertex 75.1458 94.55 0
      vertex 76.7046 95.45 2.4
      vertex 75.1458 94.55 2.4
    endloop
  endfacet
  facet normal -0 0 1
    outer loop
      vertex 21 78.45 0
      vertex 34 76.65 0
      vertex 34 78.45 0
    endloop
  endfacet
  facet normal 0 0 1
    outer loop
      vertex 21 78.45 0
      vertex 21 76.65 0
      vertex 34 76.65 0
    endloop
  endfacet
  facet normal 0 0 -1
    outer loop
      vertex 21 78.45 2.4
      vertex 34 78.45 2.4
      vertex 34 76.65 2.4
    endloop
  endfacet
  facet normal 0 0 -1
    outer loop
      vertex 21 78.45 2.4
      vertex 34 76.65 2.4
      vertex 21 76.65 2.4
    endloop
  endfacet
  facet normal 0 -1 0
    outer loop
      vertex 21 78.45 0
      vertex 34 78.45 0
      vertex 34 78.45 2.4
    endloop
  endfacet
  facet normal 0 -1 0
    outer loop
      vertex 21 78.45 0
      vertex 34 78.45 2.4
      vertex 21 78.45 2.4
    endloop
  endfacet
  facet normal -1 0 0
    outer loop
      vertex 34 78.45 0
      vertex 34 76.65 0
      vertex 34 76.65 2.4
    endloop
  endfacet
  facet normal -1 0 0
    outer loop
      vertex 34 78.45 0
      vertex 34 76.65 2.4
      vertex 34 78.45 2.4
    endloop
  endfacet
  facet normal 0 1 0
    outer loop
      vertex 34 76.65 0
      vertex 21 76.65 0
      vertex 21 76.65 2.4
    endloop
  endfacet
  facet normal 0 1 -0
    outer loop
      vertex 34 76.65 0
      vertex 21 76.65 2.4
      vertex 34 76.65 2.4
    endloop
  endfacet
  facet normal 1 0 0
    outer loop
      vertex 21 76.65 0
      vertex 21 78.45 0
      vertex 21 78.45 2.4
    endloop
  endfacet
  facet normal 1 0 0
    outer loop
      vertex 21 76.65 0
      vertex 21 78.45 2.4
      vertex 21 76.65 2.4
    endloop
  endfacet
  facet normal -0 0 1
    outer loop
      vertex 118.5 44.675 0
      vertex 131.5 42.875 0
      vertex 131.5 44.675 0
    endloop
  endfacet
  facet normal 0 0 1
    outer loop
      vertex 118.5 44.675 0
      vertex 118.5 42.875 0
      vertex 131.5 42.875 0
    endloop
  endfacet
  facet normal 0 0 -1
    outer loop
      vertex 118.5 44.675 2.4
      vertex 131.5 44.675 2.4
      vertex 131.5 42.875 2.4
    endloop
  endfacet
  facet normal 0 0 -1
    outer loop
      vertex 118.5 44.675 2.4
      vertex 131.5 42.875 2.4
      vertex 118.5 42.875 2.4
    endloop
  endfacet
  facet normal 0 -1 0
    outer loop
      vertex 118.5 44.675 0
      vertex 131.5 44.675 0
      vertex 131.5 44.675 2.4
    endloop
  endfacet
  facet normal 0 -1 0
    outer loop
      vertex 118.5 44.675 0
      vertex 131.5 44.675 2.4
      vertex 118.5 44.675 2.4
    endloop
  endfacet
  facet normal -1 0 0
    outer loop
      vertex 131.5 44.675 0
      vertex 131.5 42.875 0
      vertex 131.5 42.875 2.4
    endloop
  endfacet
  facet normal -1 0 0
    outer loop
      vertex 131.5 44.675 0
      vertex 131.5 42.875 2.4
      vertex 131.5 44.675 2.4
    endloop
  endfacet
  facet normal 0 1 0
    outer loop
      vertex 131.5 42.875 0
      vertex 118.5 42.875 0
      vertex 118.5 42.875 2.4
    endloop
  endfacet
  facet normal 0 1 -0
    outer loop
      vertex 131.5 42.875 0
      vertex 118.5 42.875 2.4
      vertex 131.5 42.875 2.4
    endloop
  endfacet
  facet normal 1 0 0
    outer loop
      vertex 118.5 42.875 0
      vertex 118.5 44.675 0
      vertex 118.5 44.675 2.4
    endloop
  endfacet
  facet normal 1 0 0
    outer loop
      vertex 118.5 42.875 0
      vertex 118.5 44.675 2.4
      vertex 118.5 42.875 2.4
    endloop
  endfacet
  facet normal -0 0 1
    outer loop
      vertex 8 67.1917 0
      vertex 14.5 65.3917 0
      vertex 14.5 67.1917 0
    endloop
  endfacet
  facet normal 0 0 1
    outer loop
      vertex 8 67.1917 0
      vertex 8 65.3917 0
      vertex 14.5 65.3917 0
    endloop
  endfacet
  facet normal 0 0 -1
    outer loop
      vertex 8 67.1917 2.4
      vertex 14.5 67.1917 2.4
      vertex 14.5 65.3917 2.4
    endloop
  endfacet
  facet normal 0 0 -1
    outer loop
      vertex 8 67.1917 2.4
      vertex 14.5 65.3917 2.4
      vertex 8 65.3917 2.4
    endloop
  endfacet
  facet normal 0 -1 0
    outer loop
      vertex 8 67.1917 0
      vertex 14.5 67.1917 0
      vertex 14.5 67.1917 2.4
    endloop
  endfacet
  facet normal 0 -1 0
    outer loop
      vertex 8 67.1917 0
      vertex 14.5 67.1917 2.4
      vertex 8 67.1917 2.4
    endloop
  endfacet
  facet normal -1 0 0
    outer loop
      vertex 14.5 67.1917 0
      vertex 14.5 65.3917 0
      vertex 14.5 65.3917 2.4
    endloop
  endfacet
  facet normal -1 0 0
    outer loop
      vertex 14.5 67.1917 0
      vertex 14.5 65.3917 2.4
      vertex 14.5 67.1917 2.4
    endloop
  endfacet
  facet normal 0 1 0
    outer loop
      vertex 14.5 65.3917 0
      vertex 8 65.3917 0
      vertex 8 65.3917 2.4
    endloop
  endfacet
  facet normal 0 1 -0
    outer loop
      vertex 14.5 65.3917 0
      vertex 8 65.3917 2.4
      vertex 14.5 65.3917 2.4
    endloop
  endfacet
  facet normal 1 0 0
    outer loop
      vertex 8 65.3917 0
      vertex 8 67.1917 0
      vertex 8 67.1917 2.4
    endloop
  endfacet
  facet normal 1 0 0
    outer loop
      vertex 8 65.3917 0
      vertex 8 67.1917 2.4
      vertex 8 65.3917 2.4
    endloop
  endfacet
  facet normal -0 0 1
    outer loop
      vertex 40.5 89.7083 0
      vertex 53.5 87.9083 0
      vertex 53.5 89.7083 0
    endloop
  endfacet
  facet normal 0 0 1
    outer loop
      vertex 40.5 89.7083 0
      vertex 40.5 87.9083 0
      vertex 53.5 87.9083 0
    endloop
  endfacet
  facet normal 0 0 -1
    outer loop
      vertex 40.5 89.7083 2.4
      vertex 53.5 89.7083 2.4
      vertex 53.5 87.9083 2.4
    endloop
  endfacet
  facet normal 0 0 -1
    outer loop
      vertex 40.5 89.7083 2.4
      vertex 53.5 87.9083 2.4
      vertex 40.5 87.9083 2.4
    endloop
  endfacet
  facet normal 0 -1 0
    outer loop
      vertex 40.5 89.7083 0
      vertex 53.5 89.7083 0
      vertex 53.5 89.7083 2.4
    endloop
  endfacet
  facet normal 0 -1 0
    outer loop
      vertex 40.5 89.7083 0
      vertex 53.5 89.7083 2.4
      vertex 40.5 89.7083 2.4
    endloop
  endfacet
  facet normal -1 0 0
    outer loop
      vertex 53.5 89.7083 0
      vertex 53.5 87.9083 0
      vertex 53.5 87.9083 2.4
    endloop
  endfacet
  facet normal -1 0 0
    outer loop
      vertex 53.5 89.7083 0
      vertex 53.5 87.9083 2.4
      vertex 53.5 89.7083 2.4
    endloop
  endfacet
  facet normal 0 1 0
    outer loop
      vertex 53.5 87.9083 0
      vertex 40.5 87.9083 0
      vertex 40.5 87.9083 2.4
    endloop
  endfacet
  facet normal 0 1 -0
    outer loop
      vertex 53.5 87.9083 0
      vertex 40.5 87.9083 2.4
      vertex 53.5 87.9083 2.4
    endloop
  endfacet
  facet normal 1 0 0
    outer loop
      vertex 40.5 87.9083 0
      vertex 40.5 89.7083 0
      vertex 40.5 89.7083 2.4
    endloop
  endfacet
  facet normal 1 0 0
    outer loop
      vertex 40.5 87.9083 0
      vertex 40.5 89.7083 2.4
      vertex 40.5 87.9083 2.4
    endloop
  endfacet
  facet normal 0 0 1
    outer loop
      vertex 111.221 10.45 0
      vertex 119.279 20.8083 0
      vertex 117.721 21.7083 0
    endloop
  endfacet
  facet normal -0 0 1
    outer loop
      vertex 111.221 10.45 0
      vertex 112.779 9.55 0
      vertex 119.279 20.8083 0
    endloop
  endfacet
  facet normal 0 0 -1
    outer loop
      vertex 111.221 10.45 2.4
      vertex 117.721 21.7083 2.4
      vertex 119.279 20.8083 2.4
    endloop
  endfacet
  facet normal 0 0 -1
    outer loop
      vertex 111.221 10.45 2.4
      vertex 119.279 20.8083 2.4
      vertex 112.779 9.55 2.4
    endloop
  endfacet
  facet normal 0.866025 -0.500001 0
    outer loop
      vertex 111.221 10.45 0
      vertex 117.721 21.7083 0
      vertex 117.721 21.7083 2.4
    endloop
  endfacet
  facet normal 0.866025 -0.500001 0
    outer loop
      vertex 111.221 10.45 0
      vertex 117.721 21.7083 2.4
      vertex 111.221 10.45 2.4
    endloop
  endfacet
  facet normal -0.500001 -0.866025 0
    outer loop
      vertex 117.721 21.7083 0
      vertex 119.279 20.8083 0
      vertex 119.279 20.8083 2.4
    endloop
  endfacet
  facet normal -0.500001 -0.866025 0
    outer loop
      vertex 117.721 21.7083 0
      vertex 119.279 20.8083 2.4
      vertex 117.721 21.7083 2.4
    endloop
  endfacet
  facet normal -0.866025 0.500001 0
    outer loop
      vertex 119.279 20.8083 0
      vertex 112.779 9.55 0
      vertex 112.779 9.55 2.4
    endloop
  endfacet
  facet normal -0.866025 0.500001 0
    outer loop
      vertex 119.279 20.8083 0
      vertex 112.779 9.55 2.4
      vertex 119.279 20.8083 2.4
    endloop
  endfacet
  facet normal 0.500001 0.866025 0
    outer loop
      vertex 112.779 9.55 0
      vertex 111.221 10.45 0
      vertex 111.221 10.45 2.4
    endloop
  endfacet
  facet normal 0.500001 0.866025 -0
    outer loop
      vertex 112.779 9.55 0
      vertex 111.221 10.45 2.4
      vertex 112.779 9.55 2.4
    endloop
  endfacet
  facet normal 0 0 1
    outer loop
      vertex 112.779 78 0
      vertex 117.721 65.8417 0
      vertex 119.279 66.7417 0
    endloop
  endfacet
  facet normal 0 0 1
    outer loop
      vertex 112.779 78 0
      vertex 111.221 77.1 0
      vertex 117.721 65.8417 0
    endloop
  endfacet
  facet normal 0 0 -1
    outer loop
      vertex 112.779 78 2.4
      vertex 119.279 66.7417 2.4
      vertex 117.721 65.8417 2.4
    endloop
  endfacet
  facet normal 0 -0 -1
    outer loop
      vertex 112.779 78 2.4
      vertex 117.721 65.8417 2.4
      vertex 111.221 77.1 2.4
    endloop
  endfacet
  facet normal -0.866025 -0.500001 0
    outer loop
      vertex 112.779 78 0
      vertex 119.279 66.7417 0
      vertex 119.279 66.7417 2.4
    endloop
  endfacet
  facet normal -0.866025 -0.500001 0
    outer loop
      vertex 112.779 78 0
      vertex 119.279 66.7417 2.4
      vertex 112.779 78 2.4
    endloop
  endfacet
  facet normal -0.500001 0.866025 0
    outer loop
      vertex 119.279 66.7417 0
      vertex 117.721 65.8417 0
      vertex 117.721 65.8417 2.4
    endloop
  endfacet
  facet normal -0.500001 0.866025 0
    outer loop
      vertex 119.279 66.7417 0
      vertex 117.721 65.8417 2.4
      vertex 119.279 66.7417 2.4
    endloop
  endfacet
  facet normal 0.866025 0.500001 0
    outer loop
      vertex 117.721 65.8417 0
      vertex 111.221 77.1 0
      vertex 111.221 77.1 2.4
    endloop
  endfacet
  facet normal 0.866025 0.500001 -0
    outer loop
      vertex 117.721 65.8417 0
      vertex 111.221 77.1 2.4
      vertex 117.721 65.8417 2.4
    endloop
  endfacet
  facet normal 0.500001 -0.866025 0
    outer loop
      vertex 111.221 77.1 0
      vertex 112.779 78 0
      vertex 112.779 78 2.4
    endloop
  endfacet
  facet normal 0.500001 -0.866025 0
    outer loop
      vertex 111.221 77.1 0
      vertex 112.779 78 2.4
      vertex 111.221 77.1 2.4
    endloop
  endfacet
  facet normal 0 0 1
    outer loop
      vertex 112.779 32.9667 0
      vertex 117.721 20.8083 0
      vertex 119.279 21.7083 0
    endloop
  endfacet
  facet normal 0 0 1
    outer loop
      vertex 112.779 32.9667 0
      vertex 111.221 32.0667 0
      vertex 117.721 20.8083 0
    endloop
  endfacet
  facet normal 0 0 -1
    outer loop
      vertex 112.779 32.9667 2.4
      vertex 119.279 21.7083 2.4
      vertex 117.721 20.8083 2.4
    endloop
  endfacet
  facet normal 0 -0 -1
    outer loop
      vertex 112.779 32.9667 2.4
      vertex 117.721 20.8083 2.4
      vertex 111.221 32.0667 2.4
    endloop
  endfacet
  facet normal -0.866027 -0.499998 0
    outer loop
      vertex 112.779 32.9667 0
      vertex 119.279 21.7083 0
      vertex 119.279 21.7083 2.4
    endloop
  endfacet
  facet normal -0.866027 -0.499998 0
    outer loop
      vertex 112.779 32.9667 0
      vertex 119.279 21.7083 2.4
      vertex 112.779 32.9667 2.4
    endloop
  endfacet
  facet normal -0.499998 0.866027 0
    outer loop
      vertex 119.279 21.7083 0
      vertex 117.721 20.8083 0
      vertex 117.721 20.8083 2.4
    endloop
  endfacet
  facet normal -0.499998 0.866027 0
    outer loop
      vertex 119.279 21.7083 0
      vertex 117.721 20.8083 2.4
      vertex 119.279 21.7083 2.4
    endloop
  endfacet
  facet normal 0.866027 0.499998 0
    outer loop
      vertex 117.721 20.8083 0
      vertex 111.221 32.0667 0
      vertex 111.221 32.0667 2.4
    endloop
  endfacet
  facet normal 0.866027 0.499998 -0
    outer loop
      vertex 117.721 20.8083 0
      vertex 111.221 32.0667 2.4
      vertex 117.721 20.8083 2.4
    endloop
  endfacet
  facet normal 0.499998 -0.866027 0
    outer loop
      vertex 111.221 32.0667 0
      vertex 112.779 32.9667 0
      vertex 112.779 32.9667 2.4
    endloop
  endfacet
  facet normal 0.499998 -0.866027 0
    outer loop
      vertex 111.221 32.0667 0
      vertex 112.779 32.9667 2.4
      vertex 111.221 32.0667 2.4
    endloop
  endfacet
  facet normal 0 0 1
    outer loop
      vertex 169.721 21.7083 0
      vertex 175.279 27.7365 0
      vertex 173.721 28.6365 0
    endloop
  endfacet
  facet normal -0 0 1
    outer loop
      vertex 169.721 21.7083 0
      vertex 171.279 20.8083 0
      vertex 175.279 27.7365 0
    endloop
  endfacet
  facet normal 0 0 -1
    outer loop
      vertex 169.721 21.7083 2.4
      vertex 173.721 28.6365 2.4
      vertex 175.279 27.7365 2.4
    endloop
  endfacet
  facet normal 0 0 -1
    outer loop
      vertex 169.721 21.7083 2.4
      vertex 175.279 27.7365 2.4
      vertex 171.279 20.8083 2.4
    endloop
  endfacet
  facet normal 0.866025 -0.5 0
    outer loop
      vertex 169.721 21.7083 0
      vertex 173.721 28.6365 0
      vertex 173.721 28.6365 2.4
    endloop
  endfacet
  facet normal 0.866025 -0.5 0
    outer loop
      vertex 169.721 21.7083 0
      vertex 173.721 28.6365 2.4
      vertex 169.721 21.7083 2.4
    endloop
  endfacet
  facet normal -0.5 -0.866025 0
    outer loop
      vertex 173.721 28.6365 0
      vertex 175.279 27.7365 0
      vertex 175.279 27.7365 2.4
    endloop
  endfacet
  facet normal -0.5 -0.866025 0
    outer loop
      vertex 173.721 28.6365 0
      vertex 175.279 27.7365 2.4
      vertex 173.721 28.6365 2.4
    endloop
  endfacet
  facet normal -0.866025 0.5 0
    outer loop
      vertex 175.279 27.7365 0
      vertex 171.279 20.8083 0
      vertex 171.279 20.8083 2.4
    endloop
  endfacet
  facet normal -0.866025 0.5 0
    outer loop
      vertex 175.279 27.7365 0
      vertex 171.279 20.8083 2.4
      vertex 175.279 27.7365 2.4
    endloop
  endfacet
  facet normal 0.5 0.866025 0
    outer loop
      vertex 171.279 20.8083 0
      vertex 169.721 21.7083 0
      vertex 169.721 21.7083 2.4
    endloop
  endfacet
  facet normal 0.5 0.866025 -0
    outer loop
      vertex 171.279 20.8083 0
      vertex 169.721 21.7083 2.4
      vertex 171.279 20.8083 2.4
    endloop
  endfacet
  facet normal -0 0 1
    outer loop
      vertex 157.5 89.7083 0
      vertex 170.5 87.9083 0
      vertex 170.5 89.7083 0
    endloop
  endfacet
  facet normal 0 0 1
    outer loop
      vertex 157.5 89.7083 0
      vertex 157.5 87.9083 0
      vertex 170.5 87.9083 0
    endloop
  endfacet
  facet normal 0 0 -1
    outer loop
      vertex 157.5 89.7083 2.4
      vertex 170.5 89.7083 2.4
      vertex 170.5 87.9083 2.4
    endloop
  endfacet
  facet normal 0 0 -1
    outer loop
      vertex 157.5 89.7083 2.4
      vertex 170.5 87.9083 2.4
      vertex 157.5 87.9083 2.4
    endloop
  endfacet
  facet normal 0 -1 0
    outer loop
      vertex 157.5 89.7083 0
      vertex 170.5 89.7083 0
      vertex 170.5 89.7083 2.4
    endloop
  endfacet
  facet normal 0 -1 0
    outer loop
      vertex 157.5 89.7083 0
      vertex 170.5 89.7083 2.4
      vertex 157.5 89.7083 2.4
    endloop
  endfacet
  facet normal -1 0 0
    outer loop
      vertex 170.5 89.7083 0
      vertex 170.5 87.9083 0
      vertex 170.5 87.9083 2.4
    endloop
  endfacet
  facet normal -1 0 0
    outer loop
      vertex 170.5 89.7083 0
      vertex 170.5 87.9083 2.4
      vertex 170.5 89.7083 2.4
    endloop
  endfacet
  facet normal 0 1 0
    outer loop
      vertex 170.5 87.9083 0
      vertex 157.5 87.9083 0
      vertex 157.5 87.9083 2.4
    endloop
  endfacet
  facet normal 0 1 -0
    outer loop
      vertex 170.5 87.9083 0
      vertex 157.5 87.9083 2.4
      vertex 170.5 87.9083 2.4
    endloop
  endfacet
  facet normal 1 0 0
    outer loop
      vertex 157.5 87.9083 0
      vertex 157.5 89.7083 0
      vertex 157.5 89.7083 2.4
    endloop
  endfacet
  facet normal 1 0 0
    outer loop
      vertex 157.5 87.9083 0
      vertex 157.5 89.7083 2.4
      vertex 157.5 87.9083 2.4
    endloop
  endfacet
  facet normal 0 0 1
    outer loop
      vertex 73.7794 78 0
      vertex 78.7206 65.8417 0
      vertex 80.2794 66.7417 0
    endloop
  endfacet
  facet normal 0 0 1
    outer loop
      vertex 73.7794 78 0
      vertex 72.2206 77.1 0
      vertex 78.7206 65.8417 0
    endloop
  endfacet
  facet normal 0 0 -1
    outer loop
      vertex 73.7794 78 2.4
      vertex 80.2794 66.7417 2.4
      vertex 78.7206 65.8417 2.4
    endloop
  endfacet
  facet normal 0 -0 -1
    outer loop
      vertex 73.7794 78 2.4
      vertex 78.7206 65.8417 2.4
      vertex 72.2206 77.1 2.4
    endloop
  endfacet
  facet normal -0.866025 -0.500001 0
    outer loop
      vertex 73.7794 78 0
      vertex 80.2794 66.7417 0
      vertex 80.2794 66.7417 2.4
    endloop
  endfacet
  facet normal -0.866025 -0.500001 0
    outer loop
      vertex 73.7794 78 0
      vertex 80.2794 66.7417 2.4
      vertex 73.7794 78 2.4
    endloop
  endfacet
  facet normal -0.500001 0.866025 0
    outer loop
      vertex 80.2794 66.7417 0
      vertex 78.7206 65.8417 0
      vertex 78.7206 65.8417 2.4
    endloop
  endfacet
  facet normal -0.500001 0.866025 0
    outer loop
      vertex 80.2794 66.7417 0
      vertex 78.7206 65.8417 2.4
      vertex 80.2794 66.7417 2.4
    endloop
  endfacet
  facet normal 0.866025 0.500001 0
    outer loop
      vertex 78.7206 65.8417 0
      vertex 72.2206 77.1 0
      vertex 72.2206 77.1 2.4
    endloop
  endfacet
  facet normal 0.866025 0.500001 -0
    outer loop
      vertex 78.7206 65.8417 0
      vertex 72.2206 77.1 2.4
      vertex 78.7206 65.8417 2.4
    endloop
  endfacet
  facet normal 0.500001 -0.866025 0
    outer loop
      vertex 72.2206 77.1 0
      vertex 73.7794 78 0
      vertex 73.7794 78 2.4
    endloop
  endfacet
  facet normal 0.500001 -0.866025 0
    outer loop
      vertex 72.2206 77.1 0
      vertex 73.7794 78 2.4
      vertex 72.2206 77.1 2.4
    endloop
  endfacet
  facet normal 0 0 1
    outer loop
      vertex 151.779 55.4833 0
      vertex 156.721 43.325 0
      vertex 158.279 44.225 0
    endloop
  endfacet
  facet normal 0 0 1
    outer loop
      vertex 151.779 55.4833 0
      vertex 150.221 54.5833 0
      vertex 156.721 43.325 0
    endloop
  endfacet
  facet normal 0 0 -1
    outer loop
      vertex 151.779 55.4833 2.4
      vertex 158.279 44.225 2.4
      vertex 156.721 43.325 2.4
    endloop
  endfacet
  facet normal 0 -0 -1
    outer loop
      vertex 151.779 55.4833 2.4
      vertex 156.721 43.325 2.4
      vertex 150.221 54.5833 2.4
    endloop
  endfacet
  facet normal -0.866025 -0.500001 0
    outer loop
      vertex 151.779 55.4833 0
      vertex 158.279 44.225 0
      vertex 158.279 44.225 2.4
    endloop
  endfacet
  facet normal -0.866025 -0.500001 0
    outer loop
      vertex 151.779 55.4833 0
      vertex 158.279 44.225 2.4
      vertex 151.779 55.4833 2.4
    endloop
  endfacet
  facet normal -0.500001 0.866025 0
    outer loop
      vertex 158.279 44.225 0
      vertex 156.721 43.325 0
      vertex 156.721 43.325 2.4
    endloop
  endfacet
  facet normal -0.500001 0.866025 0
    outer loop
      vertex 158.279 44.225 0
      vertex 156.721 43.325 2.4
      vertex 158.279 44.225 2.4
    endloop
  endfacet
  facet normal 0.866025 0.500001 0
    outer loop
      vertex 156.721 43.325 0
      vertex 150.221 54.5833 0
      vertex 150.221 54.5833 2.4
    endloop
  endfacet
  facet normal 0.866025 0.500001 -0
    outer loop
      vertex 156.721 43.325 0
      vertex 150.221 54.5833 2.4
      vertex 156.721 43.325 2.4
    endloop
  endfacet
  facet normal 0.500001 -0.866025 0
    outer loop
      vertex 150.221 54.5833 0
      vertex 151.779 55.4833 0
      vertex 151.779 55.4833 2.4
    endloop
  endfacet
  facet normal 0.500001 -0.866025 0
    outer loop
      vertex 150.221 54.5833 0
      vertex 151.779 55.4833 2.4
      vertex 150.221 54.5833 2.4
    endloop
  endfacet
  facet normal -0 0 1
    outer loop
      vertex 40.5 67.1917 0
      vertex 53.5 65.3917 0
      vertex 53.5 67.1917 0
    endloop
  endfacet
  facet normal 0 0 1
    outer loop
      vertex 40.5 67.1917 0
      vertex 40.5 65.3917 0
      vertex 53.5 65.3917 0
    endloop
  endfacet
  facet normal 0 0 -1
    outer loop
      vertex 40.5 67.1917 2.4
      vertex 53.5 67.1917 2.4
      vertex 53.5 65.3917 2.4
    endloop
  endfacet
  facet normal 0 0 -1
    outer loop
      vertex 40.5 67.1917 2.4
      vertex 53.5 65.3917 2.4
      vertex 40.5 65.3917 2.4
    endloop
  endfacet
  facet normal 0 -1 0
    outer loop
      vertex 40.5 67.1917 0
      vertex 53.5 67.1917 0
      vertex 53.5 67.1917 2.4
    endloop
  endfacet
  facet normal 0 -1 0
    outer loop
      vertex 40.5 67.1917 0
      vertex 53.5 67.1917 2.4
      vertex 40.5 67.1917 2.4
    endloop
  endfacet
  facet normal -1 0 0
    outer loop
      vertex 53.5 67.1917 0
      vertex 53.5 65.3917 0
      vertex 53.5 65.3917 2.4
    endloop
  endfacet
  facet normal -1 0 0
    outer loop
      vertex 53.5 67.1917 0
      vertex 53.5 65.3917 2.4
      vertex 53.5 67.1917 2.4
    endloop
  endfacet
  facet normal 0 1 0
    outer loop
      vertex 53.5 65.3917 0
      vertex 40.5 65.3917 0
      vertex 40.5 65.3917 2.4
    endloop
  endfacet
  facet normal 0 1 -0
    outer loop
      vertex 53.5 65.3917 0
      vertex 40.5 65.3917 2.4
      vertex 53.5 65.3917 2.4
    endloop
  endfacet
  facet normal 1 0 0
    outer loop
      vertex 40.5 65.3917 0
      vertex 40.5 67.1917 0
      vertex 40.5 67.1917 2.4
    endloop
  endfacet
  facet normal 1 0 0
    outer loop
      vertex 40.5 65.3917 0
      vertex 40.5 67.1917 2.4
      vertex 40.5 65.3917 2.4
    endloop
  endfacet
  facet normal 0 0 1
    outer loop
      vertex 33.2206 32.9667 0
      vertex 41.2794 43.325 0
      vertex 39.7206 44.225 0
    endloop
  endfacet
  facet normal -0 0 1
    outer loop
      vertex 33.2206 32.9667 0
      vertex 34.7794 32.0667 0
      vertex 41.2794 43.325 0
    endloop
  endfacet
  facet normal 0 0 -1
    outer loop
      vertex 33.2206 32.9667 2.4
      vertex 39.7206 44.225 2.4
      vertex 41.2794 43.325 2.4
    endloop
  endfacet
  facet normal 0 0 -1
    outer loop
      vertex 33.2206 32.9667 2.4
      vertex 41.2794 43.325 2.4
      vertex 34.7794 32.0667 2.4
    endloop
  endfacet
  facet normal 0.866025 -0.500001 0
    outer loop
      vertex 33.2206 32.9667 0
      vertex 39.7206 44.225 0
      vertex 39.7206 44.225 2.4
    endloop
  endfacet
  facet normal 0.866025 -0.500001 0
    outer loop
      vertex 33.2206 32.9667 0
      vertex 39.7206 44.225 2.4
      vertex 33.2206 32.9667 2.4
    endloop
  endfacet
  facet normal -0.500001 -0.866025 0
    outer loop
      vertex 39.7206 44.225 0
      vertex 41.2794 43.325 0
      vertex 41.2794 43.325 2.4
    endloop
  endfacet
  facet normal -0.500001 -0.866025 0
    outer loop
      vertex 39.7206 44.225 0
      vertex 41.2794 43.325 2.4
      vertex 39.7206 44.225 2.4
    endloop
  endfacet
  facet normal -0.866025 0.500001 0
    outer loop
      vertex 41.2794 43.325 0
      vertex 34.7794 32.0667 0
      vertex 34.7794 32.0667 2.4
    endloop
  endfacet
  facet normal -0.866025 0.500001 0
    outer loop
      vertex 41.2794 43.325 0
      vertex 34.7794 32.0667 2.4
      vertex 41.2794 43.325 2.4
    endloop
  endfacet
  facet normal 0.500001 0.866025 0
    outer loop
      vertex 34.7794 32.0667 0
      vertex 33.2206 32.9667 0
      vertex 33.2206 32.9667 2.4
    endloop
  endfacet
  facet normal 0.500001 0.866025 -0
    outer loop
      vertex 34.7794 32.0667 0
      vertex 33.2206 32.9667 2.4
      vertex 34.7794 32.0667 2.4
    endloop
  endfacet
  facet normal -0 0 1
    outer loop
      vertex 157.5 67.1917 0
      vertex 170.5 65.3917 0
      vertex 170.5 67.1917 0
    endloop
  endfacet
  facet normal 0 0 1
    outer loop
      vertex 157.5 67.1917 0
      vertex 157.5 65.3917 0
      vertex 170.5 65.3917 0
    endloop
  endfacet
  facet normal 0 0 -1
    outer loop
      vertex 157.5 67.1917 2.4
      vertex 170.5 67.1917 2.4
      vertex 170.5 65.3917 2.4
    endloop
  endfacet
  facet normal 0 0 -1
    outer loop
      vertex 157.5 67.1917 2.4
      vertex 170.5 65.3917 2.4
      vertex 157.5 65.3917 2.4
    endloop
  endfacet
  facet normal 0 -1 0
    outer loop
      vertex 157.5 67.1917 0
      vertex 170.5 67.1917 0
      vertex 170.5 67.1917 2.4
    endloop
  endfacet
  facet normal 0 -1 0
    outer loop
      vertex 157.5 67.1917 0
      vertex 170.5 67.1917 2.4
      vertex 157.5 67.1917 2.4
    endloop
  endfacet
  facet normal -1 0 0
    outer loop
      vertex 170.5 67.1917 0
      vertex 170.5 65.3917 0
      vertex 170.5 65.3917 2.4
    endloop
  endfacet
  facet normal -1 0 0
    outer loop
      vertex 170.5 67.1917 0
      vertex 170.5 65.3917 2.4
      vertex 170.5 67.1917 2.4
    endloop
  endfacet
  facet normal 0 1 0
    outer loop
      vertex 170.5 65.3917 0
      vertex 157.5 65.3917 0
      vertex 157.5 65.3917 2.4
    endloop
  endfacet
  facet normal 0 1 -0
    outer loop
      vertex 170.5 65.3917 0
      vertex 157.5 65.3917 2.4
      vertex 170.5 65.3917 2.4
    endloop
  endfacet
  facet normal 1 0 0
    outer loop
      vertex 157.5 65.3917 0
      vertex 157.5 67.1917 0
      vertex 157.5 67.1917 2.4
    endloop
  endfacet
  facet normal 1 0 0
    outer loop
      vertex 157.5 65.3917 0
      vertex 157.5 67.1917 2.4
      vertex 157.5 65.3917 2.4
    endloop
  endfacet
  facet normal 0 0 1
    outer loop
      vertex 171.279 66.7417 0
      vertex 173.721 58.9134 0
      vertex 175.279 59.8134 0
    endloop
  endfacet
  facet normal 0 0 1
    outer loop
      vertex 171.279 66.7417 0
      vertex 169.721 65.8417 0
      vertex 173.721 58.9134 0
    endloop
  endfacet
  facet normal 0 0 -1
    outer loop
      vertex 171.279 66.7417 2.4
      vertex 175.279 59.8134 2.4
      vertex 173.721 58.9134 2.4
    endloop
  endfacet
  facet normal 0 -0 -1
    outer loop
      vertex 171.279 66.7417 2.4
      vertex 173.721 58.9134 2.4
      vertex 169.721 65.8417 2.4
    endloop
  endfacet
  facet normal -0.866028 -0.499995 0
    outer loop
      vertex 171.279 66.7417 0
      vertex 175.279 59.8134 0
      vertex 175.279 59.8134 2.4
    endloop
  endfacet
  facet normal -0.866028 -0.499995 0
    outer loop
      vertex 171.279 66.7417 0
      vertex 175.279 59.8134 2.4
      vertex 171.279 66.7417 2.4
    endloop
  endfacet
  facet normal -0.499995 0.866028 0
    outer loop
      vertex 175.279 59.8134 0
      vertex 173.721 58.9134 0
      vertex 173.721 58.9134 2.4
    endloop
  endfacet
  facet normal -0.499995 0.866028 0
    outer loop
      vertex 175.279 59.8134 0
      vertex 173.721 58.9134 2.4
      vertex 175.279 59.8134 2.4
    endloop
  endfacet
  facet normal 0.866028 0.499995 0
    outer loop
      vertex 173.721 58.9134 0
      vertex 169.721 65.8417 0
      vertex 169.721 65.8417 2.4
    endloop
  endfacet
  facet normal 0.866028 0.499995 -0
    outer loop
      vertex 173.721 58.9134 0
      vertex 169.721 65.8417 2.4
      vertex 173.721 58.9134 2.4
    endloop
  endfacet
  facet normal 0.499995 -0.866028 0
    outer loop
      vertex 169.721 65.8417 0
      vertex 171.279 66.7417 0
      vertex 171.279 66.7417 2.4
    endloop
  endfacet
  facet normal 0.499995 -0.866028 0
    outer loop
      vertex 169.721 65.8417 0
      vertex 171.279 66.7417 2.4
      vertex 169.721 65.8417 2.4
    endloop
  endfacet
  facet normal 0 0 1
    outer loop
      vertex 91.7206 44.225 0
      vertex 99.7794 54.5833 0
      vertex 98.2206 55.4833 0
    endloop
  endfacet
  facet normal -0 0 1
    outer loop
      vertex 91.7206 44.225 0
      vertex 93.2794 43.325 0
      vertex 99.7794 54.5833 0
    endloop
  endfacet
  facet normal 0 0 -1
    outer loop
      vertex 91.7206 44.225 2.4
      vertex 98.2206 55.4833 2.4
      vertex 99.7794 54.5833 2.4
    endloop
  endfacet
  facet normal 0 0 -1
    outer loop
      vertex 91.7206 44.225 2.4
      vertex 99.7794 54.5833 2.4
      vertex 93.2794 43.325 2.4
    endloop
  endfacet
  facet normal 0.866025 -0.500001 0
    outer loop
      vertex 91.7206 44.225 0
      vertex 98.2206 55.4833 0
      vertex 98.2206 55.4833 2.4
    endloop
  endfacet
  facet normal 0.866025 -0.500001 0
    outer loop
      vertex 91.7206 44.225 0
      vertex 98.2206 55.4833 2.4
      vertex 91.7206 44.225 2.4
    endloop
  endfacet
  facet normal -0.500001 -0.866025 0
    outer loop
      vertex 98.2206 55.4833 0
      vertex 99.7794 54.5833 0
      vertex 99.7794 54.5833 2.4
    endloop
  endfacet
  facet normal -0.500001 -0.866025 0
    outer loop
      vertex 98.2206 55.4833 0
      vertex 99.7794 54.5833 2.4
      vertex 98.2206 55.4833 2.4
    endloop
  endfacet
  facet normal -0.866025 0.500001 0
    outer loop
      vertex 99.7794 54.5833 0
      vertex 93.2794 43.325 0
      vertex 93.2794 43.325 2.4
    endloop
  endfacet
  facet normal -0.866025 0.500001 0
    outer loop
      vertex 99.7794 54.5833 0
      vertex 93.2794 43.325 2.4
      vertex 99.7794 54.5833 2.4
    endloop
  endfacet
  facet normal 0.500001 0.866025 0
    outer loop
      vertex 93.2794 43.325 0
      vertex 91.7206 44.225 0
      vertex 91.7206 44.225 2.4
    endloop
  endfacet
  facet normal 0.500001 0.866025 -0
    outer loop
      vertex 93.2794 43.325 0
      vertex 91.7206 44.225 2.4
      vertex 93.2794 43.325 2.4
    endloop
  endfacet
  facet normal 0 0 1
    outer loop
      vertex 72.2206 55.4833 0
      vertex 80.2794 65.8417 0
      vertex 78.7206 66.7417 0
    endloop
  endfacet
  facet normal -0 0 1
    outer loop
      vertex 72.2206 55.4833 0
      vertex 73.7794 54.5833 0
      vertex 80.2794 65.8417 0
    endloop
  endfacet
  facet normal 0 0 -1
    outer loop
      vertex 72.2206 55.4833 2.4
      vertex 78.7206 66.7417 2.4
      vertex 80.2794 65.8417 2.4
    endloop
  endfacet
  facet normal 0 0 -1
    outer loop
      vertex 72.2206 55.4833 2.4
      vertex 80.2794 65.8417 2.4
      vertex 73.7794 54.5833 2.4
    endloop
  endfacet
  facet normal 0.866027 -0.499998 0
    outer loop
      vertex 72.2206 55.4833 0
      vertex 78.7206 66.7417 0
      vertex 78.7206 66.7417 2.4
    endloop
  endfacet
  facet normal 0.866027 -0.499998 0
    outer loop
      vertex 72.2206 55.4833 0
      vertex 78.7206 66.7417 2.4
      vertex 72.2206 55.4833 2.4
    endloop
  endfacet
  facet normal -0.499998 -0.866027 0
    outer loop
      vertex 78.7206 66.7417 0
      vertex 80.2794 65.8417 0
      vertex 80.2794 65.8417 2.4
    endloop
  endfacet
  facet normal -0.499998 -0.866027 0
    outer loop
      vertex 78.7206 66.7417 0
      vertex 80.2794 65.8417 2.4
      vertex 78.7206 66.7417 2.4
    endloop
  endfacet
  facet normal -0.866027 0.499998 0
    outer loop
      vertex 80.2794 65.8417 0
      vertex 73.7794 54.5833 0
      vertex 73.7794 54.5833 2.4
    endloop
  endfacet
  facet normal -0.866027 0.499998 0
    outer loop
      vertex 80.2794 65.8417 0
      vertex 73.7794 54.5833 2.4
      vertex 80.2794 65.8417 2.4
    endloop
  endfacet
  facet normal 0.499998 0.866027 0
    outer loop
      vertex 73.7794 54.5833 0
      vertex 72.2206 55.4833 0
      vertex 72.2206 55.4833 2.4
    endloop
  endfacet
  facet normal 0.499998 0.866027 -0
    outer loop
      vertex 73.7794 54.5833 0
      vertex 72.2206 55.4833 2.4
      vertex 73.7794 54.5833 2.4
    endloop
  endfacet
  facet normal -0 0 1
    outer loop
      vertex 99 78.45 0
      vertex 112 76.65 0
      vertex 112 78.45 0
    endloop
  endfacet
  facet normal 0 0 1
    outer loop
      vertex 99 78.45 0
      vertex 99 76.65 0
      vertex 112 76.65 0
    endloop
  endfacet
  facet normal 0 0 -1
    outer loop
      vertex 99 78.45 2.4
      vertex 112 78.45 2.4
      vertex 112 76.65 2.4
    endloop
  endfacet
  facet normal 0 0 -1
    outer loop
      vertex 99 78.45 2.4
      vertex 112 76.65 2.4
      vertex 99 76.65 2.4
    endloop
  endfacet
  facet normal 0 -1 0
    outer loop
      vertex 99 78.45 0
      vertex 112 78.45 0
      vertex 112 78.45 2.4
    endloop
  endfacet
  facet normal 0 -1 0
    outer loop
      vertex 99 78.45 0
      vertex 112 78.45 2.4
      vertex 99 78.45 2.4
    endloop
  endfacet
  facet normal -1 0 0
    outer loop
      vertex 112 78.45 0
      vertex 112 76.65 0
      vertex 112 76.65 2.4
    endloop
  endfacet
  facet normal -1 0 0
    outer loop
      vertex 112 78.45 0
      vertex 112 76.65 2.4
      vertex 112 78.45 2.4
    endloop
  endfacet
  facet normal 0 1 0
    outer loop
      vertex 112 76.65 0
      vertex 99 76.65 0
      vertex 99 76.65 2.4
    endloop
  endfacet
  facet normal 0 1 -0
    outer loop
      vertex 112 76.65 0
      vertex 99 76.65 2.4
      vertex 112 76.65 2.4
    endloop
  endfacet
  facet normal 1 0 0
    outer loop
      vertex 99 76.65 0
      vertex 99 78.45 0
      vertex 99 78.45 2.4
    endloop
  endfacet
  facet normal 1 0 0
    outer loop
      vertex 99 76.65 0
      vertex 99 78.45 2.4
      vertex 99 76.65 2.4
    endloop
  endfacet
  facet normal 0 0 1
    outer loop
      vertex 111.221 78 0
      vertex 119.279 88.3583 0
      vertex 117.721 89.2583 0
    endloop
  endfacet
  facet normal -0 0 1
    outer loop
      vertex 111.221 78 0
      vertex 112.779 77.1 0
      vertex 119.279 88.3583 0
    endloop
  endfacet
  facet normal 0 0 -1
    outer loop
      vertex 111.221 78 2.4
      vertex 117.721 89.2583 2.4
      vertex 119.279 88.3583 2.4
    endloop
  endfacet
  facet normal 0 0 -1
    outer loop
      vertex 111.221 78 2.4
      vertex 119.279 88.3583 2.4
      vertex 112.779 77.1 2.4
    endloop
  endfacet
  facet normal 0.866025 -0.500001 0
    outer loop
      vertex 111.221 78 0
      vertex 117.721 89.2583 0
      vertex 117.721 89.2583 2.4
    endloop
  endfacet
  facet normal 0.866025 -0.500001 0
    outer loop
      vertex 111.221 78 0
      vertex 117.721 89.2583 2.4
      vertex 111.221 78 2.4
    endloop
  endfacet
  facet normal -0.500001 -0.866025 0
    outer loop
      vertex 117.721 89.2583 0
      vertex 119.279 88.3583 0
      vertex 119.279 88.3583 2.4
    endloop
  endfacet
  facet normal -0.500001 -0.866025 0
    outer loop
      vertex 117.721 89.2583 0
      vertex 119.279 88.3583 2.4
      vertex 117.721 89.2583 2.4
    endloop
  endfacet
  facet normal -0.866025 0.500001 0
    outer loop
      vertex 119.279 88.3583 0
      vertex 112.779 77.1 0
      vertex 112.779 77.1 2.4
    endloop
  endfacet
  facet normal -0.866025 0.500001 0
    outer loop
      vertex 119.279 88.3583 0
      vertex 112.779 77.1 2.4
      vertex 119.279 88.3583 2.4
    endloop
  endfacet
  facet normal 0.500001 0.866025 0
    outer loop
      vertex 112.779 77.1 0
      vertex 111.221 78 0
      vertex 111.221 78 2.4
    endloop
  endfacet
  facet normal 0.500001 0.866025 -0
    outer loop
      vertex 112.779 77.1 0
      vertex 111.221 78 2.4
      vertex 112.779 77.1 2.4
    endloop
  endfacet
  facet normal -0 0 1
    outer loop
      vertex 138 10.9 0
      vertex 151 9.1 0
      vertex 151 10.9 0
    endloop
  endfacet
  facet normal 0 0 1
    outer loop
      vertex 138 10.9 0
      vertex 138 9.1 0
      vertex 151 9.1 0
    endloop
  endfacet
  facet normal 0 0 -1
    outer loop
      vertex 138 10.9 2.4
      vertex 151 10.9 2.4
      vertex 151 9.1 2.4
    endloop
  endfacet
  facet normal 0 0 -1
    outer loop
      vertex 138 10.9 2.4
      vertex 151 9.1 2.4
      vertex 138 9.1 2.4
    endloop
  endfacet
  facet normal 0 -1 0
    outer loop
      vertex 138 10.9 0
      vertex 151 10.9 0
      vertex 151 10.9 2.4
    endloop
  endfacet
  facet normal 0 -1 0
    outer loop
      vertex 138 10.9 0
      vertex 151 10.9 2.4
      vertex 138 10.9 2.4
    endloop
  endfacet
  facet normal -1 0 0
    outer loop
      vertex 151 10.9 0
      vertex 151 9.1 0
      vertex 151 9.1 2.4
    endloop
  endfacet
  facet normal -1 0 0
    outer loop
      vertex 151 10.9 0
      vertex 151 9.1 2.4
      vertex 151 10.9 2.4
    endloop
  endfacet
  facet normal 0 1 0
    outer loop
      vertex 151 9.1 0
      vertex 138 9.1 0
      vertex 138 9.1 2.4
    endloop
  endfacet
  facet normal 0 1 -0
    outer loop
      vertex 151 9.1 0
      vertex 138 9.1 2.4
      vertex 151 9.1 2.4
    endloop
  endfacet
  facet normal 1 0 0
    outer loop
      vertex 138 9.1 0
      vertex 138 10.9 0
      vertex 138 10.9 2.4
    endloop
  endfacet
  facet normal 1 0 0
    outer loop
      vertex 138 9.1 0
      vertex 138 10.9 2.4
      vertex 138 9.1 2.4
    endloop
  endfacet
  facet normal 0 0 1
    outer loop
      vertex 15.2794 21.7083 0
      vertex 20.2206 9.55 0
      vertex 21.7794 10.45 0
    endloop
  endfacet
  facet normal 0 0 1
    outer loop
      vertex 15.2794 21.7083 0
      vertex 13.7206 20.8083 0
      vertex 20.2206 9.55 0
    endloop
  endfacet
  facet normal 0 0 -1
    outer loop
      vertex 15.2794 21.7083 2.4
      vertex 21.7794 10.45 2.4
      vertex 20.2206 9.55 2.4
    endloop
  endfacet
  facet normal 0 -0 -1
    outer loop
      vertex 15.2794 21.7083 2.4
      vertex 20.2206 9.55 2.4
      vertex 13.7206 20.8083 2.4
    endloop
  endfacet
  facet normal -0.866025 -0.500001 0
    outer loop
      vertex 15.2794 21.7083 0
      vertex 21.7794 10.45 0
      vertex 21.7794 10.45 2.4
    endloop
  endfacet
  facet normal -0.866025 -0.500001 0
    outer loop
      vertex 15.2794 21.7083 0
      vertex 21.7794 10.45 2.4
      vertex 15.2794 21.7083 2.4
    endloop
  endfacet
  facet normal -0.500001 0.866025 0
    outer loop
      vertex 21.7794 10.45 0
      vertex 20.2206 9.55 0
      vertex 20.2206 9.55 2.4
    endloop
  endfacet
  facet normal -0.500001 0.866025 0
    outer loop
      vertex 21.7794 10.45 0
      vertex 20.2206 9.55 2.4
      vertex 21.7794 10.45 2.4
    endloop
  endfacet
  facet normal 0.866025 0.500001 0
    outer loop
      vertex 20.2206 9.55 0
      vertex 13.7206 20.8083 0
      vertex 13.7206 20.8083 2.4
    endloop
  endfacet
  facet normal 0.866025 0.500001 -0
    outer loop
      vertex 20.2206 9.55 0
      vertex 13.7206 20.8083 2.4
      vertex 20.2206 9.55 2.4
    endloop
  endfacet
  facet normal 0.500001 -0.866025 0
    outer loop
      vertex 13.7206 20.8083 0
      vertex 15.2794 21.7083 0
      vertex 15.2794 21.7083 2.4
    endloop
  endfacet
  facet normal 0.500001 -0.866025 0
    outer loop
      vertex 13.7206 20.8083 0
      vertex 15.2794 21.7083 2.4
      vertex 13.7206 20.8083 2.4
    endloop
  endfacet
  facet normal 0 0 1
    outer loop
      vertex 34.7794 32.9667 0
      vertex 39.7206 20.8083 0
      vertex 41.2794 21.7083 0
    endloop
  endfacet
  facet normal 0 0 1
    outer loop
      vertex 34.7794 32.9667 0
      vertex 33.2206 32.0667 0
      vertex 39.7206 20.8083 0
    endloop
  endfacet
  facet normal 0 0 -1
    outer loop
      vertex 34.7794 32.9667 2.4
      vertex 41.2794 21.7083 2.4
      vertex 39.7206 20.8083 2.4
    endloop
  endfacet
  facet normal 0 -0 -1
    outer loop
      vertex 34.7794 32.9667 2.4
      vertex 39.7206 20.8083 2.4
      vertex 33.2206 32.0667 2.4
    endloop
  endfacet
  facet normal -0.866027 -0.499998 0
    outer loop
      vertex 34.7794 32.9667 0
      vertex 41.2794 21.7083 0
      vertex 41.2794 21.7083 2.4
    endloop
  endfacet
  facet normal -0.866027 -0.499998 0
    outer loop
      vertex 34.7794 32.9667 0
      vertex 41.2794 21.7083 2.4
      vertex 34.7794 32.9667 2.4
    endloop
  endfacet
  facet normal -0.499998 0.866027 0
    outer loop
      vertex 41.2794 21.7083 0
      vertex 39.7206 20.8083 0
      vertex 39.7206 20.8083 2.4
    endloop
  endfacet
  facet normal -0.499998 0.866027 0
    outer loop
      vertex 41.2794 21.7083 0
      vertex 39.7206 20.8083 2.4
      vertex 41.2794 21.7083 2.4
    endloop
  endfacet
  facet normal 0.866027 0.499998 0
    outer loop
      vertex 39.7206 20.8083 0
      vertex 33.2206 32.0667 0
      vertex 33.2206 32.0667 2.4
    endloop
  endfacet
  facet normal 0.866027 0.499998 -0
    outer loop
      vertex 39.7206 20.8083 0
      vertex 33.2206 32.0667 2.4
      vertex 39.7206 20.8083 2.4
    endloop
  endfacet
  facet normal 0.499998 -0.866027 0
    outer loop
      vertex 33.2206 32.0667 0
      vertex 34.7794 32.9667 0
      vertex 34.7794 32.9667 2.4
    endloop
  endfacet
  facet normal 0.499998 -0.866027 0
    outer loop
      vertex 33.2206 32.0667 0
      vertex 34.7794 32.9667 2.4
      vertex 33.2206 32.0667 2.4
    endloop
  endfacet
  facet normal 0 0 1
    outer loop
      vertex 73.7794 55.4833 0
      vertex 78.7206 43.325 0
      vertex 80.2794 44.225 0
    endloop
  endfacet
  facet normal 0 0 1
    outer loop
      vertex 73.7794 55.4833 0
      vertex 72.2206 54.5833 0
      vertex 78.7206 43.325 0
    endloop
  endfacet
  facet normal 0 0 -1
    outer loop
      vertex 73.7794 55.4833 2.4
      vertex 80.2794 44.225 2.4
      vertex 78.7206 43.325 2.4
    endloop
  endfacet
  facet normal 0 -0 -1
    outer loop
      vertex 73.7794 55.4833 2.4
      vertex 78.7206 43.325 2.4
      vertex 72.2206 54.5833 2.4
    endloop
  endfacet
  facet normal -0.866025 -0.500001 0
    outer loop
      vertex 73.7794 55.4833 0
      vertex 80.2794 44.225 0
      vertex 80.2794 44.225 2.4
    endloop
  endfacet
  facet normal -0.866025 -0.500001 0
    outer loop
      vertex 73.7794 55.4833 0
      vertex 80.2794 44.225 2.4
      vertex 73.7794 55.4833 2.4
    endloop
  endfacet
  facet normal -0.500001 0.866025 0
    outer loop
      vertex 80.2794 44.225 0
      vertex 78.7206 43.325 0
      vertex 78.7206 43.325 2.4
    endloop
  endfacet
  facet normal -0.500001 0.866025 0
    outer loop
      vertex 80.2794 44.225 0
      vertex 78.7206 43.325 2.4
      vertex 80.2794 44.225 2.4
    endloop
  endfacet
  facet normal 0.866025 0.500001 0
    outer loop
      vertex 78.7206 43.325 0
      vertex 72.2206 54.5833 0
      vertex 72.2206 54.5833 2.4
    endloop
  endfacet
  facet normal 0.866025 0.500001 -0
    outer loop
      vertex 78.7206 43.325 0
      vertex 72.2206 54.5833 2.4
      vertex 78.7206 43.325 2.4
    endloop
  endfacet
  facet normal 0.500001 -0.866025 0
    outer loop
      vertex 72.2206 54.5833 0
      vertex 73.7794 55.4833 0
      vertex 73.7794 55.4833 2.4
    endloop
  endfacet
  facet normal 0.500001 -0.866025 0
    outer loop
      vertex 72.2206 54.5833 0
      vertex 73.7794 55.4833 2.4
      vertex 72.2206 54.5833 2.4
    endloop
  endfacet
  facet normal 0 0 1
    outer loop
      vertex 52.7206 21.7083 0
      vertex 60.7794 32.0667 0
      vertex 59.2206 32.9667 0
    endloop
  endfacet
  facet normal -0 0 1
    outer loop
      vertex 52.7206 21.7083 0
      vertex 54.2794 20.8083 0
      vertex 60.7794 32.0667 0
    endloop
  endfacet
  facet normal 0 0 -1
    outer loop
      vertex 52.7206 21.7083 2.4
      vertex 59.2206 32.9667 2.4
      vertex 60.7794 32.0667 2.4
    endloop
  endfacet
  facet normal 0 0 -1
    outer loop
      vertex 52.7206 21.7083 2.4
      vertex 60.7794 32.0667 2.4
      vertex 54.2794 20.8083 2.4
    endloop
  endfacet
  facet normal 0.866027 -0.499998 0
    outer loop
      vertex 52.7206 21.7083 0
      vertex 59.2206 32.9667 0
      vertex 59.2206 32.9667 2.4
    endloop
  endfacet
  facet normal 0.866027 -0.499998 0
    outer loop
      vertex 52.7206 21.7083 0
      vertex 59.2206 32.9667 2.4
      vertex 52.7206 21.7083 2.4
    endloop
  endfacet
  facet normal -0.499998 -0.866027 0
    outer loop
      vertex 59.2206 32.9667 0
      vertex 60.7794 32.0667 0
      vertex 60.7794 32.0667 2.4
    endloop
  endfacet
  facet normal -0.499998 -0.866027 0
    outer loop
      vertex 59.2206 32.9667 0
      vertex 60.7794 32.0667 2.4
      vertex 59.2206 32.9667 2.4
    endloop
  endfacet
  facet normal -0.866027 0.499998 0
    outer loop
      vertex 60.7794 32.0667 0
      vertex 54.2794 20.8083 0
      vertex 54.2794 20.8083 2.4
    endloop
  endfacet
  facet normal -0.866027 0.499998 0
    outer loop
      vertex 60.7794 32.0667 0
      vertex 54.2794 20.8083 2.4
      vertex 60.7794 32.0667 2.4
    endloop
  endfacet
  facet normal 0.499998 0.866027 0
    outer loop
      vertex 54.2794 20.8083 0
      vertex 52.7206 21.7083 0
      vertex 52.7206 21.7083 2.4
    endloop
  endfacet
  facet normal 0.499998 0.866027 -0
    outer loop
      vertex 54.2794 20.8083 0
      vertex 52.7206 21.7083 2.4
      vertex 54.2794 20.8083 2.4
    endloop
  endfacet
  facet normal 0 0 1
    outer loop
      vertex 72.2206 78 0
      vertex 80.2794 88.3583 0
      vertex 78.7206 89.2583 0
    endloop
  endfacet
  facet normal -0 0 1
    outer loop
      vertex 72.2206 78 0
      vertex 73.7794 77.1 0
      vertex 80.2794 88.3583 0
    endloop
  endfacet
  facet normal 0 0 -1
    outer loop
      vertex 72.2206 78 2.4
      vertex 78.7206 89.2583 2.4
      vertex 80.2794 88.3583 2.4
    endloop
  endfacet
  facet normal 0 0 -1
    outer loop
      vertex 72.2206 78 2.4
      vertex 80.2794 88.3583 2.4
      vertex 73.7794 77.1 2.4
    endloop
  endfacet
  facet normal 0.866025 -0.500001 0
    outer loop
      vertex 72.2206 78 0
      vertex 78.7206 89.2583 0
      vertex 78.7206 89.2583 2.4
    endloop
  endfacet
  facet normal 0.866025 -0.500001 0
    outer loop
      vertex 72.2206 78 0
      vertex 78.7206 89.2583 2.4
      vertex 72.2206 78 2.4
    endloop
  endfacet
  facet normal -0.500001 -0.866025 0
    outer loop
      vertex 78.7206 89.2583 0
      vertex 80.2794 88.3583 0
      vertex 80.2794 88.3583 2.4
    endloop
  endfacet
  facet normal -0.500001 -0.866025 0
    outer loop
      vertex 78.7206 89.2583 0
      vertex 80.2794 88.3583 2.4
      vertex 78.7206 89.2583 2.4
    endloop
  endfacet
  facet normal -0.866025 0.500001 0
    outer loop
      vertex 80.2794 88.3583 0
      vertex 73.7794 77.1 0
      vertex 73.7794 77.1 2.4
    endloop
  endfacet
  facet normal -0.866025 0.500001 0
    outer loop
      vertex 80.2794 88.3583 0
      vertex 73.7794 77.1 2.4
      vertex 80.2794 88.3583 2.4
    endloop
  endfacet
  facet normal 0.500001 0.866025 0
    outer loop
      vertex 73.7794 77.1 0
      vertex 72.2206 78 0
      vertex 72.2206 78 2.4
    endloop
  endfacet
  facet normal 0.500001 0.866025 -0
    outer loop
      vertex 73.7794 77.1 0
      vertex 72.2206 78 2.4
      vertex 73.7794 77.1 2.4
    endloop
  endfacet
  facet normal -0 0 1
    outer loop
      vertex 60 55.9333 0
      vertex 73 54.1333 0
      vertex 73 55.9333 0
    endloop
  endfacet
  facet normal 0 0 1
    outer loop
      vertex 60 55.9333 0
      vertex 60 54.1333 0
      vertex 73 54.1333 0
    endloop
  endfacet
  facet normal 0 0 -1
    outer loop
      vertex 60 55.9333 2.4
      vertex 73 55.9333 2.4
      vertex 73 54.1333 2.4
    endloop
  endfacet
  facet normal 0 0 -1
    outer loop
      vertex 60 55.9333 2.4
      vertex 73 54.1333 2.4
      vertex 60 54.1333 2.4
    endloop
  endfacet
  facet normal 0 -1 0
    outer loop
      vertex 60 55.9333 0
      vertex 73 55.9333 0
      vertex 73 55.9333 2.4
    endloop
  endfacet
  facet normal 0 -1 0
    outer loop
      vertex 60 55.9333 0
      vertex 73 55.9333 2.4
      vertex 60 55.9333 2.4
    endloop
  endfacet
  facet normal -1 0 0
    outer loop
      vertex 73 55.9333 0
      vertex 73 54.1333 0
      vertex 73 54.1333 2.4
    endloop
  endfacet
  facet normal -1 0 0
    outer loop
      vertex 73 55.9333 0
      vertex 73 54.1333 2.4
      vertex 73 55.9333 2.4
    endloop
  endfacet
  facet normal 0 1 0
    outer loop
      vertex 73 54.1333 0
      vertex 60 54.1333 0
      vertex 60 54.1333 2.4
    endloop
  endfacet
  facet normal 0 1 -0
    outer loop
      vertex 73 54.1333 0
      vertex 60 54.1333 2.4
      vertex 73 54.1333 2.4
    endloop
  endfacet
  facet normal 1 0 0
    outer loop
      vertex 60 54.1333 0
      vertex 60 55.9333 0
      vertex 60 55.9333 2.4
    endloop
  endfacet
  facet normal 1 0 0
    outer loop
      vertex 60 54.1333 0
      vertex 60 55.9333 2.4
      vertex 60 54.1333 2.4
    endloop
  endfacet
  facet normal 0 0 1
    outer loop
      vertex 130.721 21.7083 0
      vertex 138.779 32.0667 0
      vertex 137.221 32.9667 0
    endloop
  endfacet
  facet normal -0 0 1
    outer loop
      vertex 130.721 21.7083 0
      vertex 132.279 20.8083 0
      vertex 138.779 32.0667 0
    endloop
  endfacet
  facet normal 0 0 -1
    outer loop
      vertex 130.721 21.7083 2.4
      vertex 137.221 32.9667 2.4
      vertex 138.779 32.0667 2.4
    endloop
  endfacet
  facet normal 0 0 -1
    outer loop
      vertex 130.721 21.7083 2.4
      vertex 138.779 32.0667 2.4
      vertex 132.279 20.8083 2.4
    endloop
  endfacet
  facet normal 0.866027 -0.499998 0
    outer loop
      vertex 130.721 21.7083 0
      vertex 137.221 32.9667 0
      vertex 137.221 32.9667 2.4
    endloop
  endfacet
  facet normal 0.866027 -0.499998 0
    outer loop
      vertex 130.721 21.7083 0
      vertex 137.221 32.9667 2.4
      vertex 130.721 21.7083 2.4
    endloop
  endfacet
  facet normal -0.499998 -0.866027 0
    outer loop
      vertex 137.221 32.9667 0
      vertex 138.779 32.0667 0
      vertex 138.779 32.0667 2.4
    endloop
  endfacet
  facet normal -0.499998 -0.866027 0
    outer loop
      vertex 137.221 32.9667 0
      vertex 138.779 32.0667 2.4
      vertex 137.221 32.9667 2.4
    endloop
  endfacet
  facet normal -0.866027 0.499998 0
    outer loop
      vertex 138.779 32.0667 0
      vertex 132.279 20.8083 0
      vertex 132.279 20.8083 2.4
    endloop
  endfacet
  facet normal -0.866027 0.499998 0
    outer loop
      vertex 138.779 32.0667 0
      vertex 132.279 20.8083 2.4
      vertex 138.779 32.0667 2.4
    endloop
  endfacet
  facet normal 0.499998 0.866027 0
    outer loop
      vertex 132.279 20.8083 0
      vertex 130.721 21.7083 0
      vertex 130.721 21.7083 2.4
    endloop
  endfacet
  facet normal 0.499998 0.866027 -0
    outer loop
      vertex 132.279 20.8083 0
      vertex 130.721 21.7083 2.4
      vertex 132.279 20.8083 2.4
    endloop
  endfacet
  facet normal -0 0 1
    outer loop
      vertex 40.5 22.1583 0
      vertex 53.5 20.3583 0
      vertex 53.5 22.1583 0
    endloop
  endfacet
  facet normal 0 0 1
    outer loop
      vertex 40.5 22.1583 0
      vertex 40.5 20.3583 0
      vertex 53.5 20.3583 0
    endloop
  endfacet
  facet normal 0 0 -1
    outer loop
      vertex 40.5 22.1583 2.4
      vertex 53.5 22.1583 2.4
      vertex 53.5 20.3583 2.4
    endloop
  endfacet
  facet normal 0 0 -1
    outer loop
      vertex 40.5 22.1583 2.4
      vertex 53.5 20.3583 2.4
      vertex 40.5 20.3583 2.4
    endloop
  endfacet
  facet normal 0 -1 0
    outer loop
      vertex 40.5 22.1583 0
      vertex 53.5 22.1583 0
      vertex 53.5 22.1583 2.4
    endloop
  endfacet
  facet normal 0 -1 0
    outer loop
      vertex 40.5 22.1583 0
      vertex 53.5 22.1583 2.4
      vertex 40.5 22.1583 2.4
    endloop
  endfacet
  facet normal -1 0 0
    outer loop
      vertex 53.5 22.1583 0
      vertex 53.5 20.3583 0
      vertex 53.5 20.3583 2.4
    endloop
  endfacet
  facet normal -1 0 0
    outer loop
      vertex 53.5 22.1583 0
      vertex 53.5 20.3583 2.4
      vertex 53.5 22.1583 2.4
    endloop
  endfacet
  facet normal 0 1 0
    outer loop
      vertex 53.5 20.3583 0
      vertex 40.5 20.3583 0
      vertex 40.5 20.3583 2.4
    endloop
  endfacet
  facet normal 0 1 -0
    outer loop
      vertex 53.5 20.3583 0
      vertex 40.5 20.3583 2.4
      vertex 53.5 20.3583 2.4
    endloop
  endfacet
  facet normal 1 0 0
    outer loop
      vertex 40.5 20.3583 0
      vertex 40.5 22.1583 0
      vertex 40.5 22.1583 2.4
    endloop
  endfacet
  facet normal 1 0 0
    outer loop
      vertex 40.5 20.3583 0
      vertex 40.5 22.1583 2.4
      vertex 40.5 20.3583 2.4
    endloop
  endfacet
  facet normal -0 0 1
    outer loop
      vertex 79.5 89.7083 0
      vertex 92.5 87.9083 0
      vertex 92.5 89.7083 0
    endloop
  endfacet
  facet normal 0 0 1
    outer loop
      vertex 79.5 89.7083 0
      vertex 79.5 87.9083 0
      vertex 92.5 87.9083 0
    endloop
  endfacet
  facet normal 0 0 -1
    outer loop
      vertex 79.5 89.7083 2.4
      vertex 92.5 89.7083 2.4
      vertex 92.5 87.9083 2.4
    endloop
  endfacet
  facet normal 0 0 -1
    outer loop
      vertex 79.5 89.7083 2.4
      vertex 92.5 87.9083 2.4
      vertex 79.5 87.9083 2.4
    endloop
  endfacet
  facet normal 0 -1 0
    outer loop
      vertex 79.5 89.7083 0
      vertex 92.5 89.7083 0
      vertex 92.5 89.7083 2.4
    endloop
  endfacet
  facet normal 0 -1 0
    outer loop
      vertex 79.5 89.7083 0
      vertex 92.5 89.7083 2.4
      vertex 79.5 89.7083 2.4
    endloop
  endfacet
  facet normal -1 0 0
    outer loop
      vertex 92.5 89.7083 0
      vertex 92.5 87.9083 0
      vertex 92.5 87.9083 2.4
    endloop
  endfacet
  facet normal -1 0 0
    outer loop
      vertex 92.5 89.7083 0
      vertex 92.5 87.9083 2.4
      vertex 92.5 89.7083 2.4
    endloop
  endfacet
  facet normal 0 1 0
    outer loop
      vertex 92.5 87.9083 0
      vertex 79.5 87.9083 0
      vertex 79.5 87.9083 2.4
    endloop
  endfacet
  facet normal 0 1 -0
    outer loop
      vertex 92.5 87.9083 0
      vertex 79.5 87.9083 2.4
      vertex 92.5 87.9083 2.4
    endloop
  endfacet
  facet normal 1 0 0
    outer loop
      vertex 79.5 87.9083 0
      vertex 79.5 89.7083 0
      vertex 79.5 89.7083 2.4
    endloop
  endfacet
  facet normal 1 0 0
    outer loop
      vertex 79.5 87.9083 0
      vertex 79.5 89.7083 2.4
      vertex 79.5 87.9083 2.4
    endloop
  endfacet
  facet normal 0 0 1
    outer loop
      vertex 34.7794 78 0
      vertex 39.7206 65.8417 0
      vertex 41.2794 66.7417 0
    endloop
  endfacet
  facet normal 0 0 1
    outer loop
      vertex 34.7794 78 0
      vertex 33.2206 77.1 0
      vertex 39.7206 65.8417 0
    endloop
  endfacet
  facet normal 0 0 -1
    outer loop
      vertex 34.7794 78 2.4
      vertex 41.2794 66.7417 2.4
      vertex 39.7206 65.8417 2.4
    endloop
  endfacet
  facet normal 0 -0 -1
    outer loop
      vertex 34.7794 78 2.4
      vertex 39.7206 65.8417 2.4
      vertex 33.2206 77.1 2.4
    endloop
  endfacet
  facet normal -0.866025 -0.500001 0
    outer loop
      vertex 34.7794 78 0
      vertex 41.2794 66.7417 0
      vertex 41.2794 66.7417 2.4
    endloop
  endfacet
  facet normal -0.866025 -0.500001 0
    outer loop
      vertex 34.7794 78 0
      vertex 41.2794 66.7417 2.4
      vertex 34.7794 78 2.4
    endloop
  endfacet
  facet normal -0.500001 0.866025 0
    outer loop
      vertex 41.2794 66.7417 0
      vertex 39.7206 65.8417 0
      vertex 39.7206 65.8417 2.4
    endloop
  endfacet
  facet normal -0.500001 0.866025 0
    outer loop
      vertex 41.2794 66.7417 0
      vertex 39.7206 65.8417 2.4
      vertex 41.2794 66.7417 2.4
    endloop
  endfacet
  facet normal 0.866025 0.500001 0
    outer loop
      vertex 39.7206 65.8417 0
      vertex 33.2206 77.1 0
      vertex 33.2206 77.1 2.4
    endloop
  endfacet
  facet normal 0.866025 0.500001 -0
    outer loop
      vertex 39.7206 65.8417 0
      vertex 33.2206 77.1 2.4
      vertex 39.7206 65.8417 2.4
    endloop
  endfacet
  facet normal 0.500001 -0.866025 0
    outer loop
      vertex 33.2206 77.1 0
      vertex 34.7794 78 0
      vertex 34.7794 78 2.4
    endloop
  endfacet
  facet normal 0.500001 -0.866025 0
    outer loop
      vertex 33.2206 77.1 0
      vertex 34.7794 78 2.4
      vertex 33.2206 77.1 2.4
    endloop
  endfacet
  facet normal 0 0 1
    outer loop
      vertex 73.7794 32.9667 0
      vertex 78.7206 20.8083 0
      vertex 80.2794 21.7083 0
    endloop
  endfacet
  facet normal 0 0 1
    outer loop
      vertex 73.7794 32.9667 0
      vertex 72.2206 32.0667 0
      vertex 78.7206 20.8083 0
    endloop
  endfacet
  facet normal 0 0 -1
    outer loop
      vertex 73.7794 32.9667 2.4
      vertex 80.2794 21.7083 2.4
      vertex 78.7206 20.8083 2.4
    endloop
  endfacet
  facet normal 0 -0 -1
    outer loop
      vertex 73.7794 32.9667 2.4
      vertex 78.7206 20.8083 2.4
      vertex 72.2206 32.0667 2.4
    endloop
  endfacet
  facet normal -0.866027 -0.499998 0
    outer loop
      vertex 73.7794 32.9667 0
      vertex 80.2794 21.7083 0
      vertex 80.2794 21.7083 2.4
    endloop
  endfacet
  facet normal -0.866027 -0.499998 0
    outer loop
      vertex 73.7794 32.9667 0
      vertex 80.2794 21.7083 2.4
      vertex 73.7794 32.9667 2.4
    endloop
  endfacet
  facet normal -0.499998 0.866027 0
    outer loop
      vertex 80.2794 21.7083 0
      vertex 78.7206 20.8083 0
      vertex 78.7206 20.8083 2.4
    endloop
  endfacet
  facet normal -0.499998 0.866027 0
    outer loop
      vertex 80.2794 21.7083 0
      vertex 78.7206 20.8083 2.4
      vertex 80.2794 21.7083 2.4
    endloop
  endfacet
  facet normal 0.866027 0.499998 0
    outer loop
      vertex 78.7206 20.8083 0
      vertex 72.2206 32.0667 0
      vertex 72.2206 32.0667 2.4
    endloop
  endfacet
  facet normal 0.866027 0.499998 -0
    outer loop
      vertex 78.7206 20.8083 0
      vertex 72.2206 32.0667 2.4
      vertex 78.7206 20.8083 2.4
    endloop
  endfacet
  facet normal 0.499998 -0.866027 0
    outer loop
      vertex 72.2206 32.0667 0
      vertex 73.7794 32.9667 0
      vertex 73.7794 32.9667 2.4
    endloop
  endfacet
  facet normal 0.499998 -0.866027 0
    outer loop
      vertex 72.2206 32.0667 0
      vertex 73.7794 32.9667 2.4
      vertex 72.2206 32.0667 2.4
    endloop
  endfacet
  facet normal 0 0 1
    outer loop
      vertex 130.721 44.225 0
      vertex 138.779 54.5833 0
      vertex 137.221 55.4833 0
    endloop
  endfacet
  facet normal -0 0 1
    outer loop
      vertex 130.721 44.225 0
      vertex 132.279 43.325 0
      vertex 138.779 54.5833 0
    endloop
  endfacet
  facet normal 0 0 -1
    outer loop
      vertex 130.721 44.225 2.4
      vertex 137.221 55.4833 2.4
      vertex 138.779 54.5833 2.4
    endloop
  endfacet
  facet normal 0 0 -1
    outer loop
      vertex 130.721 44.225 2.4
      vertex 138.779 54.5833 2.4
      vertex 132.279 43.325 2.4
    endloop
  endfacet
  facet normal 0.866025 -0.500001 0
    outer loop
      vertex 130.721 44.225 0
      vertex 137.221 55.4833 0
      vertex 137.221 55.4833 2.4
    endloop
  endfacet
  facet normal 0.866025 -0.500001 0
    outer loop
      vertex 130.721 44.225 0
      vertex 137.221 55.4833 2.4
      vertex 130.721 44.225 2.4
    endloop
  endfacet
  facet normal -0.500001 -0.866025 0
    outer loop
      vertex 137.221 55.4833 0
      vertex 138.779 54.5833 0
      vertex 138.779 54.5833 2.4
    endloop
  endfacet
  facet normal -0.500001 -0.866025 0
    outer loop
      vertex 137.221 55.4833 0
      vertex 138.779 54.5833 2.4
      vertex 137.221 55.4833 2.4
    endloop
  endfacet
  facet normal -0.866025 0.500001 0
    outer loop
      vertex 138.779 54.5833 0
      vertex 132.279 43.325 0
      vertex 132.279 43.325 2.4
    endloop
  endfacet
  facet normal -0.866025 0.500001 0
    outer loop
      vertex 138.779 54.5833 0
      vertex 132.279 43.325 2.4
      vertex 138.779 54.5833 2.4
    endloop
  endfacet
  facet normal 0.500001 0.866025 0
    outer loop
      vertex 132.279 43.325 0
      vertex 130.721 44.225 0
      vertex 130.721 44.225 2.4
    endloop
  endfacet
  facet normal 0.500001 0.866025 -0
    outer loop
      vertex 132.279 43.325 0
      vertex 130.721 44.225 2.4
      vertex 132.279 43.325 2.4
    endloop
  endfacet
  facet normal 0 0 1
    outer loop
      vertex 54.2794 21.7083 0
      vertex 59.2206 9.55 0
      vertex 60.7794 10.45 0
    endloop
  endfacet
  facet normal 0 0 1
    outer loop
      vertex 54.2794 21.7083 0
      vertex 52.7206 20.8083 0
      vertex 59.2206 9.55 0
    endloop
  endfacet
  facet normal 0 0 -1
    outer loop
      vertex 54.2794 21.7083 2.4
      vertex 60.7794 10.45 2.4
      vertex 59.2206 9.55 2.4
    endloop
  endfacet
  facet normal 0 -0 -1
    outer loop
      vertex 54.2794 21.7083 2.4
      vertex 59.2206 9.55 2.4
      vertex 52.7206 20.8083 2.4
    endloop
  endfacet
  facet normal -0.866025 -0.500001 0
    outer loop
      vertex 54.2794 21.7083 0
      vertex 60.7794 10.45 0
      vertex 60.7794 10.45 2.4
    endloop
  endfacet
  facet normal -0.866025 -0.500001 0
    outer loop
      vertex 54.2794 21.7083 0
      vertex 60.7794 10.45 2.4
      vertex 54.2794 21.7083 2.4
    endloop
  endfacet
  facet normal -0.500001 0.866025 0
    outer loop
      vertex 60.7794 10.45 0
      vertex 59.2206 9.55 0
      vertex 59.2206 9.55 2.4
    endloop
  endfacet
  facet normal -0.500001 0.866025 0
    outer loop
      vertex 60.7794 10.45 0
      vertex 59.2206 9.55 2.4
      vertex 60.7794 10.45 2.4
    endloop
  endfacet
  facet normal 0.866025 0.500001 0
    outer loop
      vertex 59.2206 9.55 0
      vertex 52.7206 20.8083 0
      vertex 52.7206 20.8083 2.4
    endloop
  endfacet
  facet normal 0.866025 0.500001 -0
    outer loop
      vertex 59.2206 9.55 0
      vertex 52.7206 20.8083 2.4
      vertex 59.2206 9.55 2.4
    endloop
  endfacet
  facet normal 0.500001 -0.866025 0
    outer loop
      vertex 52.7206 20.8083 0
      vertex 54.2794 21.7083 0
      vertex 54.2794 21.7083 2.4
    endloop
  endfacet
  facet normal 0.500001 -0.866025 0
    outer loop
      vertex 52.7206 20.8083 0
      vertex 54.2794 21.7083 2.4
      vertex 52.7206 20.8083 2.4
    endloop
  endfacet
  facet normal -0 0 1
    outer loop
      vertex 21 55.9333 0
      vertex 34 54.1333 0
      vertex 34 55.9333 0
    endloop
  endfacet
  facet normal 0 0 1
    outer loop
      vertex 21 55.9333 0
      vertex 21 54.1333 0
      vertex 34 54.1333 0
    endloop
  endfacet
  facet normal 0 0 -1
    outer loop
      vertex 21 55.9333 2.4
      vertex 34 55.9333 2.4
      vertex 34 54.1333 2.4
    endloop
  endfacet
  facet normal 0 0 -1
    outer loop
      vertex 21 55.9333 2.4
      vertex 34 54.1333 2.4
      vertex 21 54.1333 2.4
    endloop
  endfacet
  facet normal 0 -1 0
    outer loop
      vertex 21 55.9333 0
      vertex 34 55.9333 0
      vertex 34 55.9333 2.4
    endloop
  endfacet
  facet normal 0 -1 0
    outer loop
      vertex 21 55.9333 0
      vertex 34 55.9333 2.4
      vertex 21 55.9333 2.4
    endloop
  endfacet
  facet normal -1 0 0
    outer loop
      vertex 34 55.9333 0
      vertex 34 54.1333 0
      vertex 34 54.1333 2.4
    endloop
  endfacet
  facet normal -1 0 0
    outer loop
      vertex 34 55.9333 0
      vertex 34 54.1333 2.4
      vertex 34 55.9333 2.4
    endloop
  endfacet
  facet normal 0 1 0
    outer loop
      vertex 34 54.1333 0
      vertex 21 54.1333 0
      vertex 21 54.1333 2.4
    endloop
  endfacet
  facet normal 0 1 -0
    outer loop
      vertex 34 54.1333 0
      vertex 21 54.1333 2.4
      vertex 34 54.1333 2.4
    endloop
  endfacet
  facet normal 1 0 0
    outer loop
      vertex 21 54.1333 0
      vertex 21 55.9333 0
      vertex 21 55.9333 2.4
    endloop
  endfacet
  facet normal 1 0 0
    outer loop
      vertex 21 54.1333 0
      vertex 21 55.9333 2.4
      vertex 21 54.1333 2.4
    endloop
  endfacet
  facet normal -0 0 1
    outer loop
      vertex 79.5 67.1917 0
      vertex 92.5 65.3917 0
      vertex 92.5 67.1917 0
    endloop
  endfacet
  facet normal 0 0 1
    outer loop
      vertex 79.5 67.1917 0
      vertex 79.5 65.3917 0
      vertex 92.5 65.3917 0
    endloop
  endfacet
  facet normal 0 0 -1
    outer loop
      vertex 79.5 67.1917 2.4
      vertex 92.5 67.1917 2.4
      vertex 92.5 65.3917 2.4
    endloop
  endfacet
  facet normal 0 0 -1
    outer loop
      vertex 79.5 67.1917 2.4
      vertex 92.5 65.3917 2.4
      vertex 79.5 65.3917 2.4
    endloop
  endfacet
  facet normal 0 -1 0
    outer loop
      vertex 79.5 67.1917 0
      vertex 92.5 67.1917 0
      vertex 92.5 67.1917 2.4
    endloop
  endfacet
  facet normal 0 -1 0
    outer loop
      vertex 79.5 67.1917 0
      vertex 92.5 67.1917 2.4
      vertex 79.5 67.1917 2.4
    endloop
  endfacet
  facet normal -1 0 0
    outer loop
      vertex 92.5 67.1917 0
      vertex 92.5 65.3917 0
      vertex 92.5 65.3917 2.4
    endloop
  endfacet
  facet normal -1 0 0
    outer loop
      vertex 92.5 67.1917 0
      vertex 92.5 65.3917 2.4
      vertex 92.5 67.1917 2.4
    endloop
  endfacet
  facet normal 0 1 0
    outer loop
      vertex 92.5 65.3917 0
      vertex 79.5 65.3917 0
      vertex 79.5 65.3917 2.4
    endloop
  endfacet
  facet normal 0 1 -0
    outer loop
      vertex 92.5 65.3917 0
      vertex 79.5 65.3917 2.4
      vertex 92.5 65.3917 2.4
    endloop
  endfacet
  facet normal 1 0 0
    outer loop
      vertex 79.5 65.3917 0
      vertex 79.5 67.1917 0
      vertex 79.5 67.1917 2.4
    endloop
  endfacet
  facet normal 1 0 0
    outer loop
      vertex 79.5 65.3917 0
      vertex 79.5 67.1917 2.4
      vertex 79.5 65.3917 2.4
    endloop
  endfacet
  facet normal 0 0 1
    outer loop
      vertex 33.2206 10.45 0
      vertex 41.2794 20.8083 0
      vertex 39.7206 21.7083 0
    endloop
  endfacet
  facet normal -0 0 1
    outer loop
      vertex 33.2206 10.45 0
      vertex 34.7794 9.55 0
      vertex 41.2794 20.8083 0
    endloop
  endfacet
  facet normal 0 0 -1
    outer loop
      vertex 33.2206 10.45 2.4
      vertex 39.7206 21.7083 2.4
      vertex 41.2794 20.8083 2.4
    endloop
  endfacet
  facet normal 0 0 -1
    outer loop
      vertex 33.2206 10.45 2.4
      vertex 41.2794 20.8083 2.4
      vertex 34.7794 9.55 2.4
    endloop
  endfacet
  facet normal 0.866025 -0.500001 0
    outer loop
      vertex 33.2206 10.45 0
      vertex 39.7206 21.7083 0
      vertex 39.7206 21.7083 2.4
    endloop
  endfacet
  facet normal 0.866025 -0.500001 0
    outer loop
      vertex 33.2206 10.45 0
      vertex 39.7206 21.7083 2.4
      vertex 33.2206 10.45 2.4
    endloop
  endfacet
  facet normal -0.500001 -0.866025 0
    outer loop
      vertex 39.7206 21.7083 0
      vertex 41.2794 20.8083 0
      vertex 41.2794 20.8083 2.4
    endloop
  endfacet
  facet normal -0.500001 -0.866025 0
    outer loop
      vertex 39.7206 21.7083 0
      vertex 41.2794 20.8083 2.4
      vertex 39.7206 21.7083 2.4
    endloop
  endfacet
  facet normal -0.866025 0.500001 0
    outer loop
      vertex 41.2794 20.8083 0
      vertex 34.7794 9.55 0
      vertex 34.7794 9.55 2.4
    endloop
  endfacet
  facet normal -0.866025 0.500001 0
    outer loop
      vertex 41.2794 20.8083 0
      vertex 34.7794 9.55 2.4
      vertex 41.2794 20.8083 2.4
    endloop
  endfacet
  facet normal 0.500001 0.866025 0
    outer loop
      vertex 34.7794 9.55 0
      vertex 33.2206 10.45 0
      vertex 33.2206 10.45 2.4
    endloop
  endfacet
  facet normal 0.500001 0.866025 -0
    outer loop
      vertex 34.7794 9.55 0
      vertex 33.2206 10.45 2.4
      vertex 34.7794 9.55 2.4
    endloop
  endfacet
  facet normal 0 0 1
    outer loop
      vertex 132.279 89.2583 0
      vertex 137.221 77.1 0
      vertex 138.779 78 0
    endloop
  endfacet
  facet normal 0 0 1
    outer loop
      vertex 132.279 89.2583 0
      vertex 130.721 88.3583 0
      vertex 137.221 77.1 0
    endloop
  endfacet
  facet normal 0 0 -1
    outer loop
      vertex 132.279 89.2583 2.4
      vertex 138.779 78 2.4
      vertex 137.221 77.1 2.4
    endloop
  endfacet
  facet normal 0 -0 -1
    outer loop
      vertex 132.279 89.2583 2.4
      vertex 137.221 77.1 2.4
      vertex 130.721 88.3583 2.4
    endloop
  endfacet
  facet normal -0.866025 -0.500001 0
    outer loop
      vertex 132.279 89.2583 0
      vertex 138.779 78 0
      vertex 138.779 78 2.4
    endloop
  endfacet
  facet normal -0.866025 -0.500001 0
    outer loop
      vertex 132.279 89.2583 0
      vertex 138.779 78 2.4
      vertex 132.279 89.2583 2.4
    endloop
  endfacet
  facet normal -0.500001 0.866025 0
    outer loop
      vertex 138.779 78 0
      vertex 137.221 77.1 0
      vertex 137.221 77.1 2.4
    endloop
  endfacet
  facet normal -0.500001 0.866025 0
    outer loop
      vertex 138.779 78 0
      vertex 137.221 77.1 2.4
      vertex 138.779 78 2.4
    endloop
  endfacet
  facet normal 0.866025 0.500001 0
    outer loop
      vertex 137.221 77.1 0
      vertex 130.721 88.3583 0
      vertex 130.721 88.3583 2.4
    endloop
  endfacet
  facet normal 0.866025 0.500001 -0
    outer loop
      vertex 137.221 77.1 0
      vertex 130.721 88.3583 2.4
      vertex 137.221 77.1 2.4
    endloop
  endfacet
  facet normal 0.500001 -0.866025 0
    outer loop
      vertex 130.721 88.3583 0
      vertex 132.279 89.2583 0
      vertex 132.279 89.2583 2.4
    endloop
  endfacet
  facet normal 0.500001 -0.866025 0
    outer loop
      vertex 130.721 88.3583 0
      vertex 132.279 89.2583 2.4
      vertex 130.721 88.3583 2.4
    endloop
  endfacet
  facet normal 0 0 1
    outer loop
      vertex 93.2794 66.7417 0
      vertex 98.2206 54.5833 0
      vertex 99.7794 55.4833 0
    endloop
  endfacet
  facet normal 0 0 1
    outer loop
      vertex 93.2794 66.7417 0
      vertex 91.7206 65.8417 0
      vertex 98.2206 54.5833 0
    endloop
  endfacet
  facet normal 0 0 -1
    outer loop
      vertex 93.2794 66.7417 2.4
      vertex 99.7794 55.4833 2.4
      vertex 98.2206 54.5833 2.4
    endloop
  endfacet
  facet normal 0 -0 -1
    outer loop
      vertex 93.2794 66.7417 2.4
      vertex 98.2206 54.5833 2.4
      vertex 91.7206 65.8417 2.4
    endloop
  endfacet
  facet normal -0.866027 -0.499998 0
    outer loop
      vertex 93.2794 66.7417 0
      vertex 99.7794 55.4833 0
      vertex 99.7794 55.4833 2.4
    endloop
  endfacet
  facet normal -0.866027 -0.499998 0
    outer loop
      vertex 93.2794 66.7417 0
      vertex 99.7794 55.4833 2.4
      vertex 93.2794 66.7417 2.4
    endloop
  endfacet
  facet normal -0.499998 0.866027 0
    outer loop
      vertex 99.7794 55.4833 0
      vertex 98.2206 54.5833 0
      vertex 98.2206 54.5833 2.4
    endloop
  endfacet
  facet normal -0.499998 0.866027 0
    outer loop
      vertex 99.7794 55.4833 0
      vertex 98.2206 54.5833 2.4
      vertex 99.7794 55.4833 2.4
    endloop
  endfacet
  facet normal 0.866027 0.499998 0
    outer loop
      vertex 98.2206 54.5833 0
      vertex 91.7206 65.8417 0
      vertex 91.7206 65.8417 2.4
    endloop
  endfacet
  facet normal 0.866027 0.499998 -0
    outer loop
      vertex 98.2206 54.5833 0
      vertex 91.7206 65.8417 2.4
      vertex 98.2206 54.5833 2.4
    endloop
  endfacet
  facet normal 0.499998 -0.866027 0
    outer loop
      vertex 91.7206 65.8417 0
      vertex 93.2794 66.7417 0
      vertex 93.2794 66.7417 2.4
    endloop
  endfacet
  facet normal 0.499998 -0.866027 0
    outer loop
      vertex 91.7206 65.8417 0
      vertex 93.2794 66.7417 2.4
      vertex 91.7206 65.8417 2.4
    endloop
  endfacet
  facet normal -0 0 1
    outer loop
      vertex 21 10.9 0
      vertex 34 9.1 0
      vertex 34 10.9 0
    endloop
  endfacet
  facet normal 0 0 1
    outer loop
      vertex 21 10.9 0
      vertex 21 9.1 0
      vertex 34 9.1 0
    endloop
  endfacet
  facet normal 0 0 -1
    outer loop
      vertex 21 10.9 2.4
      vertex 34 10.9 2.4
      vertex 34 9.1 2.4
    endloop
  endfacet
  facet normal 0 0 -1
    outer loop
      vertex 21 10.9 2.4
      vertex 34 9.1 2.4
      vertex 21 9.1 2.4
    endloop
  endfacet
  facet normal 0 -1 0
    outer loop
      vertex 21 10.9 0
      vertex 34 10.9 0
      vertex 34 10.9 2.4
    endloop
  endfacet
  facet normal 0 -1 0
    outer loop
      vertex 21 10.9 0
      vertex 34 10.9 2.4
      vertex 21 10.9 2.4
    endloop
  endfacet
  facet normal -1 0 0
    outer loop
      vertex 34 10.9 0
      vertex 34 9.1 0
      vertex 34 9.1 2.4
    endloop
  endfacet
  facet normal -1 0 0
    outer loop
      vertex 34 10.9 0
      vertex 34 9.1 2.4
      vertex 34 10.9 2.4
    endloop
  endfacet
  facet normal 0 1 0
    outer loop
      vertex 34 9.1 0
      vertex 21 9.1 0
      vertex 21 9.1 2.4
    endloop
  endfacet
  facet normal 0 1 -0
    outer loop
      vertex 34 9.1 0
      vertex 21 9.1 2.4
      vertex 34 9.1 2.4
    endloop
  endfacet
  facet normal 1 0 0
    outer loop
      vertex 21 9.1 0
      vertex 21 10.9 0
      vertex 21 10.9 2.4
    endloop
  endfacet
  facet normal 1 0 0
    outer loop
      vertex 21 9.1 0
      vertex 21 10.9 2.4
      vertex 21 9.1 2.4
    endloop
  endfacet
  facet normal 0 0 1
    outer loop
      vertex 54.2794 44.225 0
      vertex 59.2206 32.0667 0
      vertex 60.7794 32.9667 0
    endloop
  endfacet
  facet normal 0 0 1
    outer loop
      vertex 54.2794 44.225 0
      vertex 52.7206 43.325 0
      vertex 59.2206 32.0667 0
    endloop
  endfacet
  facet normal 0 0 -1
    outer loop
      vertex 54.2794 44.225 2.4
      vertex 60.7794 32.9667 2.4
      vertex 59.2206 32.0667 2.4
    endloop
  endfacet
  facet normal 0 -0 -1
    outer loop
      vertex 54.2794 44.225 2.4
      vertex 59.2206 32.0667 2.4
      vertex 52.7206 43.325 2.4
    endloop
  endfacet
  facet normal -0.866025 -0.500001 0
    outer loop
      vertex 54.2794 44.225 0
      vertex 60.7794 32.9667 0
      vertex 60.7794 32.9667 2.4
    endloop
  endfacet
  facet normal -0.866025 -0.500001 0
    outer loop
      vertex 54.2794 44.225 0
      vertex 60.7794 32.9667 2.4
      vertex 54.2794 44.225 2.4
    endloop
  endfacet
  facet normal -0.500001 0.866025 0
    outer loop
      vertex 60.7794 32.9667 0
      vertex 59.2206 32.0667 0
      vertex 59.2206 32.0667 2.4
    endloop
  endfacet
  facet normal -0.500001 0.866025 0
    outer loop
      vertex 60.7794 32.9667 0
      vertex 59.2206 32.0667 2.4
      vertex 60.7794 32.9667 2.4
    endloop
  endfacet
  facet normal 0.866025 0.500001 0
    outer loop
      vertex 59.2206 32.0667 0
      vertex 52.7206 43.325 0
      vertex 52.7206 43.325 2.4
    endloop
  endfacet
  facet normal 0.866025 0.500001 -0
    outer loop
      vertex 59.2206 32.0667 0
      vertex 52.7206 43.325 2.4
      vertex 59.2206 32.0667 2.4
    endloop
  endfacet
  facet normal 0.500001 -0.866025 0
    outer loop
      vertex 52.7206 43.325 0
      vertex 54.2794 44.225 0
      vertex 54.2794 44.225 2.4
    endloop
  endfacet
  facet normal 0.500001 -0.866025 0
    outer loop
      vertex 52.7206 43.325 0
      vertex 54.2794 44.225 2.4
      vertex 52.7206 43.325 2.4
    endloop
  endfacet
  facet normal -0 0 1
    outer loop
      vertex 79.5 22.1583 0
      vertex 92.5 20.3583 0
      vertex 92.5 22.1583 0
    endloop
  endfacet
  facet normal 0 0 1
    outer loop
      vertex 79.5 22.1583 0
      vertex 79.5 20.3583 0
      vertex 92.5 20.3583 0
    endloop
  endfacet
  facet normal 0 0 -1
    outer loop
      vertex 79.5 22.1583 2.4
      vertex 92.5 22.1583 2.4
      vertex 92.5 20.3583 2.4
    endloop
  endfacet
  facet normal 0 0 -1
    outer loop
      vertex 79.5 22.1583 2.4
      vertex 92.5 20.3583 2.4
      vertex 79.5 20.3583 2.4
    endloop
  endfacet
  facet normal 0 -1 0
    outer loop
      vertex 79.5 22.1583 0
      vertex 92.5 22.1583 0
      vertex 92.5 22.1583 2.4
    endloop
  endfacet
  facet normal 0 -1 0
    outer loop
      vertex 79.5 22.1583 0
      vertex 92.5 22.1583 2.4
      vertex 79.5 22.1583 2.4
    endloop
  endfacet
  facet normal -1 0 0
    outer loop
      vertex 92.5 22.1583 0
      vertex 92.5 20.3583 0
      vertex 92.5 20.3583 2.4
    endloop
  endfacet
  facet normal -1 0 0
    outer loop
      vertex 92.5 22.1583 0
      vertex 92.5 20.3583 2.4
      vertex 92.5 22.1583 2.4
    endloop
  endfacet
  facet normal 0 1 0
    outer loop
      vertex 92.5 20.3583 0
      vertex 79.5 20.3583 0
      vertex 79.5 20.3583 2.4
    endloop
  endfacet
  facet normal 0 1 -0
    outer loop
      vertex 92.5 20.3583 0
      vertex 79.5 20.3583 2.4
      vertex 92.5 20.3583 2.4
    endloop
  endfacet
  facet normal 1 0 0
    outer loop
      vertex 79.5 20.3583 0
      vertex 79.5 22.1583 0
      vertex 79.5 22.1583 2.4
    endloop
  endfacet
  facet normal 1 0 0
    outer loop
      vertex 79.5 20.3583 0
      vertex 79.5 22.1583 2.4
      vertex 79.5 20.3583 2.4
    endloop
  endfacet
  facet normal 0 0 1
    outer loop
      vertex 33.2206 55.4833 0
      vertex 41.2794 65.8417 0
      vertex 39.7206 66.7417 0
    endloop
  endfacet
  facet normal -0 0 1
    outer loop
      vertex 33.2206 55.4833 0
      vertex 34.7794 54.5833 0
      vertex 41.2794 65.8417 0
    endloop
  endfacet
  facet normal 0 0 -1
    outer loop
      vertex 33.2206 55.4833 2.4
      vertex 39.7206 66.7417 2.4
      vertex 41.2794 65.8417 2.4
    endloop
  endfacet
  facet normal 0 0 -1
    outer loop
      vertex 33.2206 55.4833 2.4
      vertex 41.2794 65.8417 2.4
      vertex 34.7794 54.5833 2.4
    endloop
  endfacet
  facet normal 0.866027 -0.499998 0
    outer loop
      vertex 33.2206 55.4833 0
      vertex 39.7206 66.7417 0
      vertex 39.7206 66.7417 2.4
    endloop
  endfacet
  facet normal 0.866027 -0.499998 0
    outer loop
      vertex 33.2206 55.4833 0
      vertex 39.7206 66.7417 2.4
      vertex 33.2206 55.4833 2.4
    endloop
  endfacet
  facet normal -0.499998 -0.866027 0
    outer loop
      vertex 39.7206 66.7417 0
      vertex 41.2794 65.8417 0
      vertex 41.2794 65.8417 2.4
    endloop
  endfacet
  facet normal -0.499998 -0.866027 0
    outer loop
      vertex 39.7206 66.7417 0
      vertex 41.2794 65.8417 2.4
      vertex 39.7206 66.7417 2.4
    endloop
  endfacet
  facet normal -0.866027 0.499998 0
    outer loop
      vertex 41.2794 65.8417 0
      vertex 34.7794 54.5833 0
      vertex 34.7794 54.5833 2.4
    endloop
  endfacet
  facet normal -0.866027 0.499998 0
    outer loop
      vertex 41.2794 65.8417 0
      vertex 34.7794 54.5833 2.4
      vertex 41.2794 65.8417 2.4
    endloop
  endfacet
  facet normal 0.499998 0.866027 0
    outer loop
      vertex 34.7794 54.5833 0
      vertex 33.2206 55.4833 0
      vertex 33.2206 55.4833 2.4
    endloop
  endfacet
  facet normal 0.499998 0.866027 -0
    outer loop
      vertex 34.7794 54.5833 0
      vertex 33.2206 55.4833 2.4
      vertex 34.7794 54.5833 2.4
    endloop
  endfacet
  facet normal 0 0 1
    outer loop
      vertex 72.2206 10.45 0
      vertex 80.2794 20.8083 0
      vertex 78.7206 21.7083 0
    endloop
  endfacet
  facet normal -0 0 1
    outer loop
      vertex 72.2206 10.45 0
      vertex 73.7794 9.55 0
      vertex 80.2794 20.8083 0
    endloop
  endfacet
  facet normal 0 0 -1
    outer loop
      vertex 72.2206 10.45 2.4
      vertex 78.7206 21.7083 2.4
      vertex 80.2794 20.8083 2.4
    endloop
  endfacet
  facet normal 0 0 -1
    outer loop
      vertex 72.2206 10.45 2.4
      vertex 80.2794 20.8083 2.4
      vertex 73.7794 9.55 2.4
    endloop
  endfacet
  facet normal 0.866025 -0.500001 0
    outer loop
      vertex 72.2206 10.45 0
      vertex 78.7206 21.7083 0
      vertex 78.7206 21.7083 2.4
    endloop
  endfacet
  facet normal 0.866025 -0.500001 0
    outer loop
      vertex 72.2206 10.45 0
      vertex 78.7206 21.7083 2.4
      vertex 72.2206 10.45 2.4
    endloop
  endfacet
  facet normal -0.500001 -0.866025 0
    outer loop
      vertex 78.7206 21.7083 0
      vertex 80.2794 20.8083 0
      vertex 80.2794 20.8083 2.4
    endloop
  endfacet
  facet normal -0.500001 -0.866025 0
    outer loop
      vertex 78.7206 21.7083 0
      vertex 80.2794 20.8083 2.4
      vertex 78.7206 21.7083 2.4
    endloop
  endfacet
  facet normal -0.866025 0.500001 0
    outer loop
      vertex 80.2794 20.8083 0
      vertex 73.7794 9.55 0
      vertex 73.7794 9.55 2.4
    endloop
  endfacet
  facet normal -0.866025 0.500001 0
    outer loop
      vertex 80.2794 20.8083 0
      vertex 73.7794 9.55 2.4
      vertex 80.2794 20.8083 2.4
    endloop
  endfacet
  facet normal 0.500001 0.866025 0
    outer loop
      vertex 73.7794 9.55 0
      vertex 72.2206 10.45 0
      vertex 72.2206 10.45 2.4
    endloop
  endfacet
  facet normal 0.500001 0.866025 -0
    outer loop
      vertex 73.7794 9.55 0
      vertex 72.2206 10.45 2.4
      vertex 73.7794 9.55 2.4
    endloop
  endfacet
  facet normal 0 0 1
    outer loop
      vertex 34.7794 55.4833 0
      vertex 39.7206 43.325 0
      vertex 41.2794 44.225 0
    endloop
  endfacet
  facet normal 0 0 1
    outer loop
      vertex 34.7794 55.4833 0
      vertex 33.2206 54.5833 0
      vertex 39.7206 43.325 0
    endloop
  endfacet
  facet normal 0 0 -1
    outer loop
      vertex 34.7794 55.4833 2.4
      vertex 41.2794 44.225 2.4
      vertex 39.7206 43.325 2.4
    endloop
  endfacet
  facet normal 0 -0 -1
    outer loop
      vertex 34.7794 55.4833 2.4
      vertex 39.7206 43.325 2.4
      vertex 33.2206 54.5833 2.4
    endloop
  endfacet
  facet normal -0.866025 -0.500001 0
    outer loop
      vertex 34.7794 55.4833 0
      vertex 41.2794 44.225 0
      vertex 41.2794 44.225 2.4
    endloop
  endfacet
  facet normal -0.866025 -0.500001 0
    outer loop
      vertex 34.7794 55.4833 0
      vertex 41.2794 44.225 2.4
      vertex 34.7794 55.4833 2.4
    endloop
  endfacet
  facet normal -0.500001 0.866025 0
    outer loop
      vertex 41.2794 44.225 0
      vertex 39.7206 43.325 0
      vertex 39.7206 43.325 2.4
    endloop
  endfacet
  facet normal -0.500001 0.866025 0
    outer loop
      vertex 41.2794 44.225 0
      vertex 39.7206 43.325 2.4
      vertex 41.2794 44.225 2.4
    endloop
  endfacet
  facet normal 0.866025 0.500001 0
    outer loop
      vertex 39.7206 43.325 0
      vertex 33.2206 54.5833 0
      vertex 33.2206 54.5833 2.4
    endloop
  endfacet
  facet normal 0.866025 0.500001 -0
    outer loop
      vertex 39.7206 43.325 0
      vertex 33.2206 54.5833 2.4
      vertex 39.7206 43.325 2.4
    endloop
  endfacet
  facet normal 0.500001 -0.866025 0
    outer loop
      vertex 33.2206 54.5833 0
      vertex 34.7794 55.4833 0
      vertex 34.7794 55.4833 2.4
    endloop
  endfacet
  facet normal 0.500001 -0.866025 0
    outer loop
      vertex 33.2206 54.5833 0
      vertex 34.7794 55.4833 2.4
      vertex 33.2206 54.5833 2.4
    endloop
  endfacet
  facet normal 0 0 1
    outer loop
      vertex 54.2794 66.7417 0
      vertex 59.2206 54.5833 0
      vertex 60.7794 55.4833 0
    endloop
  endfacet
  facet normal 0 0 1
    outer loop
      vertex 54.2794 66.7417 0
      vertex 52.7206 65.8417 0
      vertex 59.2206 54.5833 0
    endloop
  endfacet
  facet normal 0 0 -1
    outer loop
      vertex 54.2794 66.7417 2.4
      vertex 60.7794 55.4833 2.4
      vertex 59.2206 54.5833 2.4
    endloop
  endfacet
  facet normal 0 -0 -1
    outer loop
      vertex 54.2794 66.7417 2.4
      vertex 59.2206 54.5833 2.4
      vertex 52.7206 65.8417 2.4
    endloop
  endfacet
  facet normal -0.866027 -0.499998 0
    outer loop
      vertex 54.2794 66.7417 0
      vertex 60.7794 55.4833 0
      vertex 60.7794 55.4833 2.4
    endloop
  endfacet
  facet normal -0.866027 -0.499998 0
    outer loop
      vertex 54.2794 66.7417 0
      vertex 60.7794 55.4833 2.4
      vertex 54.2794 66.7417 2.4
    endloop
  endfacet
  facet normal -0.499998 0.866027 0
    outer loop
      vertex 60.7794 55.4833 0
      vertex 59.2206 54.5833 0
      vertex 59.2206 54.5833 2.4
    endloop
  endfacet
  facet normal -0.499998 0.866027 0
    outer loop
      vertex 60.7794 55.4833 0
      vertex 59.2206 54.5833 2.4
      vertex 60.7794 55.4833 2.4
    endloop
  endfacet
  facet normal 0.866027 0.499998 0
    outer loop
      vertex 59.2206 54.5833 0
      vertex 52.7206 65.8417 0
      vertex 52.7206 65.8417 2.4
    endloop
  endfacet
  facet normal 0.866027 0.499998 -0
    outer loop
      vertex 59.2206 54.5833 0
      vertex 52.7206 65.8417 2.4
      vertex 59.2206 54.5833 2.4
    endloop
  endfacet
  facet normal 0.499998 -0.866027 0
    outer loop
      vertex 52.7206 65.8417 0
      vertex 54.2794 66.7417 0
      vertex 54.2794 66.7417 2.4
    endloop
  endfacet
  facet normal 0.499998 -0.866027 0
    outer loop
      vertex 52.7206 65.8417 0
      vertex 54.2794 66.7417 2.4
      vertex 52.7206 65.8417 2.4
    endloop
  endfacet
  facet normal 0 0 1
    outer loop
      vertex 37.7046 95.45 0
      vertex 39.7206 88.3583 0
      vertex 41.2794 89.2583 0
    endloop
  endfacet
  facet normal 0 0 1
    outer loop
      vertex 37.7046 95.45 0
      vertex 36.1458 94.55 0
      vertex 39.7206 88.3583 0
    endloop
  endfacet
  facet normal 0 0 -1
    outer loop
      vertex 37.7046 95.45 2.4
      vertex 41.2794 89.2583 2.4
      vertex 39.7206 88.3583 2.4
    endloop
  endfacet
  facet normal 0 -0 -1
    outer loop
      vertex 37.7046 95.45 2.4
      vertex 39.7206 88.3583 2.4
      vertex 36.1458 94.55 2.4
    endloop
  endfacet
  facet normal -0.866024 -0.500002 0
    outer loop
      vertex 37.7046 95.45 0
      vertex 41.2794 89.2583 0
      vertex 41.2794 89.2583 2.4
    endloop
  endfacet
  facet normal -0.866024 -0.500002 0
    outer loop
      vertex 37.7046 95.45 0
      vertex 41.2794 89.2583 2.4
      vertex 37.7046 95.45 2.4
    endloop
  endfacet
  facet normal -0.500002 0.866024 0
    outer loop
      vertex 41.2794 89.2583 0
      vertex 39.7206 88.3583 0
      vertex 39.7206 88.3583 2.4
    endloop
  endfacet
  facet normal -0.500002 0.866024 0
    outer loop
      vertex 41.2794 89.2583 0
      vertex 39.7206 88.3583 2.4
      vertex 41.2794 89.2583 2.4
    endloop
  endfacet
  facet normal 0.866024 0.500002 0
    outer loop
      vertex 39.7206 88.3583 0
      vertex 36.1458 94.55 0
      vertex 36.1458 94.55 2.4
    endloop
  endfacet
  facet normal 0.866024 0.500002 -0
    outer loop
      vertex 39.7206 88.3583 0
      vertex 36.1458 94.55 2.4
      vertex 39.7206 88.3583 2.4
    endloop
  endfacet
  facet normal 0.500002 -0.866024 0
    outer loop
      vertex 36.1458 94.55 0
      vertex 37.7046 95.45 0
      vertex 37.7046 95.45 2.4
    endloop
  endfacet
  facet normal 0.500002 -0.866024 0
    outer loop
      vertex 36.1458 94.55 0
      vertex 37.7046 95.45 2.4
      vertex 36.1458 94.55 2.4
    endloop
  endfacet
  facet normal 0 0 1
    outer loop
      vertex 33.2206 78 0
      vertex 41.2794 88.3583 0
      vertex 39.7206 89.2583 0
    endloop
  endfacet
  facet normal -0 0 1
    outer loop
      vertex 33.2206 78 0
      vertex 34.7794 77.1 0
      vertex 41.2794 88.3583 0
    endloop
  endfacet
  facet normal 0 0 -1
    outer loop
      vertex 33.2206 78 2.4
      vertex 39.7206 89.2583 2.4
      vertex 41.2794 88.3583 2.4
    endloop
  endfacet
  facet normal 0 0 -1
    outer loop
      vertex 33.2206 78 2.4
      vertex 41.2794 88.3583 2.4
      vertex 34.7794 77.1 2.4
    endloop
  endfacet
  facet normal 0.866025 -0.500001 0
    outer loop
      vertex 33.2206 78 0
      vertex 39.7206 89.2583 0
      vertex 39.7206 89.2583 2.4
    endloop
  endfacet
  facet normal 0.866025 -0.500001 0
    outer loop
      vertex 33.2206 78 0
      vertex 39.7206 89.2583 2.4
      vertex 33.2206 78 2.4
    endloop
  endfacet
  facet normal -0.500001 -0.866025 0
    outer loop
      vertex 39.7206 89.2583 0
      vertex 41.2794 88.3583 0
      vertex 41.2794 88.3583 2.4
    endloop
  endfacet
  facet normal -0.500001 -0.866025 0
    outer loop
      vertex 39.7206 89.2583 0
      vertex 41.2794 88.3583 2.4
      vertex 39.7206 89.2583 2.4
    endloop
  endfacet
  facet normal -0.866025 0.500001 0
    outer loop
      vertex 41.2794 88.3583 0
      vertex 34.7794 77.1 0
      vertex 34.7794 77.1 2.4
    endloop
  endfacet
  facet normal -0.866025 0.500001 0
    outer loop
      vertex 41.2794 88.3583 0
      vertex 34.7794 77.1 2.4
      vertex 41.2794 88.3583 2.4
    endloop
  endfacet
  facet normal 0.500001 0.866025 0
    outer loop
      vertex 34.7794 77.1 0
      vertex 33.2206 78 0
      vertex 33.2206 78 2.4
    endloop
  endfacet
  facet normal 0.500001 0.866025 -0
    outer loop
      vertex 34.7794 77.1 0
      vertex 33.2206 78 2.4
      vertex 34.7794 77.1 2.4
    endloop
  endfacet
  facet normal 0 0 1
    outer loop
      vertex 112.779 55.4833 0
      vertex 117.721 43.325 0
      vertex 119.279 44.225 0
    endloop
  endfacet
  facet normal 0 0 1
    outer loop
      vertex 112.779 55.4833 0
      vertex 111.221 54.5833 0
      vertex 117.721 43.325 0
    endloop
  endfacet
  facet normal 0 0 -1
    outer loop
      vertex 112.779 55.4833 2.4
      vertex 119.279 44.225 2.4
      vertex 117.721 43.325 2.4
    endloop
  endfacet
  facet normal 0 -0 -1
    outer loop
      vertex 112.779 55.4833 2.4
      vertex 117.721 43.325 2.4
      vertex 111.221 54.5833 2.4
    endloop
  endfacet
  facet normal -0.866025 -0.500001 0
    outer loop
      vertex 112.779 55.4833 0
      vertex 119.279 44.225 0
      vertex 119.279 44.225 2.4
    endloop
  endfacet
  facet normal -0.866025 -0.500001 0
    outer loop
      vertex 112.779 55.4833 0
      vertex 119.279 44.225 2.4
      vertex 112.779 55.4833 2.4
    endloop
  endfacet
  facet normal -0.500001 0.866025 0
    outer loop
      vertex 119.279 44.225 0
      vertex 117.721 43.325 0
      vertex 117.721 43.325 2.4
    endloop
  endfacet
  facet normal -0.500001 0.866025 0
    outer loop
      vertex 119.279 44.225 0
      vertex 117.721 43.325 2.4
      vertex 119.279 44.225 2.4
    endloop
  endfacet
  facet normal 0.866025 0.500001 0
    outer loop
      vertex 117.721 43.325 0
      vertex 111.221 54.5833 0
      vertex 111.221 54.5833 2.4
    endloop
  endfacet
  facet normal 0.866025 0.500001 -0
    outer loop
      vertex 117.721 43.325 0
      vertex 111.221 54.5833 2.4
      vertex 117.721 43.325 2.4
    endloop
  endfacet
  facet normal 0.500001 -0.866025 0
    outer loop
      vertex 111.221 54.5833 0
      vertex 112.779 55.4833 0
      vertex 112.779 55.4833 2.4
    endloop
  endfacet
  facet normal 0.500001 -0.866025 0
    outer loop
      vertex 111.221 54.5833 0
      vertex 112.779 55.4833 2.4
      vertex 111.221 54.5833 2.4
    endloop
  endfacet
  facet normal 0 0 1
    outer loop
      vertex 171.279 89.2583 0
      vertex 173.721 81.4301 0
      vertex 175.279 82.3301 0
    endloop
  endfacet
  facet normal 0 0 1
    outer loop
      vertex 171.279 89.2583 0
      vertex 169.721 88.3583 0
      vertex 173.721 81.4301 0
    endloop
  endfacet
  facet normal 0 0 -1
    outer loop
      vertex 171.279 89.2583 2.4
      vertex 175.279 82.3301 2.4
      vertex 173.721 81.4301 2.4
    endloop
  endfacet
  facet normal 0 -0 -1
    outer loop
      vertex 171.279 89.2583 2.4
      vertex 173.721 81.4301 2.4
      vertex 169.721 88.3583 2.4
    endloop
  endfacet
  facet normal -0.866025 -0.5 0
    outer loop
      vertex 171.279 89.2583 0
      vertex 175.279 82.3301 0
      vertex 175.279 82.3301 2.4
    endloop
  endfacet
  facet normal -0.866025 -0.5 0
    outer loop
      vertex 171.279 89.2583 0
      vertex 175.279 82.3301 2.4
      vertex 171.279 89.2583 2.4
    endloop
  endfacet
  facet normal -0.5 0.866025 0
    outer loop
      vertex 175.279 82.3301 0
      vertex 173.721 81.4301 0
      vertex 173.721 81.4301 2.4
    endloop
  endfacet
  facet normal -0.5 0.866025 0
    outer loop
      vertex 175.279 82.3301 0
      vertex 173.721 81.4301 2.4
      vertex 175.279 82.3301 2.4
    endloop
  endfacet
  facet normal 0.866025 0.5 0
    outer loop
      vertex 173.721 81.4301 0
      vertex 169.721 88.3583 0
      vertex 169.721 88.3583 2.4
    endloop
  endfacet
  facet normal 0.866025 0.5 -0
    outer loop
      vertex 173.721 81.4301 0
      vertex 169.721 88.3583 2.4
      vertex 173.721 81.4301 2.4
    endloop
  endfacet
  facet normal 0.5 -0.866025 0
    outer loop
      vertex 169.721 88.3583 0
      vertex 171.279 89.2583 0
      vertex 171.279 89.2583 2.4
    endloop
  endfacet
  facet normal 0.5 -0.866025 0
    outer loop
      vertex 169.721 88.3583 0
      vertex 171.279 89.2583 2.4
      vertex 169.721 88.3583 2.4
    endloop
  endfacet
  facet normal -0 0 1
    outer loop
      vertex 21 33.4167 0
      vertex 34 31.6167 0
      vertex 34 33.4167 0
    endloop
  endfacet
  facet normal 0 0 1
    outer loop
      vertex 21 33.4167 0
      vertex 21 31.6167 0
      vertex 34 31.6167 0
    endloop
  endfacet
  facet normal 0 0 -1
    outer loop
      vertex 21 33.4167 2.4
      vertex 34 33.4167 2.4
      vertex 34 31.6167 2.4
    endloop
  endfacet
  facet normal 0 0 -1
    outer loop
      vertex 21 33.4167 2.4
      vertex 34 31.6167 2.4
      vertex 21 31.6167 2.4
    endloop
  endfacet
  facet normal 0 -1 0
    outer loop
      vertex 21 33.4167 0
      vertex 34 33.4167 0
      vertex 34 33.4167 2.4
    endloop
  endfacet
  facet normal 0 -1 0
    outer loop
      vertex 21 33.4167 0
      vertex 34 33.4167 2.4
      vertex 21 33.4167 2.4
    endloop
  endfacet
  facet normal -1 0 0
    outer loop
      vertex 34 33.4167 0
      vertex 34 31.6167 0
      vertex 34 31.6167 2.4
    endloop
  endfacet
  facet normal -1 0 0
    outer loop
      vertex 34 33.4167 0
      vertex 34 31.6167 2.4
      vertex 34 33.4167 2.4
    endloop
  endfacet
  facet normal 0 1 0
    outer loop
      vertex 34 31.6167 0
      vertex 21 31.6167 0
      vertex 21 31.6167 2.4
    endloop
  endfacet
  facet normal 0 1 -0
    outer loop
      vertex 34 31.6167 0
      vertex 21 31.6167 2.4
      vertex 34 31.6167 2.4
    endloop
  endfacet
  facet normal 1 0 0
    outer loop
      vertex 21 31.6167 0
      vertex 21 33.4167 0
      vertex 21 33.4167 2.4
    endloop
  endfacet
  facet normal 1 0 0
    outer loop
      vertex 21 31.6167 0
      vertex 21 33.4167 2.4
      vertex 21 31.6167 2.4
    endloop
  endfacet
  facet normal 0 0 1
    outer loop
      vertex 169.721 89.2583 0
      vertex 174.854 94.55 0
      vertex 173.295 95.45 0
    endloop
  endfacet
  facet normal -0 0 1
    outer loop
      vertex 169.721 89.2583 0
      vertex 171.279 88.3583 0
      vertex 174.854 94.55 0
    endloop
  endfacet
  facet normal 0 0 -1
    outer loop
      vertex 169.721 89.2583 2.4
      vertex 173.295 95.45 2.4
      vertex 174.854 94.55 2.4
    endloop
  endfacet
  facet normal 0 0 -1
    outer loop
      vertex 169.721 89.2583 2.4
      vertex 174.854 94.55 2.4
      vertex 171.279 88.3583 2.4
    endloop
  endfacet
  facet normal 0.866024 -0.500002 0
    outer loop
      vertex 169.721 89.2583 0
      vertex 173.295 95.45 0
      vertex 173.295 95.45 2.4
    endloop
  endfacet
  facet normal 0.866024 -0.500002 0
    outer loop
      vertex 169.721 89.2583 0
      vertex 173.295 95.45 2.4
      vertex 169.721 89.2583 2.4
    endloop
  endfacet
  facet normal -0.500002 -0.866024 0
    outer loop
      vertex 173.295 95.45 0
      vertex 174.854 94.55 0
      vertex 174.854 94.55 2.4
    endloop
  endfacet
  facet normal -0.500002 -0.866024 0
    outer loop
      vertex 173.295 95.45 0
      vertex 174.854 94.55 2.4
      vertex 173.295 95.45 2.4
    endloop
  endfacet
  facet normal -0.866024 0.500002 0
    outer loop
      vertex 174.854 94.55 0
      vertex 171.279 88.3583 0
      vertex 171.279 88.3583 2.4
    endloop
  endfacet
  facet normal -0.866024 0.500002 0
    outer loop
      vertex 174.854 94.55 0
      vertex 171.279 88.3583 2.4
      vertex 174.854 94.55 2.4
    endloop
  endfacet
  facet normal 0.500002 0.866024 0
    outer loop
      vertex 171.279 88.3583 0
      vertex 169.721 89.2583 0
      vertex 169.721 89.2583 2.4
    endloop
  endfacet
  facet normal 0.500002 0.866024 -0
    outer loop
      vertex 171.279 88.3583 0
      vertex 169.721 89.2583 2.4
      vertex 171.279 88.3583 2.4
    endloop
  endfacet
  facet normal -0 0 1
    outer loop
      vertex 60 10.9 0
      vertex 73 9.1 0
      vertex 73 10.9 0
    endloop
  endfacet
  facet normal 0 0 1
    outer loop
      vertex 60 10.9 0
      vertex 60 9.1 0
      vertex 73 9.1 0
    endloop
  endfacet
  facet normal 0 0 -1
    outer loop
      vertex 60 10.9 2.4
      vertex 73 10.9 2.4
      vertex 73 9.1 2.4
    endloop
  endfacet
  facet normal 0 0 -1
    outer loop
      vertex 60 10.9 2.4
      vertex 73 9.1 2.4
      vertex 60 9.1 2.4
    endloop
  endfacet
  facet normal 0 -1 0
    outer loop
      vertex 60 10.9 0
      vertex 73 10.9 0
      vertex 73 10.9 2.4
    endloop
  endfacet
  facet normal 0 -1 0
    outer loop
      vertex 60 10.9 0
      vertex 73 10.9 2.4
      vertex 60 10.9 2.4
    endloop
  endfacet
  facet normal -1 0 0
    outer loop
      vertex 73 10.9 0
      vertex 73 9.1 0
      vertex 73 9.1 2.4
    endloop
  endfacet
  facet normal -1 0 0
    outer loop
      vertex 73 10.9 0
      vertex 73 9.1 2.4
      vertex 73 10.9 2.4
    endloop
  endfacet
  facet normal 0 1 0
    outer loop
      vertex 73 9.1 0
      vertex 60 9.1 0
      vertex 60 9.1 2.4
    endloop
  endfacet
  facet normal 0 1 -0
    outer loop
      vertex 73 9.1 0
      vertex 60 9.1 2.4
      vertex 73 9.1 2.4
    endloop
  endfacet
  facet normal 1 0 0
    outer loop
      vertex 60 9.1 0
      vertex 60 10.9 0
      vertex 60 10.9 2.4
    endloop
  endfacet
  facet normal 1 0 0
    outer loop
      vertex 60 9.1 0
      vertex 60 10.9 2.4
      vertex 60 9.1 2.4
    endloop
  endfacet
  facet normal -0 0 1
    outer loop
      vertex 60 33.4167 0
      vertex 73 31.6167 0
      vertex 73 33.4167 0
    endloop
  endfacet
  facet normal 0 0 1
    outer loop
      vertex 60 33.4167 0
      vertex 60 31.6167 0
      vertex 73 31.6167 0
    endloop
  endfacet
  facet normal 0 0 -1
    outer loop
      vertex 60 33.4167 2.4
      vertex 73 33.4167 2.4
      vertex 73 31.6167 2.4
    endloop
  endfacet
  facet normal 0 0 -1
    outer loop
      vertex 60 33.4167 2.4
      vertex 73 31.6167 2.4
      vertex 60 31.6167 2.4
    endloop
  endfacet
  facet normal 0 -1 0
    outer loop
      vertex 60 33.4167 0
      vertex 73 33.4167 0
      vertex 73 33.4167 2.4
    endloop
  endfacet
  facet normal 0 -1 0
    outer loop
      vertex 60 33.4167 0
      vertex 73 33.4167 2.4
      vertex 60 33.4167 2.4
    endloop
  endfacet
  facet normal -1 0 0
    outer loop
      vertex 73 33.4167 0
      vertex 73 31.6167 0
      vertex 73 31.6167 2.4
    endloop
  endfacet
  facet normal -1 0 0
    outer loop
      vertex 73 33.4167 0
      vertex 73 31.6167 2.4
      vertex 73 33.4167 2.4
    endloop
  endfacet
  facet normal 0 1 0
    outer loop
      vertex 73 31.6167 0
      vertex 60 31.6167 0
      vertex 60 31.6167 2.4
    endloop
  endfacet
  facet normal 0 1 -0
    outer loop
      vertex 73 31.6167 0
      vertex 60 31.6167 2.4
      vertex 73 31.6167 2.4
    endloop
  endfacet
  facet normal 1 0 0
    outer loop
      vertex 60 31.6167 0
      vertex 60 33.4167 0
      vertex 60 33.4167 2.4
    endloop
  endfacet
  facet normal 1 0 0
    outer loop
      vertex 60 31.6167 0
      vertex 60 33.4167 2.4
      vertex 60 31.6167 2.4
    endloop
  endfacet
  facet normal 0 0 1
    outer loop
      vertex 13.7206 21.7083 0
      vertex 21.7794 32.0667 0
      vertex 20.2206 32.9667 0
    endloop
  endfacet
  facet normal -0 0 1
    outer loop
      vertex 13.7206 21.7083 0
      vertex 15.2794 20.8083 0
      vertex 21.7794 32.0667 0
    endloop
  endfacet
  facet normal 0 0 -1
    outer loop
      vertex 13.7206 21.7083 2.4
      vertex 20.2206 32.9667 2.4
      vertex 21.7794 32.0667 2.4
    endloop
  endfacet
  facet normal 0 0 -1
    outer loop
      vertex 13.7206 21.7083 2.4
      vertex 21.7794 32.0667 2.4
      vertex 15.2794 20.8083 2.4
    endloop
  endfacet
  facet normal 0.866027 -0.499998 0
    outer loop
      vertex 13.7206 21.7083 0
      vertex 20.2206 32.9667 0
      vertex 20.2206 32.9667 2.4
    endloop
  endfacet
  facet normal 0.866027 -0.499998 0
    outer loop
      vertex 13.7206 21.7083 0
      vertex 20.2206 32.9667 2.4
      vertex 13.7206 21.7083 2.4
    endloop
  endfacet
  facet normal -0.499998 -0.866027 0
    outer loop
      vertex 20.2206 32.9667 0
      vertex 21.7794 32.0667 0
      vertex 21.7794 32.0667 2.4
    endloop
  endfacet
  facet normal -0.499998 -0.866027 0
    outer loop
      vertex 20.2206 32.9667 0
      vertex 21.7794 32.0667 2.4
      vertex 20.2206 32.9667 2.4
    endloop
  endfacet
  facet normal -0.866027 0.499998 0
    outer loop
      vertex 21.7794 32.0667 0
      vertex 15.2794 20.8083 0
      vertex 15.2794 20.8083 2.4
    endloop
  endfacet
  facet normal -0.866027 0.499998 0
    outer loop
      vertex 21.7794 32.0667 0
      vertex 15.2794 20.8083 2.4
      vertex 21.7794 32.0667 2.4
    endloop
  endfacet
  facet normal 0.499998 0.866027 0
    outer loop
      vertex 15.2794 20.8083 0
      vertex 13.7206 21.7083 0
      vertex 13.7206 21.7083 2.4
    endloop
  endfacet
  facet normal 0.499998 0.866027 -0
    outer loop
      vertex 15.2794 20.8083 0
      vertex 13.7206 21.7083 2.4
      vertex 15.2794 20.8083 2.4
    endloop
  endfacet
  facet normal 0 0 1
    outer loop
      vertex 169.721 44.225 0
      vertex 175.279 50.2532 0
      vertex 173.721 51.1532 0
    endloop
  endfacet
  facet normal -0 0 1
    outer loop
      vertex 169.721 44.225 0
      vertex 171.279 43.325 0
      vertex 175.279 50.2532 0
    endloop
  endfacet
  facet normal 0 0 -1
    outer loop
      vertex 169.721 44.225 2.4
      vertex 173.721 51.1532 2.4
      vertex 175.279 50.2532 2.4
    endloop
  endfacet
  facet normal 0 0 -1
    outer loop
      vertex 169.721 44.225 2.4
      vertex 175.279 50.2532 2.4
      vertex 171.279 43.325 2.4
    endloop
  endfacet
  facet normal 0.866025 -0.5 0
    outer loop
      vertex 169.721 44.225 0
      vertex 173.721 51.1532 0
      vertex 173.721 51.1532 2.4
    endloop
  endfacet
  facet normal 0.866025 -0.5 0
    outer loop
      vertex 169.721 44.225 0
      vertex 173.721 51.1532 2.4
      vertex 169.721 44.225 2.4
    endloop
  endfacet
  facet normal -0.5 -0.866025 0
    outer loop
      vertex 173.721 51.1532 0
      vertex 175.279 50.2532 0
      vertex 175.279 50.2532 2.4
    endloop
  endfacet
  facet normal -0.5 -0.866025 0
    outer loop
      vertex 173.721 51.1532 0
      vertex 175.279 50.2532 2.4
      vertex 173.721 51.1532 2.4
    endloop
  endfacet
  facet normal -0.866025 0.5 0
    outer loop
      vertex 175.279 50.2532 0
      vertex 171.279 43.325 0
      vertex 171.279 43.325 2.4
    endloop
  endfacet
  facet normal -0.866025 0.5 0
    outer loop
      vertex 175.279 50.2532 0
      vertex 171.279 43.325 2.4
      vertex 175.279 50.2532 2.4
    endloop
  endfacet
  facet normal 0.5 0.866025 0
    outer loop
      vertex 171.279 43.325 0
      vertex 169.721 44.225 0
      vertex 169.721 44.225 2.4
    endloop
  endfacet
  facet normal 0.5 0.866025 -0
    outer loop
      vertex 171.279 43.325 0
      vertex 169.721 44.225 2.4
      vertex 171.279 43.325 2.4
    endloop
  endfacet
  facet normal 0 0 1
    outer loop
      vertex 171.279 21.7083 0
      vertex 173.721 13.8801 0
      vertex 175.279 14.7801 0
    endloop
  endfacet
  facet normal 0 0 1
    outer loop
      vertex 171.279 21.7083 0
      vertex 169.721 20.8083 0
      vertex 173.721 13.8801 0
    endloop
  endfacet
  facet normal 0 0 -1
    outer loop
      vertex 171.279 21.7083 2.4
      vertex 175.279 14.7801 2.4
      vertex 173.721 13.8801 2.4
    endloop
  endfacet
  facet normal 0 -0 -1
    outer loop
      vertex 171.279 21.7083 2.4
      vertex 173.721 13.8801 2.4
      vertex 169.721 20.8083 2.4
    endloop
  endfacet
  facet normal -0.866025 -0.5 0
    outer loop
      vertex 171.279 21.7083 0
      vertex 175.279 14.7801 0
      vertex 175.279 14.7801 2.4
    endloop
  endfacet
  facet normal -0.866025 -0.5 0
    outer loop
      vertex 171.279 21.7083 0
      vertex 175.279 14.7801 2.4
      vertex 171.279 21.7083 2.4
    endloop
  endfacet
  facet normal -0.5 0.866025 0
    outer loop
      vertex 175.279 14.7801 0
      vertex 173.721 13.8801 0
      vertex 173.721 13.8801 2.4
    endloop
  endfacet
  facet normal -0.5 0.866025 0
    outer loop
      vertex 175.279 14.7801 0
      vertex 173.721 13.8801 2.4
      vertex 175.279 14.7801 2.4
    endloop
  endfacet
  facet normal 0.866025 0.5 0
    outer loop
      vertex 173.721 13.8801 0
      vertex 169.721 20.8083 0
      vertex 169.721 20.8083 2.4
    endloop
  endfacet
  facet normal 0.866025 0.5 -0
    outer loop
      vertex 173.721 13.8801 0
      vertex 169.721 20.8083 2.4
      vertex 173.721 13.8801 2.4
    endloop
  endfacet
  facet normal 0.5 -0.866025 0
    outer loop
      vertex 169.721 20.8083 0
      vertex 171.279 21.7083 0
      vertex 171.279 21.7083 2.4
    endloop
  endfacet
  facet normal 0.5 -0.866025 0
    outer loop
      vertex 169.721 20.8083 0
      vertex 171.279 21.7083 2.4
      vertex 169.721 20.8083 2.4
    endloop
  endfacet
  facet normal 0 0 1
    outer loop
      vertex 91.7206 21.7083 0
      vertex 99.7794 32.0667 0
      vertex 98.2206 32.9667 0
    endloop
  endfacet
  facet normal -0 0 1
    outer loop
      vertex 91.7206 21.7083 0
      vertex 93.2794 20.8083 0
      vertex 99.7794 32.0667 0
    endloop
  endfacet
  facet normal 0 0 -1
    outer loop
      vertex 91.7206 21.7083 2.4
      vertex 98.2206 32.9667 2.4
      vertex 99.7794 32.0667 2.4
    endloop
  endfacet
  facet normal 0 0 -1
    outer loop
      vertex 91.7206 21.7083 2.4
      vertex 99.7794 32.0667 2.4
      vertex 93.2794 20.8083 2.4
    endloop
  endfacet
  facet normal 0.866027 -0.499998 0
    outer loop
      vertex 91.7206 21.7083 0
      vertex 98.2206 32.9667 0
      vertex 98.2206 32.9667 2.4
    endloop
  endfacet
  facet normal 0.866027 -0.499998 0
    outer loop
      vertex 91.7206 21.7083 0
      vertex 98.2206 32.9667 2.4
      vertex 91.7206 21.7083 2.4
    endloop
  endfacet
  facet normal -0.499998 -0.866027 0
    outer loop
      vertex 98.2206 32.9667 0
      vertex 99.7794 32.0667 0
      vertex 99.7794 32.0667 2.4
    endloop
  endfacet
  facet normal -0.499998 -0.866027 0
    outer loop
      vertex 98.2206 32.9667 0
      vertex 99.7794 32.0667 2.4
      vertex 98.2206 32.9667 2.4
    endloop
  endfacet
  facet normal -0.866027 0.499998 0
    outer loop
      vertex 99.7794 32.0667 0
      vertex 93.2794 20.8083 0
      vertex 93.2794 20.8083 2.4
    endloop
  endfacet
  facet normal -0.866027 0.499998 0
    outer loop
      vertex 99.7794 32.0667 0
      vertex 93.2794 20.8083 2.4
      vertex 99.7794 32.0667 2.4
    endloop
  endfacet
  facet normal 0.499998 0.866027 0
    outer loop
      vertex 93.2794 20.8083 0
      vertex 91.7206 21.7083 0
      vertex 91.7206 21.7083 2.4
    endloop
  endfacet
  facet normal 0.499998 0.866027 -0
    outer loop
      vertex 93.2794 20.8083 0
      vertex 91.7206 21.7083 2.4
      vertex 93.2794 20.8083 2.4
    endloop
  endfacet
  facet normal -0 0 1
    outer loop
      vertex 118.5 89.7083 0
      vertex 131.5 87.9083 0
      vertex 131.5 89.7083 0
    endloop
  endfacet
  facet normal 0 0 1
    outer loop
      vertex 118.5 89.7083 0
      vertex 118.5 87.9083 0
      vertex 131.5 87.9083 0
    endloop
  endfacet
  facet normal 0 0 -1
    outer loop
      vertex 118.5 89.7083 2.4
      vertex 131.5 89.7083 2.4
      vertex 131.5 87.9083 2.4
    endloop
  endfacet
  facet normal 0 0 -1
    outer loop
      vertex 118.5 89.7083 2.4
      vertex 131.5 87.9083 2.4
      vertex 118.5 87.9083 2.4
    endloop
  endfacet
  facet normal 0 -1 0
    outer loop
      vertex 118.5 89.7083 0
      vertex 131.5 89.7083 0
      vertex 131.5 89.7083 2.4
    endloop
  endfacet
  facet normal 0 -1 0
    outer loop
      vertex 118.5 89.7083 0
      vertex 131.5 89.7083 2.4
      vertex 118.5 89.7083 2.4
    endloop
  endfacet
  facet normal -1 0 0
    outer loop
      vertex 131.5 89.7083 0
      vertex 131.5 87.9083 0
      vertex 131.5 87.9083 2.4
    endloop
  endfacet
  facet normal -1 0 0
    outer loop
      vertex 131.5 89.7083 0
      vertex 131.5 87.9083 2.4
      vertex 131.5 89.7083 2.4
    endloop
  endfacet
  facet normal 0 1 0
    outer loop
      vertex 131.5 87.9083 0
      vertex 118.5 87.9083 0
      vertex 118.5 87.9083 2.4
    endloop
  endfacet
  facet normal 0 1 -0
    outer loop
      vertex 131.5 87.9083 0
      vertex 118.5 87.9083 2.4
      vertex 131.5 87.9083 2.4
    endloop
  endfacet
  facet normal 1 0 0
    outer loop
      vertex 118.5 87.9083 0
      vertex 118.5 89.7083 0
      vertex 118.5 89.7083 2.4
    endloop
  endfacet
  facet normal 1 0 0
    outer loop
      vertex 118.5 87.9083 0
      vertex 118.5 89.7083 2.4
      vertex 118.5 87.9083 2.4
    endloop
  endfacet
  facet normal 0 0 1
    outer loop
      vertex 15.2794 89.2583 0
      vertex 20.2206 77.1 0
      vertex 21.7794 78 0
    endloop
  endfacet
  facet normal 0 0 1
    outer loop
      vertex 15.2794 89.2583 0
      vertex 13.7206 88.3583 0
      vertex 20.2206 77.1 0
    endloop
  endfacet
  facet normal 0 0 -1
    outer loop
      vertex 15.2794 89.2583 2.4
      vertex 21.7794 78 2.4
      vertex 20.2206 77.1 2.4
    endloop
  endfacet
  facet normal 0 -0 -1
    outer loop
      vertex 15.2794 89.2583 2.4
      vertex 20.2206 77.1 2.4
      vertex 13.7206 88.3583 2.4
    endloop
  endfacet
  facet normal -0.866025 -0.500001 0
    outer loop
      vertex 15.2794 89.2583 0
      vertex 21.7794 78 0
      vertex 21.7794 78 2.4
    endloop
  endfacet
  facet normal -0.866025 -0.500001 0
    outer loop
      vertex 15.2794 89.2583 0
      vertex 21.7794 78 2.4
      vertex 15.2794 89.2583 2.4
    endloop
  endfacet
  facet normal -0.500001 0.866025 0
    outer loop
      vertex 21.7794 78 0
      vertex 20.2206 77.1 0
      vertex 20.2206 77.1 2.4
    endloop
  endfacet
  facet normal -0.500001 0.866025 0
    outer loop
      vertex 21.7794 78 0
      vertex 20.2206 77.1 2.4
      vertex 21.7794 78 2.4
    endloop
  endfacet
  facet normal 0.866025 0.500001 0
    outer loop
      vertex 20.2206 77.1 0
      vertex 13.7206 88.3583 0
      vertex 13.7206 88.3583 2.4
    endloop
  endfacet
  facet normal 0.866025 0.500001 -0
    outer loop
      vertex 20.2206 77.1 0
      vertex 13.7206 88.3583 2.4
      vertex 20.2206 77.1 2.4
    endloop
  endfacet
  facet normal 0.500001 -0.866025 0
    outer loop
      vertex 13.7206 88.3583 0
      vertex 15.2794 89.2583 0
      vertex 15.2794 89.2583 2.4
    endloop
  endfacet
  facet normal 0.500001 -0.866025 0
    outer loop
      vertex 13.7206 88.3583 0
      vertex 15.2794 89.2583 2.4
      vertex 13.7206 88.3583 2.4
    endloop
  endfacet
  facet normal 0 0 1
    outer loop
      vertex 93.2794 44.225 0
      vertex 98.2206 32.0667 0
      vertex 99.7794 32.9667 0
    endloop
  endfacet
  facet normal 0 0 1
    outer loop
      vertex 93.2794 44.225 0
      vertex 91.7206 43.325 0
      vertex 98.2206 32.0667 0
    endloop
  endfacet
  facet normal 0 0 -1
    outer loop
      vertex 93.2794 44.225 2.4
      vertex 99.7794 32.9667 2.4
      vertex 98.2206 32.0667 2.4
    endloop
  endfacet
  facet normal 0 -0 -1
    outer loop
      vertex 93.2794 44.225 2.4
      vertex 98.2206 32.0667 2.4
      vertex 91.7206 43.325 2.4
    endloop
  endfacet
  facet normal -0.866025 -0.500001 0
    outer loop
      vertex 93.2794 44.225 0
      vertex 99.7794 32.9667 0
      vertex 99.7794 32.9667 2.4
    endloop
  endfacet
  facet normal -0.866025 -0.500001 0
    outer loop
      vertex 93.2794 44.225 0
      vertex 99.7794 32.9667 2.4
      vertex 93.2794 44.225 2.4
    endloop
  endfacet
  facet normal -0.500001 0.866025 0
    outer loop
      vertex 99.7794 32.9667 0
      vertex 98.2206 32.0667 0
      vertex 98.2206 32.0667 2.4
    endloop
  endfacet
  facet normal -0.500001 0.866025 0
    outer loop
      vertex 99.7794 32.9667 0
      vertex 98.2206 32.0667 2.4
      vertex 99.7794 32.9667 2.4
    endloop
  endfacet
  facet normal 0.866025 0.500001 0
    outer loop
      vertex 98.2206 32.0667 0
      vertex 91.7206 43.325 0
      vertex 91.7206 43.325 2.4
    endloop
  endfacet
  facet normal 0.866025 0.500001 -0
    outer loop
      vertex 98.2206 32.0667 0
      vertex 91.7206 43.325 2.4
      vertex 98.2206 32.0667 2.4
    endloop
  endfacet
  facet normal 0.500001 -0.866025 0
    outer loop
      vertex 91.7206 43.325 0
      vertex 93.2794 44.225 0
      vertex 93.2794 44.225 2.4
    endloop
  endfacet
  facet normal 0.500001 -0.866025 0
    outer loop
      vertex 91.7206 43.325 0
      vertex 93.2794 44.225 2.4
      vertex 91.7206 43.325 2.4
    endloop
  endfacet
  facet normal -0 0 1
    outer loop
      vertex 138 55.9333 0
      vertex 151 54.1333 0
      vertex 151 55.9333 0
    endloop
  endfacet
  facet normal 0 0 1
    outer loop
      vertex 138 55.9333 0
      vertex 138 54.1333 0
      vertex 151 54.1333 0
    endloop
  endfacet
  facet normal 0 0 -1
    outer loop
      vertex 138 55.9333 2.4
      vertex 151 55.9333 2.4
      vertex 151 54.1333 2.4
    endloop
  endfacet
  facet normal 0 0 -1
    outer loop
      vertex 138 55.9333 2.4
      vertex 151 54.1333 2.4
      vertex 138 54.1333 2.4
    endloop
  endfacet
  facet normal 0 -1 0
    outer loop
      vertex 138 55.9333 0
      vertex 151 55.9333 0
      vertex 151 55.9333 2.4
    endloop
  endfacet
  facet normal 0 -1 0
    outer loop
      vertex 138 55.9333 0
      vertex 151 55.9333 2.4
      vertex 138 55.9333 2.4
    endloop
  endfacet
  facet normal -1 0 0
    outer loop
      vertex 151 55.9333 0
      vertex 151 54.1333 0
      vertex 151 54.1333 2.4
    endloop
  endfacet
  facet normal -1 0 0
    outer loop
      vertex 151 55.9333 0
      vertex 151 54.1333 2.4
      vertex 151 55.9333 2.4
    endloop
  endfacet
  facet normal 0 1 0
    outer loop
      vertex 151 54.1333 0
      vertex 138 54.1333 0
      vertex 138 54.1333 2.4
    endloop
  endfacet
  facet normal 0 1 -0
    outer loop
      vertex 151 54.1333 0
      vertex 138 54.1333 2.4
      vertex 151 54.1333 2.4
    endloop
  endfacet
  facet normal 1 0 0
    outer loop
      vertex 138 54.1333 0
      vertex 138 55.9333 0
      vertex 138 55.9333 2.4
    endloop
  endfacet
  facet normal 1 0 0
    outer loop
      vertex 138 54.1333 0
      vertex 138 55.9333 2.4
      vertex 138 54.1333 2.4
    endloop
  endfacet
  facet normal -0 0 1
    outer loop
      vertex 138 78.45 0
      vertex 151 76.65 0
      vertex 151 78.45 0
    endloop
  endfacet
  facet normal 0 0 1
    outer loop
      vertex 138 78.45 0
      vertex 138 76.65 0
      vertex 151 76.65 0
    endloop
  endfacet
  facet normal 0 0 -1
    outer loop
      vertex 138 78.45 2.4
      vertex 151 78.45 2.4
      vertex 151 76.65 2.4
    endloop
  endfacet
  facet normal 0 0 -1
    outer loop
      vertex 138 78.45 2.4
      vertex 151 76.65 2.4
      vertex 138 76.65 2.4
    endloop
  endfacet
  facet normal 0 -1 0
    outer loop
      vertex 138 78.45 0
      vertex 151 78.45 0
      vertex 151 78.45 2.4
    endloop
  endfacet
  facet normal 0 -1 0
    outer loop
      vertex 138 78.45 0
      vertex 151 78.45 2.4
      vertex 138 78.45 2.4
    endloop
  endfacet
  facet normal -1 0 0
    outer loop
      vertex 151 78.45 0
      vertex 151 76.65 0
      vertex 151 76.65 2.4
    endloop
  endfacet
  facet normal -1 0 0
    outer loop
      vertex 151 78.45 0
      vertex 151 76.65 2.4
      vertex 151 78.45 2.4
    endloop
  endfacet
  facet normal 0 1 0
    outer loop
      vertex 151 76.65 0
      vertex 138 76.65 0
      vertex 138 76.65 2.4
    endloop
  endfacet
  facet normal 0 1 -0
    outer loop
      vertex 151 76.65 0
      vertex 138 76.65 2.4
      vertex 151 76.65 2.4
    endloop
  endfacet
  facet normal 1 0 0
    outer loop
      vertex 138 76.65 0
      vertex 138 78.45 0
      vertex 138 78.45 2.4
    endloop
  endfacet
  facet normal 1 0 0
    outer loop
      vertex 138 76.65 0
      vertex 138 78.45 2.4
      vertex 138 76.65 2.4
    endloop
  endfacet
  facet normal 0 0 1
    outer loop
      vertex 130.721 66.7417 0
      vertex 138.779 77.1 0
      vertex 137.221 78 0
    endloop
  endfacet
  facet normal -0 0 1
    outer loop
      vertex 130.721 66.7417 0
      vertex 132.279 65.8417 0
      vertex 138.779 77.1 0
    endloop
  endfacet
  facet normal 0 0 -1
    outer loop
      vertex 130.721 66.7417 2.4
      vertex 137.221 78 2.4
      vertex 138.779 77.1 2.4
    endloop
  endfacet
  facet normal 0 0 -1
    outer loop
      vertex 130.721 66.7417 2.4
      vertex 138.779 77.1 2.4
      vertex 132.279 65.8417 2.4
    endloop
  endfacet
  facet normal 0.866025 -0.500001 0
    outer loop
      vertex 130.721 66.7417 0
      vertex 137.221 78 0
      vertex 137.221 78 2.4
    endloop
  endfacet
  facet normal 0.866025 -0.500001 0
    outer loop
      vertex 130.721 66.7417 0
      vertex 137.221 78 2.4
      vertex 130.721 66.7417 2.4
    endloop
  endfacet
  facet normal -0.500001 -0.866025 0
    outer loop
      vertex 137.221 78 0
      vertex 138.779 77.1 0
      vertex 138.779 77.1 2.4
    endloop
  endfacet
  facet normal -0.500001 -0.866025 0
    outer loop
      vertex 137.221 78 0
      vertex 138.779 77.1 2.4
      vertex 137.221 78 2.4
    endloop
  endfacet
  facet normal -0.866025 0.500001 0
    outer loop
      vertex 138.779 77.1 0
      vertex 132.279 65.8417 0
      vertex 132.279 65.8417 2.4
    endloop
  endfacet
  facet normal -0.866025 0.500001 0
    outer loop
      vertex 138.779 77.1 0
      vertex 132.279 65.8417 2.4
      vertex 138.779 77.1 2.4
    endloop
  endfacet
  facet normal 0.500001 0.866025 0
    outer loop
      vertex 132.279 65.8417 0
      vertex 130.721 66.7417 0
      vertex 130.721 66.7417 2.4
    endloop
  endfacet
  facet normal 0.500001 0.866025 -0
    outer loop
      vertex 132.279 65.8417 0
      vertex 130.721 66.7417 2.4
      vertex 132.279 65.8417 2.4
    endloop
  endfacet
  facet normal 0 0 1
    outer loop
      vertex 15.2794 44.225 0
      vertex 20.2206 32.0667 0
      vertex 21.7794 32.9667 0
    endloop
  endfacet
  facet normal 0 0 1
    outer loop
      vertex 15.2794 44.225 0
      vertex 13.7206 43.325 0
      vertex 20.2206 32.0667 0
    endloop
  endfacet
  facet normal 0 0 -1
    outer loop
      vertex 15.2794 44.225 2.4
      vertex 21.7794 32.9667 2.4
      vertex 20.2206 32.0667 2.4
    endloop
  endfacet
  facet normal 0 -0 -1
    outer loop
      vertex 15.2794 44.225 2.4
      vertex 20.2206 32.0667 2.4
      vertex 13.7206 43.325 2.4
    endloop
  endfacet
  facet normal -0.866025 -0.500001 0
    outer loop
      vertex 15.2794 44.225 0
      vertex 21.7794 32.9667 0
      vertex 21.7794 32.9667 2.4
    endloop
  endfacet
  facet normal -0.866025 -0.500001 0
    outer loop
      vertex 15.2794 44.225 0
      vertex 21.7794 32.9667 2.4
      vertex 15.2794 44.225 2.4
    endloop
  endfacet
  facet normal -0.500001 0.866025 0
    outer loop
      vertex 21.7794 32.9667 0
      vertex 20.2206 32.0667 0
      vertex 20.2206 32.0667 2.4
    endloop
  endfacet
  facet normal -0.500001 0.866025 0
    outer loop
      vertex 21.7794 32.9667 0
      vertex 20.2206 32.0667 2.4
      vertex 21.7794 32.9667 2.4
    endloop
  endfacet
  facet normal 0.866025 0.500001 0
    outer loop
      vertex 20.2206 32.0667 0
      vertex 13.7206 43.325 0
      vertex 13.7206 43.325 2.4
    endloop
  endfacet
  facet normal 0.866025 0.500001 -0
    outer loop
      vertex 20.2206 32.0667 0
      vertex 13.7206 43.325 2.4
      vertex 20.2206 32.0667 2.4
    endloop
  endfacet
  facet normal 0.500001 -0.866025 0
    outer loop
      vertex 13.7206 43.325 0
      vertex 15.2794 44.225 0
      vertex 15.2794 44.225 2.4
    endloop
  endfacet
  facet normal 0.500001 -0.866025 0
    outer loop
      vertex 13.7206 43.325 0
      vertex 15.2794 44.225 2.4
      vertex 13.7206 43.325 2.4
    endloop
  endfacet
  facet normal 0 0 1
    outer loop
      vertex 130.721 89.2583 0
      vertex 135.854 94.55 0
      vertex 134.295 95.45 0
    endloop
  endfacet
  facet normal -0 0 1
    outer loop
      vertex 130.721 89.2583 0
      vertex 132.279 88.3583 0
      vertex 135.854 94.55 0
    endloop
  endfacet
  facet normal 0 0 -1
    outer loop
      vertex 130.721 89.2583 2.4
      vertex 134.295 95.45 2.4
      vertex 135.854 94.55 2.4
    endloop
  endfacet
  facet normal 0 0 -1
    outer loop
      vertex 130.721 89.2583 2.4
      vertex 135.854 94.55 2.4
      vertex 132.279 88.3583 2.4
    endloop
  endfacet
  facet normal 0.866024 -0.500002 0
    outer loop
      vertex 130.721 89.2583 0
      vertex 134.295 95.45 0
      vertex 134.295 95.45 2.4
    endloop
  endfacet
  facet normal 0.866024 -0.500002 0
    outer loop
      vertex 130.721 89.2583 0
      vertex 134.295 95.45 2.4
      vertex 130.721 89.2583 2.4
    endloop
  endfacet
  facet normal -0.500002 -0.866024 0
    outer loop
      vertex 134.295 95.45 0
      vertex 135.854 94.55 0
      vertex 135.854 94.55 2.4
    endloop
  endfacet
  facet normal -0.500002 -0.866024 0
    outer loop
      vertex 134.295 95.45 0
      vertex 135.854 94.55 2.4
      vertex 134.295 95.45 2.4
    endloop
  endfacet
  facet normal -0.866024 0.500002 0
    outer loop
      vertex 135.854 94.55 0
      vertex 132.279 88.3583 0
      vertex 132.279 88.3583 2.4
    endloop
  endfacet
  facet normal -0.866024 0.500002 0
    outer loop
      vertex 135.854 94.55 0
      vertex 132.279 88.3583 2.4
      vertex 135.854 94.55 2.4
    endloop
  endfacet
  facet normal 0.500002 0.866024 0
    outer loop
      vertex 132.279 88.3583 0
      vertex 130.721 89.2583 0
      vertex 130.721 89.2583 2.4
    endloop
  endfacet
  facet normal 0.500002 0.866024 -0
    outer loop
      vertex 132.279 88.3583 0
      vertex 130.721 89.2583 2.4
      vertex 132.279 88.3583 2.4
    endloop
  endfacet
  facet normal 0 0 1
    outer loop
      vertex 111.221 32.9667 0
      vertex 119.279 43.325 0
      vertex 117.721 44.225 0
    endloop
  endfacet
  facet normal -0 0 1
    outer loop
      vertex 111.221 32.9667 0
      vertex 112.779 32.0667 0
      vertex 119.279 43.325 0
    endloop
  endfacet
  facet normal 0 0 -1
    outer loop
      vertex 111.221 32.9667 2.4
      vertex 117.721 44.225 2.4
      vertex 119.279 43.325 2.4
    endloop
  endfacet
  facet normal 0 0 -1
    outer loop
      vertex 111.221 32.9667 2.4
      vertex 119.279 43.325 2.4
      vertex 112.779 32.0667 2.4
    endloop
  endfacet
  facet normal 0.866025 -0.500001 0
    outer loop
      vertex 111.221 32.9667 0
      vertex 117.721 44.225 0
      vertex 117.721 44.225 2.4
    endloop
  endfacet
  facet normal 0.866025 -0.500001 0
    outer loop
      vertex 111.221 32.9667 0
      vertex 117.721 44.225 2.4
      vertex 111.221 32.9667 2.4
    endloop
  endfacet
  facet normal -0.500001 -0.866025 0
    outer loop
      vertex 117.721 44.225 0
      vertex 119.279 43.325 0
      vertex 119.279 43.325 2.4
    endloop
  endfacet
  facet normal -0.500001 -0.866025 0
    outer loop
      vertex 117.721 44.225 0
      vertex 119.279 43.325 2.4
      vertex 117.721 44.225 2.4
    endloop
  endfacet
  facet normal -0.866025 0.500001 0
    outer loop
      vertex 119.279 43.325 0
      vertex 112.779 32.0667 0
      vertex 112.779 32.0667 2.4
    endloop
  endfacet
  facet normal -0.866025 0.500001 0
    outer loop
      vertex 119.279 43.325 0
      vertex 112.779 32.0667 2.4
      vertex 119.279 43.325 2.4
    endloop
  endfacet
  facet normal 0.500001 0.866025 0
    outer loop
      vertex 112.779 32.0667 0
      vertex 111.221 32.9667 0
      vertex 111.221 32.9667 2.4
    endloop
  endfacet
  facet normal 0.500001 0.866025 -0
    outer loop
      vertex 112.779 32.0667 0
      vertex 111.221 32.9667 2.4
      vertex 112.779 32.0667 2.4
    endloop
  endfacet
  facet normal 0 0 1
    outer loop
      vertex 91.7206 89.2583 0
      vertex 96.8542 94.55 0
      vertex 95.2954 95.45 0
    endloop
  endfacet
  facet normal -0 0 1
    outer loop
      vertex 91.7206 89.2583 0
      vertex 93.2794 88.3583 0
      vertex 96.8542 94.55 0
    endloop
  endfacet
  facet normal 0 0 -1
    outer loop
      vertex 91.7206 89.2583 2.4
      vertex 95.2954 95.45 2.4
      vertex 96.8542 94.55 2.4
    endloop
  endfacet
  facet normal 0 0 -1
    outer loop
      vertex 91.7206 89.2583 2.4
      vertex 96.8542 94.55 2.4
      vertex 93.2794 88.3583 2.4
    endloop
  endfacet
  facet normal 0.866024 -0.500002 0
    outer loop
      vertex 91.7206 89.2583 0
      vertex 95.2954 95.45 0
      vertex 95.2954 95.45 2.4
    endloop
  endfacet
  facet normal 0.866024 -0.500002 0
    outer loop
      vertex 91.7206 89.2583 0
      vertex 95.2954 95.45 2.4
      vertex 91.7206 89.2583 2.4
    endloop
  endfacet
  facet normal -0.500002 -0.866024 0
    outer loop
      vertex 95.2954 95.45 0
      vertex 96.8542 94.55 0
      vertex 96.8542 94.55 2.4
    endloop
  endfacet
  facet normal -0.500002 -0.866024 0
    outer loop
      vertex 95.2954 95.45 0
      vertex 96.8542 94.55 2.4
      vertex 95.2954 95.45 2.4
    endloop
  endfacet
  facet normal -0.866024 0.500002 0
    outer loop
      vertex 96.8542 94.55 0
      vertex 93.2794 88.3583 0
      vertex 93.2794 88.3583 2.4
    endloop
  endfacet
  facet normal -0.866024 0.500002 0
    outer loop
      vertex 96.8542 94.55 0
      vertex 93.2794 88.3583 2.4
      vertex 96.8542 94.55 2.4
    endloop
  endfacet
  facet normal 0.500002 0.866024 0
    outer loop
      vertex 93.2794 88.3583 0
      vertex 91.7206 89.2583 0
      vertex 91.7206 89.2583 2.4
    endloop
  endfacet
  facet normal 0.500002 0.866024 -0
    outer loop
      vertex 93.2794 88.3583 0
      vertex 91.7206 89.2583 2.4
      vertex 93.2794 88.3583 2.4
    endloop
  endfacet
  facet normal -0 0 1
    outer loop
      vertex 99 10.9 0
      vertex 112 9.1 0
      vertex 112 10.9 0
    endloop
  endfacet
  facet normal 0 0 1
    outer loop
      vertex 99 10.9 0
      vertex 99 9.1 0
      vertex 112 9.1 0
    endloop
  endfacet
  facet normal 0 0 -1
    outer loop
      vertex 99 10.9 2.4
      vertex 112 10.9 2.4
      vertex 112 9.1 2.4
    endloop
  endfacet
  facet normal 0 0 -1
    outer loop
      vertex 99 10.9 2.4
      vertex 112 9.1 2.4
      vertex 99 9.1 2.4
    endloop
  endfacet
  facet normal 0 -1 0
    outer loop
      vertex 99 10.9 0
      vertex 112 10.9 0
      vertex 112 10.9 2.4
    endloop
  endfacet
  facet normal 0 -1 0
    outer loop
      vertex 99 10.9 0
      vertex 112 10.9 2.4
      vertex 99 10.9 2.4
    endloop
  endfacet
  facet normal -1 0 0
    outer loop
      vertex 112 10.9 0
      vertex 112 9.1 0
      vertex 112 9.1 2.4
    endloop
  endfacet
  facet normal -1 0 0
    outer loop
      vertex 112 10.9 0
      vertex 112 9.1 2.4
      vertex 112 10.9 2.4
    endloop
  endfacet
  facet normal 0 1 0
    outer loop
      vertex 112 9.1 0
      vertex 99 9.1 0
      vertex 99 9.1 2.4
    endloop
  endfacet
  facet normal 0 1 -0
    outer loop
      vertex 112 9.1 0
      vertex 99 9.1 2.4
      vertex 112 9.1 2.4
    endloop
  endfacet
  facet normal 1 0 0
    outer loop
      vertex 99 9.1 0
      vertex 99 10.9 0
      vertex 99 10.9 2.4
    endloop
  endfacet
  facet normal 1 0 0
    outer loop
      vertex 99 9.1 0
      vertex 99 10.9 2.4
      vertex 99 9.1 2.4
    endloop
  endfacet
  facet normal -0 0 1
    outer loop
      vertex 8 44.675 0
      vertex 14.5 42.875 0
      vertex 14.5 44.675 0
    endloop
  endfacet
  facet normal 0 0 1
    outer loop
      vertex 8 44.675 0
      vertex 8 42.875 0
      vertex 14.5 42.875 0
    endloop
  endfacet
  facet normal 0 0 -1
    outer loop
      vertex 8 44.675 2.4
      vertex 14.5 44.675 2.4
      vertex 14.5 42.875 2.4
    endloop
  endfacet
  facet normal 0 0 -1
    outer loop
      vertex 8 44.675 2.4
      vertex 14.5 42.875 2.4
      vertex 8 42.875 2.4
    endloop
  endfacet
  facet normal 0 -1 0
    outer loop
      vertex 8 44.675 0
      vertex 14.5 44.675 0
      vertex 14.5 44.675 2.4
    endloop
  endfacet
  facet normal 0 -1 0
    outer loop
      vertex 8 44.675 0
      vertex 14.5 44.675 2.4
      vertex 8 44.675 2.4
    endloop
  endfacet
  facet normal -1 0 0
    outer loop
      vertex 14.5 44.675 0
      vertex 14.5 42.875 0
      vertex 14.5 42.875 2.4
    endloop
  endfacet
  facet normal -1 0 0
    outer loop
      vertex 14.5 44.675 0
      vertex 14.5 42.875 2.4
      vertex 14.5 44.675 2.4
    endloop
  endfacet
  facet normal 0 1 0
    outer loop
      vertex 14.5 42.875 0
      vertex 8 42.875 0
      vertex 8 42.875 2.4
    endloop
  endfacet
  facet normal 0 1 -0
    outer loop
      vertex 14.5 42.875 0
      vertex 8 42.875 2.4
      vertex 14.5 42.875 2.4
    endloop
  endfacet
  facet normal 1 0 0
    outer loop
      vertex 8 42.875 0
      vertex 8 44.675 0
      vertex 8 44.675 2.4
    endloop
  endfacet
  facet normal 1 0 0
    outer loop
      vertex 8 42.875 0
      vertex 8 44.675 2.4
      vertex 8 42.875 2.4
    endloop
  endfacet
  facet normal -0 0 1
    outer loop
      vertex 118.5 67.1917 0
      vertex 131.5 65.3917 0
      vertex 131.5 67.1917 0
    endloop
  endfacet
  facet normal 0 0 1
    outer loop
      vertex 118.5 67.1917 0
      vertex 118.5 65.3917 0
      vertex 131.5 65.3917 0
    endloop
  endfacet
  facet normal 0 0 -1
    outer loop
      vertex 118.5 67.1917 2.4
      vertex 131.5 67.1917 2.4
      vertex 131.5 65.3917 2.4
    endloop
  endfacet
  facet normal 0 0 -1
    outer loop
      vertex 118.5 67.1917 2.4
      vertex 131.5 65.3917 2.4
      vertex 118.5 65.3917 2.4
    endloop
  endfacet
  facet normal 0 -1 0
    outer loop
      vertex 118.5 67.1917 0
      vertex 131.5 67.1917 0
      vertex 131.5 67.1917 2.4
    endloop
  endfacet
  facet normal 0 -1 0
    outer loop
      vertex 118.5 67.1917 0
      vertex 131.5 67.1917 2.4
      vertex 118.5 67.1917 2.4
    endloop
  endfacet
  facet normal -1 0 0
    outer loop
      vertex 131.5 67.1917 0
      vertex 131.5 65.3917 0
      vertex 131.5 65.3917 2.4
    endloop
  endfacet
  facet normal -1 0 0
    outer loop
      vertex 131.5 67.1917 0
      vertex 131.5 65.3917 2.4
      vertex 131.5 67.1917 2.4
    endloop
  endfacet
  facet normal 0 1 0
    outer loop
      vertex 131.5 65.3917 0
      vertex 118.5 65.3917 0
      vertex 118.5 65.3917 2.4
    endloop
  endfacet
  facet normal 0 1 -0
    outer loop
      vertex 131.5 65.3917 0
      vertex 118.5 65.3917 2.4
      vertex 131.5 65.3917 2.4
    endloop
  endfacet
  facet normal 1 0 0
    outer loop
      vertex 118.5 65.3917 0
      vertex 118.5 67.1917 0
      vertex 118.5 67.1917 2.4
    endloop
  endfacet
  facet normal 1 0 0
    outer loop
      vertex 118.5 65.3917 0
      vertex 118.5 67.1917 2.4
      vertex 118.5 65.3917 2.4
    endloop
  endfacet
  facet normal 0 0 1
    outer loop
      vertex 52.7206 89.2583 0
      vertex 57.8542 94.55 0
      vertex 56.2954 95.45 0
    endloop
  endfacet
  facet normal -0 0 1
    outer loop
      vertex 52.7206 89.2583 0
      vertex 54.2794 88.3583 0
      vertex 57.8542 94.55 0
    endloop
  endfacet
  facet normal 0 0 -1
    outer loop
      vertex 52.7206 89.2583 2.4
      vertex 56.2954 95.45 2.4
      vertex 57.8542 94.55 2.4
    endloop
  endfacet
  facet normal 0 0 -1
    outer loop
      vertex 52.7206 89.2583 2.4
      vertex 57.8542 94.55 2.4
      vertex 54.2794 88.3583 2.4
    endloop
  endfacet
  facet normal 0.866024 -0.500002 0
    outer loop
      vertex 52.7206 89.2583 0
      vertex 56.2954 95.45 0
      vertex 56.2954 95.45 2.4
    endloop
  endfacet
  facet normal 0.866024 -0.500002 0
    outer loop
      vertex 52.7206 89.2583 0
      vertex 56.2954 95.45 2.4
      vertex 52.7206 89.2583 2.4
    endloop
  endfacet
  facet normal -0.500002 -0.866024 0
    outer loop
      vertex 56.2954 95.45 0
      vertex 57.8542 94.55 0
      vertex 57.8542 94.55 2.4
    endloop
  endfacet
  facet normal -0.500002 -0.866024 0
    outer loop
      vertex 56.2954 95.45 0
      vertex 57.8542 94.55 2.4
      vertex 56.2954 95.45 2.4
    endloop
  endfacet
  facet normal -0.866024 0.500002 0
    outer loop
      vertex 57.8542 94.55 0
      vertex 54.2794 88.3583 0
      vertex 54.2794 88.3583 2.4
    endloop
  endfacet
  facet normal -0.866024 0.500002 0
    outer loop
      vertex 57.8542 94.55 0
      vertex 54.2794 88.3583 2.4
      vertex 57.8542 94.55 2.4
    endloop
  endfacet
  facet normal 0.500002 0.866024 0
    outer loop
      vertex 54.2794 88.3583 0
      vertex 52.7206 89.2583 0
      vertex 52.7206 89.2583 2.4
    endloop
  endfacet
  facet normal 0.500002 0.866024 -0
    outer loop
      vertex 54.2794 88.3583 0
      vertex 52.7206 89.2583 2.4
      vertex 54.2794 88.3583 2.4
    endloop
  endfacet
  facet normal 0 0 1
    outer loop
      vertex 93.2794 89.2583 0
      vertex 98.2206 77.1 0
      vertex 99.7794 78 0
    endloop
  endfacet
  facet normal 0 0 1
    outer loop
      vertex 93.2794 89.2583 0
      vertex 91.7206 88.3583 0
      vertex 98.2206 77.1 0
    endloop
  endfacet
  facet normal 0 0 -1
    outer loop
      vertex 93.2794 89.2583 2.4
      vertex 99.7794 78 2.4
      vertex 98.2206 77.1 2.4
    endloop
  endfacet
  facet normal 0 -0 -1
    outer loop
      vertex 93.2794 89.2583 2.4
      vertex 98.2206 77.1 2.4
      vertex 91.7206 88.3583 2.4
    endloop
  endfacet
  facet normal -0.866025 -0.500001 0
    outer loop
      vertex 93.2794 89.2583 0
      vertex 99.7794 78 0
      vertex 99.7794 78 2.4
    endloop
  endfacet
  facet normal -0.866025 -0.500001 0
    outer loop
      vertex 93.2794 89.2583 0
      vertex 99.7794 78 2.4
      vertex 93.2794 89.2583 2.4
    endloop
  endfacet
  facet normal -0.500001 0.866025 0
    outer loop
      vertex 99.7794 78 0
      vertex 98.2206 77.1 0
      vertex 98.2206 77.1 2.4
    endloop
  endfacet
  facet normal -0.500001 0.866025 0
    outer loop
      vertex 99.7794 78 0
      vertex 98.2206 77.1 2.4
      vertex 99.7794 78 2.4
    endloop
  endfacet
  facet normal 0.866025 0.500001 0
    outer loop
      vertex 98.2206 77.1 0
      vertex 91.7206 88.3583 0
      vertex 91.7206 88.3583 2.4
    endloop
  endfacet
  facet normal 0.866025 0.500001 -0
    outer loop
      vertex 98.2206 77.1 0
      vertex 91.7206 88.3583 2.4
      vertex 98.2206 77.1 2.4
    endloop
  endfacet
  facet normal 0.500001 -0.866025 0
    outer loop
      vertex 91.7206 88.3583 0
      vertex 93.2794 89.2583 0
      vertex 93.2794 89.2583 2.4
    endloop
  endfacet
  facet normal 0.500001 -0.866025 0
    outer loop
      vertex 91.7206 88.3583 0
      vertex 93.2794 89.2583 2.4
      vertex 91.7206 88.3583 2.4
    endloop
  endfacet
  facet normal 0 0 1
    outer loop
      vertex 93.2794 21.7083 0
      vertex 98.2206 9.55 0
      vertex 99.7794 10.45 0
    endloop
  endfacet
  facet normal 0 0 1
    outer loop
      vertex 93.2794 21.7083 0
      vertex 91.7206 20.8083 0
      vertex 98.2206 9.55 0
    endloop
  endfacet
  facet normal 0 0 -1
    outer loop
      vertex 93.2794 21.7083 2.4
      vertex 99.7794 10.45 2.4
      vertex 98.2206 9.55 2.4
    endloop
  endfacet
  facet normal 0 -0 -1
    outer loop
      vertex 93.2794 21.7083 2.4
      vertex 98.2206 9.55 2.4
      vertex 91.7206 20.8083 2.4
    endloop
  endfacet
  facet normal -0.866025 -0.500001 0
    outer loop
      vertex 93.2794 21.7083 0
      vertex 99.7794 10.45 0
      vertex 99.7794 10.45 2.4
    endloop
  endfacet
  facet normal -0.866025 -0.500001 0
    outer loop
      vertex 93.2794 21.7083 0
      vertex 99.7794 10.45 2.4
      vertex 93.2794 21.7083 2.4
    endloop
  endfacet
  facet normal -0.500001 0.866025 0
    outer loop
      vertex 99.7794 10.45 0
      vertex 98.2206 9.55 0
      vertex 98.2206 9.55 2.4
    endloop
  endfacet
  facet normal -0.500001 0.866025 0
    outer loop
      vertex 99.7794 10.45 0
      vertex 98.2206 9.55 2.4
      vertex 99.7794 10.45 2.4
    endloop
  endfacet
  facet normal 0.866025 0.500001 0
    outer loop
      vertex 98.2206 9.55 0
      vertex 91.7206 20.8083 0
      vertex 91.7206 20.8083 2.4
    endloop
  endfacet
  facet normal 0.866025 0.500001 -0
    outer loop
      vertex 98.2206 9.55 0
      vertex 91.7206 20.8083 2.4
      vertex 98.2206 9.55 2.4
    endloop
  endfacet
  facet normal 0.500001 -0.866025 0
    outer loop
      vertex 91.7206 20.8083 0
      vertex 93.2794 21.7083 0
      vertex 93.2794 21.7083 2.4
    endloop
  endfacet
  facet normal 0.500001 -0.866025 0
    outer loop
      vertex 91.7206 20.8083 0
      vertex 93.2794 21.7083 2.4
      vertex 91.7206 20.8083 2.4
    endloop
  endfacet
  facet normal 0 0 1
    outer loop
      vertex 132.279 21.7083 0
      vertex 137.221 9.55 0
      vertex 138.779 10.45 0
    endloop
  endfacet
  facet normal 0 0 1
    outer loop
      vertex 132.279 21.7083 0
      vertex 130.721 20.8083 0
      vertex 137.221 9.55 0
    endloop
  endfacet
  facet normal 0 0 -1
    outer loop
      vertex 132.279 21.7083 2.4
      vertex 138.779 10.45 2.4
      vertex 137.221 9.55 2.4
    endloop
  endfacet
  facet normal 0 -0 -1
    outer loop
      vertex 132.279 21.7083 2.4
      vertex 137.221 9.55 2.4
      vertex 130.721 20.8083 2.4
    endloop
  endfacet
  facet normal -0.866025 -0.500001 0
    outer loop
      vertex 132.279 21.7083 0
      vertex 138.779 10.45 0
      vertex 138.779 10.45 2.4
    endloop
  endfacet
  facet normal -0.866025 -0.500001 0
    outer loop
      vertex 132.279 21.7083 0
      vertex 138.779 10.45 2.4
      vertex 132.279 21.7083 2.4
    endloop
  endfacet
  facet normal -0.500001 0.866025 0
    outer loop
      vertex 138.779 10.45 0
      vertex 137.221 9.55 0
      vertex 137.221 9.55 2.4
    endloop
  endfacet
  facet normal -0.500001 0.866025 0
    outer loop
      vertex 138.779 10.45 0
      vertex 137.221 9.55 2.4
      vertex 138.779 10.45 2.4
    endloop
  endfacet
  facet normal 0.866025 0.500001 0
    outer loop
      vertex 137.221 9.55 0
      vertex 130.721 20.8083 0
      vertex 130.721 20.8083 2.4
    endloop
  endfacet
  facet normal 0.866025 0.500001 -0
    outer loop
      vertex 137.221 9.55 0
      vertex 130.721 20.8083 2.4
      vertex 137.221 9.55 2.4
    endloop
  endfacet
  facet normal 0.500001 -0.866025 0
    outer loop
      vertex 130.721 20.8083 0
      vertex 132.279 21.7083 0
      vertex 132.279 21.7083 2.4
    endloop
  endfacet
  facet normal 0.500001 -0.866025 0
    outer loop
      vertex 130.721 20.8083 0
      vertex 132.279 21.7083 2.4
      vertex 130.721 20.8083 2.4
    endloop
  endfacet
  facet normal 0 0 1
    outer loop
      vertex 150.221 10.45 0
      vertex 158.279 20.8083 0
      vertex 156.721 21.7083 0
    endloop
  endfacet
  facet normal -0 0 1
    outer loop
      vertex 150.221 10.45 0
      vertex 151.779 9.55 0
      vertex 158.279 20.8083 0
    endloop
  endfacet
  facet normal 0 0 -1
    outer loop
      vertex 150.221 10.45 2.4
      vertex 156.721 21.7083 2.4
      vertex 158.279 20.8083 2.4
    endloop
  endfacet
  facet normal 0 0 -1
    outer loop
      vertex 150.221 10.45 2.4
      vertex 158.279 20.8083 2.4
      vertex 151.779 9.55 2.4
    endloop
  endfacet
  facet normal 0.866025 -0.500001 0
    outer loop
      vertex 150.221 10.45 0
      vertex 156.721 21.7083 0
      vertex 156.721 21.7083 2.4
    endloop
  endfacet
  facet normal 0.866025 -0.500001 0
    outer loop
      vertex 150.221 10.45 0
      vertex 156.721 21.7083 2.4
      vertex 150.221 10.45 2.4
    endloop
  endfacet
  facet normal -0.500001 -0.866025 0
    outer loop
      vertex 156.721 21.7083 0
      vertex 158.279 20.8083 0
      vertex 158.279 20.8083 2.4
    endloop
  endfacet
  facet normal -0.500001 -0.866025 0
    outer loop
      vertex 156.721 21.7083 0
      vertex 158.279 20.8083 2.4
      vertex 156.721 21.7083 2.4
    endloop
  endfacet
  facet normal -0.866025 0.500001 0
    outer loop
      vertex 158.279 20.8083 0
      vertex 151.779 9.55 0
      vertex 151.779 9.55 2.4
    endloop
  endfacet
  facet normal -0.866025 0.500001 0
    outer loop
      vertex 158.279 20.8083 0
      vertex 151.779 9.55 2.4
      vertex 158.279 20.8083 2.4
    endloop
  endfacet
  facet normal 0.500001 0.866025 0
    outer loop
      vertex 151.779 9.55 0
      vertex 150.221 10.45 0
      vertex 150.221 10.45 2.4
    endloop
  endfacet
  facet normal 0.500001 0.866025 -0
    outer loop
      vertex 151.779 9.55 0
      vertex 150.221 10.45 2.4
      vertex 151.779 9.55 2.4
    endloop
  endfacet
  facet normal 0 0 1
    outer loop
      vertex 13.7206 44.225 0
      vertex 21.7794 54.5833 0
      vertex 20.2206 55.4833 0
    endloop
  endfacet
  facet normal -0 0 1
    outer loop
      vertex 13.7206 44.225 0
      vertex 15.2794 43.325 0
      vertex 21.7794 54.5833 0
    endloop
  endfacet
  facet normal 0 0 -1
    outer loop
      vertex 13.7206 44.225 2.4
      vertex 20.2206 55.4833 2.4
      vertex 21.7794 54.5833 2.4
    endloop
  endfacet
  facet normal 0 0 -1
    outer loop
      vertex 13.7206 44.225 2.4
      vertex 21.7794 54.5833 2.4
      vertex 15.2794 43.325 2.4
    endloop
  endfacet
  facet normal 0.866025 -0.500001 0
    outer loop
      vertex 13.7206 44.225 0
      vertex 20.2206 55.4833 0
      vertex 20.2206 55.4833 2.4
    endloop
  endfacet
  facet normal 0.866025 -0.500001 0
    outer loop
      vertex 13.7206 44.225 0
      vertex 20.2206 55.4833 2.4
      vertex 13.7206 44.225 2.4
    endloop
  endfacet
  facet normal -0.500001 -0.866025 0
    outer loop
      vertex 20.2206 55.4833 0
      vertex 21.7794 54.5833 0
      vertex 21.7794 54.5833 2.4
    endloop
  endfacet
  facet normal -0.500001 -0.866025 0
    outer loop
      vertex 20.2206 55.4833 0
      vertex 21.7794 54.5833 2.4
      vertex 20.2206 55.4833 2.4
    endloop
  endfacet
  facet normal -0.866025 0.500001 0
    outer loop
      vertex 21.7794 54.5833 0
      vertex 15.2794 43.325 0
      vertex 15.2794 43.325 2.4
    endloop
  endfacet
  facet normal -0.866025 0.500001 0
    outer loop
      vertex 21.7794 54.5833 0
      vertex 15.2794 43.325 2.4
      vertex 21.7794 54.5833 2.4
    endloop
  endfacet
  facet normal 0.500001 0.866025 0
    outer loop
      vertex 15.2794 43.325 0
      vertex 13.7206 44.225 0
      vertex 13.7206 44.225 2.4
    endloop
  endfacet
  facet normal 0.500001 0.866025 -0
    outer loop
      vertex 15.2794 43.325 0
      vertex 13.7206 44.225 2.4
      vertex 15.2794 43.325 2.4
    endloop
  endfacet
  facet normal 0 0 1
    outer loop
      vertex 132.279 66.7417 0
      vertex 137.221 54.5833 0
      vertex 138.779 55.4833 0
    endloop
  endfacet
  facet normal 0 0 1
    outer loop
      vertex 132.279 66.7417 0
      vertex 130.721 65.8417 0
      vertex 137.221 54.5833 0
    endloop
  endfacet
  facet normal 0 0 -1
    outer loop
      vertex 132.279 66.7417 2.4
      vertex 138.779 55.4833 2.4
      vertex 137.221 54.5833 2.4
    endloop
  endfacet
  facet normal 0 -0 -1
    outer loop
      vertex 132.279 66.7417 2.4
      vertex 137.221 54.5833 2.4
      vertex 130.721 65.8417 2.4
    endloop
  endfacet
  facet normal -0.866027 -0.499998 0
    outer loop
      vertex 132.279 66.7417 0
      vertex 138.779 55.4833 0
      vertex 138.779 55.4833 2.4
    endloop
  endfacet
  facet normal -0.866027 -0.499998 0
    outer loop
      vertex 132.279 66.7417 0
      vertex 138.779 55.4833 2.4
      vertex 132.279 66.7417 2.4
    endloop
  endfacet
  facet normal -0.499998 0.866027 0
    outer loop
      vertex 138.779 55.4833 0
      vertex 137.221 54.5833 0
      vertex 137.221 54.5833 2.4
    endloop
  endfacet
  facet normal -0.499998 0.866027 0
    outer loop
      vertex 138.779 55.4833 0
      vertex 137.221 54.5833 2.4
      vertex 138.779 55.4833 2.4
    endloop
  endfacet
  facet normal 0.866027 0.499998 0
    outer loop
      vertex 137.221 54.5833 0
      vertex 130.721 65.8417 0
      vertex 130.721 65.8417 2.4
    endloop
  endfacet
  facet normal 0.866027 0.499998 -0
    outer loop
      vertex 137.221 54.5833 0
      vertex 130.721 65.8417 2.4
      vertex 137.221 54.5833 2.4
    endloop
  endfacet
  facet normal 0.499998 -0.866027 0
    outer loop
      vertex 130.721 65.8417 0
      vertex 132.279 66.7417 0
      vertex 132.279 66.7417 2.4
    endloop
  endfacet
  facet normal 0.499998 -0.866027 0
    outer loop
      vertex 130.721 65.8417 0
      vertex 132.279 66.7417 2.4
      vertex 130.721 65.8417 2.4
    endloop
  endfacet
  facet normal -0 0 1
    outer loop
      vertex 157.5 22.1583 0
      vertex 170.5 20.3583 0
      vertex 170.5 22.1583 0
    endloop
  endfacet
  facet normal 0 0 1
    outer loop
      vertex 157.5 22.1583 0
      vertex 157.5 20.3583 0
      vertex 170.5 20.3583 0
    endloop
  endfacet
  facet normal 0 0 -1
    outer loop
      vertex 157.5 22.1583 2.4
      vertex 170.5 22.1583 2.4
      vertex 170.5 20.3583 2.4
    endloop
  endfacet
  facet normal 0 0 -1
    outer loop
      vertex 157.5 22.1583 2.4
      vertex 170.5 20.3583 2.4
      vertex 157.5 20.3583 2.4
    endloop
  endfacet
  facet normal 0 -1 0
    outer loop
      vertex 157.5 22.1583 0
      vertex 170.5 22.1583 0
      vertex 170.5 22.1583 2.4
    endloop
  endfacet
  facet normal 0 -1 0
    outer loop
      vertex 157.5 22.1583 0
      vertex 170.5 22.1583 2.4
      vertex 157.5 22.1583 2.4
    endloop
  endfacet
  facet normal -1 0 0
    outer loop
      vertex 170.5 22.1583 0
      vertex 170.5 20.3583 0
      vertex 170.5 20.3583 2.4
    endloop
  endfacet
  facet normal -1 0 0
    outer loop
      vertex 170.5 22.1583 0
      vertex 170.5 20.3583 2.4
      vertex 170.5 22.1583 2.4
    endloop
  endfacet
  facet normal 0 1 0
    outer loop
      vertex 170.5 20.3583 0
      vertex 157.5 20.3583 0
      vertex 157.5 20.3583 2.4
    endloop
  endfacet
  facet normal 0 1 -0
    outer loop
      vertex 170.5 20.3583 0
      vertex 157.5 20.3583 2.4
      vertex 170.5 20.3583 2.4
    endloop
  endfacet
  facet normal 1 0 0
    outer loop
      vertex 157.5 20.3583 0
      vertex 157.5 22.1583 0
      vertex 157.5 22.1583 2.4
    endloop
  endfacet
  facet normal 1 0 0
    outer loop
      vertex 157.5 20.3583 0
      vertex 157.5 22.1583 2.4
      vertex 157.5 20.3583 2.4
    endloop
  endfacet
  facet normal 0 0 1
    outer loop
      vertex 150.221 55.4833 0
      vertex 158.279 65.8417 0
      vertex 156.721 66.7417 0
    endloop
  endfacet
  facet normal -0 0 1
    outer loop
      vertex 150.221 55.4833 0
      vertex 151.779 54.5833 0
      vertex 158.279 65.8417 0
    endloop
  endfacet
  facet normal 0 0 -1
    outer loop
      vertex 150.221 55.4833 2.4
      vertex 156.721 66.7417 2.4
      vertex 158.279 65.8417 2.4
    endloop
  endfacet
  facet normal 0 0 -1
    outer loop
      vertex 150.221 55.4833 2.4
      vertex 158.279 65.8417 2.4
      vertex 151.779 54.5833 2.4
    endloop
  endfacet
  facet normal 0.866027 -0.499998 0
    outer loop
      vertex 150.221 55.4833 0
      vertex 156.721 66.7417 0
      vertex 156.721 66.7417 2.4
    endloop
  endfacet
  facet normal 0.866027 -0.499998 0
    outer loop
      vertex 150.221 55.4833 0
      vertex 156.721 66.7417 2.4
      vertex 150.221 55.4833 2.4
    endloop
  endfacet
  facet normal -0.499998 -0.866027 0
    outer loop
      vertex 156.721 66.7417 0
      vertex 158.279 65.8417 0
      vertex 158.279 65.8417 2.4
    endloop
  endfacet
  facet normal -0.499998 -0.866027 0
    outer loop
      vertex 156.721 66.7417 0
      vertex 158.279 65.8417 2.4
      vertex 156.721 66.7417 2.4
    endloop
  endfacet
  facet normal -0.866027 0.499998 0
    outer loop
      vertex 158.279 65.8417 0
      vertex 151.779 54.5833 0
      vertex 151.779 54.5833 2.4
    endloop
  endfacet
  facet normal -0.866027 0.499998 0
    outer loop
      vertex 158.279 65.8417 0
      vertex 151.779 54.5833 2.4
      vertex 158.279 65.8417 2.4
    endloop
  endfacet
  facet normal 0.499998 0.866027 0
    outer loop
      vertex 151.779 54.5833 0
      vertex 150.221 55.4833 0
      vertex 150.221 55.4833 2.4
    endloop
  endfacet
  facet normal 0.499998 0.866027 -0
    outer loop
      vertex 151.779 54.5833 0
      vertex 150.221 55.4833 2.4
      vertex 151.779 54.5833 2.4
    endloop
  endfacet
  facet normal 0 0 1
    outer loop
      vertex 13.7206 89.2583 0
      vertex 18.8542 94.55 0
      vertex 17.2954 95.45 0
    endloop
  endfacet
  facet normal -0 0 1
    outer loop
      vertex 13.7206 89.2583 0
      vertex 15.2794 88.3583 0
      vertex 18.8542 94.55 0
    endloop
  endfacet
  facet normal 0 0 -1
    outer loop
      vertex 13.7206 89.2583 2.4
      vertex 17.2954 95.45 2.4
      vertex 18.8542 94.55 2.4
    endloop
  endfacet
  facet normal 0 0 -1
    outer loop
      vertex 13.7206 89.2583 2.4
      vertex 18.8542 94.55 2.4
      vertex 15.2794 88.3583 2.4
    endloop
  endfacet
  facet normal 0.866024 -0.500002 0
    outer loop
      vertex 13.7206 89.2583 0
      vertex 17.2954 95.45 0
      vertex 17.2954 95.45 2.4
    endloop
  endfacet
  facet normal 0.866024 -0.500002 0
    outer loop
      vertex 13.7206 89.2583 0
      vertex 17.2954 95.45 2.4
      vertex 13.7206 89.2583 2.4
    endloop
  endfacet
  facet normal -0.500002 -0.866024 0
    outer loop
      vertex 17.2954 95.45 0
      vertex 18.8542 94.55 0
      vertex 18.8542 94.55 2.4
    endloop
  endfacet
  facet normal -0.500002 -0.866024 0
    outer loop
      vertex 17.2954 95.45 0
      vertex 18.8542 94.55 2.4
      vertex 17.2954 95.45 2.4
    endloop
  endfacet
  facet normal -0.866024 0.500002 0
    outer loop
      vertex 18.8542 94.55 0
      vertex 15.2794 88.3583 0
      vertex 15.2794 88.3583 2.4
    endloop
  endfacet
  facet normal -0.866024 0.500002 0
    outer loop
      vertex 18.8542 94.55 0
      vertex 15.2794 88.3583 2.4
      vertex 18.8542 94.55 2.4
    endloop
  endfacet
  facet normal 0.500002 0.866024 0
    outer loop
      vertex 15.2794 88.3583 0
      vertex 13.7206 89.2583 0
      vertex 13.7206 89.2583 2.4
    endloop
  endfacet
  facet normal 0.500002 0.866024 -0
    outer loop
      vertex 15.2794 88.3583 0
      vertex 13.7206 89.2583 2.4
      vertex 15.2794 88.3583 2.4
    endloop
  endfacet
  facet normal 0 0 1
    outer loop
      vertex 169.721 66.7417 0
      vertex 175.279 72.7699 0
      vertex 173.721 73.6699 0
    endloop
  endfacet
  facet normal -0 0 1
    outer loop
      vertex 169.721 66.7417 0
      vertex 171.279 65.8417 0
      vertex 175.279 72.7699 0
    endloop
  endfacet
  facet normal 0 0 -1
    outer loop
      vertex 169.721 66.7417 2.4
      vertex 173.721 73.6699 2.4
      vertex 175.279 72.7699 2.4
    endloop
  endfacet
  facet normal 0 0 -1
    outer loop
      vertex 169.721 66.7417 2.4
      vertex 175.279 72.7699 2.4
      vertex 171.279 65.8417 2.4
    endloop
  endfacet
  facet normal 0.866025 -0.5 0
    outer loop
      vertex 169.721 66.7417 0
      vertex 173.721 73.6699 0
      vertex 173.721 73.6699 2.4
    endloop
  endfacet
  facet normal 0.866025 -0.5 0
    outer loop
      vertex 169.721 66.7417 0
      vertex 173.721 73.6699 2.4
      vertex 169.721 66.7417 2.4
    endloop
  endfacet
  facet normal -0.5 -0.866025 0
    outer loop
      vertex 173.721 73.6699 0
      vertex 175.279 72.7699 0
      vertex 175.279 72.7699 2.4
    endloop
  endfacet
  facet normal -0.5 -0.866025 0
    outer loop
      vertex 173.721 73.6699 0
      vertex 175.279 72.7699 2.4
      vertex 173.721 73.6699 2.4
    endloop
  endfacet
  facet normal -0.866025 0.5 0
    outer loop
      vertex 175.279 72.7699 0
      vertex 171.279 65.8417 0
      vertex 171.279 65.8417 2.4
    endloop
  endfacet
  facet normal -0.866025 0.5 0
    outer loop
      vertex 175.279 72.7699 0
      vertex 171.279 65.8417 2.4
      vertex 175.279 72.7699 2.4
    endloop
  endfacet
  facet normal 0.5 0.866025 0
    outer loop
      vertex 171.279 65.8417 0
      vertex 169.721 66.7417 0
      vertex 169.721 66.7417 2.4
    endloop
  endfacet
  facet normal 0.5 0.866025 -0
    outer loop
      vertex 171.279 65.8417 0
      vertex 169.721 66.7417 2.4
      vertex 171.279 65.8417 2.4
    endloop
  endfacet
  facet normal 0 0 1
    outer loop
      vertex 115.705 95.45 0
      vertex 117.721 88.3583 0
      vertex 119.279 89.2583 0
    endloop
  endfacet
  facet normal 0 0 1
    outer loop
      vertex 115.705 95.45 0
      vertex 114.146 94.55 0
      vertex 117.721 88.3583 0
    endloop
  endfacet
  facet normal 0 0 -1
    outer loop
      vertex 115.705 95.45 2.4
      vertex 119.279 89.2583 2.4
      vertex 117.721 88.3583 2.4
    endloop
  endfacet
  facet normal 0 -0 -1
    outer loop
      vertex 115.705 95.45 2.4
      vertex 117.721 88.3583 2.4
      vertex 114.146 94.55 2.4
    endloop
  endfacet
  facet normal -0.866024 -0.500002 0
    outer loop
      vertex 115.705 95.45 0
      vertex 119.279 89.2583 0
      vertex 119.279 89.2583 2.4
    endloop
  endfacet
  facet normal -0.866024 -0.500002 0
    outer loop
      vertex 115.705 95.45 0
      vertex 119.279 89.2583 2.4
      vertex 115.705 95.45 2.4
    endloop
  endfacet
  facet normal -0.500002 0.866024 0
    outer loop
      vertex 119.279 89.2583 0
      vertex 117.721 88.3583 0
      vertex 117.721 88.3583 2.4
    endloop
  endfacet
  facet normal -0.500002 0.866024 0
    outer loop
      vertex 119.279 89.2583 0
      vertex 117.721 88.3583 2.4
      vertex 119.279 89.2583 2.4
    endloop
  endfacet
  facet normal 0.866024 0.500002 0
    outer loop
      vertex 117.721 88.3583 0
      vertex 114.146 94.55 0
      vertex 114.146 94.55 2.4
    endloop
  endfacet
  facet normal 0.866024 0.500002 -0
    outer loop
      vertex 117.721 88.3583 0
      vertex 114.146 94.55 2.4
      vertex 117.721 88.3583 2.4
    endloop
  endfacet
  facet normal 0.500002 -0.866024 0
    outer loop
      vertex 114.146 94.55 0
      vertex 115.705 95.45 0
      vertex 115.705 95.45 2.4
    endloop
  endfacet
  facet normal 0.500002 -0.866024 0
    outer loop
      vertex 114.146 94.55 0
      vertex 115.705 95.45 2.4
      vertex 114.146 94.55 2.4
    endloop
  endfacet
  facet normal 0 0 1
    outer loop
      vertex 54.2794 89.2583 0
      vertex 59.2206 77.1 0
      vertex 60.7794 78 0
    endloop
  endfacet
  facet normal 0 0 1
    outer loop
      vertex 54.2794 89.2583 0
      vertex 52.7206 88.3583 0
      vertex 59.2206 77.1 0
    endloop
  endfacet
  facet normal 0 0 -1
    outer loop
      vertex 54.2794 89.2583 2.4
      vertex 60.7794 78 2.4
      vertex 59.2206 77.1 2.4
    endloop
  endfacet
  facet normal 0 -0 -1
    outer loop
      vertex 54.2794 89.2583 2.4
      vertex 59.2206 77.1 2.4
      vertex 52.7206 88.3583 2.4
    endloop
  endfacet
  facet normal -0.866025 -0.500001 0
    outer loop
      vertex 54.2794 89.2583 0
      vertex 60.7794 78 0
      vertex 60.7794 78 2.4
    endloop
  endfacet
  facet normal -0.866025 -0.500001 0
    outer loop
      vertex 54.2794 89.2583 0
      vertex 60.7794 78 2.4
      vertex 54.2794 89.2583 2.4
    endloop
  endfacet
  facet normal -0.500001 0.866025 0
    outer loop
      vertex 60.7794 78 0
      vertex 59.2206 77.1 0
      vertex 59.2206 77.1 2.4
    endloop
  endfacet
  facet normal -0.500001 0.866025 0
    outer loop
      vertex 60.7794 78 0
      vertex 59.2206 77.1 2.4
      vertex 60.7794 78 2.4
    endloop
  endfacet
  facet normal 0.866025 0.500001 0
    outer loop
      vertex 59.2206 77.1 0
      vertex 52.7206 88.3583 0
      vertex 52.7206 88.3583 2.4
    endloop
  endfacet
  facet normal 0.866025 0.500001 -0
    outer loop
      vertex 59.2206 77.1 0
      vertex 52.7206 88.3583 2.4
      vertex 59.2206 77.1 2.4
    endloop
  endfacet
  facet normal 0.500001 -0.866025 0
    outer loop
      vertex 52.7206 88.3583 0
      vertex 54.2794 89.2583 0
      vertex 54.2794 89.2583 2.4
    endloop
  endfacet
  facet normal 0.500001 -0.866025 0
    outer loop
      vertex 52.7206 88.3583 0
      vertex 54.2794 89.2583 2.4
      vertex 52.7206 88.3583 2.4
    endloop
  endfacet
  facet normal 0 0 1
    outer loop
      vertex 132.279 44.225 0
      vertex 137.221 32.0667 0
      vertex 138.779 32.9667 0
    endloop
  endfacet
  facet normal 0 0 1
    outer loop
      vertex 132.279 44.225 0
      vertex 130.721 43.325 0
      vertex 137.221 32.0667 0
    endloop
  endfacet
  facet normal 0 0 -1
    outer loop
      vertex 132.279 44.225 2.4
      vertex 138.779 32.9667 2.4
      vertex 137.221 32.0667 2.4
    endloop
  endfacet
  facet normal 0 -0 -1
    outer loop
      vertex 132.279 44.225 2.4
      vertex 137.221 32.0667 2.4
      vertex 130.721 43.325 2.4
    endloop
  endfacet
  facet normal -0.866025 -0.500001 0
    outer loop
      vertex 132.279 44.225 0
      vertex 138.779 32.9667 0
      vertex 138.779 32.9667 2.4
    endloop
  endfacet
  facet normal -0.866025 -0.500001 0
    outer loop
      vertex 132.279 44.225 0
      vertex 138.779 32.9667 2.4
      vertex 132.279 44.225 2.4
    endloop
  endfacet
  facet normal -0.500001 0.866025 0
    outer loop
      vertex 138.779 32.9667 0
      vertex 137.221 32.0667 0
      vertex 137.221 32.0667 2.4
    endloop
  endfacet
  facet normal -0.500001 0.866025 0
    outer loop
      vertex 138.779 32.9667 0
      vertex 137.221 32.0667 2.4
      vertex 138.779 32.9667 2.4
    endloop
  endfacet
  facet normal 0.866025 0.500001 0
    outer loop
      vertex 137.221 32.0667 0
      vertex 130.721 43.325 0
      vertex 130.721 43.325 2.4
    endloop
  endfacet
  facet normal 0.866025 0.500001 -0
    outer loop
      vertex 137.221 32.0667 0
      vertex 130.721 43.325 2.4
      vertex 137.221 32.0667 2.4
    endloop
  endfacet
  facet normal 0.500001 -0.866025 0
    outer loop
      vertex 130.721 43.325 0
      vertex 132.279 44.225 0
      vertex 132.279 44.225 2.4
    endloop
  endfacet
  facet normal 0.500001 -0.866025 0
    outer loop
      vertex 130.721 43.325 0
      vertex 132.279 44.225 2.4
      vertex 130.721 43.325 2.4
    endloop
  endfacet
  facet normal 0 0 1
    outer loop
      vertex 52.7206 66.7417 0
      vertex 60.7794 77.1 0
      vertex 59.2206 78 0
    endloop
  endfacet
  facet normal -0 0 1
    outer loop
      vertex 52.7206 66.7417 0
      vertex 54.2794 65.8417 0
      vertex 60.7794 77.1 0
    endloop
  endfacet
  facet normal 0 0 -1
    outer loop
      vertex 52.7206 66.7417 2.4
      vertex 59.2206 78 2.4
      vertex 60.7794 77.1 2.4
    endloop
  endfacet
  facet normal 0 0 -1
    outer loop
      vertex 52.7206 66.7417 2.4
      vertex 60.7794 77.1 2.4
      vertex 54.2794 65.8417 2.4
    endloop
  endfacet
  facet normal 0.866025 -0.500001 0
    outer loop
      vertex 52.7206 66.7417 0
      vertex 59.2206 78 0
      vertex 59.2206 78 2.4
    endloop
  endfacet
  facet normal 0.866025 -0.500001 0
    outer loop
      vertex 52.7206 66.7417 0
      vertex 59.2206 78 2.4
      vertex 52.7206 66.7417 2.4
    endloop
  endfacet
  facet normal -0.500001 -0.866025 0
    outer loop
      vertex 59.2206 78 0
      vertex 60.7794 77.1 0
      vertex 60.7794 77.1 2.4
    endloop
  endfacet
  facet normal -0.500001 -0.866025 0
    outer loop
      vertex 59.2206 78 0
      vertex 60.7794 77.1 2.4
      vertex 59.2206 78 2.4
    endloop
  endfacet
  facet normal -0.866025 0.500001 0
    outer loop
      vertex 60.7794 77.1 0
      vertex 54.2794 65.8417 0
      vertex 54.2794 65.8417 2.4
    endloop
  endfacet
  facet normal -0.866025 0.500001 0
    outer loop
      vertex 60.7794 77.1 0
      vertex 54.2794 65.8417 2.4
      vertex 60.7794 77.1 2.4
    endloop
  endfacet
  facet normal 0.500001 0.866025 0
    outer loop
      vertex 54.2794 65.8417 0
      vertex 52.7206 66.7417 0
      vertex 52.7206 66.7417 2.4
    endloop
  endfacet
  facet normal 0.500001 0.866025 -0
    outer loop
      vertex 54.2794 65.8417 0
      vertex 52.7206 66.7417 2.4
      vertex 54.2794 65.8417 2.4
    endloop
  endfacet
  facet normal -0 0 1
    outer loop
      vertex 118.5 22.1583 0
      vertex 131.5 20.3583 0
      vertex 131.5 22.1583 0
    endloop
  endfacet
  facet normal 0 0 1
    outer loop
      vertex 118.5 22.1583 0
      vertex 118.5 20.3583 0
      vertex 131.5 20.3583 0
    endloop
  endfacet
  facet normal 0 0 -1
    outer loop
      vertex 118.5 22.1583 2.4
      vertex 131.5 22.1583 2.4
      vertex 131.5 20.3583 2.4
    endloop
  endfacet
  facet normal 0 0 -1
    outer loop
      vertex 118.5 22.1583 2.4
      vertex 131.5 20.3583 2.4
      vertex 118.5 20.3583 2.4
    endloop
  endfacet
  facet normal 0 -1 0
    outer loop
      vertex 118.5 22.1583 0
      vertex 131.5 22.1583 0
      vertex 131.5 22.1583 2.4
    endloop
  endfacet
  facet normal 0 -1 0
    outer loop
      vertex 118.5 22.1583 0
      vertex 131.5 22.1583 2.4
      vertex 118.5 22.1583 2.4
    endloop
  endfacet
  facet normal -1 0 0
    outer loop
      vertex 131.5 22.1583 0
      vertex 131.5 20.3583 0
      vertex 131.5 20.3583 2.4
    endloop
  endfacet
  facet normal -1 0 0
    outer loop
      vertex 131.5 22.1583 0
      vertex 131.5 20.3583 2.4
      vertex 131.5 22.1583 2.4
    endloop
  endfacet
  facet normal 0 1 0
    outer loop
      vertex 131.5 20.3583 0
      vertex 118.5 20.3583 0
      vertex 118.5 20.3583 2.4
    endloop
  endfacet
  facet normal 0 1 -0
    outer loop
      vertex 131.5 20.3583 0
      vertex 118.5 20.3583 2.4
      vertex 131.5 20.3583 2.4
    endloop
  endfacet
  facet normal 1 0 0
    outer loop
      vertex 118.5 20.3583 0
      vertex 118.5 22.1583 0
      vertex 118.5 22.1583 2.4
    endloop
  endfacet
  facet normal 1 0 0
    outer loop
      vertex 118.5 20.3583 0
      vertex 118.5 22.1583 2.4
      vertex 118.5 20.3583 2.4
    endloop
  endfacet
  facet normal 0 0 1
    outer loop
      vertex 151.779 78 0
      vertex 156.721 65.8417 0
      vertex 158.279 66.7417 0
    endloop
  endfacet
  facet normal 0 0 1
    outer loop
      vertex 151.779 78 0
      vertex 150.221 77.1 0
      vertex 156.721 65.8417 0
    endloop
  endfacet
  facet normal 0 0 -1
    outer loop
      vertex 151.779 78 2.4
      vertex 158.279 66.7417 2.4
      vertex 156.721 65.8417 2.4
    endloop
  endfacet
  facet normal 0 -0 -1
    outer loop
      vertex 151.779 78 2.4
      vertex 156.721 65.8417 2.4
      vertex 150.221 77.1 2.4
    endloop
  endfacet
  facet normal -0.866025 -0.500001 0
    outer loop
      vertex 151.779 78 0
      vertex 158.279 66.7417 0
      vertex 158.279 66.7417 2.4
    endloop
  endfacet
  facet normal -0.866025 -0.500001 0
    outer loop
      vertex 151.779 78 0
      vertex 158.279 66.7417 2.4
      vertex 151.779 78 2.4
    endloop
  endfacet
  facet normal -0.500001 0.866025 0
    outer loop
      vertex 158.279 66.7417 0
      vertex 156.721 65.8417 0
      vertex 156.721 65.8417 2.4
    endloop
  endfacet
  facet normal -0.500001 0.866025 0
    outer loop
      vertex 158.279 66.7417 0
      vertex 156.721 65.8417 2.4
      vertex 158.279 66.7417 2.4
    endloop
  endfacet
  facet normal 0.866025 0.500001 0
    outer loop
      vertex 156.721 65.8417 0
      vertex 150.221 77.1 0
      vertex 150.221 77.1 2.4
    endloop
  endfacet
  facet normal 0.866025 0.500001 -0
    outer loop
      vertex 156.721 65.8417 0
      vertex 150.221 77.1 2.4
      vertex 156.721 65.8417 2.4
    endloop
  endfacet
  facet normal 0.500001 -0.866025 0
    outer loop
      vertex 150.221 77.1 0
      vertex 151.779 78 0
      vertex 151.779 78 2.4
    endloop
  endfacet
  facet normal 0.500001 -0.866025 0
    outer loop
      vertex 150.221 77.1 0
      vertex 151.779 78 2.4
      vertex 150.221 77.1 2.4
    endloop
  endfacet
  facet normal 0 0 1
    outer loop
      vertex 13.7206 66.7417 0
      vertex 21.7794 77.1 0
      vertex 20.2206 78 0
    endloop
  endfacet
  facet normal -0 0 1
    outer loop
      vertex 13.7206 66.7417 0
      vertex 15.2794 65.8417 0
      vertex 21.7794 77.1 0
    endloop
  endfacet
  facet normal 0 0 -1
    outer loop
      vertex 13.7206 66.7417 2.4
      vertex 20.2206 78 2.4
      vertex 21.7794 77.1 2.4
    endloop
  endfacet
  facet normal 0 0 -1
    outer loop
      vertex 13.7206 66.7417 2.4
      vertex 21.7794 77.1 2.4
      vertex 15.2794 65.8417 2.4
    endloop
  endfacet
  facet normal 0.866025 -0.500001 0
    outer loop
      vertex 13.7206 66.7417 0
      vertex 20.2206 78 0
      vertex 20.2206 78 2.4
    endloop
  endfacet
  facet normal 0.866025 -0.500001 0
    outer loop
      vertex 13.7206 66.7417 0
      vertex 20.2206 78 2.4
      vertex 13.7206 66.7417 2.4
    endloop
  endfacet
  facet normal -0.500001 -0.866025 0
    outer loop
      vertex 20.2206 78 0
      vertex 21.7794 77.1 0
      vertex 21.7794 77.1 2.4
    endloop
  endfacet
  facet normal -0.500001 -0.866025 0
    outer loop
      vertex 20.2206 78 0
      vertex 21.7794 77.1 2.4
      vertex 20.2206 78 2.4
    endloop
  endfacet
  facet normal -0.866025 0.500001 0
    outer loop
      vertex 21.7794 77.1 0
      vertex 15.2794 65.8417 0
      vertex 15.2794 65.8417 2.4
    endloop
  endfacet
  facet normal -0.866025 0.500001 0
    outer loop
      vertex 21.7794 77.1 0
      vertex 15.2794 65.8417 2.4
      vertex 21.7794 77.1 2.4
    endloop
  endfacet
  facet normal 0.500001 0.866025 0
    outer loop
      vertex 15.2794 65.8417 0
      vertex 13.7206 66.7417 0
      vertex 13.7206 66.7417 2.4
    endloop
  endfacet
  facet normal 0.500001 0.866025 -0
    outer loop
      vertex 15.2794 65.8417 0
      vertex 13.7206 66.7417 2.4
      vertex 15.2794 65.8417 2.4
    endloop
  endfacet
  facet normal 0 0 1
    outer loop
      vertex 151.779 32.9667 0
      vertex 156.721 20.8083 0
      vertex 158.279 21.7083 0
    endloop
  endfacet
  facet normal 0 0 1
    outer loop
      vertex 151.779 32.9667 0
      vertex 150.221 32.0667 0
      vertex 156.721 20.8083 0
    endloop
  endfacet
  facet normal 0 0 -1
    outer loop
      vertex 151.779 32.9667 2.4
      vertex 158.279 21.7083 2.4
      vertex 156.721 20.8083 2.4
    endloop
  endfacet
  facet normal 0 -0 -1
    outer loop
      vertex 151.779 32.9667 2.4
      vertex 156.721 20.8083 2.4
      vertex 150.221 32.0667 2.4
    endloop
  endfacet
  facet normal -0.866027 -0.499998 0
    outer loop
      vertex 151.779 32.9667 0
      vertex 158.279 21.7083 0
      vertex 158.279 21.7083 2.4
    endloop
  endfacet
  facet normal -0.866027 -0.499998 0
    outer loop
      vertex 151.779 32.9667 0
      vertex 158.279 21.7083 2.4
      vertex 151.779 32.9667 2.4
    endloop
  endfacet
  facet normal -0.499998 0.866027 0
    outer loop
      vertex 158.279 21.7083 0
      vertex 156.721 20.8083 0
      vertex 156.721 20.8083 2.4
    endloop
  endfacet
  facet normal -0.499998 0.866027 0
    outer loop
      vertex 158.279 21.7083 0
      vertex 156.721 20.8083 2.4
      vertex 158.279 21.7083 2.4
    endloop
  endfacet
  facet normal 0.866027 0.499998 0
    outer loop
      vertex 156.721 20.8083 0
      vertex 150.221 32.0667 0
      vertex 150.221 32.0667 2.4
    endloop
  endfacet
  facet normal 0.866027 0.499998 -0
    outer loop
      vertex 156.721 20.8083 0
      vertex 150.221 32.0667 2.4
      vertex 156.721 20.8083 2.4
    endloop
  endfacet
  facet normal 0.499998 -0.866027 0
    outer loop
      vertex 150.221 32.0667 0
      vertex 151.779 32.9667 0
      vertex 151.779 32.9667 2.4
    endloop
  endfacet
  facet normal 0.499998 -0.866027 0
    outer loop
      vertex 150.221 32.0667 0
      vertex 151.779 32.9667 2.4
      vertex 150.221 32.0667 2.4
    endloop
  endfacet
  facet normal -0 0 1
    outer loop
      vertex 99 55.9333 0
      vertex 112 54.1333 0
      vertex 112 55.9333 0
    endloop
  endfacet
  facet normal 0 0 1
    outer loop
      vertex 99 55.9333 0
      vertex 99 54.1333 0
      vertex 112 54.1333 0
    endloop
  endfacet
  facet normal 0 0 -1
    outer loop
      vertex 99 55.9333 2.4
      vertex 112 55.9333 2.4
      vertex 112 54.1333 2.4
    endloop
  endfacet
  facet normal 0 0 -1
    outer loop
      vertex 99 55.9333 2.4
      vertex 112 54.1333 2.4
      vertex 99 54.1333 2.4
    endloop
  endfacet
  facet normal 0 -1 0
    outer loop
      vertex 99 55.9333 0
      vertex 112 55.9333 0
      vertex 112 55.9333 2.4
    endloop
  endfacet
  facet normal 0 -1 0
    outer loop
      vertex 99 55.9333 0
      vertex 112 55.9333 2.4
      vertex 99 55.9333 2.4
    endloop
  endfacet
  facet normal -1 0 0
    outer loop
      vertex 112 55.9333 0
      vertex 112 54.1333 0
      vertex 112 54.1333 2.4
    endloop
  endfacet
  facet normal -1 0 0
    outer loop
      vertex 112 55.9333 0
      vertex 112 54.1333 2.4
      vertex 112 55.9333 2.4
    endloop
  endfacet
  facet normal 0 1 0
    outer loop
      vertex 112 54.1333 0
      vertex 99 54.1333 0
      vertex 99 54.1333 2.4
    endloop
  endfacet
  facet normal 0 1 -0
    outer loop
      vertex 112 54.1333 0
      vertex 99 54.1333 2.4
      vertex 112 54.1333 2.4
    endloop
  endfacet
  facet normal 1 0 0
    outer loop
      vertex 99 54.1333 0
      vertex 99 55.9333 0
      vertex 99 55.9333 2.4
    endloop
  endfacet
  facet normal 1 0 0
    outer loop
      vertex 99 54.1333 0
      vertex 99 55.9333 2.4
      vertex 99 54.1333 2.4
    endloop
  endfacet
  facet normal 0 0 1
    outer loop
      vertex 72.2206 32.9667 0
      vertex 80.2794 43.325 0
      vertex 78.7206 44.225 0
    endloop
  endfacet
  facet normal -0 0 1
    outer loop
      vertex 72.2206 32.9667 0
      vertex 73.7794 32.0667 0
      vertex 80.2794 43.325 0
    endloop
  endfacet
  facet normal 0 0 -1
    outer loop
      vertex 72.2206 32.9667 2.4
      vertex 78.7206 44.225 2.4
      vertex 80.2794 43.325 2.4
    endloop
  endfacet
  facet normal 0 0 -1
    outer loop
      vertex 72.2206 32.9667 2.4
      vertex 80.2794 43.325 2.4
      vertex 73.7794 32.0667 2.4
    endloop
  endfacet
  facet normal 0.866025 -0.500001 0
    outer loop
      vertex 72.2206 32.9667 0
      vertex 78.7206 44.225 0
      vertex 78.7206 44.225 2.4
    endloop
  endfacet
  facet normal 0.866025 -0.500001 0
    outer loop
      vertex 72.2206 32.9667 0
      vertex 78.7206 44.225 2.4
      vertex 72.2206 32.9667 2.4
    endloop
  endfacet
  facet normal -0.500001 -0.866025 0
    outer loop
      vertex 78.7206 44.225 0
      vertex 80.2794 43.325 0
      vertex 80.2794 43.325 2.4
    endloop
  endfacet
  facet normal -0.500001 -0.866025 0
    outer loop
      vertex 78.7206 44.225 0
      vertex 80.2794 43.325 2.4
      vertex 78.7206 44.225 2.4
    endloop
  endfacet
  facet normal -0.866025 0.500001 0
    outer loop
      vertex 80.2794 43.325 0
      vertex 73.7794 32.0667 0
      vertex 73.7794 32.0667 2.4
    endloop
  endfacet
  facet normal -0.866025 0.500001 0
    outer loop
      vertex 80.2794 43.325 0
      vertex 73.7794 32.0667 2.4
      vertex 80.2794 43.325 2.4
    endloop
  endfacet
  facet normal 0.500001 0.866025 0
    outer loop
      vertex 73.7794 32.0667 0
      vertex 72.2206 32.9667 0
      vertex 72.2206 32.9667 2.4
    endloop
  endfacet
  facet normal 0.500001 0.866025 -0
    outer loop
      vertex 73.7794 32.0667 0
      vertex 72.2206 32.9667 2.4
      vertex 73.7794 32.0667 2.4
    endloop
  endfacet
  facet normal -0 0 1
    outer loop
      vertex 138 33.4167 0
      vertex 151 31.6167 0
      vertex 151 33.4167 0
    endloop
  endfacet
  facet normal 0 0 1
    outer loop
      vertex 138 33.4167 0
      vertex 138 31.6167 0
      vertex 151 31.6167 0
    endloop
  endfacet
  facet normal 0 0 -1
    outer loop
      vertex 138 33.4167 2.4
      vertex 151 33.4167 2.4
      vertex 151 31.6167 2.4
    endloop
  endfacet
  facet normal 0 0 -1
    outer loop
      vertex 138 33.4167 2.4
      vertex 151 31.6167 2.4
      vertex 138 31.6167 2.4
    endloop
  endfacet
  facet normal 0 -1 0
    outer loop
      vertex 138 33.4167 0
      vertex 151 33.4167 0
      vertex 151 33.4167 2.4
    endloop
  endfacet
  facet normal 0 -1 0
    outer loop
      vertex 138 33.4167 0
      vertex 151 33.4167 2.4
      vertex 138 33.4167 2.4
    endloop
  endfacet
  facet normal -1 0 0
    outer loop
      vertex 151 33.4167 0
      vertex 151 31.6167 0
      vertex 151 31.6167 2.4
    endloop
  endfacet
  facet normal -1 0 0
    outer loop
      vertex 151 33.4167 0
      vertex 151 31.6167 2.4
      vertex 151 33.4167 2.4
    endloop
  endfacet
  facet normal 0 1 0
    outer loop
      vertex 151 31.6167 0
      vertex 138 31.6167 0
      vertex 138 31.6167 2.4
    endloop
  endfacet
  facet normal 0 1 -0
    outer loop
      vertex 151 31.6167 0
      vertex 138 31.6167 2.4
      vertex 151 31.6167 2.4
    endloop
  endfacet
  facet normal 1 0 0
    outer loop
      vertex 138 31.6167 0
      vertex 138 33.4167 0
      vertex 138 33.4167 2.4
    endloop
  endfacet
  facet normal 1 0 0
    outer loop
      vertex 138 31.6167 0
      vertex 138 33.4167 2.4
      vertex 138 31.6167 2.4
    endloop
  endfacet
  facet normal -0 0 1
    outer loop
      vertex 8 22.1583 0
      vertex 14.5 20.3583 0
      vertex 14.5 22.1583 0
    endloop
  endfacet
  facet normal 0 0 1
    outer loop
      vertex 8 22.1583 0
      vertex 8 20.3583 0
      vertex 14.5 20.3583 0
    endloop
  endfacet
  facet normal 0 0 -1
    outer loop
      vertex 8 22.1583 2.4
      vertex 14.5 22.1583 2.4
      vertex 14.5 20.3583 2.4
    endloop
  endfacet
  facet normal 0 0 -1
    outer loop
      vertex 8 22.1583 2.4
      vertex 14.5 20.3583 2.4
      vertex 8 20.3583 2.4
    endloop
  endfacet
  facet normal 0 -1 0
    outer loop
      vertex 8 22.1583 0
      vertex 14.5 22.1583 0
      vertex 14.5 22.1583 2.4
    endloop
  endfacet
  facet normal 0 -1 0
    outer loop
      vertex 8 22.1583 0
      vertex 14.5 22.1583 2.4
      vertex 8 22.1583 2.4
    endloop
  endfacet
  facet normal -1 0 0
    outer loop
      vertex 14.5 22.1583 0
      vertex 14.5 20.3583 0
      vertex 14.5 20.3583 2.4
    endloop
  endfacet
  facet normal -1 0 0
    outer loop
      vertex 14.5 22.1583 0
      vertex 14.5 20.3583 2.4
      vertex 14.5 22.1583 2.4
    endloop
  endfacet
  facet normal 0 1 0
    outer loop
      vertex 14.5 20.3583 0
      vertex 8 20.3583 0
      vertex 8 20.3583 2.4
    endloop
  endfacet
  facet normal 0 1 -0
    outer loop
      vertex 14.5 20.3583 0
      vertex 8 20.3583 2.4
      vertex 14.5 20.3583 2.4
    endloop
  endfacet
  facet normal 1 0 0
    outer loop
      vertex 8 20.3583 0
      vertex 8 22.1583 0
      vertex 8 22.1583 2.4
    endloop
  endfacet
  facet normal 1 0 0
    outer loop
      vertex 8 20.3583 0
      vertex 8 22.1583 2.4
      vertex 8 20.3583 2.4
    endloop
  endfacet
  facet normal -0 0 1
    outer loop
      vertex 99 33.4167 0
      vertex 112 31.6167 0
      vertex 112 33.4167 0
    endloop
  endfacet
  facet normal 0 0 1
    outer loop
      vertex 99 33.4167 0
      vertex 99 31.6167 0
      vertex 112 31.6167 0
    endloop
  endfacet
  facet normal 0 0 -1
    outer loop
      vertex 99 33.4167 2.4
      vertex 112 33.4167 2.4
      vertex 112 31.6167 2.4
    endloop
  endfacet
  facet normal 0 0 -1
    outer loop
      vertex 99 33.4167 2.4
      vertex 112 31.6167 2.4
      vertex 99 31.6167 2.4
    endloop
  endfacet
  facet normal 0 -1 0
    outer loop
      vertex 99 33.4167 0
      vertex 112 33.4167 0
      vertex 112 33.4167 2.4
    endloop
  endfacet
  facet normal 0 -1 0
    outer loop
      vertex 99 33.4167 0
      vertex 112 33.4167 2.4
      vertex 99 33.4167 2.4
    endloop
  endfacet
  facet normal -1 0 0
    outer loop
      vertex 112 33.4167 0
      vertex 112 31.6167 0
      vertex 112 31.6167 2.4
    endloop
  endfacet
  facet normal -1 0 0
    outer loop
      vertex 112 33.4167 0
      vertex 112 31.6167 2.4
      vertex 112 33.4167 2.4
    endloop
  endfacet
  facet normal 0 1 0
    outer loop
      vertex 112 31.6167 0
      vertex 99 31.6167 0
      vertex 99 31.6167 2.4
    endloop
  endfacet
  facet normal 0 1 -0
    outer loop
      vertex 112 31.6167 0
      vertex 99 31.6167 2.4
      vertex 112 31.6167 2.4
    endloop
  endfacet
  facet normal 1 0 0
    outer loop
      vertex 99 31.6167 0
      vertex 99 33.4167 0
      vertex 99 33.4167 2.4
    endloop
  endfacet
  facet normal 1 0 0
    outer loop
      vertex 99 31.6167 0
      vertex 99 33.4167 2.4
      vertex 99 31.6167 2.4
    endloop
  endfacet
  facet normal -0 0 1
    outer loop
      vertex 157.5 44.675 0
      vertex 170.5 42.875 0
      vertex 170.5 44.675 0
    endloop
  endfacet
  facet normal 0 0 1
    outer loop
      vertex 157.5 44.675 0
      vertex 157.5 42.875 0
      vertex 170.5 42.875 0
    endloop
  endfacet
  facet normal 0 0 -1
    outer loop
      vertex 157.5 44.675 2.4
      vertex 170.5 44.675 2.4
      vertex 170.5 42.875 2.4
    endloop
  endfacet
  facet normal 0 0 -1
    outer loop
      vertex 157.5 44.675 2.4
      vertex 170.5 42.875 2.4
      vertex 157.5 42.875 2.4
    endloop
  endfacet
  facet normal 0 -1 0
    outer loop
      vertex 157.5 44.675 0
      vertex 170.5 44.675 0
      vertex 170.5 44.675 2.4
    endloop
  endfacet
  facet normal 0 -1 0
    outer loop
      vertex 157.5 44.675 0
      vertex 170.5 44.675 2.4
      vertex 157.5 44.675 2.4
    endloop
  endfacet
  facet normal -1 0 0
    outer loop
      vertex 170.5 44.675 0
      vertex 170.5 42.875 0
      vertex 170.5 42.875 2.4
    endloop
  endfacet
  facet normal -1 0 0
    outer loop
      vertex 170.5 44.675 0
      vertex 170.5 42.875 2.4
      vertex 170.5 44.675 2.4
    endloop
  endfacet
  facet normal 0 1 0
    outer loop
      vertex 170.5 42.875 0
      vertex 157.5 42.875 0
      vertex 157.5 42.875 2.4
    endloop
  endfacet
  facet normal 0 1 -0
    outer loop
      vertex 170.5 42.875 0
      vertex 157.5 42.875 2.4
      vertex 170.5 42.875 2.4
    endloop
  endfacet
  facet normal 1 0 0
    outer loop
      vertex 157.5 42.875 0
      vertex 157.5 44.675 0
      vertex 157.5 44.675 2.4
    endloop
  endfacet
  facet normal 1 0 0
    outer loop
      vertex 157.5 42.875 0
      vertex 157.5 44.675 2.4
      vertex 157.5 42.875 2.4
    endloop
  endfacet
  facet normal -0 0 1
    outer loop
      vertex 79.5 44.675 0
      vertex 92.5 42.875 0
      vertex 92.5 44.675 0
    endloop
  endfacet
  facet normal 0 0 1
    outer loop
      vertex 79.5 44.675 0
      vertex 79.5 42.875 0
      vertex 92.5 42.875 0
    endloop
  endfacet
  facet normal 0 0 -1
    outer loop
      vertex 79.5 44.675 2.4
      vertex 92.5 44.675 2.4
      vertex 92.5 42.875 2.4
    endloop
  endfacet
  facet normal 0 0 -1
    outer loop
      vertex 79.5 44.675 2.4
      vertex 92.5 42.875 2.4
      vertex 79.5 42.875 2.4
    endloop
  endfacet
  facet normal 0 -1 0
    outer loop
      vertex 79.5 44.675 0
      vertex 92.5 44.675 0
      vertex 92.5 44.675 2.4
    endloop
  endfacet
  facet normal 0 -1 0
    outer loop
      vertex 79.5 44.675 0
      vertex 92.5 44.675 2.4
      vertex 79.5 44.675 2.4
    endloop
  endfacet
  facet normal -1 0 0
    outer loop
      vertex 92.5 44.675 0
      vertex 92.5 42.875 0
      vertex 92.5 42.875 2.4
    endloop
  endfacet
  facet normal -1 0 0
    outer loop
      vertex 92.5 44.675 0
      vertex 92.5 42.875 2.4
      vertex 92.5 44.675 2.4
    endloop
  endfacet
  facet normal 0 1 0
    outer loop
      vertex 92.5 42.875 0
      vertex 79.5 42.875 0
      vertex 79.5 42.875 2.4
    endloop
  endfacet
  facet normal 0 1 -0
    outer loop
      vertex 92.5 42.875 0
      vertex 79.5 42.875 2.4
      vertex 92.5 42.875 2.4
    endloop
  endfacet
  facet normal 1 0 0
    outer loop
      vertex 79.5 42.875 0
      vertex 79.5 44.675 0
      vertex 79.5 44.675 2.4
    endloop
  endfacet
  facet normal 1 0 0
    outer loop
      vertex 79.5 42.875 0
      vertex 79.5 44.675 2.4
      vertex 79.5 42.875 2.4
    endloop
  endfacet
  facet normal 0 0 1
    outer loop
      vertex 171.279 44.225 0
      vertex 173.721 36.3968 0
      vertex 175.279 37.2968 0
    endloop
  endfacet
  facet normal 0 0 1
    outer loop
      vertex 171.279 44.225 0
      vertex 169.721 43.325 0
      vertex 173.721 36.3968 0
    endloop
  endfacet
  facet normal 0 0 -1
    outer loop
      vertex 171.279 44.225 2.4
      vertex 175.279 37.2968 2.4
      vertex 173.721 36.3968 2.4
    endloop
  endfacet
  facet normal 0 -0 -1
    outer loop
      vertex 171.279 44.225 2.4
      vertex 173.721 36.3968 2.4
      vertex 169.721 43.325 2.4
    endloop
  endfacet
  facet normal -0.866025 -0.5 0
    outer loop
      vertex 171.279 44.225 0
      vertex 175.279 37.2968 0
      vertex 175.279 37.2968 2.4
    endloop
  endfacet
  facet normal -0.866025 -0.5 0
    outer loop
      vertex 171.279 44.225 0
      vertex 175.279 37.2968 2.4
      vertex 171.279 44.225 2.4
    endloop
  endfacet
  facet normal -0.5 0.866025 0
    outer loop
      vertex 175.279 37.2968 0
      vertex 173.721 36.3968 0
      vertex 173.721 36.3968 2.4
    endloop
  endfacet
  facet normal -0.5 0.866025 0
    outer loop
      vertex 175.279 37.2968 0
      vertex 173.721 36.3968 2.4
      vertex 175.279 37.2968 2.4
    endloop
  endfacet
  facet normal 0.866025 0.5 0
    outer loop
      vertex 173.721 36.3968 0
      vertex 169.721 43.325 0
      vertex 169.721 43.325 2.4
    endloop
  endfacet
  facet normal 0.866025 0.5 -0
    outer loop
      vertex 173.721 36.3968 0
      vertex 169.721 43.325 2.4
      vertex 173.721 36.3968 2.4
    endloop
  endfacet
  facet normal 0.5 -0.866025 0
    outer loop
      vertex 169.721 43.325 0
      vertex 171.279 44.225 0
      vertex 171.279 44.225 2.4
    endloop
  endfacet
  facet normal 0.5 -0.866025 0
    outer loop
      vertex 169.721 43.325 0
      vertex 171.279 44.225 2.4
      vertex 169.721 43.325 2.4
    endloop
  endfacet
  facet normal 0 0 1
    outer loop
      vertex 154.705 95.45 0
      vertex 156.721 88.3583 0
      vertex 158.279 89.2583 0
    endloop
  endfacet
  facet normal 0 0 1
    outer loop
      vertex 154.705 95.45 0
      vertex 153.146 94.55 0
      vertex 156.721 88.3583 0
    endloop
  endfacet
  facet normal 0 0 -1
    outer loop
      vertex 154.705 95.45 2.4
      vertex 158.279 89.2583 2.4
      vertex 156.721 88.3583 2.4
    endloop
  endfacet
  facet normal 0 -0 -1
    outer loop
      vertex 154.705 95.45 2.4
      vertex 156.721 88.3583 2.4
      vertex 153.146 94.55 2.4
    endloop
  endfacet
  facet normal -0.866024 -0.500002 0
    outer loop
      vertex 154.705 95.45 0
      vertex 158.279 89.2583 0
      vertex 158.279 89.2583 2.4
    endloop
  endfacet
  facet normal -0.866024 -0.500002 0
    outer loop
      vertex 154.705 95.45 0
      vertex 158.279 89.2583 2.4
      vertex 154.705 95.45 2.4
    endloop
  endfacet
  facet normal -0.500002 0.866024 0
    outer loop
      vertex 158.279 89.2583 0
      vertex 156.721 88.3583 0
      vertex 156.721 88.3583 2.4
    endloop
  endfacet
  facet normal -0.500002 0.866024 0
    outer loop
      vertex 158.279 89.2583 0
      vertex 156.721 88.3583 2.4
      vertex 158.279 89.2583 2.4
    endloop
  endfacet
  facet normal 0.866024 0.500002 0
    outer loop
      vertex 156.721 88.3583 0
      vertex 153.146 94.55 0
      vertex 153.146 94.55 2.4
    endloop
  endfacet
  facet normal 0.866024 0.500002 -0
    outer loop
      vertex 156.721 88.3583 0
      vertex 153.146 94.55 2.4
      vertex 156.721 88.3583 2.4
    endloop
  endfacet
  facet normal 0.500002 -0.866024 0
    outer loop
      vertex 153.146 94.55 0
      vertex 154.705 95.45 0
      vertex 154.705 95.45 2.4
    endloop
  endfacet
  facet normal 0.500002 -0.866024 0
    outer loop
      vertex 153.146 94.55 0
      vertex 154.705 95.45 2.4
      vertex 153.146 94.55 2.4
    endloop
  endfacet
  facet normal -0 0 1
    outer loop
      vertex 40.5 44.675 0
      vertex 53.5 42.875 0
      vertex 53.5 44.675 0
    endloop
  endfacet
  facet normal 0 0 1
    outer loop
      vertex 40.5 44.675 0
      vertex 40.5 42.875 0
      vertex 53.5 42.875 0
    endloop
  endfacet
  facet normal 0 0 -1
    outer loop
      vertex 40.5 44.675 2.4
      vertex 53.5 44.675 2.4
      vertex 53.5 42.875 2.4
    endloop
  endfacet
  facet normal 0 0 -1
    outer loop
      vertex 40.5 44.675 2.4
      vertex 53.5 42.875 2.4
      vertex 40.5 42.875 2.4
    endloop
  endfacet
  facet normal 0 -1 0
    outer loop
      vertex 40.5 44.675 0
      vertex 53.5 44.675 0
      vertex 53.5 44.675 2.4
    endloop
  endfacet
  facet normal 0 -1 0
    outer loop
      vertex 40.5 44.675 0
      vertex 53.5 44.675 2.4
      vertex 40.5 44.675 2.4
    endloop
  endfacet
  facet normal -1 0 0
    outer loop
      vertex 53.5 44.675 0
      vertex 53.5 42.875 0
      vertex 53.5 42.875 2.4
    endloop
  endfacet
  facet normal -1 0 0
    outer loop
      vertex 53.5 44.675 0
      vertex 53.5 42.875 2.4
      vertex 53.5 44.675 2.4
    endloop
  endfacet
  facet normal 0 1 0
    outer loop
      vertex 53.5 42.875 0
      vertex 40.5 42.875 0
      vertex 40.5 42.875 2.4
    endloop
  endfacet
  facet normal 0 1 -0
    outer loop
      vertex 53.5 42.875 0
      vertex 40.5 42.875 2.4
      vertex 53.5 42.875 2.4
    endloop
  endfacet
  facet normal 1 0 0
    outer loop
      vertex 40.5 42.875 0
      vertex 40.5 44.675 0
      vertex 40.5 44.675 2.4
    endloop
  endfacet
  facet normal 1 0 0
    outer loop
      vertex 40.5 42.875 0
      vertex 40.5 44.675 2.4
      vertex 40.5 42.875 2.4
    endloop
  endfacet
  facet normal 0 0 1
    outer loop
      vertex 15.2794 66.7417 0
      vertex 20.2206 54.5833 0
      vertex 21.7794 55.4833 0
    endloop
  endfacet
  facet normal 0 0 1
    outer loop
      vertex 15.2794 66.7417 0
      vertex 13.7206 65.8417 0
      vertex 20.2206 54.5833 0
    endloop
  endfacet
  facet normal 0 0 -1
    outer loop
      vertex 15.2794 66.7417 2.4
      vertex 21.7794 55.4833 2.4
      vertex 20.2206 54.5833 2.4
    endloop
  endfacet
  facet normal 0 -0 -1
    outer loop
      vertex 15.2794 66.7417 2.4
      vertex 20.2206 54.5833 2.4
      vertex 13.7206 65.8417 2.4
    endloop
  endfacet
  facet normal -0.866027 -0.499998 0
    outer loop
      vertex 15.2794 66.7417 0
      vertex 21.7794 55.4833 0
      vertex 21.7794 55.4833 2.4
    endloop
  endfacet
  facet normal -0.866027 -0.499998 0
    outer loop
      vertex 15.2794 66.7417 0
      vertex 21.7794 55.4833 2.4
      vertex 15.2794 66.7417 2.4
    endloop
  endfacet
  facet normal -0.499998 0.866027 0
    outer loop
      vertex 21.7794 55.4833 0
      vertex 20.2206 54.5833 0
      vertex 20.2206 54.5833 2.4
    endloop
  endfacet
  facet normal -0.499998 0.866027 0
    outer loop
      vertex 21.7794 55.4833 0
      vertex 20.2206 54.5833 2.4
      vertex 21.7794 55.4833 2.4
    endloop
  endfacet
  facet normal 0.866027 0.499998 0
    outer loop
      vertex 20.2206 54.5833 0
      vertex 13.7206 65.8417 0
      vertex 13.7206 65.8417 2.4
    endloop
  endfacet
  facet normal 0.866027 0.499998 -0
    outer loop
      vertex 20.2206 54.5833 0
      vertex 13.7206 65.8417 2.4
      vertex 20.2206 54.5833 2.4
    endloop
  endfacet
  facet normal 0.499998 -0.866027 0
    outer loop
      vertex 13.7206 65.8417 0
      vertex 15.2794 66.7417 0
      vertex 15.2794 66.7417 2.4
    endloop
  endfacet
  facet normal 0.499998 -0.866027 0
    outer loop
      vertex 13.7206 65.8417 0
      vertex 15.2794 66.7417 2.4
      vertex 13.7206 65.8417 2.4
    endloop
  endfacet
endsolid honey_side_panel_182_5mm
